3734604832
8925626902
9630255814
16782606159
2028751447
14666580504
9133020113
15366600843
7991254664
3476174834
5174666826
4602642767
11973021590
8053514642
12133331446
-2833557
15837827994
5060421071
392263844
6744163040
1970746384
9936013268
4745148963
16632089445
7336575667
17711342893
5228165792
6374874317
14395683890
10558784123
3332552312
13072812420
15241154137
4056825475
4963881390
12111847496
19088250815
9939717435
7441768029
3705711
12175935022
10581586337
12158554120
14785421967
7873350704
11598760713
8245741408
7635086314
13029518679
17210414283
3161848520
11432556712
18919698376
8236384052
2851906950
2442517036
8419777671
522198699
15973281148
3152181378
2408696997
12692251230
11160303141
14580438270
12841020744
4780424958
8753105084
6344576329
14334633926
16996438176
10419696569
3674544573
19383540757
3442406749
5178648513
422112012
18879809540
2518188493
5132815871
5797133937
2958432413
15514057097
13317075202
15271016965
10983492302
15611622205
8801937508
11904464805
4073987682
9375922717
1030222739
18177744309
8506002940
17137419262
1662577140
2649248011
4886616735
3354988861
2588266816
6269844390
8045075611
15275200464
7680441451
14732048484
10283389312
3676037769
3451807034
11618825607
15184016683
142919202
10102312654
3706899255
14475079821
6401200842
8035513903
5341637931
18655871320
1068526795
2716336614
5276402350
7962326187
16095462533
8560487639
7371496885
7035356589
13618312738
9465001373
6554685862
16140688373
9646070005
10194322979
968532134
3378148108
12076931097
4041517807
9930672262
6988521149
15975053381
17220444383
17319301246
15591422689
8113567483
10516697289
4032047333
11145747473
9125249729
9478177949
2699991054
8871109976
5359060653
418833456
10255154979
10998399366
13782315981
5728433978
8235726263
12405308799
16420375995
15837417889
14997501999
3491604057
7992233434
14781893347
10671905566
6791870235
6034706975
2748960532
5400651269
3993752457
7494858825
6204725411
10433667243
10115037950
9614445971
11812345697
1690839960
14487817937
13550178525
11357489681
11028930293
17718724975
8962042366
7027385482
9478489200
13574696624
12201378441
4120408765
10060847169
5916539909
15174069587
6051503798
444144878
18130691689
7520491570
16949329586
6530141765
1257557845
4376231576
6101549787
12064682329
7885606700
6245714201
13080823624
7748768252
12917736376
7280324280
13948151278
724563810
7574048350
6240940526
1907109321
4665499031
9915904650
12542273116
13988620459
2362139570
9482737155
4410758279
13404171691
15094100766
17061332832
4869043663
11413570886
11602901351
5117546525
8691414879
2832382992
676868562
13749661635
5564383765
6839912667
11093864285
11571308472
12002732321
15085339914
17410330323
15589690780
14047067605
639787326
9133722357
5823126707
17110551630
4072010796
6168972031
3623904265
2214891647
4168190913
19815751618
5505251676
7487516167
14322657609
4061673436
5462178880
3138225479
6553218072
13429702175
19323190155
826606804
15726601398
2809499650
8149183390
12898812950
74521427
1143157239
3789104783
5553315447
7811926457
3007115531
10196710063
3674288821
10454460320
10774037829
13428929662
8800429026
10847645596
15177294802
17685976115
1280560954
19786884682
10800896116
4933583237
18560965448
17096671220
6375999071
1083130139
16297984923
1068912180
15427424864
2847962350
2198653268
821482716
5039164662
16157530412
16921214201
10864115099
1817277053
6452578189
17912263485
12544910486
2495043692
5803828232
11009355885
11687310998
2839791829
4216195866
6325939788
18462382748
4386971324
11770652667
61303944
6771997603
15158252508
14255968250
10955309958
13313751464
6726653195
13166286173
2962273755
5562373552
16813316809
14173669957
11635919344
12850498379
12574504968
9984930526
9935035214
5302543904
3527348126
19722278841
16431123907
522325075
1873219755
14479491784
13877191932
6235857751
5330232604
6513845480
8322230179
10803305161
2053827476
9884457954
12165682464
2437972986
16163233805
16618262159
16949204920
4586924459
2963260840
8565866512
11207060677
13546403798
15495537491
19582492661
2621118933
16058945857
10658023367
207141010
2282775550
13039515320
5759260365
6846216958
14884205236
5643680519
18351615847
14161640126
987257972
5680610594
1118805398
3163183123
8736826002
5957561101
10804730897
9887650621
9202249176
11990798457
4860529483
5041807910
6924707737
8473506205
2327056880
8381970260
1170068626
701480312
16334635238
9960249706
11920246088
19512684125
16937331047
387453320
8026281901
13818077917
6498474847
17614367302
15899958663
7236935111
5967875169
5039369946
2581627855
10087771843
6239963464
7466678137
8432124503
11677933707
5047005285
13643845740
15501503131
853585345
12979008594
4276390310
10981552213
15400611971
10115207886
11873702142
12839054592
6403891012
9910123860
15003446623
1254612976
8473994062
1894675733
12721249600
5940600972
13256407605
6093203058
11671187459
18534020934
10037294291
10965078896
1728449897
8162546739
17319522731
3996802360
386768124
19392066031
7503118104
7420957176
1549756257
3593544187
3742538065
1492279383
14420001254
16867236838
18808255347
9152814347
4363805041
19424634126
13968554166
16943753481
15490204641
4119938698
12450325033
13265555882
16579699173
18211435738
11256623895
12300522853
3891452686
7921361352
16648711122
15077222178
16699321276
2675667566
16708251581
3353851468
10083379006
4329976853
4144316072
5223445925
8112543935
14327698342
14058007680
1416526486
10840205473
2064799165
6178649986
15586827371
6363040757
13912954018
3313400664
2258655911
8350399045
7613607440
14375475266
1856094451
14978891416
18282548926
83189621
7969649207
12038106718
602335721
7988892302
16510922041
6022331996
6092109073
11212264219
10483485025
452139667
14830406525
9850422505
7705126043
15167650322
6892235222
4350990881
6831726943
5395288597
16312536044
3047839716
2442649295
16305965777
15689154979
435624808
9173056645
7724866541
8599449120
1431896954
709143763
3160773200
18439779150
12621842465
1055881110
7598692089
3540056151
9027792429
10728871524
576739169
3852184491
3020437336
4567152843
3410966210
9894820278
12334049098
6253481422
4330029257
6265130344
9346945208
4989873181
3340866817
5440518776
1856010601
643409157
15226221265
13629441687
18792862869
3787917905
3042719255
7716785988
4600491418
2756243479
4390609532
8216989202
14529919867
5664341502
2027678595
415618941
4716253789
1417070070
10161721151
15825492643
2441430563
11651281497
10352618294
3382231300
13289246033
3543093753
16516224427
9421412211
7321554004
5712568357
4566493816
3852455103
4124412720
3085768015
5908367536
17691175164
1706803233
4731543881
6062314129
2885645315
4399901372
11923038616
10354261372
8396926170
5211597255
10293987617
837536574
12495833750
346349568
11028447613
14030080621
11637795191
13866524080
1675099369
16829757892
889575733
10115341087
11844126357
4417309562
2645957522
2620387584
3444425757
15074604153
12755861106
2099064280
6391570315
10463552378
6675974588
8710867100
16286805562
5551662247
10308367616
5774179971
8233989629
7336138359
12314942422
16570353523
4767246425
14820111950
391856459
4329952524
3543629271
8253327459
13674274536
14997947796
8975985234
8815941800
4132455531
6502629106
7215362336
875726789
13517263951
13844116339
3540959567
6718570479
5453061340
4590584254
18561409626
9764715679
2832715568
10706221365
9662269334
6268715104
15262405516
255014819
1699972579
378780113
13986525568
16957060702
7555884195
745471710
4752079308
10809040748
11171399865
614900070
11242301005
5754976640
8485069668
9546375938
10450361412
12218025395
15290820279
6385219932
4815839088
14137494285
11627298674
4623150015
9790064427
7301113895
7529115986
7137845056
2987403136
13781073332
7849524126
4386926169
10450180000
1523121059
14602634148
7869713629
5433553346
17805807154
6484595133
8912825910
4957497772
174381045
11625571313
681505700
10139342463
9964167394
14126271422
11463379124
3788447147
449805951
7461828786
6838799878
3077078109
7995158629
4900035457
8171536780
11151064864
1332170962
11827753134
11777739040
1631459231
3030369295
12989974544
6031065781
1033583045
6539073916
687845355
8681830556
14463911646
11114622173
11492420493
6780216
2272172135
9603648937
8894131769
11405023540
12385015215
14625284205
16869596113
3416344745
6969173314
8674615495
11653239430
2998423490
4976685256
15069403251
18254305461
7863199563
14708224838
11082087970
7104229870
16694820061
2389967370
15695967494
3876962386
2592389399
1821854342
8716671828
12690305151
7709784588
2549272077
2408243671
13447554886
5455868361
3442973991
9957727510
9543828761
9708873758
3983177471
5892098235
3283553687
4665485079
15469018857
8634901367
12743939391
3625640608
9705587385
11029429827
5618375349
2399869576
18201037771
6087999519
2996342521
10993768185
10433917475
15273913360
14586887724
15342356291
13510177638
2368604910
437101724
6645768032
9493763922
2185476630
6681008615
12841098047
17459707600
5181282239
10396637332
6745837701
4591498524
4248058346
8545692923
10724138530
10840832680
7674838562
2870549262
12195643960
4372403075
7821855821
2276108305
5901045057
11222100958
905008521
18153157719
17862723025
13345516740
4333249933
6325497535
1298776365
5090285273
10599064383
4333181071
2015377531
3402743312
9218624000
5952951077
1281445839
10398626953
12768597422
1489036365
3087964341
7927150114
4511205631
10999648792
6137531183
15850632507
18153048753
558764847
12674365306
2961963041
5904063606
1557537901
4821134630
10234162777
8030732660
12997631334
5901442249
13379752650
8976141183
11558774739
9408163662
9656244452
3881484349
6033841309
9647509270
16108649944
4988125199
3959432020
2893299063
6863909509
10950491708
6757018038
13403414901
14406000486
4807480901
15495178218
6035762538
18174386918
8897539642
2396833820
8540031985
2662045677
12206122694
1260476105
1004817852
159442292
17890933721
5699327303
6250390732
9324845826
4912760810
1413968629
8171684425
8616688366
15273536098
17189972724
15872824748
6132935815
2447044974
2863421470
2549999080
4823852864
11038096064
6585829234
8588967916
7544509009
8144193467
10475815689
4611198582
16926683822
4713101079
9079739078
1822799830
4071517020
3305905380
14350970618
9310017507
6197664651
10756570570
6086519538
1842676112
8634416611
2125858596
16301318068
6370266626
7998685822
3895930103
5086399505
9909103738
731686719
392419967
16363375436
8818400577
4448052918
1505136021
11620040448
2997819437
2746758374
9105343543
5059403745
12809178967
13389073130
4247193359
18618923190
4285328330
10926313519
6849778665
16568360611
1823417912
17044773701
9113601463
12554832481
7899791730
7060572843
8987557204
18445797732
6356951393
15812751472
17263335983
18231134761
2028465282
16347985516
12393079136
6470601639
4577947780
8635898448
1068987216
7373362395
11382692755
15836220754
8562630045
2381879291
10460449806
7025313147
10299453395
10622447891
12633800018
14332262652
15651224658
5312838410
7132397639
6465701046
3627803847
7851585273
3726401487
4816044755
1669272677
7369476991
4027067439
15894463746
2701387579
8957397893
13008843323
529352014
1437281305
3860053131
17140171394
7519665511
7738182071
7525902047
2758388273
6892681555
4873334008
4532473451
10594266288
13349497125
5153553056
11224583976
7724466060
13204228739
1848896866
15387841734
10980877639
6373906834
12265394711
11484462488
3654331932
15039664306
11158333404
3881103225
9813429595
17714696700
2400061516
9657109748
14138038870
3798995077
2681842236
9106533853
5739060418
4170150552
10170881958
13933350842
18352783193
12361757398
16694820061
8571921042
14654661236
1401270597
10503524690
7255423374
11078301808
17157189225
1094917100
15365825334
8658237161
12312719290
5065992908
13028758556
8222268405
2206239451
7431826194
18907544648
3609948372
12325498200
11581122045
17810018268
2840878239
1915091967
8077105136
10336074191
18487538124
11675086561
696472869
13116152717
446756518
12175335823
14259690239
13807315289
17206852108
5470726328
4742048069
5977882544
9439456739
10867166100
576492892
2884105849
12119113617
1130028137
1062240977
13154156239
8376796863
2502647968
8154321681
15200235574
3459259911
6725200654
18404668526
5213473313
5933057467
4095627968
6041199770
5974148002
14682742097
11142137762
15831210335
6305397555
10590132030
15123011958
3424514367
12208450426
2800097056
4125124233
1477080212
11342699724
17819209976
4539415851
17512539099
19537983927
13905947558
7178588965
10046074801
3158464275
16530605272
14488904893
12193481155
6911045213
2510408767
8892764427
9924632035
12869556473
9435619299
4070933266
8158066876
10240429842
9045257195
1879810251
17635637806
10796885856
15937735183
10611042987
8119854702
9903244788
5303202612
10484705844
8951754312
3613758337
17182247297
3017372770
7462885219
6763478318
18668872629
12986579452
7201441377
4567407924
12206969634
627870622
15739178549
5237446688
10657528701
15184343048
6810095267
9930175581
8485109530
11438989687
11697612562
16946350096
9545375411
7121668905
732852826
8805327514
12153277021
604422216
7217450915
11789661600
14244697874
4566385038
10104561758
13025005111
4765955384
4412794211
5794392806
10999401156
4718832050
7860150115
7083650854
10885950225
6172325805
15876287807
10862648711
15095045815
3398916662
6400400115
18877921514
8390318522
9541251420
16207744144
9943100047
13952922956
4465200924
9125249729
8151194354
9104219916
10624542134
10108219237
5123910851
3674403761
19359724122
2232246225
14552263112
8028139938
6195660304
11320443389
16353014789
7757559079
8758040049
16975917070
1246599413
7519197180
4550072604
15836264222
7622913791
17817034887
5024035198
3423807372
17877951208
8780967683
5007244947
17007090956
3510278744
4325498890
19236842912
11587548395
11505090777
15445163947
5149865424
10298006349
9514385659
7034684481
5733739321
10388067132
8800642935
7424405894
8704188502
5943809213
14073899038
10150261553
10492844409
4704182802
8774365941
10098213476
1131062678
8320761704
17268477405
6540179526
19668290899
639240674
12686158966
18664850978
5832188442
3193881078
14672021881
4286680925
4880700717
12988697613
5985687815
14106495380
688915915
2114289976
14669179294
2421032455
6405972978
889753822
13044218905
13759349136
9106876540
15929971227
14606602333
1877106524
8476782952
2430254975
1245991496
3142673467
2017246885
7914961753
19362700108
13425936007
7176810668
4601139832
4899257945
15821825701
14130392606
2253427890
16751734092
4004782841
1491375502
2797136566
17762927708
3562393961
2538100094
268800228
5228176298
17313644173
2779180053
16941893616
12565837333
18099920224
518235165
439140935
17845475991
8717151181
8457716796
18161185545
14136839426
6055702521
10022757948
3847311379
6765689080
1943881101
1505149246
3458943462
16707655087
13298267605
13017643028
8238916801
3368806177
12298667487
12553447069
12029736330
1391114707
11626418505
4064566936
4714916079
19287565670
4492617339
6412106723
13280975452
7104373263
10402606503
13709809397
14536425809
7222968917
2014113242
1259153544
16092894394
8930379564
5761555362
8351931594
18273251961
17399697005
14546521617
12881848003
13489700712
5248208524
10351064174
14129943557
9706036100
15832967339
15966025050
3169215809
12630373660
7064592453
3287766441
10402123735
1770051300
13093430931
15393005671
10573766858
3252000815
11049207773
5253860476
7876836326
2247916747
17893583282
8144070454
6305627131
7862321538
6871491742
3355053248
2692802751
2194168191
5752554762
15856405985
8956358487
1878484525
255846341
4358499656
3913152846
13981110180
4247324379
17082866325
16416174029
5016334325
4363277101
12701565339
14254358329
8703701629
4726560220
8404271207
339467869
12986154645
5343274537
514319475
6521798381
1373023368
1420929642
13249493421
4421683257
8244395901
4235105156
4178076708
1036186195
12716502622
4491638235
13351152446
15400011553
1771723001
6425659651
14320114494
4775745716
4168258587
10867818886
11656510274
10558682756
5031853000
9419788726
15238944058
5183263546
2991444117
17092613649
13632536311
5809155133
6225695240
459269999
14776711712
16362370837
12650156443
15689993219
13232300199
16196474806
10291918890
7633854072
3591502679
11889719308
3235772006
2441065059
6195185489
13643396696
2917008246
11861938685
10352743555
3593107160
254781323
1865628625
10153090053
10405550799
3192876185
1943322382
10762328884
16651780581
19771990831
8867208929
11142434907
7422572364
6099306242
3777597969
12364164321
10088208299
14171697128
2681223484
6272014869
2502393556
16984602983
8852021955
6295284903
3863929762
8527389553
4704392322
12077438817
11147986099
5124207773
9086743124
13894334699
11068018742
4399358571
9369185943
11177800531
17002048404
8317354763
6958870723
1261341892
3838583582
6269788906
11838911265
6769309942
5839004621
12335350289
10526560822
4898261888
2730546122
4787111059
4763255795
11727711635
12921227433
11549022673
12081090443
7928430335
16702178307
3827907244
15893534009
10734414267
8823467849
8928884726
16199895893
9483760008
11708702384
13697843982
6283973831
19440395648
12722443941
11344921207
2662105463
7857949335
8731054820
257706962
8431076353
4470019990
12241659239
11816976341
11938392314
1244511062
2696363660
5185091047
1758142963
1415751296
14593083859
9045617922
11823837959
13426214736
8045520072
4415943968
4527416321
5398781874
4752665198
2370982040
3391555965
2797928547
18084128947
1404343356
12225398913
3162741446
17282112500
4094466700
2015058316
1935008793
4291848974
6798551566
2442649295
7291303957
1333322470
8173135224
3222498364
1083920429
10758208558
6057426701
10756620658
8015130220
18582381229
5588936968
3503133727
6050207893
9126462454
11939022956
3099297897
2291998996
4777263505
12367354301
9529641070
4131150193
12849307887
15385963131
7446920995
4340994753
11762618339
8233019085
5092835747
265906672
6521647134
5852627697
8730885852
5833295490
17137391468
11720816687
3730565687
4235950069
12543247724
1579257108
7809353049
3581988911
6221649899
4662671642
7110229294
16317070777
11936403503
15509108025
16343113694
8489070775
10616373653
14074039912
12368594776
451855290
8491924017
6899963621
6065677492
11234226738
6837393468
14007459429
12852132585
9239875620
15141450980
1496559055
819442725
13009474439
8238337760
7581997949
2132060947
9392545846
10613241188
6225706816
2001367501
14130282235
8254859139
9313941141
6129315144
8768233850
6463910109
9652897172
2962406579
3566250540
13545992451
10643540170
12564886932
14475680823
8008493913
13951124259
9454750235
6436188092
17835968379
10363100786
1050604049
4488996953
3305333093
11328759667
3786222559
13914204942
15538394068
6643358126
1082415321
41770894
2024117531
9663169666
13339999248
11837207750
12121874413
17923311778
9368004537
4339620441
11559560620
2485818632
6686775420
19067683474
16658009593
4040561604
1919679933
9705266877
5974340999
16866885009
8910844246
4480010968
12003974153
7384321189
3004646066
7787196727
9423657368
15827772275
13939135681
15071625231
13715981851
13904689491
8392327982
11273948714
15589413110
7964944004
12684904445
363925292
13574937986
1125143919
8457891800
12000107221
8032398163
15000130503
12395698613
5935579108
386090221
1707996766
6996381811
9354628945
13935022212
3468603791
1738712314
5604749787
9030361644
13287311078
15474575580
4461658098
15808217764
4283295138
11782488663
5364273881
4828872202
4929539302
3620114522
9631164449
9174557802
406110716
9584303033
10521709642
10251984068
13484747563
11453791505
2877341491
13304966759
16196233070
5987665189
8398677063
15517825796
9915570597
7757715559
16362356307
8335995643
2565172385
7526790627
18353654812
8367614468
7421691150
19402808388
4175840917
636218344
3123534422
3665064958
14299506944
18060693557
2683059259
14559972907
14839162698
17975405758
9744142425
6172639270
19153538588
17839047974
11122045727
912143561
17200086730
9329480235
6861383690
1301695238
10602809233
15940430348
1038835911
15253197012
8010329663
6738158990
15642691301
9833241635
7140969152
10498063737
13504760760
3218333783
2239850258
8741609395
15533017375
451365756
331165663
4204211646
18569785948
6255830983
17333102831
4505537865
16413677613
6317337175
16317543214
6333144526
464481922
2777231115
18726964935
13118215013
854753666
12826169294
4658447392
12700886352
13063724167
12468181668
10129995775
9208813013
957852420
12361129009
19786049462
9801926812
318213693
7117787314
14040074463
14773580119
13469954802
15573546803
12084544410
14123268363
2475629014
1690494728
12593191132
5442458069
6839660185
889092256
641565448
12944938832
6103982532
2687989797
6062236104
5304185603
3695554282
9856859145
5623547475
2252305590
14672938808
4880699732
7521290662
8205455417
4656816371
8854117485
17882255376
14922259896
19593890852
16203293687
14859684549
7319385907
1072381439
7616990700
12143604408
16950021797
9395218511
14376902011
5720870138
1822822200
3490944622
6421018544
15787238380
13970755030
3298466420
9447015473
7185896157
2236517037
13176573788
7572419426
13686879020
1804434771
13476442285
2422173014
10988221488
3744366215
1795011677
14038298254
10262092413
3852314477
7650150881
11008418104
17537001124
18341881429
8993208614
1028033348
5052645929
7465700519
1245671518
13452597448
14099129979
2337988698
16012224039
8012090809
4623505822
1701475774
8105016220
16645596832
12091556847
664611826
11746004740
5466216878
17115668541
5802177817
15797974310
18264804195
13759020172
17452861120
4991012985
7901127132
3719020038
16039196781
13302181792
17786284103
4639089371
7894534881
12118487325
4480010968
11417999400
12058383814
18713811305
1247912212
4551423566
6121548593
6857710409
819986224
14995037521
17403073002
1968215415
15165336083
10998775840
3585827393
14171510804
9448916298
2565260483
2016420916
17884728599
3526789402
8531412493
14710367296
14364547195
12804325240
12219888254
4185290609
7132367072
731366226
9115271127
6721059403
13343799977
6144665464
4059099274
14768767616
2633214807
1463110160
9277343548
10766686733
135819257
9437535639
16767965197
133207082
6195453303
6055769521
3284183101
11017993395
17525159629
3084596257
4120447212
17053694664
18789655480
4471518094
17447818421
12762479081
1530890260
8461952784
13299803756
2818850346
11060851557
14605907624
14250031487
12850968713
13802066732
12143078965
2700160272
18882020741
13951607275
11153008445
2132044726
14736973133
483750337
2517700997
6692323150
11067098665
7004637145
5038133200
17293757213
10108082614
8503710105
13833744860
665335600
2359859638
1347659985
7958061791
8786997805
2025652816
14953289445
4600090303
7069391684
9075197922
10310229230
9895878866
6679153927
5120096902
3302418663
12270067360
5249987841
5051114660
14767388926
1789905879
15054390117
3905682053
8649915106
8853128408
17610925283
1492279383
5157886484
6288033302
12999946262
6964400344
7322262984
10439118735
6664303708
1719391769
9568058446
3744584549
10997783788
3997325358
153548414
12760951247
11239873913
2448138727
13888358792
9561386568
7076893317
3519255577
2497533870
9188978589
3848219689
14602639317
9967559842
5038313307
3344706677
11342455288
4162602751
5503383330
18351583118
8369153270
6283375473
8916967745
15770697467
1959209184
2551604974
6449419121
2748420349
9463876183
3382262821
6247449706
16039572414
17734513021
14541683483
18148989705
12725599151
4074636067
7962934518
11443470436
3986134550
2085711609
6847454195
2468889937
3441960145
13077750620
8753091133
7575033063
1783277781
12709808329
6531362911
11658858665
4456218172
13053092378
8740817084
8912333465
15925940688
11337794772
3252973280
10038039483
15751815576
11151196396
3100762284
6679520516
19104020119
9734122300
6292816654
10296473808
3779474914
8590189590
8405663620
1081701423
570017254
14066363667
3620438458
4969443331
12975132280
6418683625
9120509518
1404884674
1507325391
8091757270
10759822135
14442009674
12144609369
2054074230
1245879370
6867454177
10911466622
15707143469
7659900905
3825295348
3799915738
1872315167
16413535118
1536636200
10973926579
5636479737
2162514120
3866892125
11769555696
14171845276
18118136526
9131450199
18356310101
12487815630
12890911980
2245924880
7925566030
3565043909
9576063227
8408199036
8076196740
4160086207
9475007031
9006642156
1917414101
260201050
12068510015
9837558909
12195036771
1596199427
15726127513
15049535836
11513899022
1268290332
11961565090
1820770490
8491785591
15259898752
12435970750
3126178324
2293099904
529696341
2144973397
9113080292
6525652262
5138434799
9309697544
7844886876
15588159822
15678078772
4341841557
4812815097
3081790753
2443668296
4911803784
12629820123
11542189381
3842772698
7322065713
2179136176
10968207997
3398149501
10408873457
7466862933
6946456220
6191971041
8260019275
1173463642
16420518037
14064230750
8172199205
15142557517
16521032804
5134250367
5361783497
313304686
4486508646
15281014762
6808858401
19013664480
10775538054
15612321657
14187277792
9687528545
17986517624
12640715017
8362953893
5232172916
5773701122
13803554953
11679674855
4474987833
1736035540
17719444333
6839202349
10452126742
8638046514
9849436547
7213929069
1138443193
13939259117
1623104056
7474042542
10815753949
5201101626
12287919064
9734473551
11394211400
16548227282
12876842878
3869353581
8186501842
5909072011
2015915241
2302662639
7427291681
5423955555
18632887495
18368714030
13595235187
14451171321
8138982066
4132043659
4361084065
12649378061
9467054011
3739070159
14958278723
7898878452
8755242043
7789710879
4655782654
15091111272
4480971808
3965291907
5364221595
8896964775
2548844717
9068799378
4588121404
16938312879
1589109675
10477258159
10233284042
15869409775
8846031912
7393967151
12011871069
9910070617
19891017
14519603227
3865071706
12623063229
3565029025
10179627711
13495729788
11722712226
13952206841
10706201814
12309714290
1268647496
11445914518
7530090778
6331032541
17424093320
9368687230
4564197951
13277657435
4972494043
16060766211
8633492476
12825696405
4343441915
5271240809
16416221246
13442770233
10910320908
13417292119
1869605994
3013263780
5421224565
11301854328
5006303030
10828549643
10101047924
1704915190
2424348312
7966051914
12247840366
4063579210
3526789402
9967118518
8766311882
5902284797
961329274
14261352619
8557330663
10924762843
13799986518
10155150477
5166253
7162049317
10271272972
13422084322
9722823713
13099998897
3465205432
16583622730
7239211042
5522469040
14469932407
5060025357
7432041149
3622718815
13939935619
11256702591
12753648738
15380850220
2748960532
18433526832
82112857
3581608963
7075451720
5811170542
12012253178
10914361832
15369161730
10119145670
5248631014
9253119685
11874071280
11029374250
3425462518
13743030471
6542516607
9417014563
6136946181
4888263734
13907833294
702450520
3377503115
14921255120
11634648810
2541337132
19657897666
3475093800
7098222165
14489228835
528553548
3029594739
14156317170
13891867050
16761003602
8310145388
6982549360
4435799436
7794121199
13522776849
5352542146
7133856899
5564264798
9045956656
11734312008
8523034619
17857958597
4307327283
6521903047
8454773768
14162477759
7632477550
8784445020
19209632545
8668701357
15414059961
3616576071
10283885925
18546955746
2123682910
1536576202
8428809606
2778351153
1713308204
13906771419
9090147616
6725591410
2752123981
4511205631
7644249049
5385827637
14278184909
2801103639
13560025192
18044305674
9786315227
9328241685
15776943969
12932511929
4588501287
3064898035
5576249275
6103910968
7423530312
10651896631
1035486932
1820135360
4621591898
13793608966
12271899049
3442287196
7116594573
691257871
4965305976
9521214910
196366950
12288437805
6010421730
16597868881
4881364850
9859036313
6738003284
16215369009
4208177178
10062988151
12723901994
17318374496
3782375100
6099330305
8523742679
3227995780
13414613838
9935858826
7018893691
16515567582
13403443370
4602640181
13875330290
4919784914
4515833101
7854482902
5138512520
7891460757
15696268768
10692899747
819581521
6139107620
5087394640
3585024406
16007247715
16557550539
9648077999
13478604760
801882472
12581134066
14162416595
13028067210
3085519430
8171201457
14688291887
17100534601
16244223447
10302979666
11151064864
6006762707
5386498714
8556677158
117561185
4384935254
10128460700
8630043004
8491924017
6579447953
3087064393
7178355584
8405566088
1871988280
5279267229
17589134243
6315155557
6846928371
9029139257
5825003780
82112857
6433491199
5495950966
11262807967
8613250150
807039640
1980294514
6541001375
12863604182
7948421204
5280493276
8907177297
15845678031
4630843406
11396663379
6169437801
10088773966
9170380560
18167587506
5987363120
18934712992
16882375495
16353384745
9889916537
2632171903
19150709591
10583193939
3290541801
2028292720
1935016766
977932792
11250324272
3241883229
307763741
5805744747
14654857381
15252216797
7644553475
6521798381
640626003
1589109675
10769158296
4547045256
8665865621
15143134022
6754628045
6512355967
13232967285
17913977408
8914732780
6403402745
750124168
5220129541
2553260737
11975714513
6362128821
16267254807
14351859915
3887131590
3644096499
5109036266
10062999653
1246606529
8518802280
2650274339
6834824081
2918448061
4853412957
8770531374
8975063334
15946490977
6886759395
1472324686
1415601264
3695841543
12103378200
11076382625
18544548687
17257084360
4693937008
16455332663
9338488375
5308642767
1623944215
7660482721
9655957458
9593114129
9297199650
14956057454
10483485025
16636807683
8194524564
15065599677
12771430105
4634514386
11853317485
9042056961
1004703044
1264136554
8336370137
11320534618
1095971711
10909995286
17717381227
3475072520
6296672885
6280629674
13556719851
13723768137
5750635963
16193736982
829820723
369028004
78730187
1529988447
4272832813
16869064110
8143898415
13644468787
14074848199
9401883931
7517720926
14765070940
8162884731
3331793278
7535946088
12506914556
10905339303
2683596124
1589330713
13828892503
6390786740
5673708656
4244853867
15077184859
5852664812
13987680350
13392751636
12436596673
13123991066
1080670153
16624225161
78978978
12396873964
1395274911
8468668616
9694926628
18738144250
2214929342
2152419787
9845802900
5167610719
5943289654
5928609132
11556990261
1255178063
11791425603
13065595536
11624305927
111070625
10699546854
3562338114
1585683891
4277835989
2212920462
17723398139
10545485577
13710593306
16251109482
6447482789
8912880626
4966550003
12335894877
5526280166
1018108913
11987019577
6799418563
2176268317
10404629366
5900432602
12474037542
13656634086
7841814579
18498324413
4576670062
1230059073
7854852024
9886975323
18574308337
4649490911
16270942364
3834735994
11941256198
3500940147
1578295635
15705782580
8461884092
11802474648
11234905319
13796356062
7047817414
13110536850
4702747893
8447416248
1871609188
19380499675
12267341015
69574652
16470029875
1094917100
10456077896
746704653
15738742085
8820711568
13929659326
7116052360
9985294351
4603588722
14270610045
12281033547
4330947394
12258688183
4481153882
12592735098
9410196657
15071797228
4731158381
14361698359
4058177767
6398212438
4490661524
4447007239
5374365789
8636975396
2319445171
6673135020
731992445
14727818745
9914752072
6139810652
7382987956
225337598
2745185755
13018027457
16233956929
17073994392
4330029257
1147077995
11482890743
2786739737
3809904081
15194423765
8674145336
10108445669
5829778275
4817616744
19139563273
3506303465
17590585924
11015943268
13079239920
5263918423
15986560278
6015442674
6250859678
8473446935
16730064748
7761465796
7310918273
2612931889
11769925423
10049731611
3583430433
6033697528
9028517536
15773670969
8711064383
4743978059
12849505370
16614304296
7213186417
904384652
6262168055
2536729560
2212093564
16139479893
7501002912
9551444520
5605258405
2918118215
14697686911
13441793324
10145999172
12000978290
14437810017
17139897302
13640844546
3125803997
11814125927
8534091259
14725761251
12190125836
10801985659
7866418667
8129989463
5102579440
14584696869
11081501686
3380631587
10892692954
3379190208
8464567366
15071708993
3184942461
8832433698
412117124
14666725487
12771873689
14272132548
10460011735
8579748774
15560853200
18231503820
15732044207
16429118740
13428285933
2284072421
16216070967
10069564681
4452537973
1838416016
8689167768
14939574655
958132941
18359573517
11097836273
10339733757
6775083070
14637274185
9543933142
9935034000
13072717351
5318277914
2654656807
22315385
394315084
2370609232
5530408830
18679599375
7762193671
858606553
14282590814
3913680697
10060232593
16457121085
13491344906
8257464494
5163578810
10221292660
19141475990
16238755957
9090767119
6944395848
6072364018
11205378964
927792981
1662356974
14587983836
6463670233
17884445635
15483184170
12128150042
4586243090
2785430286
12888122275
11482767544
7952693450
13614502938
10443035264
4387373933
6233235181
7934699966
5387548919
12563583711
8480831910
3474130438
11601890661
12859591383
6146776204
281029032
7954643748
17570080685
10805832390
16949772956
5417617993
1300118653
13939104233
14560385688
3720148147
2974737061
2477162387
3562247927
3520941169
13076676947
14828731075
15373419427
5856542203
8402083225
2564405507
17246338109
11232943407
10333464427
7794644414
1986359261
4577969065
5555935386
8287735182
2980885146
16073562083
10925703029
7939147006
10628992209
3077972806
2603902314
18180990465
18941495319
5195900257
3035483213
1339047510
14402948533
2813410257
1836484644
9787054814
9689132654
6557113413
5313944191
3623937471
6964904921
36833292
13070439859
5840722610
18320083880
7966130386
8070378021
1848154529
19291608967
3911970959
19387991960
132168900
19604474633
9124209523
2576891483
3378847881
13337310700
2876130288
9802389590
10918566885
6074382691
419573461
10564234697
15587266941
5871677063
1132361453
8541420949
1789055914
4757538424
8759975681
9618623433
13256614937
3799915956
13145609244
339334055
5168569737
12240104395
13574914859
11981654796
18884853221
5814473919
11828993412
9842939075
13604338137
11290955817
7358677837
17616077129
4855232948
11420573586
2392387356
10576766231
8659620474
19355913699
14406070783
3452129619
10720601918
11924567056
13425465922
10703549217
942069023
12933256064
14283831415
7501285479
2617084576
4509929094
16933942941
7445785376
9126463743
4416892427
12008228764
10851996270
9296957051
5279478708
681018842
7457369747
8459635418
9958445276
1493460390
4046283511
301482510
10742191723
8027275238
5678588507
13386938760
4784005402
17985447620
17371299975
8591745984
11492570222
2475975193
15901780661
4302426943
8279203440
1925945304
12964131499
14340836540
3459112070
8667283496
11679363397
6836601362
1049056834
1189204332
8920054592
11781975547
2728684010
8188026872
1163429802
14492152760
10323793961
13708387314
15010652715
16553953213
17848301568
13438287922
5436060162
11755401158
2675807000
8138509640
3213725537
3187837387
18369960918
3272396261
2298515193
3654331932
2676267124
4761687281
4531321086
10898481231
7768243519
5065992908
16778503656
11145635463
11460317535
8217542172
3520941169
899870267
10555919069
3331763807
16066181747
14160350703
7104296664
11923791440
14876743980
4384236974
5540557842
3259919937
8074750654
3088187343
9636775365
11032559276
4146498999
13527900240
1331676263
4360335333
11199286629
12154557576
3623120892
10850944719
4384247686
5438606880
5344360293
7299456338
2479252312
1420480923
13252710491
3887209720
11438734113
1965111488
6001917759
7608462932
10803186746
14871358682
13428727086
12013731091
5277297062
517755466
17948764244
14469097845
5298191401
6279210384
2421802298
3612786416
3412440808
9817988757
7275951708
7709753656
11900433035
8408281500
11763970665
7114727345
14341641251
1620408569
11302759296
16431422056
10574116213
7348843969
6186714143
14138835766
148063393
12946486895
6526397801
5862957831
621006580
15611523276
4367604103
2959033615
9809964191
16995043949
4342738350
17845784715
9288373837
7566442569
9950950577
11904757329
11559085838
16218677038
14405193774
9017831758
6393806621
5537814283
6847820984
10112977258
9069499698
17376904299
1904909172
3193489470
10527540667
1660758730
13725653022
10216267033
5992692645
3301986095
14083911814
3964638034
2097165675
4634514386
3886773360
10709038900
14735011365
1401400985
2385935895
13208410738
6496010806
10148601450
7204298233
13079784785
1918166005
18801533565
11276570927
13187129930
4367183073
17202374489
11952161118
10068810807
5271777772
9295580347
4001482837
18036187072
3499244411
3955048012
5899303313
7789110362
6790033480
11787214042
7678897842
1534174582
4230283388
8882888320
4773053906
15119703742
12469849355
4821383551
11575760388
9354078959
12377709193
15210378000
3377503115
6387807181
11651159512
386860827
13888393112
4467439542
8747145112
15619859059
10066229288
12193835583
11997187275
2022005275
172891590
3546647437
15224545003
444396425
5494714655
7332754620
13096294167
4269654661
5263965213
2333447839
13422084322
10617724207
3213551169
1633363953
5445675085
5506044444
12136598088
13430445057
13670884291
8219731951
8928253983
6691764028
6899456626
15409832287
8204290506
14248440196
6093336737
5914290487
10304850093
10769421757
14280343782
14557821200
1652835048
13539851217
2578156732
8415458580
12585716584
7811122511
6193984087
9272944256
3744934911
5285613041
8340038886
8433522097
6753604028
6031318169
11812423250
16070991956
12008132146
11445258042
10509084938
4467604178
10951016826
4474597974
12462119651
7690635864
13797806807
16573619668
15879398535
15589862840
12441593764
7826545812
7621463974
15825851741
10929667986
9829807036
8162013489
1580404422
16217173156
4628573992
10909664850
1651219186
14063308885
1807620672
9032652959
7910381659
11463824721
11278267056
10145267164
815702763
3738362375
3444820272
11384859540
17058561575
1702538586
6887546623
6532662527
14778188606
5483877865
5364285362
8013246951
5602246043
3497408068
18739870993
11301544714
1709238399
12050726692
8749556727
7823097928
5238340159
11144651934
10482046877
8620204357
11471253513
5313543435
8437154998
7229327048
4025300601
11246909227
2139863850
784285822
17647480011
458748591
8314177710
540167587
18942718639
10064628430
15814172188
7421582845
9793993985
13118111627
10510861693
5563060144
5382986321
16601040146
8231378597
16345526699
5056241744
9572961437
5394980124
2515819661
11828149634
9865650782
11035818381
14047626202
7425052930
366428148
15929336950
6767113269
29652708
5304912652
13044746300
15592499487
902023644
858832891
76790293
12717996348
5287632541
4289792985
7188571351
19670244323
2311591739
15575138563
10676459305
5680345492
3966904808
7465263244
16129023780
6971269144
15459447896
12370646247
12016561190
2918290364
9975267272
6451209139
4343351815
9562632308
13543370230
3801404452
10918869870
10252834888
1385412248
3623889091
15587720666
7244999980
14545592119
13249195160
11566497751
3555505892
344807418
14471228253
17185591073
7026708234
6143968334
1707189139
9477146989
12857394688
568416351
13900030645
633039698
13207641829
2869537809
869896752
7339746588
9693754892
11347358224
11689048700
7117787314
14324030717
6791244374
8577551792
11027301062
3456113327
2698101785
9736809428
13864421233
7116212322
10635054629
4509275351
11003866370
5524733726
11814298848
9810396487
4380082597
8130263257
7065319059
8430844514
17501918760
4525235076
13405587534
2885308449
6366989197
13917700415
5773034837
17530089308
12150081850
1096975327
14820970071
7148721797
7111031161
4088900097
10792560415
3332540814
7472298081
13428745472
4394760023
1711464377
12231106694
15943169254
17317272574
5512099555
4384604053
5707687358
12101266730
2662760511
10008063256
359009333
3556939084
17915050993
2831727015
12379325822
4892226604
6670167221
1808466393
2097507331
10399072160
5192490238
3262476813
11601590802
1952199750
17044461384
12225405616
19116560561
7048872240
3967408903
19503946043
5263980739
11387576068
10080570624
11274480633
4073273274
9583208038
5096429965
12457392494
2234901913
12278132721
14725009235
4931367826
8083316349
2066860946
9188017993
16216262566
6525578457
205452146
7995516369
13620941577
11249450947
3190523788
13074464550
18803222208
6891636551
4262493175
15151599422
9811869721
3252965347
11323594794
13133624266
19495917951
15877706880
4201467718
2095921664
13160378709
1557405849
3880502206
15435946155
4940607292
5023811408
7979484607
1404525087
6540450160
8017375867
11052944031
19030150929
19296644649
3061500398
10810361209
12552408079
375370631
2983423783
4074636067
15457837180
5820040369
1521813518
14721674748
14726503963
3906242801
51804347
2245822343
3660591347
12362083426
6141831242
9947123152
8185615439
12406931941
7425545615
7616504962
10323791099
8437160205
4241117617
5089592221
11598278062
2570003197
511665168
14214636304
3681385213
12249162427
10284871031
3214619499
9372505471
19566536815
16744511359
11036571444
3512427850
4184692459
5848839815
741448110
4932303691
19665115094
6071612781
7445360556
2220476280
14658247506
10950534606
16927189409
12978282797
10607579761
3460550463
544372266
18355734586
13013366817
9561210582
11986204588
14926068321
13107918053
9048979829
5588199379
4609685333
7591075040
4459646254
10864357483
17982789541
1171268543
18622370241
5045480167
17839868047
11594863703
12945950043
5609995567
2236181573
15705947513
5805062386
477965808
13378841465
5763392023
2620972333
9145617913
8045925047
1171316613
2524772543
6460804532
4302078315
16714405366
3558902792
3653933437
7210901101
12320016718
4080417895
705796107
6681622552
8081773051
11408303367
10281505125
893205671
7917400712
10457185957
17457098497
9907775763
8724983368
7309277365
12842511302
6290449587
15350624627
11068581126
5360371989
7428552405
5139498791
19303127874
13533778965
5148316630
6029184103
14836374513
7662258965
3118172923
8618660571
16679318211
17073090005
14114862325
10957562299
3909511447
1333196408
579992138
14620917976
7697287501
12711791113
10059045615
10394125631
17056326646
5564906522
5171235995
9024719609
2283752790
2566142464
994066992
13437572083
10428590876
5517075356
11369643366
6922237599
13641210401
4894765178
7158577889
7936390324
2085711609
18742475847
9045808652
13220002232
7799199942
8308881832
11045662826
5500171625
10960444223
1151837768
8801245217
11702025198
8114542290
8290486517
4601974851
37426777
117040569
16230784274
5974104597
6104059827
19564493036
4410310074
6565756089
6992183850
10039681549
8111240797
15938392954
6663862386
14079725981
5704679281
9638129344
11220877228
8399516125
9338612544
5237005604
6169437801
18601101408
6745409085
11052575601
12153361598
8054504458
4714673016
9625147597
14191988361
15123224238
3842388894
7342002991
3480518531
16492341414
3936368250
14536380592
1466149917
1356032448
14766600005
8907280618
10276157310
16754439418
11235303106
12955843928
13446374550
15239974714
15105379482
655468196
14224642470
3075869547
7869337301
9357167343
2879379311
8741165001
12565884192
50791966
1418268116
8895856781
14583727039
2202584524
6641151003
17168531442
1669282875
4547840831
3348302690
11394143874
6214244245
11146199184
4429975642
4416536667
5229100474
3819369583
2620950457
11139633607
8976182072
12741352897
1740444020
16144851863
4325890718
3652262325
11197999080
7109247576
8015152401
15918127606
6478864495
5697365949
13873997430
14351859915
1509472779
9003091135
5307213816
17068618004
7246565202
13636784618
12408007568
1744341778
8807373202
3306709201
11776156610
18276281465
13245968196
9603648937
17928347426
9606791691
6738092040
8462541704
1399435469
3622616017
12008636586
8372550210
3339840767
15456843328
7806302576
2995172360
2916768674
10877829576
610836729
3818227676
16424061492
8755001872
7134208428
19771644045
3616658542
19837569263
46684127
12544644721
6656989568
19023503087
3033906958
6951105646
3167142855
7808395614
10821647186
10910499816
8497456453
5751637393
8620827007
8776578591
8222268405
6617524085
6858799295
6065677492
13720708095
4468596948
9256537265
13963679563
10605052673
14879287655
1877570741
1129798156
8699384684
6058566499
4863944670
13490381988
11389342177
4889976123
10783867086
6305763579
7541370041
10612498029
10465595027
8061550097
1912971887
3932557233
4195102904
15058204377
8046160841
5881335328
9519247738
7187810140
11610066547
3491384729
1219009861
16431053684
6594267719
13708118227
4715156832
5055619915
11944619704
11464002738
318420290
1612454965
1267678230
6249054695
8056520961
5946078202
8918085064
7356045408
6753669814
18949778628
12713454457
4491360769
8437160205
8814884243
12656297355
18644298322
7846135804
5066450142
14680363958
5049607034
7921188698
8613701536
6628769751
1401363185
11283930909
9754498585
13755987285
17248973928
13169466599
582172440
13704091980
6213446721
19267647025
11827121685
1760698732
4281920109
19704606437
9083681947
8555094848
15405619039
1665193329
5157982522
6642661996
4092921605
2729445039
3871511940
8655265352
5965333599
14969219776
2976720303
6102954223
12520900201
10420850948
2863452900
11147771496
4069766223
4997379207
13296480372
3257098403
12899876959
8503208474
13393200979
15655362786
8042265644
5281101055
8975893925
14415936334
1096530041
10434143839
6949241883
23643358
8293619072
11600111108
13879755434
7921188698
14268686384
3901670291
7815203016
12771477717
3286246962
12752542917
7475247821
13974659371
3064182053
1590012261
14471413242
15695601235
3058771587
14920379507
12929456165
10131914618
10217503277
1368577794
12999822624
11500589782
14511271302
12720266508
10696211238
11117089624
3458318732
1662917034
14644106691
16021407100
14829982893
14420387368
8583637403
8170413693
3015949691
6825623456
13110536850
592220942
18003882138
16105708862
7121214963
4887637041
7131258960
14780268406
11785309028
7348798886
6730545163
15689343817
6952592261
11623465673
15038953008
14607035144
8856810583
17060463311
13830059552
2174944082
7400213459
5197919450
16331440066
1057089681
15655884514
3787139501
1330508496
11293295146
4495071972
12493336846
2404454181
17495862783
5816747251
7361955253
7099191405
10460565136
13934981811
5581324675
15276204953
5307136593
14381087008
2689762136
2393371113
11919301901
5125113918
4625631785
5989897713
7115451394
11583271496
7572794812
3879706492
19560517460
18663804689
10813305657
10208112182
8187716623
16146966988
9717139313
3174658781
2634781825
2442961701
10950024865
11576630505
4057955052
298992017
1437859124
15212623617
13816749398
13395885845
6319239545
2883795784
10988420015
5331613258
2420242553
5920627298
10450729542
12612712797
10719347071
4982742820
8185797155
2284983624
7000837189
2307258008
8545912786
3673139145
10824660085
13273760780
5363985478
4187862933
4272832813
16971018445
920441580
11465704371
18874393968
8804579002
6059198626
12586983784
10097979767
3142810454
16057129208
9187437336
3772674438
9472625498
9723223907
18213182051
12795936357
7663129382
7098347303
8386661245
6414242958
15748685048
8817015920
784250170
18007375916
3157449041
19128766470
3457670862
10297445368
1183014443
4554999981
686668362
3673382515
15045174310
16585813930
10576886151
11153383767
6925636238
11081628996
2964310205
1920390285
1686394860
9862513241
13040027385
16276422866
14164467772
3264515514
2981519888
13146762229
11793530704
7914576202
13676641400
19347423922
4544306877
13706421363
5711185857
4417526861
8398628784
6545519613
9982524808
1943760770
1519328581
7547657708
3806990672
5135744369
12095403096
8458359827
2351760944
12345030800
13657542724
14639267652
7556813035
11342112795
18557431243
17805725290
1951462038
3882168334
4209586884
11684074482
9481834389
7577772640
8559484216
13424843011
11453973776
15497152885
15886732038
2559978596
6838974383
3345549727
12422713988
2224846945
2541146799
2247426620
6440965521
12679984281
14957682248
19688211203
7411706096
561081364
8500616806
3879955972
2440393103
10125066336
11436814016
3857226381
5394063532
1945395808
5796614428
8423888865
4609012284
3606046764
9117357840
2101022142
8021582437
11233825196
9176726590
5865713279
3751611027
1727891353
12323062050
5411319388
3065119155
4467804331
5317725827
8545680260
18961715238
2037925191
17962516083
8628757685
5997191618
3700580350
10293423573
11054239104
1598322133
6842233708
11997992500
16919714373
14150165032
6102707647
5238122896
6863119933
3758459927
14812172555
478385575
4694017154
14883806638
10835679101
74810466
5794043310
6278787736
5039759426
1224342261
3727845263
6939963126
14905950416
2278164956
2963630824
10561334592
9916839018
14961450540
1943471143
310841671
7022057578
16317166375
6642530510
171156559
3185200516
5795249490
2589966518
8995726395
2738411035
10446643512
8025535500
8246497454
11694414577
8896905795
1072301298
1837975032
17488371738
12051230480
443347363
10361445474
858014863
8431117652
17716375872
11724314690
6778178235
15474252004
12204438314
16602855955
8437082153
14900309923
2863356623
20020798464
14353994028
1716706276
8558658249
11374723660
7869544205
12126815298
6662657462
853818820
16456133298
10000858146
14647970404
16662804529
18479485769
1725558292
6414775653
15041570288
2065649723
9913532117
4372706070
4098873043
13607648476
12350999483
2232456531
8453594009
18893554533
13615737639
1835813101
5049028473
15511810076
6541978769
7689416773
7122668243
6571511943
8682386866
16911542384
17038038532
6265295093
414137131
3095095496
9031419295
10478249012
4698417701
13241224064
10017057200
3251905771
17431077247
5386182280
4109934635
17333102831
2984808560
7654615722
12688751982
8245669105
16915400551
14168721065
19893440839
5459125932
11261581913
1821854342
4157503680
3193658264
6423455397
1360050863
14250576578
5904614681
6950038766
15232796910
12461276236
12008872726
4869556984
4001099530
8397613572
7757680145
10354363907
4359843845
9201615700
6287708283
7108157757
8112767072
1396100716
885743732
2039995327
15588025012
17550965344
10667834454
7724444279
11201732329
12068510015
8927027909
9060936823
2104371860
11313862640
7327374705
14595410155
12145278048
8508695955
6814802015
17112905687
12910784830
1162503953
666250646
1640028590
6055769521
15453817283
7916106070
10057134356
14799104185
2288594090
3451807034
8849670892
13972676521
5199234421
4949136024
14622059499
11479975490
12315402325
17894247709
5981059334
9879085378
16444163093
11293419826
10721554495
7471809164
5001476778
9898270606
5551202049
2841133813
11297148938
11040324543
395598703
2672234999
6526942031
14492449788
605315221
11116747155
2650624866
15519378111
9399536540
1495788983
11252174431
1395888813
2243480930
6342556035
15867666492
8927702229
16483633085
5390575204
3655246699
11212803943
5396944944
16458535983
444782991
10007966997
13304682944
13762402415
12221892441
6454814335
181457482
14178943727
11345427607
12315146156
7535060771
12034276731
2798791566
16676280031
8183799106
339659545
9476853683
18142533403
3535422131
10714455372
17984447103
7985590765
8397967656
15404185643
5392757224
14229522148
1945569074
18470150329
7977010554
11070569395
5308781141
4068944887
19250742043
783153607
8943305434
5381667941
8619416688
18971289063
13602547817
4950938596
4424399915
1203327762
3954033768
9605499702
9621255923
14786374168
4701752441
7752962618
413041099
8616043719
61648929
6445871845
2010166146
907892459
12555266559
353281806
440499994
12264771325
16038849156
4693127878
4501902460
14699430381
14987152885
10757648475
8884793541
7394672584
15841337689
10937418868
4226456620
3886419004
10409506994
3740984894
11230154006
5755617083
8216562709
13833892275
12774729208
1279413317
14673922176
4008435094
16616030164
6016061843
10794061045
4243641617
14905427141
11052658502
5360155789
477730428
17198803907
9026066891
6501047170
10557937986
9242301874
7920402787
8650690315
5821331077
13056094563
7782895024
3851300482
6629428502
4777867412
6182990956
12643841894
504479065
13101245732
11349307594
14731811529
11739403068
1757807432
10980170058
17755714892
14428000384
1647507575
74733256
16301427853
8499900181
2161478741
8281512353
11092738365
9246736940
2322336700
14143987544
7198991475
895364958
8861118651
11329407002
12824960161
4937682221
11509620917
11810781482
9387582164
1059144833
4883741857
14694565803
4567152843
3574000394
18143959976
15645405246
12810013979
15753195683
15658286747
2467659790
6059200076
13827438995
10527395050
13793394834
19118732799
3657548235
1396779192
5354449225
17645763104
14024216464
730663810
5135265374
6097345120
16614304296
9639861167
7368081466
735893533
4215893807
3561729691
14213074558
9058401868
13494819227
7600268199
10306821113
18913730621
18318630590
12297077136
419372110
9186844203
5208198468
7344765404
3560428836
13167530523
4862165475
6288725024
11417097411
6749578937
10997869705
6966853927
18503694855
7069483452
5801916306
15665655538
10445537834
5731753557
12665376898
19601323656
3190483564
6147363436
12798320476
2809962113
11727111104
2227695526
5215109095
7638833680
8773642742
14805911935
3425070759
2338449114
10664530418
7099088362
10209108880
339659258
14928152699
7800492277
4157503680
2277831350
8645368672
3890453096
5823487787
13214239419
13535786823
6793247966
15947402339
13000999895
2653716297
14054220509
7163249346
3374378451
5461464594
9909103738
1935901397
8912390844
8328872441
9649415732
12660436251
11893348740
8045289600
15633532231
4201152432
7668432169
984416262
12461267077
10179899339
7386533170
8735315677
4279141027
12343913758
583596119
13384536544
9449998869
6273696688
19176244894
12837089370
144399956
298992017
11307337302
7203920916
14126545945
13518892479
717109054
12039359230
2961609985
6124015905
6939860646
7666830742
4027493917
5277406517
8863538247
8815770773
6695066860
14729150164
1231243507
9093941459
8011975510
18360638531
1926737662
3577542176
1745082777
8902389413
12650450493
14155571001
10972353865
8747760905
9020653878
10497772755
7388007457
1324995178
4975279560
312620291
5429708620
593076558
6453996377
1034889401
7627084208
6924401703
19209826689
3401060742
18904069839
374913576
9952746919
3857345571
18735025084
2566221823
5665358447
11915337137
14147902747
2517227832
4406408957
12193530274
9265746415
8726690191
5190763894
9257915961
3961458895
1662543307
2685167450
9838148003
7632765507
3854014028
4434565316
14402689765
12148872064
15674991633
8171043825
10328462230
5119103637
5567435679
7243540660
18248584869
12844505941
14630593630
9958815651
2005554717
17864391024
13120805507
4670682653
8125973756
707045171
6904257262
7454403390
5540370895
2138600984
8230696474
10477460899
12141614866
14768051795
6925313872
4457899176
13117919625
17553534988
2777359705
6908904409
10749833455
14469431639
9181393174
13948992529
7174165847
6585451524
10060069726
10000126248
1257607318
19554403212
14370743284
6484611216
1878346564
6931686970
15325258579
6062711277
15476898466
12619674539
14652698112
8549125931
6437966723
14525253488
7932501728
1673876223
18140524595
5950968362
13442478892
18454137098
413534699
8650239209
7885753926
3046773747
13123043487
11798053938
8559077994
5131923011
2414505096
5677830726
5659179040
11337425157
5524733726
4547482856
1470949860
9898647973
6596741675
2458468510
18946910184
15473920547
10981443906
7979294511
6091154863
848026841
18180235909
8637790865
12220186298
2117658664
13105609969
17575142674
17879515127
4649721121
9973335415
11390711215
475521413
4878988113
9957925609
4281424680
14601117750
16159179864
8352556407
4012145662
12143862341
12624085154
12950315201
9915268744
10246082782
4718487372
1987578418
11672799985
12586272424
5151706512
1897459470
7203343096
4004042022
8995532408
3356781132
4020903559
5634710138
3084385215
5588936968
6045578672
7956185593
1821820435
16646012905
11175730601
7650189858
17443544819
12734588239
8327220699
6159306927
13257576194
357317538
6016660696
13862823437
13952327353
8743881220
2563550771
263530670
3903364944
8912503218
14547681020
18353466739
4247409792
9631057609
1107311670
7788267284
605097496
8342868065
2683680019
6495334738
5678306312
10336229347
8221554289
1943948764
2696131972
2951186904
10750092443
8109600511
8996722610
8936361261
12658825640
8790832378
1363455528
13475033274
7755537660
2953272541
5646003651
17923503755
8349234574
2175134611
18652946501
7791770207
17582753890
6458774630
2631082044
17594570448
11052128963
8388692102
17178038773
2962648787
10489009511
5574716135
10032245313
3031214052
13534574618
12840546510
14012325163
3835369444
15780740282
10645993806
8698249619
12837377677
10004355586
17296022765
26850085
14168824205
14482497846
7715623900
10833250446
5920494973
1437299218
2331108167
14220734469
7435091809
1792385867
4994551038
3476095856
11557461616
1376282830
4516967507
1924171703
7203448368
201526822
15993069531
9153500503
17947778151
2807998692
19244345862
1523814015
1599346663
10857742561
4286745903
10187274605
3299754822
9109742274
10559410412
11004315391
6003064163
9533930910
16845864820
5379853574
3225369073
7462807544
5052065833
8695865015
2965204252
10231607735
2369284797
14606086148
8894033954
5148415877
11059194713
755928622
14673926052
8376227062
12822056909
1371951867
13308332277
13918505931
3866541124
9094330047
4656188129
2091066484
1504360059
4307152687
10656000515
2992242960
7787851785
9481907004
17606236940
18091314153
3375698448
6467417997
10438713751
11264043308
14131858054
17139931784
14049139035
9913114866
11560625981
4566051630
385335904
3874315178
3288311584
5111411846
5838856702
5618375349
13346013701
15640088380
4553307136
17846323621
5617242417
4180495307
12041246475
5677250370
8162912229
10200119246
4908336314
7290576343
9961114344
8542732466
2596563095
363625407
5056869941
14699858151
18799520099
3886665274
16635436023
15245657461
15351707920
17111921938
5529034873
9275918042
730845719
15999171729
12043062521
2570662397
3966504111
13110417064
11345044333
13123820372
8032128022
8314946963
8559493670
1357742157
12617832981
11217664036
3694784419
2473914891
9546375938
15115110026
7660679487
17441675179
9938485065
8780708896
12124881289
6953150823
987219018
17693845050
4372579993
16293574375
12707100405
10911509214
19817482719
6603988303
17305008149
18743795591
13785320404
12760890539
3757162728
13304056348
13400494930
9499249458
15176232713
2030280331
12033904175
4673071673
10259981902
1741830421
176765547
16509791423
9363871063
2133133101
2560475088
13815288329
2784178025
12020783853
16094905802
11431584496
8743696841
15823761595
6015865031
12508592311
13010558160
10139663856
13662576344
3344679170
4833974664
337810587
8162209278
4588391670
13787995834
6905505116
9531325999
2778351153
11131319374
3783055729
17677145481
11878166274
8830128182
5091987123
2684906569
8398332418
4414844708
13340985238
5687468213
2024828902
5647763945
10506124587
5588515574
2115953263
14775191613
8595965884
5200674410
12303840776
16748059797
13400133436
12140093905
11707931386
7693211414
12162841780
10140813246
11258853894
6593826113
14953341055
6182189435
19463442550
2669819323
9944869727
4970903889
2963210008
4259784575
8966216347
608405753
1185272855
15898960171
16507435267
7012208383
3837598112
12388608990
12666827907
12544169285
7948406772
15673740195
10321931942
4448567488
9623413649
6862350713
12189990367
514086609
14563230454
6970757533
17451559753
1669732822
3193025310
6592842555
11724997950
12877024933
13292693296
15892989158
9474666286
13626647159
10206380578
5039368797
4657949732
16400765888
9893429400
10655887072
9747023785
18925851912
4525235076
2041193062
2358467201
1416701000
622805565
2685560090
11871848905
1723764242
5499648921
14407262972
16877605458
7263753445
7599910922
17352235988
18315351161
928207757
5238879975
4575591991
14079273347
14137326777
6828443264
7939960912
986502430
1264376468
7791213300
11209112967
3426624731
14511146669
5025311761
1510482924
5229878643
7069177467
8861317785
10864280373
16094925963
5178305200
4061173057
1682251797
641478902
5679241856
14997267525
6864197769
3088877776
13989639943
3343505796
4525416501
1171912916
17605027334
12790698296
12145178315
16528640340
12010786953
10328000467
1947310038
4495488988
413054015
11021290244
3028606599
4978512190
17280538798
3504794508
11643656925
10997953382
8317991539
13591606001
2600115699
2471590164
10249661082
11413778566
9966805682
12976079138
1210675812
1930617129
4099921675
10111056658
7220253152
4041099445
7799061161
6200534778
5433774797
5704992791
3544696797
14439415876
9181657721
4015953562
15949269042
14223637712
9018585357
6652753230
12393791989
2624095855
2274188396
6409673664
11157264201
8824807895
9822197350
1807269013
18798550119
1058572747
19097931416
19566235675
15493849867
2590905830
9435565727
6126766536
3612372643
5681052027
8683736150
2573737220
5550864918
17386290418
4329115842
14527036189
6021091738
11811960383
8655519144
6692585180
12754383655
6159616516
694591662
14929366697
9426826908
14615069653
12839711005
10414276246
16325613179
2625286050
4686280104
13689864035
7741546194
14124072260
16650492711
3707251457
5472261673
12784049973
6526911574
2104810017
15692291237
16465924067
12210861423
16984806939
17737992551
15682883849
9425609514
6617761784
2952684381
457574760
4245135778
884445935
1742286523
9101392357
9984068778
8338245105
5694163589
5952366956
14570867091
8570797751
10705445574
7331767692
10327537607
9845066082
3048900047
4131612608
8740981664
13058361501
12321555934
4715156832
6927771328
10588134944
8054983969
9396751381
12845503834
5371766746
15134295134
14289900698
1079420181
16879525119
12547357981
9593642737
9664555936
9147220517
4671997173
413923934
12667286464
366476099
18206580839
4187943345
1836577590
12323171402
8459744926
10924615978
11592759746
15409499709
13563988503
5344345636
5568159872
2179511052
13393145142
12218413543
9265854060
8845834256
5809491554
2106346683
5347907743
3725364553
3884714439
8235859624
9377975694
10913907793
10432454779
11466594852
15931560283
7945269418
971528370
5253860476
9663647870
3600394551
10964147693
1918312929
3968602486
2447457161
3065119155
13511740889
896707519
6307108033
1439347075
964719595
13940610351
2851364284
1622400113
9417645002
8365010830
11638456175
4566408094
2633701338
9252244371
18279607507
19109251482
254520940
6313048059
25852265
6327111376
858916273
15738611603
7133033832
6539215467
19345323676
9433748239
4071676131
3357623105
3126755257
5613539033
12999305206
1260476105
3862589714
7036979412
2193812621
15888638157
5250943341
10071017578
4852067784
738004010
11731419879
8728052193
45828669
5756969003
9122999028
14550866651
6754515228
12585844145
11929599231
11000211275
7495503664
10465202523
19352089615
13841669105
4440993654
12157915019
11071850377
10335116863
5375214656
1539277401
8478271523
9600077233
1855085403
11312030505
14435567167
18103735204
10542599950
1129911327
4068771455
9595318849
5463631911
11232943407
7551670235
14675063484
9660900488
11658244183
6754856755
7128770127
8621312893
3281790095
13848678439
3237013035
1790950777
7040373035
16219351704
13418444825
4463969835
14727307341
140350286
18591936678
17419426736
5138443934
7960941276
5622300760
16032842030
11252731679
11291413742
9764538667
2171908378
17139812982
549838157
13985304051
15373493140
11078383526
7365826816
10273143307
13050834144
8321431679
9564284938
1782742560
9123053473
18038376737
11160303141
3631716025
2984252142
12520509049
13557094849
17267018215
11433772374
13526741796
7704971354
17723248562
3909349035
4162638749
4685891097
14940462486
16336151682
15778826271
1969790724
7831315358
6257714360
5092845647
15029489648
5344747420
7375149822
14574184752
8915810906
8779488417
9123187273
4849274858
506483381
4345516481
1355801047
5857957627
2466122507
3191897020
10291131012
5659874184
6930271204
7537643488
13229533693
16255998602
7046340517
10380427713
6311116159
7350773725
1458370684
326819902
8256436060
9248886321
6129388830
5346186494
4343490591
6585451524
14917435799
3574262472
8358908041
17685150759
10079996564
8935424143
2931764587
19429154621
8617302559
12850491781
12087751546
16142439750
2868246745
17315441935
8071973138
341141274
9587749564
4511009088
12239780010
2789985065
17299089875
17797491543
2563293919
18850032073
10144598864
3977339587
6269886294
1893120976
377111689
13106378817
15650404635
432460199
2948599869
2489496543
453290585
13967508244
5494088733
6712620612
14910822800
10707531510
15545054622
5043188896
15139056369
13338615712
9937355873
4253905555
4991620985
11961954093
12155741317
3731626234
5510803592
8869096159
14049280208
14444599439
16919629142
6782201884
5519444585
12092632197
862303992
11997054225
11313709075
13847561843
17223267341
8743551247
3306890593
507118999
2502647968
12726829443
1707593541
14760038892
251429258
6792202389
468331390
5614938364
5891172784
7966036399
17030067718
5508683590
5094703446
1649815759
4667495576
6040417748
669634859
6104743423
2984145746
2883409622
1612549576
17504226070
10754761823
14378945085
5118367718
12127622253
292268990
4686214656
9817625711
13255251197
2062562841
13945830901
11375650271
16397002300
15073059021
3033030913
9371528455
13142873599
6061915254
2313253321
16092862280
15760747868
11569463338
14425565831
7228356118
8882833268
15635477403
14095297070
12768834050
5853935038
2106199907
10507367547
18423948697
13947037227
18829756243
3786252160
10337873473
6906812847
16638164104
16865847627
15071325516
12772674283
9939890949
6488453409
12819115410
2016943808
11514468952
14806828631
14471050300
1263652571
6929327332
19541497030
12720738789
2799069945
1782432677
11567057339
13955108083
17289475490
2482498802
1540094742
6330573659
6033506578
317433091
7594204929
13102467673
9594993079
13377049508
904381625
7287435121
13422632349
8204838739
17247379398
2884815637
18834970011
4850724757
5397452185
11150537023
13128226221
1851316108
7561195653
3378204621
16513902654
6998063400
13315129930
12242731838
17234458664
17421320610
14769884120
18152864134
11251426543
7385237610
11542635696
3244303629
10533236952
10095287383
14935807432
13635130029
3789551782
11898209510
7108313900
11419968763
7465262663
12967534154
1417265811
15943544628
5734384351
14960470094
9127725983
7035338158
6272119482
8476782952
2961955117
12197592247
3105577414
15811073931
2218252214
6022032687
8843487787
2055216506
12277265370
5538485004
16924554570
6912479223
18441595229
15224521943
9802868992
6582354723
10130389615
3236322268
9882583583
9172007536
9505275599
8945750384
12614057355
9642960505
8368569465
8553726471
2554431953
5810267362
18645413741
4430690921
18095048577
5566186535
2884521048
11086727890
9227619071
9159772966
7132047530
4594012420
11675155784
11957059457
9225138212
17527134359
430584270
12077448640
2865352169
1986825649
3803775388
6694764738
10678201805
13493718667
10511713249
6769653573
14969151498
1407619900
12914329314
1589246116
1268647496
10157395591
12513761948
457495398
16108223774
9123997846
8996225885
152528266
17269116869
16416276332
371309915
2610598252
8356749385
143623511
15555914533
4994234272
12399375620
4750818846
7973965306
3004613154
11816352582
12136598088
6541756190
7162271755
7140940548
4655971505
12669291375
3539454735
4816044755
15578536789
2298742553
2235428120
1846899805
16034499424
9236727560
9189456179
9156799866
15938512130
3758635232
11977811809
16726999114
4240072479
17562857048
4434472549
5463023990
14748999052
17104881770
4765955384
3029264160
11650409161
13717618311
710608218
5021319491
15074732196
14233325046
3907520629
6221479707
8244112034
6997093998
2669429830
10103094076
5121538484
14249941494
5330679898
730484998
13164427723
9033996775
12691309587
1481435626
11693240221
5128719016
18314431313
16052647804
926218262
2825858439
6094217077
4719626864
10338053929
6016452685
14775866350
9929329638
5353251334
13954420459
8232307214
5868111203
3331886853
4247236656
1226603177
8254669227
6753831815
17136253526
13923064407
7066876736
6254909116
7997088826
14395086198
11669833465
13253212791
1377567868
8076566605
10845358422
6763778957
3886025856
6529069544
1835228282
12112741478
884539627
16107244779
12950044677
6523664659
7929662447
15774277685
12485023134
4938488625
15679203370
14144870457
13675488914
6351589524
7541012672
13649189112
6788625521
3105575748
9031137227
12324340290
14625122939
4143058148
13426735342
12753620216
14509162816
363920230
412448602
5327249124
14187902282
3029640612
2087141687
10444894110
1676102453
15131204237
5449400440
4071351042
18839452672
7773250739
2370381124
9538786491
14853321032
18292715046
9854637181
16869503081
9034767750
15151240594
8094356820
19212107696
3577545717
11862289305
14741568527
15588111049
13252020332
1587101685
1665866407
1717297963
8152700621
15565379518
6948728643
4755900632
10009884929
14627653668
15701904040
16534154649
8367812692
3563176735
6913254498
5005860261
8314463740
18396780459
5780652378
13289635462
8513213827
8858213573
7162272903
3721944441
13947211624
2697612140
1079863147
4186992048
9393025268
4677190908
13302346741
11542178264
5190774516
14599383119
10189173422
9063133228
4079788504
4878749706
2503590952
6718807820
2527926609
11273330753
1636061684
9697433262
5230561798
10495654008
11909819940
10645642790
8772838129
2537480133
5968696118
581249930
4952399791
5029430980
7066066582
8743907215
586831171
7009697468
18389341049
8915472384
10347208584
123560642
9832242536
13206077841
6231250113
6924326378
4415943968
6807688698
8456261865
16417698264
8371665450
15063610905
12390924376
14154377041
1600483921
9420339052
2278670773
2009648617
5252656257
3037478980
9925117240
4485713387
3248709779
12145178315
12556105465
5509764449
12670778288
2591401102
17267295664
6286194897
6329188943
2437627742
14903862767
18874418823
13714873041
8091701775
8559905615
4567499100
5569598515
12872021332
4787436044
9150280955
2250970960
6453034283
9177686342
3984545886
135374992
10791109484
17613846104
4069542927
716439403
15882788975
10861556068
4410077861
10301993343
9544137804
13371587170
8281654556
18020235282
9815507305
17011690483
3853724573
16597526773
17328941045
7377538203
7575219342
10484593565
7217708425
18759548357
9133337656
12801428634
12485141426
2638632982
5657050891
3697486978
4064466744
5030346524
10677315084
778996376
15394221897
10507885601
4719626864
7962544636
9124690413
13403596556
11782124964
7406573798
14483094512
14571220674
11643702384
8178686171
14484127496
3825683560
15854835009
8570307756
13966900832
12437164111
15704982811
13380467101
4525991400
6089222645
4074609089
8249161985
2694700483
16594561684
4110700387
8716732589
5152404579
1731837245
5519708848
12360393815
5229033587
14110427851
4176411044
13217730118
360442696
15503038690
11038857151
11328512406
2521628275
9747710696
7376292678
17111289837
16009791615
9284608760
9866776983
1793544878
14987507545
7950984227
5285394188
9163199379
12104045059
7400649547
6092952919
18896032734
11675611712
5825137616
5919978062
1068812356
216229043
3133907349
2027895345
6580266980
303575509
9994029226
4618463733
17092132199
14017106261
19339915998
2851101351
2815526071
9980861506
7061766855
4166311884
18576182129
6138000825
544697212
4196032536
5971564078
2785110492
9556907713
9545500520
8056313005
6365890256
1383811476
11421071939
8507529049
16604838369
12575059575
4454900518
6520850918
64578466
886148147
17379287110
9931941901
635426210
2115953263
4668977065
5766810321
15452227801
19597337396
11322549632
5464624690
2873808604
8854755510
9688447911
10665085541
9636921294
12917775742
17863553790
1253749430
12759601307
13956565875
4460526620
9755357636
13968929386
8500989568
17269286338
2227049672
7611847422
9528853350
12937482489
13604581418
6968370324
11985346407
11927390892
2793149774
19014371348
902408530
12666539614
16177802378
12533368158
19257968390
7258255006
13878705261
1098426683
17418445109
11569132328
4435443400
7020920246
8582703662
709039275
3077387744
3383520539
6463449263
16372097023
18597738352
15881444565
11160478360
12770060194
13902834586
1794329825
12003644604
8616314346
5368327211
3225567448
13423692101
4012145662
6246888025
15121991945
14928714164
4198704818
8106215515
8373624152
2844235974
3772555098
3975169274
15082908381
6169624805
16565560915
7617198324
14089041393
17512874149
15681237808
16894547662
15226291742
11087502015
8737492837
3190885744
10488754747
8305926805
1433126289
6055791334
2028029957
12888360946
12322224022
2089672623
9956079398
5839237034
12960876786
14671934427
5926119173
12304257155
2934128004
1835228282
5522980964
5809691785
4741726301
10591799989
13851976784
2844553874
19497503392
3900054545
17602106582
12428213492
12814225903
7965190064
3084596257
19275230981
5432206163
10168601528
4648739241
12266951187
4880970262
4703909850
18741560801
8130241161
15058795955
12764721903
11260542683
3822978894
499037825
15311309268
8967053054
6411456223
12261111154
11907669149
10694907730
12505848078
1672879458
10105099846
3445453742
974143895
12679063886
4591362016
7785023404
1819130462
4889765139
11389655630
5747149431
6010771451
17997083012
15805012469
3305696589
14409488010
764920816
10008716800
9750697125
11112743995
14940647161
3825244814
16142874559
5187669979
15609872188
12050561960
15706217259
3983252517
5228731914
6607365526
3012960681
6057426701
7925063640
5928641634
1274631265
13741955977
687434877
13420546359
2494305180
15705656950
10561334592
5240561349
12367097981
9532535486
17528337914
6194971641
12380960963
6709507077
14210564238
2590545157
9214206626
6802902663
7849524126
5369336406
658586573
10945951476
15184927338
15872792136
3443004849
6236234543
13329670928
1304100690
9068042525
14882434509
14280251282
2009291633
16453739963
583786960
14152542166
15400200375
3107724433
5504463062
8735432191
5364588288
11612559146
1304745732
3144235409
7242946150
2681266814
11668495404
2652195824
3047093092
7575565131
10137607496
10963842399
7101962413
2256035898
4291924482
6793247966
6495594656
11595203321
5261194495
3581688255
2854431385
10565848302
3104103170
16457353945
15952619739
8693260298
10701777560
4922603518
11815072549
6213105112
7605771164
14842449317
11858662880
922223759
8246199108
16290052745
17385275138
10744291253
18314889056
3632169957
4704937703
16430291096
10454444936
10346384190
7732996687
5472261673
17387105038
9420339052
8754707910
9463776122
1131375634
6353969441
9544766428
7393882796
10477257722
16638004633
537041083
19123449456
5308203397
2026144538
7401579872
9279305894
7966588413
15778826271
13892837049
1943471143
11806386933
12484386725
1848972382
8505175210
12774020915
11427083247
6156789642
666290463
8945450767
3942124806
11560148732
9760622196
8158624959
7557087268
11145937615
12855695779
8558505099
17255496974
9032237615
4559824179
2238164051
13186234879
14728463338
60934219
12815658990
6017218628
3377082135
6779191590
9987676062
2652476895
11011921935
7586868860
6395975520
1557039118
13520505747
13999656144
15563891967
8831002780
14171845276
13883914061
13048180767
5262956546
14281633779
18267355491
10015306724
4142102398
10184226931
17700925889
4885950936
15322216344
6294737400
12746445219
11600012739
18147477153
3578173131
3662795137
689363839
7983586546
6146776204
5679124304
16499270347
7974999553
1417245702
11281591801
17629603437
1244735327
18215266020
11559108052
8398035830
13227466523
6505494961
5877423950
12578662770
2711878444
3357986188
11766867893
11466596057
4897092070
10308021424
12520455280
17272711203
5427093487
8640453743
15619026371
2174547523
1934474903
4491118564
4656227787
2465981853
11773883532
2830550158
1965742087
9111972940
5736509328
11592596658
4817055207
1455042316
15318672617
3908505574
9354098331
7533295223
2777534092
3688112305
7078614399
15843800319
8846768531
8933334528
12494487973
8899462161
18629047482
5705491369
10986509720
12053803757
6765545597
4766831902
141092956
7255188125
12058606831
14610955608
3984278319
8989651698
4850804767
5592940312
2212443931
8593071706
11509898004
12852307812
10452568398
12391133361
9825982241
5340167551
14119123794
6344245259
4411265364
8976911541
1083319243
14222691467
9216366070
4742048069
17299614626
11403243883
12861432626
6293749536
16417848959
2366428223
5466411784
13569839070
15070660702
10730963744
8976671684
1548328596
5957571224
8555794224
13041235469
4555793143
911185633
9770544846
14556067855
8075893779
10693631242
6457035465
454382788
1600827149
8458694816
11817872752
438532330
10536878167
10607626686
15923827716
5364279452
4767555654
11630026086
6246139781
1610841860
17427164280
17642294961
8085033708
16239825476
10368984498
15678834343
14425799242
6665234869
291055498
12082621703
17911566695
5134986073
9961114344
11500177647
12509274033
15052229717
16690881356
2209655804
43357499
3951478299
12544525943
5243852029
5876911824
5073870947
10665056159
11662950265
11022476134
19234414724
8806242902
13383210546
16105424808
1005298455
18869912404
9201615700
12425920931
16694577397
5126988084
423199354
12571572745
302418777
11667448349
15002310603
6288334719
3603237170
6497511671
7709753656
14208840004
8115743553
2363207027
14571991428
8398620658
12934409188
8704645276
2642617867
2041468577
11026853773
14445731375
5264882933
2201047258
224499911
15604189852
216634653
1255531258
4317071634
11902010579
12529220094
8441782848
6554858420
13199041356
10887637961
5740772167
13489817845
4220811294
9440347417
4245934341
13682465895
13739124727
10332012494
7920927830
758163556
9459897329
17805010365
1193256977
8138733729
7346506377
6820775444
11622242480
6903329308
10723546058
9818128421
16770824409
10303295809
9369685429
1873219755
5513735218
3618968693
13304600026
4203726810
13835902588
9335629371
5757180497
11178315557
4846360253
8998895831
8572306483
457435914
5405785364
3191652900
7564688875
10717267053
1505109420
7580395139
11275327771
4296699850
3214924789
13711114739
2245520732
6290979034
6476162942
3205851555
4230797697
2442853652
734263274
12039359230
14155250175
7937483536
11153998042
4187464816
737498076
8835029506
12565331510
11634396339
3150460400
17579015640
5425416121
9732967206
10795094308
1917373611
4292043608
2112282375
975650278
2466122507
8439211043
6094581571
507165727
8083412777
16849416199
14362318214
2509043288
13846124276
5995160130
15427424092
743290449
6338945210
4251031704
8303847991
12636454572
6861765923
5101322348
963771199
308098821
8291577734
10593394441
4308372797
2282898883
3104746838
2843360015
10804169830
13925188020
14429045188
19387713497
15284668041
10403298148
13518045816
10959020605
6657328769
11546335869
15234004975
4193507440
74895971
14770340464
4540671517
5013474258
8853140506
15275893487
10404352823
11342488586
2030361225
17685231223
7319910781
12732993162
3214080196
7316895640
7752583042
13484024725
14168122803
9754365570
9300695546
5042097834
4231859975
9506897421
7346986239
13986230788
1130750887
2390836109
2339832744
12329510709
2533822743
18117851455
3834483268
6103910968
17686485177
14088911523
12677960683
16314523918
7356698489
5335613474
8454274405
13043674564
7273288268
5285507490
4718927000
12032180979
15729327529
269919096
7131258960
7780830421
8109640663
1270687360
17315035844
13322791667
2440480757
11343370442
10420823944
9102095704
7633854072
16060019062
1536576202
16922971299
3625810296
17788003194
18608744291
11669714015
289795210
12649904554
347882091
3201079884
17637985349
11921610157
13628264250
5945348735
11504916080
17335607531
10315174567
147071579
6951952424
16555747235
7566442569
10004718996
6442611341
8106273186
12520862308
2012319247
15431653300
14186656188
3583743169
2699949075
12334354116
14827909331
8273219490
7747156408
5053081207
2863356623
4549976113
3072760056
4292791721
13002502893
10116575352
1472181515
7835046038
11862630989
16070657143
8398898308
9273308908
13941060156
9193780621
10721033510
14387737950
15314400949
2408897462
15581991899
8774007171
7032775642
16679452302
15010174303
17199105894
14330486090
16265193003
3365105739
6450000193
1639848754
18384055235
11545963939
9587367274
9969438328
4205839586
5980211810
8805216117
16901303421
17365207704
6462734784
13674190953
15869981727
6851170254
7526790627
12416457217
8115362680
4289585943
2527704061
8614256574
17684410892
19788922500
4775201621
10820586774
10545620390
9165081667
16583694988
579733187
9189152980
1777024584
15242928233
11610512131
10794206870
3401174262
16436249956
7899758964
6478922638
13067126832
12449704117
6542701590
13513270796
8689332562
6758265107
6309948419
5837997563
4908085821
9803037062
15850220897
6779305580
19035745301
14506758938
15105837840
15540102598
7502770162
9813860825
2176798846
530008745
13381448758
3061841198
3464791293
7638192265
10755307945
10351775583
11188301077
2502647968
10857748262
6765545597
2130261330
17992211980
679319392
6937917099
5493235509
5062557315
18794092724
7328233427
8360976740
11077214055
10461781067
1676797722
8971404484
12841530683
9972382728
10644446417
14566269383
5075254323
14558019532
2756718981
4202895312
276334191
6076227552
5141614136
5608055555
14769645237
6132749943
2850915427
1087044899
9728151597
3674202902
7675707254
1692497209
6115906806
1509472779
6803511478
19497769282
9927401377
901386792
12860684127
1777480156
6991292077
804777457
16375360294
17515715874
2595864686
2968357966
17958003586
13907718066
14216745207
14802147545
292226781
14902930424
2729408715
9768664042
2856902672
2859358290
7265241645
16590904336
1905247960
4110296092
11758957555
10519656725
11776175400
17299165138
3634083788
10490686715
3525550081
281863114
4659215081
4632098437
6059200076
3352896154
3181069969
9701472381
14823716599
12220161723
5213198140
12450440428
5299069883
13201822341
3457049868
4043419908
4120440572
13193931184
1308331828
2486611825
816382376
12213375838
1822409437
3159462940
4177611029
10059548382
6670576669
7365362561
15356288385
2575849113
2600999350
512549151
2081111125
7070628665
12636007473
17965376175
12612803554
2611155943
5772428925
6298081037
582686380
8624911316
902609549
15072529116
12563006754
1057048146
19130823539
10879320357
2506663155
19407613492
3842846237
2814803494
2399672825
13120055273
15871277732
335355519
16851688419
6043784359
15963336162
13407774797
993175205
1718098827
8052958001
11045149147
18880981768
12050455540
2745542732
7680199939
6131420722
8338245105
8270365694
10298232858
17289087771
2766954931
14385672888
17499021336
11965562635
14184239213
13787572463
15560215468
4043236350
11251712463
14018699332
10993998224
12838224077
10526137107
2345716223
5837997563
11053836328
3650610330
17131630428
18141532143
2514228126
4277104735
19580991430
13232300199
16714678467
7248481052
9138946361
14529355405
11831915528
11009821867
3255848488
907757670
11804100532
9849183673
4574653296
7893687982
8796604563
8703284841
4686927174
1096935262
15825525841
6164885918
3457450542
4497670924
9749644285
14558418365
7443031340
13122084982
483750337
11490809556
6464171937
13987785651
19035800812
14135381289
18772871935
8857473474
2631954443
8496572073
5320864910
5848348148
2174849235
15138267596
5569566416
5493718030
16897416751
11981856471
8735657596
17487310261
12043895420
2339753982
8453920421
3981838061
15100307889
11515738783
4459166550
4089494821
8293427308
3679148552
17498744982
4302473727
13961725960
4531064813
10721601930
16340149542
12281033547
6617788642
4406867249
8982108559
13697023852
17793254651
13792461574
9293620445
14410053884
10770490508
15439496447
9989678576
7788908473
11614878699
9133341584
6475984952
4074636067
4170953032
12752040639
11010987564
2028219022
18712539220
17296337281
2406342059
10308502351
5307398851
12944627357
5962946422
11326486951
4024463314
38703465
15581413222
2768877517
12325465653
10936243436
15119014714
14370398765
10608673642
14624625564
8741905971
10069682253
10620375830
385753115
2714691841
10583096270
16543438399
15394889815
8714575781
3799296103
9276239855
14793809285
537504341
10631518655
5264724147
5005860261
15239663359
2226033035
18351534512
16998262736
3539173803
14525268174
13274397064
8969151878
18947146519
15579960434
16361648854
16002451487
10615985701
2357514179
10977029121
3491384729
8904101234
14134600403
17972424402
294046390
7974409200
2756131080
3331019694
5843431434
14392409432
3898699323
17142425525
14201405190
12658057103
6034706975
2486103124
11974630984
4434076074
10521283633
6807690093
4744110434
1521823982
11676361313
7862263045
12256175661
13190211545
10561710879
5316910461
12841450730
1427261606
14550433794
5308372294
5061905968
16222987515
9908840793
7697287501
4063297468
12130445408
8916967745
12919139313
17918335094
7913903497
5498855847
14396861698
5047363187
7243241875
2577516919
15833931567
8046892531
10861895724
2278876742
10743779258
9779788250
15598735998
12721653028
15749774397
12437869192
12801292486
15818095755
15532848911
11273669371
1741057400
16440503491
10629071749
7401981457
18372343325
11789390139
5298474170
10884174440
2616912236
14190833949
9590347296
15252216797
2329381798
4527116067
7790003911
4681981797
11913132678
12750212406
8458726236
3184491766
3239616965
8130263257
572936770
17573757621
14981131913
1990216173
18401446335
6406723916
2879385038
15926874117
3029796156
1061425025
1192926183
965616420
1547976433
5115231300
12950044677
1970676574
2464466025
8544489833
353715774
4753658841
12562829614
2412794193
7538511223
5113266296
16094880939
9725420677
16488156473
18011410437
3895240642
5440002041
4665291687
17506265396
7467633582
5318013106
11140348286
10997873753
9999440855
18665718163
4618777705
3701247278
16562901708
2881010020
8994166692
4394841769
13801367591
4898806028
7409035558
13115452513
18533585837
12978107932
4488980507
8538282060
9570188770
17756467263
14132874807
8036460104
14670312611
5308642767
14544314433
1159370908
9356644031
13010208967
1967948469
12368842072
6043917205
13031632958
6761141953
7486981617
10229141181
9179810079
9731548713
9157404648
11038411138
16329696320
9113743558
8046480491
3702853483
4198038749
11973443522
8958397343
14170762499
8278009091
3846781124
95932781
7873442992
2334630914
677898117
3697825226
13280683972
4994306008
6915205490
5176472380
1578432310
3856122549
6905872436
13306733288
13987483137
10519006327
2919238273
8001044114
15007791951
2386176602
10293876756
16134294823
1433922613
16637845717
8538306125
1925317938
3132655405
12326363513
8015229907
880624861
8700743206
12226892502
1030353542
12441071737
12656609696
1063055741
7392459594
15045097834
18220956238
6011005437
2989799688
4602586411
8244881839
756359183
9177686342
15677461509
2320823511
6207577086
10015774965
2560085325
12319791738
5150445415
4169189953
15920267332
1246224437
12305126089
15853184478
6554938523
259757128
1598677060
3773117576
17136213819
6048269493
5854672841
17462558964
8628491348
10738722385
15989831001
5758259975
7452898878
13101106779
17555037975
9029160506
18652792828
562987715
4327952168
7464203027
10225842524
11124548002
16072623704
2300382253
10130458332
13111539989
11935913493
14133869936
6654448009
7060834373
937415983
5882262660
5244895821
679138099
7812898322
13678603913
10114388654
9420659029
8743700058
3085143177
11182193734
3842476788
4087486618
11927976045
8837883051
9037164084
3442354213
5057561982
14777589508
8693490591
18650838497
14563593415
2945565879
15110167659
16009414628
15844257446
11867855016
11826130587
3877256815
4611478589
2386964021
8009017425
12517791481
15291780019
3244700251
9254730934
3351677306
1877673298
18309465072
585190103
15803135441
10783412147
7111050750
5417630374
14539655178
17687469317
7227104328
3562454515
12701800452
15360930258
6092422015
3287805642
14346431204
11090605896
10813946730
153020107
8466243229
5154542524
12549094369
1361977272
10579365093
6433851394
11066131728
11014670564
1817977054
15992076445
4111886723
7914149153
12789387622
2798172801
14611727696
6897845369
10392874507
7079736492
2741040120
6095003175
5734314657
10935000751
2067009090
9840049439
9671662828
7641437100
13831411116
9043757552
2644619125
14647585868
15057475291
9706547396
11791352652
381944184
9970282372
13427112937
9631062824
15942472672
7139418771
1985310035
6742985910
4071497801
8885415416
10021306001
643350930
4366274310
16377860242
11151309672
13073191154
8840381023
1384181880
5385023014
7088194265
4722744978
3928570747
13230352248
7703965175
18648994402
4855820882
110940021
1448427154
15393488312
12640673346
7399979780
16190983023
12841433199
17941882886
7146547339
11326064117
8183392896
10387489059
11998706740
12950944001
11883546733
6956822576
1011064559
4306657466
8741433180
17635201756
8171970103
16279525384
8723451237
13647434847
8692878085
17308943552
10005130430
9524913315
16699548047
8540697647
14383757071
4448508138
10790427659
14849370755
10858664092
5373967628
9708035165
7564279192
10438713751
5424984949
6103087058
6749394522
8406708479
5512196213
13676783930
16097485416
15506716160
6330668412
2979361108
5356926459
41996306
11125563053
5624025804
3767242014
13588491358
8409234790
12993037158
5841503221
9348458181
10863740199
15348206224
4211604205
1753012581
290496519
848711405
14225666608
19363974414
18213815039
11837887757
16233736852
6448843289
1947254612
4668800776
2114319018
8138277574
16657507834
4354246682
10323597390
9898391442
5128016019
6058566499
2992220885
5388951012
18456964678
5358090163
12109414467
907466986
13588951789
7715320124
3993129394
7404406789
11116672419
2655460685
8020409759
1522426310
16021858934
15282882171
3397659042
5849458395
13138972533
14727307341
3316406335
14815125425
9129883797
558376187
5664057849
10804746870
10087688246
4554290212
11725647587
11131887200
7078964468
10572995373
4999459379
2810039894
14576485097
14786503994
7789163426
5317323770
1273967538
6205079369
8275012513
6621108527
12349630115
3913770638
13605399045
2148222142
15277135511
13459206551
10809469230
15071913978
13391458872
16803125883
15467088687
6447927915
8768376008
10462049579
10514360224
3117540090
12857063060
5304185603
14199472306
16276766617
14194736813
8659656060
11542175739
3252822084
2815661169
16327933517
14358650860
11437859761
2863356623
2329489509
17745471657
4498590843
14866747226
19388529
2368323227
16951747646
11717764964
3796957309
5317944775
7788137285
15471612435
381944184
7950521660
3264499392
15919649513
6871491742
9162619837
2491166911
1673260741
13087444747
74895971
8812926613
12302225663
3095686441
6329703583
5005003781
9760260679
16767078091
4549036352
8293990529
10796533456
1787652312
16875846127
5201278897
4685282229
6328824093
1045526385
12353299541
12001180571
3440166371
2430654726
8004617804
6851879486
6981794859
8649120217
3822059723
1663877185
2493487628
6164293169
13021093725
12670191641
3634016578
11787725579
17685610032
4131735937
12363216749
3339188581
6994004580
7522464361
8156934653
1245671518
12067285520
3629879369
1253042469
6810436691
17717480687
10923843658
7299202494
11160620583
2948517238
2748544296
3759077956
11905102123
87191822
6288665468
14145104061
11124749391
11065314857
10477220406
10676007517
1863833519
10519006327
68098006
4395527159
7025353933
25852265
12473465345
3387799593
10237517201
12976173846
5208494963
18676386191
1058732648
8577396826
5574204373
19388529
9947271714
1490817932
3137325110
17384728014
5178106549
14877283164
563478763
10870390932
5716146482
9844412294
11864046222
6390723380
2815568476
4935167516
391675062
6043623924
367404687
4055424536
6363950311
6296255358
12546839398
5916203008
7321191444
7991643149
13206690365
2432301984
5092792957
15408762283
10111200436
709039275
2556804987
13098288827
17025439025
5682966014
5160715205
7104289198
15082393889
3572563937
15965598144
11616175437
6651369104
18716892255
1422990554
14026838845
15415567460
18032452483
15908408759
1456047944
1822639985
14637817633
1022262292
10754154152
1611788240
6066163892
18091029889
11741083159
16300496131
7187272291
3633624529
9660311799
14421235410
8290901293
6615427245
17708557930
4387708570
8921223063
12471790650
7850581718
5440861159
9083109956
7395324864
17546060301
695593748
12688454593
14396082795
5855249157
12467459151
9533236981
5488936351
10024811336
13520429180
16107899194
9456304753
4171624787
5064275221
5469339696
723413732
17022843884
304310941
14351787249
15155762564
530005382
13066046948
5988928772
312669348
7555645190
1325505926
19072701154
6838348992
14057866223
2228903349
6338974684
7034167015
13997597465
14570547270
9114979641
3867080333
16981803359
18144023994
3927581543
4271504317
9921122516
7822707803
7454845461
14279214216
5638405079
7984556732
13795601033
4089560074
4449074463
13774801436
4599375658
12718477788
14454201581
16722799558
7737735527
7981612637
9118859211
11432423738
13752725994
11537622227
18410840148
10591693823
2872336934
1578295635
2731716063
9533588865
11951837917
12853951495
4169975870
2132977090
11927158474
8457287966
14350469603
680030898
15438111439
12453508272
240724101
7907877593
6728984535
16972133942
6531068776
137983587
10449181204
6573975292
11521774097
19111645001
5494329978
8075541757
431010265
4084434051
14921283511
254354704
9234678328
11135920190
7669213828
14565870661
15233668486
2023315203
11759544183
9837268482
4903460967
6618006747
13952264855
14160617067
938469044
12811989229
686173201
5076124277
1333196408
2065846838
4367766599
10934795830
5903568456
1816366595
13666059231
7342624424
18033095981
7502806760
8184731326
10105261966
125580307
7018893691
9208813013
13334549087
15766557200
1605891399
14534315268
7385699211
12594544477
11354787076
12445090656
4769077925
14122086710
5826161492
3743974358
11784433075
8736103832
6146789231
6979047073
17981655689
8606710573
1924648093
1190517211
18469348617
15881028149
6303932750
5548349064
15179751506
7455494119
6337238584
17093459416
11565794759
8044457075
10760980446
4575554544
3769023845
9688132401
13489668225
121473537
1353529785
4989606447
12529220094
9485457793
12909381829
10233971116
14817896493
10487113317
15472474607
15312071053
4163100002
5586913302
14236841404
7164200894
7622792774
622346808
8704512490
19263256507
3106201991
16482849805
3096004758
10199187379
11155153458
15673404146
16798825524
6447508342
10257610658
3409737973
6446736866
5970745097
4732377219
9106876540
9703108235
5528690584
9944715644
2124671350
8458202831
10009470440
17326342280
16976558622
12043221460
3236626420
8753333498
11434060386
1462380293
17340191849
10603404244
437994476
6538088765
15180717205
14847295247
2668298798
3210352351
10690265074
7135351502
2880047573
4503091505
10654648208
1371299852
13442120043
8071973138
6296255358
18448346300
2228471545
2239929110
5661437667
2951380541
3316831883
4679498616
1106644999
3546096555
12162265871
9944913156
7890623636
9287900131
12677126916
6908452289
17049546959
2901391250
6564978512
16159368485
17616836497
14341829879
10630695237
19272481988
16623320637
5424751632
16747458072
6542739070
13095606473
6270700276
11309355354
11344020610
3614291677
4357417219
11791751371
11351612715
13581196699
5368388571
8303718437
17767251772
9282130728
8897083054
8638374367
2431616531
10130470789
11180719486
188785816
1780702653
16130985429
6367739893
3292125489
11973274776
2975473771
6676903222
13668466161
2727866513
18153079296
2391818479
16148410023
13051794183
6969559934
6069698012
11546952741
13550768884
10186677079
16728849142
5833648493
14267460568
15433386501
4307255871
8268394524
6746702868
13469307060
13066663358
10910765830
6471270576
5920210359
14000071689
14265578193
10828558235
6497126866
5309685203
1263767592
7654147113
9583823479
8424422771
11726150548
15665489514
2591542924
13704878268
6869798409
16284450818
4538716064
18304177644
3750674035
7920585686
3566043206
8307330679
17446456972
8612438709
14581564120
15718497977
11389814384
10542179613
282569206
16214915858
18272680090
10087863579
7450752181
9957228534
6802086061
10593926438
18686117602
9153485532
8455018170
14957682248
17049355727
3758255319
5718051152
4865879075
4787813544
14724918446
10960667580
7133337803
6393833392
6804464055
16325916430
10165422397
12016584311
1204830057
2701657320
6077579689
5977074869
806791803
5244680815
11868078910
10788694225
14046319621
5345935466
8257783140
9733327341
17716926772
4562939472
8138358637
847125964
4699734277
8636616055
15691328951
8997647446
15312115647
11313453959
2277783218
9541639953
212514912
964715205
3670206090
774432381
9317519436
10789753379
15749855478
10904137361
6338475220
2508253620
16454222218
14465722929
10584695718
243367416
17180579143
9393679130
3806946112
2105963760
7650080804
8630906485
9264348394
1416538581
7430570377
15941636448
5544082572
13511640076
18909558492
6551028863
16123335104
5363177074
14827660317
17982789541
15150011900
16152725908
1848651079
16934379043
8559493670
17294707065
1266707195
7178968485
13288802864
6165322769
9178597812
17713406675
16954195566
12658446865
15689095692
15256495851
12823452207
5628537043
2216471574
9230924335
16701848207
16064871648
9234545928
2174257682
10819059999
13887297180
10143045780
8133534262
6080100652
7920433753
8360149460
16368185479
11876849713
16443367145
7472498553
5119724988
9029529682
15695696748
3915699545
3589675096
13428727086
12908018040
9721589452
8417990378
10339030034
2421187517
12158319261
12702347019
9607041541
9112925723
12720593632
11074625131
3064111974
1270052132
13394018838
13683633664
10656412559
5896973780
1390672735
5473277491
9656146456
2278673656
11575460406
10179435164
8463274499
14618778969
13281267939
19205850222
8597442706
17666991871
5089712441
16222571446
11585245281
2484504534
11696777271
11782701649
17366173394
101495143
13159166473
9268056324
11300799506
4330090494
13722942582
8138733729
1315130673
111886549
3260767657
12941288188
8954244445
6170825413
6921170282
7136416014
4371751994
1293922620
1864095986
14648457374
6609140053
14560357627
9844422169
7426863440
3474450103
15148888958
14695199397
5708685046
1902352682
15742967139
9832856685
10783768350
16873684290
12091453041
15404332497
4558145160
2833589773
11145241543
12531137951
8059455017
4093758373
3776546700
6293726920
8137106986
15526881257
14137434318
11268314587
16409636488
13883298555
8159047623
1264526946
17779034966
2387062870
17638777711
595859548
12509525095
3923337686
7788249941
8530349911
11100800262
10987279403
13925484219
5385827637
1251111073
1499199631
7575134661
4802459998
6818140090
11375235780
9838899309
5949839349
4531321086
8533753553
11647329820
16712785295
10924002387
7659065358
11773230659
13046156429
14919566012
8207237046
17804339464
9675975301
8867691556
1709823447
6579300775
2565669328
5099990615
280209752
10573231384
13381470165
3115367166
8798572086
11685569195
19028070955
6644965550
4410769772
12487581969
11056136124
19129175638
11576352167
15481572902
4112987640
8702841777
10601641299
13524896219
14439331098
8291277048
13133425599
12369316099
10792070082
4814417201
11758246519
12447444330
2948572677
3382672335
10998006909
12251324062
4176949942
9853459502
3688438441
13645434620
18663746083
1003706315
3983541198
1263425794
768402909
5231454053
1056589468
5054231278
6434181914
12607590105
14822612021
11432723062
7065484412
12275232201
6189557964
3592316859
14797317675
4089334195
1821130123
14817911292
8083628651
5330679898
4024796525
19524286489
3112226177
9679278787
17959077066
8819805769
9986838599
13985664636
13298363358
1539967818
19372497783
4053009862
17137896720
2776030853
6476906009
13992255806
3216688038
738452966
16418768617
18604469564
10999435735
8564502678
1825204325
4565406710
5108404586
16209361663
4677415877
6287919374
7122937977
7240985723
5968350028
8953386351
8128035003
317991905
11644336583
6526337470
14474821695
9761962612
11747265483
3994166193
11236274286
18206606135
6919603102
8199969645
9284003846
12914657548
5145486879
12396756149
12924733878
18172014795
2844235974
2777369821
7705027348
17655087750
13076301311
14132606283
1933007626
11902335957
2551429806
9823999312
16711016209
6440304296
1489634940
4667823012
8298957593
5204410466
644725870
9409484564
2362802484
3935621248
8883942487
9400439432
12184353805
3018573180
16430289787
3247987801
9510255696
15001405715
352813646
7979349595
10265842007
11360811180
14781088799
12665204223
399146688
8776820976
18636536733
14651021262
3443306997
17546012647
5905129595
13123069129
18409667764
1737069163
7098985077
14823064324
11885059442
2287146144
4278359204
2293688111
7887880526
10957945060
10450567219
15008827742
12726067274
11034779735
5808624274
920457719
5698941851
17450495969
15780002801
3435363522
10744857885
4301296127
13082892705
14229654793
10193717999
6502256536
6449842905
17976902519
8917544765
902234651
12695064729
14351414522
6216309723
5273109463
18096832628
18457294896
7341869594
6722740303
11933459738
14743551766
5417400332
17023583321
8314893622
14754052217
8933611594
9181625358
11694711443
7821963857
17210429793
5687732661
8950805800
2533941780
14967828904
6190044027
10215082659
7282749801
3799915738
380128425
9977815588
14515368464
7726129198
12313730650
13773523286
4370840516
2698315102
4247515547
11973176350
4351240443
15154225060
10483455216
7846893384
16769896654
9209869015
8778041226
3715112648
6562285629
6418799525
13625208164
7917197787
11685644299
5565153428
12712899209
1560119103
15159623752
5593351994
4885034595
1686157424
7048093838
9146397862
3455989480
12601892479
12161797961
7995961589
17209694783
4656969133
15462492077
4165879645
17613662607
4734604323
4184692459
6287365859
6485351053
14650928949
7126284701
19162449786
7953420973
2098320592
3298176076
3398308853
16290467967
3100381174
14158813217
1567655844
3908442579
3924241485
12072613983
12270427062
14170696639
1396201802
1734203916
6926554256
15689843602
6102239164
127131030
734678923
6503308929
1738191270
15198226986
16334918896
2851834670
10885532974
8688522428
3022762577
17741057261
13837914373
4278842093
2232456531
17293243881
9906794425
911130157
12382645709
16949908485
7991282333
7594436324
4629056555
11413245106
12827727860
12431566962
15123233494
2840004907
5796908200
16187552597
13301754734
13563996410
3286077701
6816906088
8145792877
6042942381
10293729101
1675748935
12600394393
13394690817
10734884588
7969497175
4186836796
3611679084
10452883071
6786559249
9989039443
13473246201
11505120080
14969174583
1476114584
4533340356
12275960758
8678939738
6389573484
3225577232
1722490241
3003915486
10125867945
9349298806
2443553792
2219835622
7737489230
7924770270
1241598179
1377424688
809146485
17613863715
14444199034
14693915429
7958613587
12789945094
12040523841
9403140702
14463459860
8071973138
2441426611
1399184816
12909302345
2314794466
4697451512
8944192158
13628501688
16882147200
2831687903
2834824481
3915147441
9109241515
3130283737
5252218185
17357657445
1279475257
3521423188
10584068949
17675283393
2517090277
3370074436
8701314032
4817554381
3442490028
996884375
1666892417
2528361872
11250618903
1531765726
506217392
816382376
10770490508
1716413187
12288833171
16654102695
3594091879
10128541376
15277135511
12289039109
6919629571
9736535516
11198358107
11438915637
4588626820
4597965406
16671683432
1461059541
10356095026
359974063
2924654050
11599880424
9857029988
11612217574
581060846
2327182798
15090733516
2447638035
11011277462
10923732642
7486320519
18690076285
2612368390
12667056215
4800288971
16012016883
4055980737
13112082498
5356721715
11395256039
12896422201
7478225829
8435657511
10777557249
364279717
3590198034
5632064840
3245885056
3087451059
1707118002
13397584612
5831241868
1165816265
11908333749
16836559257
16353208780
10317710400
14126243924
2482854091
9991756976
2687957726
15072786275
4161418748
521165512
2654515688
3174658781
4722943708
11401153867
18042474547
7870447222
12003940486
14476911239
1735609066
1673735514
18142274853
8413770226
13888007138
8886779505
17973154945
1864181484
14581505582
3196231210
688929544
8207194799
3623861230
9598212622
16484978935
8773493495
937843389
15146432560
4811814978
1285062925
3564914921
5219209897
11275700355
12213570477
14537200166
2944210899
1358813324
4449117574
7293892074
7026174898
18736218366
8273207026
12665077037
11251206173
5141504339
13924211159
3049668507
5759890931
7554933275
16835478545
5862079764
9712883500
2555235630
2592444671
7318647755
17625702029
3646257043
3270490973
16189499376
3816608869
15588011893
632692102
14168122803
924716001
5303275901
1890511638
15402219126
230605709
13516683946
12932215644
18399605801
6293178738
2235770097
4946773368
13297872500
16287575545
11554715829
8817044738
9240782815
8956067419
1472880129
5654037000
8348227653
942530905
13522268709
4602802411
3086764350
7222031340
10067790979
16841142435
13345373757
14638171223
14732048484
15603421050
16156565740
9560026501
16159071099
10293652943
12225776030
3016440204
105452255
6639307733
1136368219
175044806
6058395568
10248618367
9565182725
827178518
12986838622
3346429310
11109963329
4248414541
17988929327
16281501119
1984427380
6924080596
11012694514
8201591148
3158683716
9742999269
7523274175
2900610916
1417307529
9591082092
8991674062
15144540329
19530067919
12153448254
4554075311
3072365679
16601836938
14421677217
14391040079
476562957
770062956
3025819265
13642066941
12218949472
6904936404
10789166862
5477144343
18607771341
2398145717
4089750878
4723669641
8806712101
6272119482
9094076541
3383575952
15607354641
7668725431
4915771341
9785328608
3581774206
11324137995
15147829233
10105068582
6548295741
14894669006
9525683476
10101097605
14658703535
16420492900
6305326120
11764575011
7518918169
8600840085
6449810701
13112532458
18310745231
3267955806
5776403685
14053362573
9433576950
11810868880
19325698786
13450032476
6823557906
6393322521
14173606297
4701405603
10511744788
12908163406
8528021616
16404127805
2884477155
2310916890
2775861148
9439633816
2514018490
50996687
9568863170
14903706615
13139781357
12112324198
10945996283
8328529002
6034546650
4534173629
6091466920
16924554570
4438918572
7040972153
12629102257
1107494539
11642715562
2121239345
15278660072
14923619438
2442649295
2257357237
5044995640
15285115441
15608677962
12811578402
3492741538
11439546956
13913713127
9754796737
7926789059
5420087386
19634291284
18438446118
1228800021
13846457756
9639452027
4991404576
4594910995
10158084791
15028037629
11169858109
7633389543
8801340100
1893396334
10912535902
5508699975
14457622787
2218754667
9394806834
496433587
3882091599
15748652309
6846610870
15170145799
2381436195
3350304311
11598760713
16287819923
16485172278
9148838481
14582630557
6633771783
15032859050
10825796408
112608759
252094242
14441524877
413375758
10978775172
11178367732
18492435425
17143347159
4857279311
18095389395
18103627025
1346279006
772408449
10109965244
17629013948
16518566650
12650403931
2660684696
6387632974
5217760722
11896277513
6061422366
9629237232
7898189230
1551638677
5140900478
5398887747
529660625
5508590501
5954587187
5110824464
16614737549
2172962320
9202403704
3345490165
3833925421
18784290718
7849426372
666020873
4482406016
10400283382
12161495124
3065271929
3952613056
4905285627
3510278744
17264811641
13867435424
15015321821
2216467404
667691116
4749090446
11526442445
8869804413
11168564101
3305261817
3492741538
6077033899
4858192441
12219472078
7164771035
2119349650
1638831497
12602900813
13809883636
6866039220
7741611905
5401993403
7645252657
492866673
5687468213
12844002944
10325030695
5544231714
4312896187
14133869936
8422065565
8533818943
6803273474
5091175746
8261930485
7386533170
15089111858
8433052494
1282275391
13841669105
9127567996
11113862712
16060205274
11084811945
2893622904
8148183138
11088527871
10123231251
10762503379
1263877649
10749833455
4980752653
5901912191
4012145662
4679345139
8755242043
14255108109
9351633777
12225119817
469470137
1279537948
11812423250
14937955312
5853742401
3906763794
9208351731
3341940583
9007355456
1087044899
6393505209
8522569128
16016416961
12337698801
9908220441
6880937762
6716450600
11038886398
8565053322
9628404170
2174849235
18044495847
9453881406
13942477428
111070625
2023087162
16039254083
16742882990
4989393128
7665864252
1788286341
9544224157
1337691270
7215703038
5959981025
9424615628
4172138298
7224334121
2955301083
14690980591
707559108
818736879
12683624429
15995273904
8171680215
9289739496
13065054766
7466303150
12032524906
387261792
17513882874
16442023898
11335499200
3032289550
12239127862
12793092255
7705027348
4104877858
3316606548
18215212911
12594052875
8139555005
575959473
12437933891
9176406242
2813841375
8963096127
13884682505
4899470224
8233994702
6638215478
12476670684
8885883309
1822799830
8778025742
7471931476
13434502499
12527177661
6040881607
5677428625
3469755120
16744111152
8078799687
9696220139
18806607939
7430565237
14751108627
8046307652
17814927125
6622359070
12150660243
5586355155
18318201692
10755957158
12614051897
19111721962
352261565
4258419363
5967711920
13899024090
967501352
8162895624
7662922313
16041455781
3476294153
2482704386
12964747305
10564062025
17371941676
12436805176
4725926072
15131968057
6809269440
9110645555
2946830396
5553272683
15952494381
10831261103
9388690613
11449603907
1906119199
10931163195
1707241618
11761939359
11306497263
13128060508
4481653890
11471412123
14715771732
1695388910
13635976604
14472608461
7044337478
12542480232
10377742081
3443941135
7959684078
12475283649
15232498030
15083505334
10391934588
16435113695
16788031683
2455094735
10577414659
11015022493
2866407026
2460629600
13344411526
6653822305
8015663984
11053929693
14603634490
4347171257
928454578
4131612608
4931187465
1911802844
5088516386
6037244516
18942882993
10120338890
3587855787
1129911327
12964782411
4472689244
5826149406
12377571589
10427289955
8245741408
3614582850
14167543891
14519167958
11620392573
10471483995
3878367547
6197256400
1080537077
9840438369
3628114531
618749541
15618798580
12450325033
15320495506
2333447839
12750423930
18405523422
2007619029
624782919
9339744617
12915297843
6527262450
8222586421
3075005760
18094047143
10556665476
3822497272
111070625
17286878677
6200385967
13608548353
10425933064
737969063
10694296416
8912184422
569705851
7532796972
4439486340
4626023849
12915422074
8952698313
3582282682
8098523554
10138708697
3195329874
12026603932
3259308710
13480883262
10767748870
4201844104
2962406579
11231053808
12748230188
1705304313
6809294184
6094823079
9768558774
888971384
13509668633
10746779640
11262472894
2340628564
6363635322
18402241608
12064518037
10530003636
345645509
13425973278
10922954505
3993632415
9380298626
1071888600
16353285268
9287367325
13828487945
12471285668
9442575107
7789186987
8825071697
14997205384
4032287419
11252731679
15695711416
6139475664
12026555070
11263749410
501478100
1523027478
8791029844
2173348637
18106911809
6764478154
5772843653
18592141662
4209642541
9253575528
5345207523
17433489262
18538260352
4434565316
4410432338
4186458975
12882974619
2084611323
9556907713
5263318544
16550740139
15137092300
426986346
13035249642
8542888152
3370912332
4607579610
7468918772
12538346141
9021568779
506002627
13631456597
6754244704
17302940115
2979068036
10886449368
1486001481
14460116596
18780801473
16174666415
1168543043
131731912
3030856070
8340531235
1912521918
5960605842
17243443759
5568772589
355612307
8975414811
4771991489
8448316140
8912333465
13969358376
3824773808
13560043017
4068512494
10808679412
5954798249
7808285557
8171023015
7051051750
12000978290
12891747181
10995848354
6949241883
17865736896
14521227040
144209152
1553186318
8874850166
17616415737
14431671947
5569848861
10258081007
7780046037
10770113989
2660139980
634700618
8959058598
1548561271
17833432845
985329937
17897012575
15053828715
3950418303
3170203340
5609756720
2617167787
7116896525
5790366193
2844901396
15383746364
2425316143
2996274458
7373845900
16669252388
13178889883
5162078694
11212335131
7456508640
7636004297
5875963349
1803602339
12891219723
6652003300
16360694286
10986682613
18291088843
18792100646
3117540090
6687164913
8185056143
6464425668
7370753937
17894152561
12416471321
13761479637
7707510334
5060382908
6778515367
16800236862
2248934723
7835518230
3568039517
4445829791
12567778207
10482037043
7525621471
15611424137
9388139620
4356524822
8314946963
14661915662
6820382079
2082625473
1965417118
2813841375
1759627157
16906342703
17689924082
9092245994
11162485890
13275331683
10584553495
8694373047
15851449649
5831676903
8658700075
10148452566
3189234652
15180896674
572503291
14331404113
17472219862
3334698958
6003426469
4110364897
13843949737
11064667538
5680548222
16261437073
9969505332
10880027976
9894741462
10444781918
4684845389
3932524325
1191631952
990052717
1863338405
6804907622
18141966031
13970882870
5360392183
3237346572
2082699262
9682353486
10440540877
9884276974
3479481442
3857519423
15710022159
5320489919
7676968391
14237272520
15565379518
4148382548
5108550388
3280978359
651877403
11906067505
16713299690
15751600815
8614919908
13913368591
6206218773
16969427813
3117999013
11644161351
5246938344
9945293928
901040911
16130464017
7425806134
2926691890
12236178149
6926182249
11484744274
14155955375
10459666890
2756981608
6184189859
10131290094
8857098630
14975646872
11470231368
16406347310
3051833997
10537297422
6272171663
557117617
14115303564
1412256581
10403370285
6909378412
4745799487
3352112294
11188437653
15383646993
16023568311
13269362137
4087494546
6731380792
206141134
6785121160
17139877142
3444820272
1147496799
7991818881
8397967656
688858507
13744004492
122432751
12709045159
1984025135
7220540655
2217130595
9081292621
10049412851
6275441215
15707729684
5742065726
12396634465
16987256359
10775585486
7951561007
11613414241
8263423795
2734639294
4130770811
13503754035
16023490111
1854205332
4238958747
7646244199
14680430477
5135392531
73494251
9826285143
8449140091
2151248805
17806758880
9557482058
4751496544
16517590890
10526889160
512632366
14772935173
9066083457
4631147822
5355635333
2618083865
14279175282
17672306554
5494579656
4420487741
11517234425
4248960171
14166431662
3358117152
13111617045
5588080874
11052069135
17148220054
6725633582
6835352606
4308114166
17543483208
12198849393
6679214763
6194800807
14668155340
13382949232
2282329904
9673428924
11825589815
16109021963
12109799253
12090504331
13086345139
73483711
2869372012
5428237082
17740429174
11010601960
14036374694
15843160069
5484888311
5472322746
1816299416
5131342019
17096929040
4888051306
3416566472
10136498650
14800231504
3959332149
8621601977
3156860547
4433486797
5273908489
9755604976
14637972429
265035772
10793243532
8782878588
10949384879
7006808532
14552354259
7320463762
2583094240
19950628652
17232567724
8598807479
4602666358
11319791643
10200247360
14264352708
8876789743
18960054024
1871609188
2897081675
17301605832
9677712467
8920975822
2971876851
17977980929
17251365465
2375337096
12495707725
14052587343
5317301545
11229217862
5989634327
13186913744
5285870433
6038181284
7833947716
15706090654
753197396
8785247392
1272724678
9495645268
18208281915
1915738074
15364086810
17874337171
6058163882
2962406579
6274414223
5731703587
11227498107
3386171224
7941391211
7012660133
8533290479
4678162807
13796823059
4635285270
17045476831
8646766993
2915165608
15992836558
10918086003
6253291007
13433586104
3300077811
10141796188
7621121163
10455170227
9550972601
5139498295
2695150517
15898060545
15531956609
13716296627
4426275519
12640911483
12040880684
8445200970
8273207026
12793211687
717235767
14007741536
8919437637
5104278539
15236049949
6526536068
8463125504
3004613154
9581559763
16374465018
5309091412
1910817697
3688401674
13094474545
5623238758
8063594926
8621612127
5048491344
17672223008
12707032123
7959935085
3958245565
8642119322
15120019635
575641264
3211961730
10137250546
13930845933
2845357172
1090080608
12084123794
15810631690
8452045430
4572233289
1965752947
752061279
13888165651
13160043651
10170279911
3866892125
1937422165
4282068782
13045493227
13090824417
4092311819
17318449659
16237816929
7057519565
2517431718
11759954393
12133754000
9545619935
921293684
14873607916
5730589791
5636421299
7185492805
14137730811
1227537097
518464113
3611920395
1032148053
173843690
10133447018
12032862597
2848125596
8392203139
13733241398
1851179023
2961692786
15153363158
12225024812
6879100638
13432334028
12998741615
2981394416
10053695797
8826369103
14460358246
14701253961
3274505772
3158053816
4224039422
9872641492
10773970081
5931541794
1123031989
11828149634
7275411220
2722539156
1497791840
7328670271
1535220166
9982524808
3095156903
15540764421
8883612908
6433851394
6169277801
12987836853
4698722279
1537739306
10483431617
17424934322
11154823238
2662058041
1599802856
11900498100
13766890040
17992041799
3022958926
14066241934
9427585738
4176152050
14582133562
13935825413
9069496316
3160441257
301482510
3127261182
14274714065
1136607114
11108812596
5605474301
891058588
13793257651
9885176749
4470481959
16179339898
18784216490
6517851184
17384613662
15633811286
550505088
1247737228
12272295657
12369815100
8845717915
11116747155
5293868713
8751779750
11479309880
19277325003
7880580076
5358976014
12505094781
5686967216
10665850813
8012370008
4715156832
10288104426
17332770282
13991638437
6371143350
5763844534
6972073882
10147080017
7007438027
14087085411
13064432145
7622161348
4954431277
14522129549
8050602313
4551479294
17247921972
4509297536
12666039268
11891194214
18831014972
3024593988
14299829404
7769563420
15633946292
14548563983
16170404129
8623042229
1990879011
15004269266
7723877893
12404715294
13398285521
3558736436
2375353442
14567961085
1933045369
5546925710
10677069293
5263071479
1802666174
16113634441
10870363745
18017910833
13201204719
4826560126
1170338868
3406399233
15889686078
6927847593
18637318154
3090182670
10794744989
16422542055
13608063302
11986704849
9641299503
998751807
4363597863
5369697943
13073319990
12230399435
11798676030
15509104117
1032645051
11519104178
8545680260
8897156431
7995961589
16418656164
11501950380
4419831427
2680662287
3162377361
10278317124
7842507248
2559870440
10250011717
13433975056
2277070857
4338180507
6742157850
16598623376
7901301682
17357102802
5800771461
8193224088
6029333139
17750564006
15059323295
3833860910
6144938235
19577106469
12674814131
2776149219
15592366744
4449190683
18424277793
18225138234
5715721586
3578942420
10733892736
16481473044
13395885845
424072542
9522623110
8282371381
10429163570
9533930910
17463754637
299388654
2959436351
2184457703
6790517368
4302228007
4914910626
17323823598
16595474215
3996270171
14523017578
17893854692
230364594
1830367591
13635151932
13474376790
4119766130
278729488
19031522554
5151804578
357127690
13617710078
417057450
4473967354
9982471145
439784099
15626332617
13037359404
12565166411
14198824884
9264142223
10452126742
3843295547
2896849673
8484802271
7514105575
2302705755
8645027242
9468992441
1697237120
12361857209
11616301408
1204048472
3371631956
7698918941
13895303711
1035258444
8981610267
18291910945
14012055676
12238092579
13245754763
1330508496
10258917223
2066606306
374883497
12803699448
4224858753
1943471143
2985358145
5129982924
14155689362
16892385220
13156043842
11996657082
15888879092
4241144626
5604582538
7040554643
4025300601
9025874465
17044334229
10914176797
12626052506
10793262486
7409267617
2180023658
7700541500
16294999261
16370834926
10251136576
3323442212
4882491535
13617445870
12267209393
12434239067
6340102716
14337735368
12222778308
2079898164
13443508565
1020766799
13748633951
19089096540
11721002483
8260162017
4999676616
12248236520
1529949679
17790945484
11611926902
17358344037
13393288808
12208615702
11013097024
7086368432
433463450
10805447645
8131051055
16756694875
8171150992
9629483563
4787741685
11258209114
5665113672
1992258717
12646874407
3976134388
10401532658
9997438235
18353781563
8203702195
7326999128
2017059225
16873793564
14509052602
8577833853
9534431508
585269603
2928113191
9573732126
5000495922
8245460968
10040785022
14253379853
5549215369
15560047391
7105044123
1616784535
9517929389
13579782683
4272311718
12857015154
8384641011
1618138922
10859151523
10316263837
9461456219
9433732479
5803519945
14837975595
11996979034
14070285380
18139270450
2440961459
11963792750
14673291001
17375993507
13541157849
5370035033
7527674726
10402832508
1586199723
521773355
6754773087
7658804969
1862468626
12565524821
8789984519
9924990368
5307397431
1108752932
9216917949
3723982060
4859265355
2272720508
12809071588
4406591214
17529123182
17465547237
10674953188
1282275391
4696667972
8975290522
17676416829
806329068
16443020615
11085495201
4854862494
9193048390
6353565365
3607565188
17037827267
6159331229
2881010020
5508683590
723413732
5072344466
2296922086
16653572670
579121322
18049696598
3549020183
15753453107
7211621786
18883757237
12460501650
13151732689
17692444876
197660536
4157505568
2888821850
4954837733
11130802522
15122183099
2441914264
10098165857
703520564
3565116239
4719496947
14964744706
11596629505
8436581483
11894160732
11222360631
7840725380
9555636341
14246746439
9178819051
13497542672
3439921878
12851138067
13948734104
7620682106
4553937715
9047605692
10914543162
8486258784
2867492192
18986646846
7959654512
3130076954
12172949438
6738413611
17905734852
9690482514
13248157538
784823125
19888262225
14719899439
9717558319
9312059764
2446505155
4855285067
230371051
3120332644
14465047958
9729565134
16138060534
12725631381
4189257019
4182635590
6145897165
18154187749
537101865
8138733729
11264353050
12219209726
8087334340
880009785
5998178033
1826353316
9738523450
16929455510
12536425167
6363067201
17211798698
10948798352
12314308620
4171302647
2786652575
1431564983
4747454282
9428481680
17522921371
591005610
7660180247
576412390
2745403338
3683374405
291208281
2792220033
1461823338
16317454562
11397626993
14350449028
13874438471
10499642769
3999007364
7300481837
9309177704
2323543746
8727409561
9729565134
5452561267
2024388227
11098322215
4540668660
12726307077
6350055971
3952106972
17919012796
12260198253
14024997822
15228037985
15779058773
525174846
413599938
11613513657
12408575149
2375096562
14066039504
2572435140
3344478546
10794263243
13608063302
14296118916
309860280
13561538652
3199674626
8869362551
14073744026
8926296403
8711852612
2961955117
18443219208
4794550952
11612172706
6092976837
13421359236
7272735921
2880178324
14555760052
3697741341
7565495850
364552195
10937058214
13723368195
1707189139
7422786797
3086720473
3552074328
19459534055
1108327062
3918939778
426955909
4109701058
6746724408
2781415301
5405758683
10064913537
17884490421
16786871514
11157538722
15050852398
3124938049
5358614391
11858517026
8106712919
17830976521
12332587956
12445409614
4975962853
4319679542
3370912332
3519108185
17250007569
15691812414
14409793542
18440830463
16553122465
13512137222
2633258749
13967023009
1950685105
12774729208
775564632
18111490730
16103540278
12991315252
11973711623
8774909139
7429027528
15797628756
17063737597
3213235841
1176813693
12332140292
8732831313
1089354988
6109144488
15527369581
12158267090
8330160475
2912771376
8021593620
10945583339
7231079996
4329627614
9103560446
5645844975
14835164913
1957184722
4587856319
16426511457
12383530616
6305759471
4090583319
8578227401
14982022009
16345216119
13844872170
10507184759
16189004010
6632067609
10704889046
11812003764
5671929847
2712577674
8179158079
3896792703
6205251972
11174013558
10028278670
6037581298
967114456
13911219157
9924081304
13632071481
12927221750
11573980395
1519123418
7549269028
12838516601
6564016364
2777369821
2706768282
12899810125
9472646179
4566051630
5124726340
1395012579
12940058186
737868631
4599477647
11184243795
19220907973
9524341077
4239942063
7214509231
12840007092
8183887247
1143629961
2232985898
403882097
9240161465
1332901544
9852158476
14203076493
140564273
254266853
16835577405
13159574139
9158471358
16742169332
1926544348
7705934577
11609760515
12351622606
10116096498
5109187494
7833504224
10418354281
3978392213
6515131072
13573515642
7714718434
3480756675
6501329080
8763725791
13753424850
19065268719
994790871
17200068787
8115281733
15124323978
11107594805
8766943743
9400950125
1240255960
7617336104
4919570306
12944251384
11987364316
11760943156
3060833374
13270355489
12570921064
3339929515
16125074741
5167482099
8577945582
5817340505
11161797289
131044686
4259299110
7632982528
8503409455
4811501005
10354297198
6691187980
8187252707
5292304498
6477490716
4819967310
9503628875
3880859748
13324213450
13894171686
3924149846
3674202902
3011641581
4739703805
5333131919
1061186208
7933023399
13327130257
14897449123
8829166850
12935632524
885863675
14144626811
3410450653
10107330444
13057898543
1391600977
8577939833
6183102222
16746353578
1663272660
14011261645
11044987678
17527071987
4366274310
17431733381
4726314481
3449834174
4433924742
5421563950
9252244371
5248788973
5606556491
357595359
8129086891
10532368283
1640831415
3574205381
2053573914
2817815463
7761242041
1783474361
5526323265
6911305739
8006133056
4405493043
14719473122
5339168034
3050289052
2103927307
10191291857
7502340073
150881754
12707965381
9587924670
8903132325
9224362938
15979856275
1512035260
14828638843
16899251528
2797956086
18231139626
15542943872
10513934121
4453428691
13017542163
11023478923
15938503395
4195102904
-992431
4978057449
6820611366
13118580516
9091967964
15805335066
13823801779
6850336541
1686823154
12427511263
11655251819
10784593101
14106512508
16412891996
12733703584
4701009273
2916215852
6832701765
18612579669
3533113629
1940194245
3623848183
14013721403
7299517091
7040485341
7074890590
11964336045
8245435952
433152959
10308303185
16042046417
8843199855
12514414975
1991661815
17303387482
4467439542
10286266692
4069607752
16028765079
15559091935
211813451
8479652803
7978594309
17786335424
17711854143
12785406683
7691539133
5463198065
5856154376
8587868672
9919943178
5877553306
15604284744
6021746977
15951401981
13863363819
8374767475
7917060723
17180789940
14704254000
4656998638
3214008038
8780107805
4142146417
6332909555
5948378127
17260658053
6220861718
1556311145
3029530146
11020558212
6061831407
15901308454
87191822
11890269313
50903314
12799140875
12436274996
9764040860
306886489
4087425330
3946198122
1780610405
289795210
8118250344
11052575601
16826297498
3045271135
12344809094
15024486981
12903882672
8300746628
2847155720
2022005275
1959328155
1993475523
8945929704
8129589430
16789430222
8185615439
11616215021
8533645050
2714297465
7371375163
18737391242
13483741336
6930809708
12228468661
1366209732
12012279938
10525704586
1130146637
9525182728
5663876835
2097486511
14412265531
13620621862
15197996372
11971576226
14253963219
310866586
15832998547
16155152378
4332796860
10176110434
11608477935
1816994297
2218754667
13103831650
17141733437
18958540404
14309115747
451396556
11890007699
17424978407
1115693966
17113551443
7789585384
3818833730
14280898680
11014515086
11134163476
12267311256
13096637777
15315881606
16372868366
5231091989
17849302151
7868337589
16601600054
2590905830
963771199
12341518093
1538370904
7443420941
2869345466
4536024547
356157512
8008223170
2450724518
9658799954
16713222617
4494583978
14024932971
9833504808
15827286798
17011801054
3790606873
3206827410
3949935954
12253478077
11318521531
10597321506
9911280784
6976945456
12555494285
425777449
5617035520
14139446428
14703227677
3700324452
8258936781
7936898086
4929438387
111696492
2763615325
13547010936
7690044498
6992514424
2255620597
9544245414
6765432411
5119399440
7315365373
13744709051
3682781275
7245953997
1390270931
1949517255
6111805653
10165222428
3652320871
7984622048
11245197864
12343150945
3052855104
16774087854
4900446229
7755131324
11154662799
8146748600
2272198923
9035840585
6928858942
570568541
3606474209
18753000533
18856491124
5807800751
4716705734
4438813148
8418480157
5609712133
7529667805
14661746775
15582572453
14692750094
1887673077
2022298828
17363761993
4170683019
8956358487
7347312323
3429066096
10461302852
10653307854
3440020167
7471401894
7794402853
2495556072
11418322250
4083764496
5488472990
5000459545
12700204714
7960305828
6619008715
1507270680
3799603039
11237086186
13635752507
16085644992
2001433171
16651969881
12112933772
10060950127
3625640608
16507691282
12676690890
14198120976
4668800776
9891086345
12172271335
9517069
4872334656
14472039852
2279596692
6677773776
7518918169
6220293613
6368392408
15515898162
9215177394
1302107120
8379087533
3377082135
7982586337
13207323648
11997886827
2528825072
197867096
13504521799
5338636392
18066336988
9538989073
3651628490
14182309458
4237207164
14906957411
15080864262
13008352843
1331000541
16882289242
7100421391
7121805327
11759780077
3920866502
16217849248
18890073468
1143157239
3193410545
4239922195
7615158876
670553362
4635726505
7955023355
14297446754
2585893844
13167261870
10677466899
4594910995
4744272205
4311601360
7536088138
148063393
8904440638
7511320814
15198515764
7401981457
5649498852
169201679
12819899222
4202262690
4560599291
15052797893
627373448
1259653775
2137028434
7191869095
7570449885
18196545540
155903279
5830036390
4019247586
8000748618
9709635528
6183918060
11410077874
11582544992
5786033966
12768123801
14998126143
987774079
1109467739
14750732297
8247627534
15407769569
1467832607
9858887469
9434436758
11561539359
8340205847
12721747530
2563090348
7358672580
4109251838
17576710985
16005486641
6106404753
11820383676
6798830551
18421684410
18355504156
967748662
8028493731
7286793075
14876743980
15901682862
14560640971
1812761668
2486643082
3990517933
8372086770
13886776382
18629562535
15416832042
13792265908
16213402734
3412300937
12496021128
5195775499
11368435974
7073101555
1355300499
4216942128
8779136770
13218527787
478718547
13073719616
18157030328
15584305043
12782479122
14129630703
8681531556
6592347413
12298447221
558732271
4655458072
10184433282
14838762565
10190718840
12578459732
17883866798
6922039864
7219223913
11861446338
17352729719
8046297070
4548242128
8673490039
15560272811
17028837048
10837107357
2782237900
6586756545
3307828982
7411706096
4370888910
16545388515
795244931
2811590705
6207812276
7209778862
6190044027
10147197438
18283737774
10403703843
8757518990
4436616790
12292900283
14197299779
7788552646
6645461695
8649688133
12317132699
576707944
3741128892
7979140879
11922765080
12813427735
4732431506
10567241122
12501005593
335486142
16182335417
4282618263
3175428837
10674693129
5357755671
10939576783
1986266573
2693397820
8690929997
2467225430
14776902610
745471710
3697784264
4762402127
893666875
4717023407
4816765330
6094093328
14271477510
15523512260
18777691188
8919461259
4141415665
634700618
12518456584
1756012772
3885857996
137988334
15512458723
9832607587
2145801514
17488598822
12092323083
10377696670
2983327764
14294915689
346349568
4030810702
1816366595
10478202953
6143946821
5421990099
10607626686
7823488286
8800749850
6044661504
8839722107
5565811170
4152606177
16199514919
564026432
14528891277
6745096891
12342340629
15818280165
11249015158
13794630362
7731281947
1071657964
1235276026
4033308284
18550659511
9284608760
10548404439
13784812541
15194189820
1241114891
10846278216
18457662557
8809613304
11131319374
4976249229
8562034367
792085255
10309948988
7582267092
15401186129
12279388016
14231273321
10463620301
10385957417
6989149570
14471500093
2494967643
10210768202
5333835340
10915398623
12502481819
16580289404
7392415464
3030824877
9521314203
7267469325
10954621256
12736045645
7560376521
10276348242
1958732264
8273477122
967995329
14738089331
10098281049
8755233279
10307093578
5567064175
11982017627
3563313456
2823215678
3834603904
5992308270
6846679828
8914501276
14321886777
8402176547
10005605626
441502616
7431590974
7963189423
14417667252
8076956847
16936418051
8400951254
17034601260
15311420902
3697250791
12498654330
14024369021
10573418759
6470580057
11878977258
11766546343
13123152452
6243323892
11229519590
1557595087
1868732824
4934598468
7469406258
14698656465
5635682102
11971070483
110940021
1210545389
5749178907
17172128503
2503351948
17058386711
7813076520
17162086909
8998084609
6884457084
4525605330
6880183891
19089741827
6005289764
5745652908
10785634342
1022516239
6893554251
364142656
11317999202
18420050206
6809543557
12014539005
1508276096
7104937637
7625548719
2637231479
14246079300
16589982611
13036771684
13140889153
5492967222
15871518438
17889502478
16547329302
12496399364
2604424110
8577914387
17620961063
8449252212
2826764431
13443139892
9262928583
9859351375
7102313924
3149088819
5792592677
5019631373
6090987654
11316419287
13124310074
4177247295
5384527342
5665146631
3970674343
6226025239
6329065931
6812971898
7165612510
8428607610
7833694025
14149745481
988262526
12197918555
3543741179
5494102445
16720481751
5298785210
6318338238
13468331477
6718231589
5306722419
760139890
16190192156
11298343178
7381077999
10672025155
9935311484
3842824068
5772924830
1012437096
6743116578
11013613485
11208174399
7322262984
15363929423
13345718473
3083145015
10924582609
6520436586
3932159298
4505014938
6571701348
9374616695
5233117031
7403920589
11947592497
2371340798
18053137208
10093829419
2922150387
7597089310
6260159344
12478884449
19610166866
15453355249
15328956927
4476067964
11934720030
13632826002
18615426394
5701865495
9752534746
3017372770
11017369504
19851407599
6236758656
8357738806
17668674402
4567207517
11594463776
14788370482
10549451218
16384068055
3423020341
4570752854
11338744468
17956641303
14114344753
1468671215
3437104396
5227922187
3230107939
4911796404
10476803289
16446165589
14984532282
17920179535
888500446
11223892435
13105994302
3382160616
8542896772
13519523894
13576306874
8354518404
14154274308
9146603992
361040110
1956750598
14293613310
12173590073
2098138555
14419208695
2238521428
2879359302
9165070372
12581353001
6570504641
15434606265
6042062077
12723785649
19109572864
19732169331
7697669883
5352583147
12878410409
9321126857
11030304133
3782493202
2232602603
627197632
3282168934
1697277316
15313849097
11243435651
9865056190
13752209492
13349110289
9876447523
14628579022
3191258457
14789505524
3383524217
8283024948
12899876959
10725777106
4405438566
4704908618
6162944650
2369198367
13156502904
11083908569
7385928935
1966187722
8273544615
7021061435
419524431
11098738554
14480427340
14266351844
12735343408
8313968490
18085984412
9134845793
7155218147
11073958425
4525795078
41694033
4625077413
12745740747
14342006304
10209364914
3585291266
5123565772
2445546117
13521252276
5032842181
11615523779
14764422318
18186118544
9987808200
1313270714
10375663423
4847427741
17881730002
8447806808
15261776049
8634922368
12789387622
8790020313
5371240692
11762970287
6608074723
17592221279
5310533575
9707455015
4917225223
12299658409
11560750377
1455042316
3820622624
10095260114
7582423547
8207777428
12629845302
10544215087
14949391869
7047650511
12381012252
3631255742
6008262350
10989010637
15469843387
12122274628
3345457469
17839586062
9893540064
19345947716
279280806
16145229047
11619202969
13846715389
6106365134
14104429590
13560025192
9788019686
2811693755
3469755120
9369529575
16059487
8768779116
9400044952
5825975766
5410123849
10323275464
15450129903
16235863569
4386997443
19219171272
1625698451
4271800701
15172654810
2016836791
9820131390
3669054477
13521498244
16809851080
5304140952
6134736995
13886328280
7393967151
9544531938
2691571999
13012495577
12724824662
6833732758
13316397147
18296407773
2302290039
4660204066
18844816929
19640282916
8665781720
17629921997
5520470884
1404884674
6338960819
11079465451
9133112776
7306568658
14817997623
6052546414
7850788945
48810708
6458774630
3022958926
2257071528
6813144884
2867623102
5118468898
19890989554
13188234037
6058336792
14726690505
3548645090
15989590785
19678151533
14606602333
4743371042
9762876958
13969526067
1934583534
13615681526
7508320553
7277714245
8628274100
14821447856
5304398032
3582337206
11561135420
2529645621
8831563185
8369869704
775656420
12451145014
701362835
9853137800
11745607245
7576099389
5023656043
17352086484
7626420256
17545602483
12981127828
2735935076
2563572357
1992258717
12070574196
16547138887
7245494067
2880404907
8894921923
3606889029
8153113370
7549518280
3196231210
10284789849
14127620862
9279407949
11275441275
6221024804
10831424504
11075671232
8505145723
8309355066
5952042001
5902736865
9069402738
6145455622
18373188195
8239761470
1682037795
3717160226
14082729664
15743569541
7704426226
15403981329
6842245965
15958070916
3395493084
3748184052
7139938488
14570749182
1417001847
3786217276
7455021424
1727748860
9943933442
4512684857
2643230136
1499561205
12413064117
9047207247
18917134528
2715556418
5467969914
6758087551
16322791368
8801799890
12753725669
4980694579
10543977102
13505866658
879825179
7149797884
6207577086
2775208211
5844981202
4209787204
2096721303
9195153791
17630122376
5998499827
4048610340
8676905308
9787189027
4660909345
10452429856
11941882003
9742017868
8806725736
8895733913
8551092775
14217738423
9312895344
6436618798
2883443643
14382725968
5666621136
4175587611
5265139965
11361180913
2948572677
14694815901
7910970131
5437253817
4248625262
3062289179
3775580258
11921875377
7707536360
6281098805
19238390877
318778350
4354386332
8354264374
9970657016
4152777355
852533884
11921617208
7407113663
17747442210
4712346373
12077781019
7916669492
10117039157
8137674056
12640134206
5219538317
4999268332
10421628556
4530447228
1253107570
14449416609
10609875859
17248711553
10370316722
13187954356
2254349738
10166647116
13403005334
2901325850
8845834256
8939343814
3522773887
5568852391
3892192240
5792267925
2281189662
6261736741
17211570086
6870861949
4296699850
6248681579
19381537879
15061044237
18520338525
14994740004
3480910562
5441624288
3772520081
3534269105
18069794953
17857715901
15078065725
3335021708
5717682115
6603988303
11261149520
1654139153
11353332354
13811902927
5023830599
16423827655
17772738127
3350895209
8712746337
11413245106
14050672321
7462885219
5367364024
11196336365
13982403018
1750239538
18618426166
3658789747
2983327764
3176991686
8421780022
10125394177
1458774060
3654162510
14959500391
16062278714
16092354643
3985048895
10345419574
6901674504
6368117685
60421442
14534653200
17970950163
6957119035
18785105707
3263560958
6076419708
11190627253
10760565667
6410358680
8985071158
18137901140
1555905825
10587917547
7612858656
14360808776
2435326886
3459166586
15477807219
13290184333
5065341873
9466726316
15881627100
2180638823
7505979434
9755357636
17634845974
11124298093
6126545300
15908258347
10559229789
13539107449
16452320628
1600891016
10539683486
4368135070
2075784252
14051229716
6799105915
7240334416
6477646875
5781516597
3151855245
19675353879
18391672107
15634350271
2282199357
9278353423
12103638947
15926039142
13045039157
14929102383
12220161723
2347522187
3323072958
15541870004
6780649045
8162493566
16670163033
10010659824
13330657322
5100789298
6819569704
12795037589
10174638688
14598069246
14290808831
3581405827
8755001872
14885223752
8590189590
5446486909
12003906788
11149266807
10010370530
6726726061
8057060310
18220788780
17683842525
12413084733
4802351774
6496276287
5881568621
12019111583
6432049959
9135283218
933392279
3542682809
3504801114
6417659261
4577176438
15186740478
5119065452
8427126683
14721275630
8885558887
7216389254
16651262535
6749101398
1486395289
7041391863
2851080625
5063280385
5615295892
8921923555
5042368459
3994258311
19032436365
11650696514
6454652540
16981807533
8066058243
6927534292
14414043425
1117478121
7983154169
11318551047
14323606529
3406378673
7338620104
4141720236
3236166312
4970692160
4059901327
623634369
10845783978
9759767444
15907750297
11062333443
16869068475
14147268798
7518702388
14284437115
6220219546
5776541968
7846928434
15275630393
4415560721
3802191318
19787057072
11397105516
7422209601
8132799951
6640039053
4594145527
5048534765
5066795881
17187411189
10230182693
5820978378
8563689609
5560557914
16330597240
6919625150
10788694225
10170127460
8140231204
16287681125
15820308017
10643816448
5483534682
8848789226
10755899236
7332381453
2857155619
4796460990
16915025241
13394865209
6742738558
7685964066
2441588029
6865676096
7242302511
2213898782
18127543351
9119647561
4899695408
6081054202
16586176935
4089002799
2870005115
8072236117
15770163036
12012133953
15543029367
2881119721
4477607285
2387185417
8535033489
2863421470
18005417693
5965452936
11715012347
3769987120
5779696407
9660839054
8818534492
15889835915
17610925283
14935987161
3671386819
17805040520
1638831497
2576400447
11849012888
11699569395
13861021982
1559602000
9087049261
13775697498
13329128978
4477239577
2955733969
4899640454
13763383635
884673952
15577815942
1945248971
13623485359
11006744337
17805994843
8636616055
6457905690
2939776624
17664468050
11431670246
8645773117
4304271255
15765519076
13773814696
6643736938
3227673361
12639105655
7378654555
18656417292
4527906688
8997842974
15074148479
15991712078
6796940586
1669451801
10986155790
15730197018
8293222496
8617736123
144887566
8747711732
8816340965
8319130549
14027677581
5147997966
7411157656
6606646563
1189137450
9605716911
2067743931
2393964284
5372895409
4716705734
6994427940
8582728354
16313766314
5386150592
18608410705
18870634174
3909682207
5652240062
1877463093
13040019763
2468889937
1781876938
17634698081
12472769322
7524149066
8473960784
9789830480
7228190967
4414656768
10583247346
8705998454
3297273681
10155150003
6786132018
15789562511
3786483955
11049898529
18064866325
3380124958
8296166674
19086847293
8462529832
4981129987
4024463314
3879021041
1697333287
17362270749
11377877573
8842812554
14334565700
6811061452
10137607496
5631376861
5118711628
1874067870
15010292303
7821061518
1462537695
9868883059
8264462400
4284827766
1151772570
16375138767
12267634492
15602741130
9608474131
18605800679
14318108363
4777616239
6544895516
7509309489
10732451379
8308993734
13338112329
5178780739
15505224124
18548848368
16544286157
3128884124
8140826031
7615057596
9201964213
7066942495
7104296664
8262058460
14653197552
10269298067
3302470697
8901399273
3354583874
642046656
10455933047
15187773633
6689031067
4272698707
45801095
8078389121
8465457373
1679840515
11661538541
8415458580
232064940
7082152445
10529181858
9390973202
15323733578
5517839893
1996317438
10009803612
3679963134
6128828109
3416838681
15970267583
9018381493
9457425347
907503847
8953771383
4235901671
3744421253
12725990777
14598146849
13925935622
6353601709
2047616907
13421228453
4594091834
2162514120
6453942617
13377283545
308098821
1968040185
418020423
8164498014
12293083981
17219962545
4203307231
2825960160
4362542303
7396624228
9862371468
13429587001
15354290106
9663169666
2617382770
11812810846
6766482706
2556972539
3745960396
3047996806
10907392664
12207111098
4448076689
4016069195
17297680414
11384009786
1747186943
5603405839
6991457142
4247721927
5358062028
10757533073
2250932935
6161048576
11037995502
848026841
6645768032
4930916485
4401023690
17586919114
4288774797
14902938820
8411311478
1871717085
10727259647
10206171404
14653197552
14221841531
4934571839
6989363183
9792132059
2125430671
9789888022
9635043324
11660503775
4264773163
13254338063
1715414209
5805652185
15025301813
2703551208
9914922200
4779582184
9360533179
2895305044
4488800572
6311071816
2924203312
5699798759
18930465788
13107313695
11345638597
7166165898
412165795
3071714942
894496000
16516939134
16744159080
7633928980
12009255981
18153540573
339997355
3350304311
2849362864
8541828286
12157115049
12009625549
2424510814
4081364733
12697459909
14893750001
9548339262
14168275926
13675044129
5797123714
11345926473
12857320094
9570533127
4913777146
6476251028
270764031
5142043301
12726781321
3517719078
12369843161
6396067649
10468644019
14154467349
5008503992
11919301901
5767824769
3817953247
1036186114
2382501664
11782335263
9736275186
2565774979
10438974758
15319465900
2669557315
7731870206
19581024008
7004066288
10582478576
15122282436
6310681944
16271991951
19355668075
13265423076
18805773961
3442802798
8064026539
6604495687
3974400003
9423886899
13051533711
4798978727
18825690273
2295325391
17831151336
9631164449
8559077994
7461402168
6564322058
10405354002
2566340308
6792925406
19360595946
8144309644
1937039865
4511181674
16336151311
3597388940
9863606615
3026188907
4547376495
8535234794
2055557406
7820556147
15968309210
14702321109
2997230321
6977906206
16756757150
8015216665
4366699745
9256537265
14019361307
13302955062
15538261739
8271573334
738674907
5565398211
4262642986
4089442354
2519992394
3115148856
12264959078
521212837
6172527052
2759335927
10158255022
14952129727
2290160964
2515598551
10259408200
15074648778
13560994806
7185264486
4054231743
13074256229
3418745315
13887330313
4990050555
6904155071
4621269505
12563273435
18512895590
5738149289
1130430666
3235407134
14550730511
4531358441
10116639114
4449169846
14542460238
11067914217
7876614006
1274745399
4261822100
13435164233
17304338666
6265393035
14142336608
5387704760
15296056723
431511366
11384206614
8957490108
5264064942
19038002358
3776281992
8015292907
8779720787
18323325755
2368755232
2554712618
17953086546
5455200124
4087804144
3723732360
9908370816
17350793349
6972293266
1461997832
7247469075
11963129655
10993690590
472508022
9940518371
7570047901
6542516607
10333988294
16792206880
13716438115
15411900568
8926227799
11183307660
17254900751
649601740
9020350542
2879717081
10572141814
9499006220
10162273311
4139632165
1205007532
11907178956
172430919
4779713743
10316844812
8856881849
2817815463
16309340561
10814998736
2536131755
2683059259
35097674
8099793898
13264437843
5268298826
2794832491
10337622059
9170961787
7285451819
6463198159
7565290466
3651792280
6835433446
2399963307
4608412577
8145346153
9657109748
6477776270
8245669105
7116388970
11758154016
14337897599
1521802621
15364155412
12743414046
2788464691
4267893994
16349317943
3032110025
15343706616
11052729016
14476385033
3475438227
6259926210
11308767537
7916921436
4268442228
11983421688
13306499164
4532089281
3081078751
4162415058
11490313645
8839119388
7386341667
7789785668
14763591110
4967008549
19467571536
6848000434
9001890446
18525456693
7816460487
8099426782
11087883361
1439424041
13008256446
13517193989
8926957919
14918430154
13073980151
424733207
5440260667
12779709216
12082996013
16365670271
10802654175
5872412826
14373563528
1246431798
11132567533
1114635309
15276120499
17139513865
12329121847
4274159452
8462681753
13375189594
4400221639
12633732701
6539876799
17657811544
117281187
4132425470
11559719703
19479935007
5143941332
7776033207
15141774123
8171970103
15696456820
9354628945
3005889320
392043777
11882699421
1454623138
10086101420
6390435658
4088030554
16324763456
15453124007
6794364935
4867467439
9471703769
5062967105
5837997563
14106727412
5732929805
7068805725
5016185580
12435459397
8948834933
4181763078
18405613393
7309277365
2798121490
5573647970
10455933047
7630324907
16750737601
14198071795
1461893749
147246043
13564234098
15634355787
6912377026
13725470391
7494313217
19483587679
10199624988
12317937790
2383484102
6663530711
8232131660
6163579640
13081701402
17190502355
9939487483
5397658095
5105365699
4354825683
12031064557
12250698809
14590659318
4462202770
11394451225
2136883031
9789006281
16675651073
8231742864
10041332451
15934302466
3706892208
11364566289
1722980594
6802373839
7652352861
16884255886
12385020236
5252006919
3799406988
8454150992
1240183901
11998745569
4240615260
237546514
5286628778
11993102158
10410227485
4329222738
18293921765
12649945343
8330709879
17821484597
2897462815
13734197446
10159066664
60095171
4014599854
2741680038
6488572119
15780752384
8509316997
10696000505
15509108025
15394616385
3291743467
3756202970
4426253775
15868165346
2751569209
12928817116
4065195321
7514320108
12948685243
16260589674
12984418167
6051817749
6490685591
9139212513
4208910661
1190192607
6106365134
5781778025
5303955978
2042569394
8201834747
8138358637
14009867806
3491505970
2286980644
12380012494
2678413792
8440333440
3017795332
3488048186
9321184304
11805985779
12642639642
5261225854
10045534389
11164357778
8722546301
2442786315
19173481688
19411066452
16221074177
5356843496
135374992
6244989141
12837003263
11517686911
9682088991
5974668579
8892082606
17039147149
2201748880
5127685775
1885717029
1506446919
7401981457
225817666
4410258439
14838718783
13735772024
14095853973
16626305052
1355227856
3233295908
18904528718
3972895241
12914329314
8564914684
6056523456
1750746776
6455618950
14040139777
14265549627
12475936027
2755883006
3620489020
7714996765
465647327
3725748178
10988221488
11149205134
13355234336
820900721
5097568966
1926737662
14939583963
14482645693
13875751292
6091315559
17154457234
3905355572
3607541537
3490089261
6365612626
12390461286
11946082058
13397054321
15154015707
15717320014
12317522879
12624089017
12425690889
3411197146
6192147235
16011557781
15105262537
11234105973
4455437719
15191979110
8806128211
16825713170
1872070068
17570659991
4305825446
12330798996
13492127065
2028078948
14034962794
14341184038
11175336379
11097571707
16172055670
10412083720
7661496944
6005775335
5919936042
5330128987
4658001572
12316742830
9421764567
8642446354
5739048701
6364439332
9784278464
2189291090
5306969357
14533624848
2755305716
724563810
9574835373
12243361172
9046599922
12235490508
8432974556
3945359176
9842901509
4186550741
3005587234
7938619941
776551460
639240674
8574316356
6620675225
11493334611
17280966270
9465671392
7243637933
14008606367
14270485692
17294155390
2515819661
10430231036
3565782214
2098481489
7989799001
14216190571
5131373403
8822728153
13755343211
8129330421
5356291456
11996509172
12000594591
12313360257
340917670
1763579311
7330771644
9339524577
2830804031
1254288282
5705785917
8726901106
8230696474
10937358512
10701905051
2217790295
4169189953
11532912013
5220388977
5287619874
3541191774
645189422
15775161091
8119017515
207787103
5122823454
1507043935
6307349746
16325171695
619364245
14198569262
2328313781
3334461361
12151686351
7402013337
8942912400
442688314
7167507622
11398787092
7811183037
15207781896
15603487251
2785826385
78628750
12193471365
13471170628
6569857081
4210860101
3894647565
2782988204
16240108171
3557542071
11854760016
2684441088
3268170587
8568687317
2254704209
3402454898
9759991050
30716969
1086212406
801250771
7649524960
10706889712
2755897830
16080154390
7975260771
17675513455
10547166087
16223070083
16137684941
6194971641
9316578876
4082546855
6510877977
12633729735
4088380001
11107616227
10763342401
15359048474
15017382839
11994190844
8583601459
3632806590
9410016311
11321283948
920142726
9067529664
13318494433
1211390781
14097726202
2197944659
19491220439
4258971393
1644802065
12720756604
5641615617
10046212399
8258385182
9658759246
11425367594
8587599643
8902894485
112276460
9574004663
1123644211
6540786413
19168584099
2496719531
8221297974
15138122052
6411663747
3851678070
11522942243
5564509833
4890214588
5988103137
9807333246
3862880718
8606278661
6151702659
8212751042
11807327551
8769289756
13734256099
10110883092
15289539379
5555523437
8169102365
4361777535
8202116348
5329993431
14459784201
12684531682
153281229
2278690709
4430967512
12524473270
15179707409
9489341518
17992185681
18404038244
13426275372
5121907699
16538402768
13111635961
10967029352
1699972579
6573632216
15872533947
10571359608
13141402554
12032480772
7633543729
2805129767
3227135295
10948765174
2758556402
12495508998
6790570441
9186919310
3457971134
10155672521
8186391483
10914090596
8540403804
610836729
6440063898
12673988045
4784211255
8411202994
10695934775
15368687650
7190074275
15006425300
7758428528
5772569789
9831500723
1657720328
4068498656
8784503996
525241240
15065293359
14694125091
7242302511
15137257383
12629347505
4632339729
17832525389
13010106432
1237606530
11611631907
12892457876
12891735363
9656310107
7333425832
11521272239
1317090968
10784163905
7917241070
15875396212
14610010865
1404125243
10195891348
9994409993
10049960069
4386971324
4890505736
1490359304
7593594204
1510721129
1304827681
9371529354
2332289131
6816282573
15612407386
18183432415
10482110776
18870460201
4654891345
17678092788
12010429574
12156922958
7532403570
4556031429
1877754643
7043449719
8858090966
3340510662
16508985684
9505093195
14137304071
9776606645
4946026971
685295128
8147186352
11534040170
569641277
6869393392
18754476057
13310914845
15344764221
952874893
6824368214
15357210453
18064552638
15909364305
83534455
783112037
2923452880
5914486606
13191789985
12895695270
619335573
2574853765
14275018286
11729690960
2463398320
7124116689
678241088
7915581329
7121824505
2886888883
7067197126
16926504273
14928230195
2448325863
3021127972
2880439317
314063669
9655778526
13809436101
10116575352
12025890894
3602723935
717299924
12239284796
5749867740
9533899880
16413488010
14847686068
2106172654
17362907360
6948396571
4435519733
10458346560
16457578510
5868268136
13386818515
14147653178
8586342822
3265811270
1301849317
5135371600
5856611322
16723990804
5806678686
9476398712
4788947801
7455984388
9400119644
15744801431
670553362
784850081
17449023430
8918536711
1458273256
9355665661
10533306846
11900339448
6043091935
14538703989
6560119997
10205170109
3776800055
9895606981
13045493227
17268477405
17375245160
424733207
12470838039
15515384184
8531337667
6382032751
8398251661
8143267714
6056286073
8643869130
11418056628
10698561995
3441730790
15326954090
4930075377
11387568303
11880108984
10120783202
11359214844
11749737702
8700440056
3663803955
14202308810
6778587403
6332401343
5636479737
8763165735
11676887957
2959883980
12936736821
1622795004
14699850894
9845074025
16351471750
3246344704
7334496404
6465031637
7871907804
12182855663
5577410215
14621684883
13444391830
9023575910
13700471658
16573191214
13095209821
1906056264
16834133568
10749833455
2713531944
10834188379
12668146215
5534891470
3885225112
16548126313
2362609213
1308300411
13404931491
8295488628
9877723694
8845094626
11332858188
1249231152
184792916
7993293441
8786280011
12985683164
12841800548
12917877681
18399384746
2816638157
12125889290
3320879068
2043408342
16618189842
2911933358
8251378530
8975110087
15436096624
6840105663
4132269748
6099246941
7411154289
15169508263
12667937506
2888524190
16621430493
6083921582
6818328738
8138803038
17043632718
8547512300
10749673889
16404127805
16869082874
5058392921
611022064
12880927274
292640254
16071749680
11150786267
15228553268
11055625662
2970208211
1333171939
15970990277
8715842260
6014743446
17707625867
15603421050
3725806932
14145788465
474075251
8652447515
12166832081
8963908714
7811648084
4276443264
8783286009
12125040230
15732349923
11594343208
16205516137
10673218674
6585829234
11134511912
8919734593
6991791749
16767602730
2167538957
15137999901
14134775143
13576900594
6147357514
7742102976
4453292783
12002146992
17162086909
7563352945
966378249
13020573754
12707355587
6828144940
4207216192
11801068612
14812004526
14362453282
10456100606
5309501516
7879157405
10811456027
8989792753
11201493735
15283933457
11235596723
14831872183
4041517807
15028228293
8070751397
8956841599
15448288696
8355130441
2137932518
4762180146
10896881834
4343173865
15980213579
9287592322
13477510582
8650375503
9913803592
1886117354
8668908454
11024542755
19981847958
8300386454
6614936363
2518752491
17998000163
7269081818
10702704772
11811546160
3398337734
9990967823
1481631834
292094302
8334573061
9054087106
19527900866
3190331355
7937881439
1692598406
6476023967
14560561082
4665690888
5643961029
14604213723
5137077976
948352318
3540701545
1627182769
2605307129
18516210580
9790157952
5656749291
11590341769
10079789609
13617493030
9156277557
12399897403
13008602570
2717778493
7411619741
2681114993
9351597016
1676797722
4969177414
3882886758
16798307115
3155802839
7245503138
14396119879
6717123227
83189621
7555617828
7788636924
6367173882
4125664297
16912106022
6729649657
2288509675
6047935481
13351235812
6325437654
5494283614
8567640756
11231925029
1443261015
650824919
13141917998
3590628791
5150164621
13916697269
7166705285
6097344296
7975965766
6253481422
14805621841
3094988685
7521086571
7099178283
18758462198
3683042674
8956018725
1492086438
2394037010
17015068174
5196839128
3195520109
3225111987
11219818317
12495508998
7696417022
6320427004
16027250301
3577131187
10203802591
499037825
2682874775
3352339941
4094794596
4884576190
17177665840
264844057
1876565683
7856059687
6205786636
15671403401
3949942889
3750324162
18265508359
15026025196
1993208683
5955157445
13524203978
11647820056
15153712559
15583943904
6687572379
12154107032
8778697116
15122420653
6442611341
14052427344
10995572606
8334385764
5773701179
4686280104
13882341071
1707996766
11710196066
12593051418
10297249644
988102312
5926966547
8629717365
11252934513
10252200412
4879483875
1817773666
14144130843
578242283
117908232
8819804132
11903419960
9458206712
9592154643
11559604763
9804041367
1447104504
4405761167
9997099484
7682119911
12884765459
14892505997
9823727971
4354895425
2075986249
9381503118
7137231255
11177025979
10923594872
2455629595
61648929
7841359160
5142247661
5109177167
9303278403
4033559629
10804898
5201496487
16257947616
9185177723
14758291658
6370001220
13653372810
14001227888
10537666348
18298585725
3510278744
5556355611
5069175523
15574772258
1363152024
12600721886
2997203558
4563456841
7430565237
3502909209
1210194122
7994695511
1276315623
17838615148
10461223175
13377983946
8168502873
375988283
7112008142
5587178820
2123819367
4272311718
9665973175
14465167876
5542049908
10462834166
9308316064
18049522959
7870435219
9567079224
8741363631
15070996139
1731404398
5139537263
3441094377
5846895477
4508727061
12301658679
3900029955
15954729519
14999797105
5605049206
2195380272
11630747324
5712433287
1147418960
10710347725
7319851228
2611760119
5997418823
3386691977
10068130839
9944869727
5642578936
14303614793
189639346
11102422811
9193891611
7910515856
2787546915
4416303717
16128062824
12627559360
9583794949
4421722692
454784733
9641518328
10109185173
7136205454
7261696365
7017338853
4566163313
6706780557
3948858986
12277265370
9552651532
11558707738
1035306484
7094247904
12551413369
1445905005
9648932671
9998016893
2719096701
2799484356
5634017361
6498057290
11758312552
17664408071
12494368335
13907657571
8119313449
7466910812
9805321811
16608280294
16521449966
3795125426
13665543776
18573374821
3446185187
18516151352
2390490958
818729136
843453600
4446802544
9982406812
8609814513
13673383821
16342623613
16424159372
8229808597
4700529198
3944516567
15436858491
1821325945
5299197462
1233942287
1909079538
5135889517
2604424110
6390139600
2066536789
3357534343
12621838114
1731666879
14484864511
844306706
8527389553
11582239014
15184038828
879996205
4787886346
12012941460
5946790067
3645464173
5298953972
1535393728
2091094884
15837255558
19611012449
1799175296
16643682320
6703121469
8144901468
12586843645
9532781911
16790339338
8900192919
366837374
15878395603
17268764437
507190852
3730996035
6588435020
14170844029
13046156429
12787194118
8687029088
3843014867
7084549466
3603818736
6071435
1333237555
5401953407
6372008470
6000569834
17575237744
12280433519
3028855423
5604847237
7742348916
4218045890
5322899980
10927513032
6679359121
13332705751
2794988331
3372670643
4132549100
11576359184
15734793303
13307473653
13179394904
8561633182
9906705530
5585900890
17657437236
5054053194
4379272329
18642016449
9502357051
6908737774
9072922963
17409256864
4246614183
8764154469
9829524869
6029764801
15147525825
5439026033
9756143735
8893558276
1942860343
12881730602
3049791448
11549430443
5568855342
278379757
12841939295
9799105008
5201556021
15934949105
5868339821
15189454465
15882287517
9844342248
6039708707
14471473402
1693389824
4292771936
12906400881
18884176461
8841046008
425036459
5440783621
12048364465
9909008218
4866338554
13077509358
5390766616
9320097084
1508578352
8915436193
4210752546
15193555659
2382826964
12165565173
4402974383
4723026380
10755306276
13020853037
5195160225
7650930535
4341517622
7099660225
699677092
8245669105
13908720909
441790529
9768662848
1523713763
1606172807
11475180989
7042994122
13602733493
4617460568
5568852391
16286548688
4407268123
4014933085
11783779166
11466460738
5776123958
14203892841
11818066144
12563006754
10368128723
9329745664
456998284
13694106910
8735305917
11150062162
13146218090
10511777530
10406530495
2418409726
4564341902
7204252714
16209487269
5050958454
8782589993
3242063631
3829667525
5430638947
14393738027
3937793205
392263844
12815611833
1731837245
7981993302
11162941543
13450826462
14033738354
850407219
12054892192
11919584268
16617930359
10581131891
5846895477
8981634639
12371073371
12834831977
13883420228
12016203960
8458163123
191816160
14486403364
12333284598
1005632418
14642492113
12534182557
9116922535
11203177676
12353561383
8566541092
18671072485
8048082922
14839524485
7680967878
5968264786
8412108690
15015102906
6139409705
15581385896
7088526822
5296421684
15981174350
5949664566
2395435659
14824414589
19564096569
4064834085
13938890676
6279492893
18447894514
15516271506
17169050920
8209772676
12230148833
13369764325
6781211239
10465842750
16746353578
9056026763
14820582936
4630783388
1033675569
8451130166
6780038871
3133946031
2016222217
9328957119
11613078260
933380411
8129838072
10027047515
9145862499
12137393276
16659641800
1049514809
6623848815
15602225143
1259375867
12457032540
15758160158
14029356127
13725829001
424733207
6788329125
9350387926
624782919
11377444636
11635981285
7151222293
14837691564
13827144819
5838235152
14979316273
11083475913
2338816191
7249077987
4388913183
4395685851
14209931672
8619087640
7935672847
14757530066
3541492000
8829763734
6010956962
8287861242
7252325673
11030693382
6781994312
14605546400
8424846988
15041403517
15696676496
17580529917
13724353396
2372060314
16420886290
857524567
15834208932
15534903948
4455686898
7157831981
6819221950
4301159182
4490270817
15914828392
219790196
9882838434
7020156519
3376665384
12008443937
1280857037
5323799374
14604425149
384531737
16591311670
14730597577
10488693021
17424969378
18610973140
16329476225
3149647076
17477462564
7667943529
11368280915
9154444150
3660031532
10932538750
3921085818
8233885672
13289173311
2138177377
9232810746
7046468129
577878420
5583643695
2882605443
16311663327
9524000932
1465394688
15820543437
12149709321
4748678233
15044625981
6863904508
9883660424
10658126573
9216446589
3090182670
3258170499
6359702415
8848658526
4706089594
3870936299
14764731595
1032675851
18140221001
9482672968
18384962073
2400103600
2030853234
8520278081
16346844732
347277204
796830117
2408328109
4571919237
15121247774
15746600104
365255013
12506927195
13631880018
9096284043
5000389093
4915611825
8356960702
9419260567
9481156571
3827140532
3370150089
3440167293
8186397362
11448288617
19121274007
10289580925
12810679106
3440750801
3442354213
5199234421
3563313456
6665466137
16894018661
4552310472
3352714767
2530101853
6392523085
3882454100
10784521929
18271761192
3790387842
14918060139
11937404011
13270404049
11362503119
13710037656
1982327088
5451084626
3291685164
9623312591
4026633828
6202064579
2963260840
16675587740
4532128662
6279263312
4262960688
4988578598
14416831977
1771286991
12428140586
9779052269
10576318150
4083558881
12550031190
6461522020
8953502945
6312884422
423214687
7760161772
5939792703
8653039110
10855255625
5233613535
9630400225
4761578320
4308243459
2549999080
15831745588
16347914740
13997998940
1804952970
5966962625
9639388487
15385267623
1407378989
6213603743
8335945420
3693019029
9400602528
5974817011
6207127408
422595110
12161254972
16324034694
13069519740
2785927466
9551610526
18959418882
9540362188
6479516886
11181043895
12686472159
6513281683
12649651678
6166806459
265330287
14884943668
3764157047
12714672828
6588013592
8523248463
2785966051
4687663410
427846172
15291463637
7466233635
1872982554
3034216910
7881768611
5683625001
13323571155
14907588940
2194047562
147730669
12431461208
11456922966
264003249
4716174604
11656415210
18205792682
9547437738
2245822343
6048071162
4743603381
5944600142
2609563103
15409794181
11914972025
1068221060
1303661285
15581605052
7320969421
5928696915
12467863080
16373085136
6093927957
7858451506
3446998123
7757304785
11404741458
15295648560
12997631334
6449522288
2995362965
8105679784
10892965579
9325885938
7711493618
13794617456
7598833249
12250822490
6045170899
16600147507
10099556762
8337563421
14794120213
10672994430
4708600820
16155284306
1824895373
2074333230
3476294153
11670396167
355663109
7298920486
10618243194
13826333486
9541318299
18795870378
4014070400
4116794152
6091030864
2237269094
9333085157
10479186672
12976806950
14597155231
17295135431
19131912563
2692785059
8903342481
8917833659
9746739612
487352459
18273029205
12336564344
9008892955
9163052883
7993869047
5559894395
6846397547
7834370512
3928570747
784250170
17055900265
7467191150
15365899395
679413149
13490552529
6305950853
2884105849
5556712006
12843848509
10289470357
8368634629
8934122759
7285963800
11782386002
8448222669
11776360754
4851093138
17104648502
6404259688
19085782149
2359618704
14406721391
13883131504
3674320703
13857732808
4208366148
1715332535
791446243
12322700881
2520860100
9696617828
7632423855
1966187722
1770363129
19314850770
3519717428
6284752229
9651762674
8937319715
1034603407
11790497912
10533935484
17315518103
3449834174
16138558807
11354065760
10684427876
11599297438
6007773451
6842858434
5731478768
8837851728
19969295981
12955108840
13090275080
11552816288
11863911225
5497336382
15323560799
918098846
7479360899
8707427914
15363777774
7997502992
11825190417
17983767489
12175811966
4840779206
18802306625
8636684195
8975713886
7270493076
3129000216
13676012998
3402082214
2923697433
16465552827
11344951266
13314651591
10018781237
6033744970
14500453059
6214701816
8390461513
5454774708
6490861747
15318436465
3389128624
2247349495
5471298378
6103982532
16454787302
5227783735
2082063573
13845001377
10419172123
15745072394
8446061560
9668012970
16837959114
7676717855
4386926169
19229622052
5297711146
14725331633
3191652900
5856291402
13201822341
8203643463
4421795093
1942813782
7317697501
9284128686
11771074455
3510267433
17888562793
5365107483
1593632489
9324614749
16565526160
16489070575
13426480637
4205155105
6389525899
9919152354
8038833986
9460401469
5016518090
9321542707
13292560332
5361220404
16361074359
14327710166
4205340875
11838656234
13448415436
17062383120
6880788658
3537724085
13715268277
10750251856
19494922947
11145802159
5259843167
16132558480
9458965455
8227981490
15633377424
12015569189
10378449391
2859821684
5214316051
6500459466
14700008485
3184049723
2106815086
11473638585
1873156246
9569873717
9848175737
8183987236
6380326409
12147575806
3887787155
3429372229
7845259796
7448210215
19527709720
8081913436
7146409142
16258701886
5644052386
9544386223
10977029121
15880767055
11386721742
14730170127
13080473387
3328956106
11015948556
2346832391
5885867048
12921951450
7438549230
5150975287
8419597596
14518987501
19248823258
7663734944
12641618656
1719275684
10757665456
6166354046
10827524103
7107998316
4276394692
7411373005
5878092827
7555094834
380054647
5531070767
5194113357
5061351149
6735990845
776981441
4207082324
12958624033
8100541205
2127607153
6078388638
5934630574
6702693349
14454547389
1664217054
6779376454
1393979579
19533352443
14737332976
11065101340
8096271956
427739268
8035803852
13756313408
3564169556
17096037941
17374205280
8739133262
11161614423
4198112710
15582280556
7419842748
9545569741
3216688038
3359993771
2861236047
2986856128
7862321538
7475187114
7498399063
742447786
11159817463
18660841556
1987578418
1689040200
13297653145
9384952909
17061366068
3651249111
4620300748
2221572710
4204086723
13297553934
15574119558
12393772795
13229035772
7989799001
896709924
10134576230
1709823447
4816492068
13797927647
1090592555
6981328346
15416671837
5343188209
3680340862
15732191712
4955330394
11027196203
12398389511
8838037631
3552155837
4223559526
6847146879
4029136135
2882596539
2048491972
2132020036
14474959903
8284967033
13054082254
11949442418
12167720717
771642030
1720942451
12575393090
15303053439
8723593515
10234189946
11455293541
683203523
814039106
2682177074
14762068851
12094927451
4027287805
3191229641
12999959124
18272189289
2206947298
11998159866
12191038672
2642035988
1595153030
9118710222
3303693633
6592533429
7979480229
1400029429
15101399932
10128580420
4662296457
9288576129
2199486821
16428738549
1492463191
2106207351
15387520753
2264083368
710707151
2314553207
1537864288
17979900748
3907065825
7173889212
6839603234
11231918756
3265867905
4087188971
17020192856
571950509
2490350022
9420339052
7988075348
6235528962
13580086526
1010297330
8983303689
10737291578
12739439445
15589239967
7136416014
4505089207
14493089617
7048352986
8373369137
6134127083
10374046805
6004034012
6440948605
15144347136
18250115903
1335062345
4162086225
16921290182
6260434211
1758867361
6108290796
3049532910
16418768617
11308791224
2573238522
16881435728
9260712365
7592258416
303575509
10829067068
4240665579
15426334891
2619212833
9255714678
13617014830
11940691975
8616059756
5716236265
16083057684
4089121992
1094757921
16903309301
2747126874
2140071171
1100545319
13027395617
10459659770
2322229607
12112175573
602600200
12851935082
3660343994
13426480637
1121452452
15038054089
11526737805
9054700205
7028841369
13562456163
8758719377
16381762652
2963101251
1384998889
2082332114
16057766270
10426198211
3924956949
2929941263
10827313918
10121917291
5358936002
3085056954
18050843745
13612021746
1822177301
292640254
18081510868
7700782651
3867104699
15970007879
12158058284
2747858319
11772096476
668428086
579068290
12562009089
7812840347
12273953002
14288227398
17857838260
14192449644
15461158051
364142762
7254784328
12721828582
12215153278
8457412104
8576192661
19228047292
6744427523
13008732191
12681946370
17745793809
14711680281
8253327459
7942291087
14323328187
3459950366
8456315662
10955197087
1643569094
1189079984
10098245708
7344683474
16544270193
15132644761
629173945
7041340962
9911041397
1431492132
14574409607
1386841588
1819581612
12017834637
8622234303
11537813945
1732243601
13870959946
12430853568
14520133768
8377378059
22597091
14586977382
10325650709
12666539614
15721307609
13474376790
18165904577
3664369252
3572430692
2869345466
8558460429
14709112431
8912503218
3674118150
16521476345
13938037735
9861072745
5866440560
7493413876
1275525395
4489174410
2373775278
2872168482
4813160678
3058771587
9284984785
14570757427
12790402048
9310775658
7283507605
6086223662
9944869727
5367465078
10683733041
10403144502
3385830656
5471298378
12379416240
5902823139
16226455881
2835265881
7053932021
9266242443
5608877807
5823797234
279280806
16060037780
6593826113
16058385456
13621726297
2757873911
13645717470
14585341293
9652342940
6488466898
205189648
8206066730
10796533456
10976138934
7779893523
741340969
15506397661
10192832625
3937136864
13983032203
1407378989
7636862422
14178076052
8281095858
8134507884
13130506534
8980359009
4197096904
8733378832
15370607974
13166286488
9779064610
7400251287
16443446371
10533386624
3189119833
14256990036
4656724974
1273448187
3416509146
2327179455
3608768654
1404423782
5714178514
9367056018
16406905111
13393095280
15976851748
6295650025
11275251684
2630971313
10789613447
9206832360
3436486800
7086491689
10621865472
4381854389
9388128732
7401132446
1204445430
7729163949
11893303537
3184686672
1664386077
9588395033
59789827
14107768219
2592143334
17790813152
15688102685
6280582953
265192941
4100467282
11213655473
16819184181
5431484106
9266467885
9694255037
15395076671
10140884481
9712875475
15678971256
11378506655
13164531932
11254020266
13246674921
6545519613
18374844000
5113132701
1789055914
6412044958
5952285496
15667320976
5504463062
7521351981
7806980224
12167433806
9052628019
3674117714
5108888695
9784603909
6003986424
149468335
4994234272
10344560502
11763698093
14397787190
4289358955
10917156763
6787183082
13281256754
1535261743
5485358496
13523987562
8831002780
3436773680
4611668083
17964199248
8709085042
1187084209
5775063128
3577321265
13683276184
530652763
7815574310
7238909786
18851726847
1292769440
17722096852
7533067264
11421047366
3696379907
13028447803
12077190788
7698918941
660836395
1419440413
15800872001
1027693858
10339666127
8871755911
1708063524
11448153910
4277156608
7757282576
2768855884
12785406683
2981149512
3541191774
3100818185
5730915810
3440020167
10520046571
3029955099
9664495534
2278518120
2564337231
15177185822
8915145292
18382679668
14360965055
2541716176
7187303283
5707236076
5217035411
11614281894
17942508918
16007609949
7293867385
622805565
1608063071
9275289810
502416868
15114601737
773205437
3607696444
8783286009
9147220517
14687541191
9596186380
17442525094
5403643720
13049182543
14065814722
8054273215
15140954688
9115933783
19033874068
53090346
12357706072
4602634007
6324676370
5932453421
7156779950
9960392832
9687304913
16925995002
12968526940
1492779019
4206466535
10672091649
11770621560
2983423783
16114446859
310783223
3033711515
8093704017
4646153832
7689732660
12466064357
4038596893
5582156798
4566612414
12715035569
3520235149
2939275804
3253929982
8366313911
12828814138
9132285767
8244211578
6875342520
10242707038
13433281081
5545141412
8638046514
3923090588
12521588316
16979050068
4477635689
5714268265
2492576845
5871975051
206255656
2196745228
4418838514
4101915610
4588997309
9469254136
2160642045
10954813826
16604880444
6114343298
16071973922
13487048057
16112987339
7589404418
4686179017
6980858261
1988788799
15542869780
5957466508
9000444256
4916524986
18184854600
16984057653
8186391483
8757373407
17569395755
13655248938
5015333348
14258127383
6650980575
18397846176
2174547523
16347432889
2631570271
3870731601
9251938313
7205094165
5762671074
6514954104
3159284632
6549543727
629030469
16422099849
16055788935
2619415676
4658788251
1453797250
14635804109
3732139792
5180531815
3149148829
11843641552
9947884245
11331467755
4207504710
10881967686
8261614307
10039205992
1246216799
2698268338
8146755171
10907206512
7170196377
2500985913
5603789829
1386806795
1162110773
6160479917
15344724648
14735339689
1363613583
7690594812
15137133306
9336471865
16774810932
9123420815
16675632377
1677431378
5025311761
12605548781
14067142764
13005374457
16562246186
8559982455
16188866685
5296444732
3117540090
9716983171
15452340356
15020932041
3112195965
3518267455
2962406579
8052949591
5684312154
5059853727
14964422979
8386766780
5673674377
8143368521
1017741614
6438255621
1944642973
3608911656
15402852945
14800526687
4413695255
4206470342
16372360688
4758382234
8375641536
8389072143
1457769302
17820424908
16569426028
9767807849
1519123418
1289909242
17608151951
14465916573
15523194811
14280888345
9087901401
7382993361
2173361106
17700051813
2933241287
8934013845
13155094978
2521081525
3726496441
15993983127
14187564104
3985291472
3545322048
13880703269
15587687764
6093336737
2211189052
13753472854
11553808322
4085831135
11953784842
4169189953
10936685485
14760103936
14641984164
10175640552
7932397538
14900923271
1795609509
340400483
4200687429
14596757905
18614613055
12352108564
5848346570
1694375963
1452897062
5844212553
413041099
15911072569
5921289383
4772605785
871017498
5048497059
18879773693
14712199696
4277647356
10204962722
13559469592
1246064195
13470311489
15602990021
13600492651
5158208316
8744052092
16432955883
291208281
11462609761
8519006328
5060620711
15487743826
26153596
468200674
2697630428
10193885113
9839954531
7625213588
13986677939
1408376747
8178483851
10890999953
2638690121
783112037
7995264816
1127650026
7617371095
14768262184
11630479377
14637681619
3064268842
10652431097
15995149889
1057500292
2959228273
13614121886
13254434945
17417807345
2321577743
9020743339
2206555031
13490381988
18230711830
2495714940
86127750
13678722153
10575735073
8648611564
3376419566
7316983539
12321751520
2111953510
1118113862
10951994129
13143821637
8110872426
13212989556
953067477
1379765263
18347602975
9008387417
4955765193
12254931895
8106689174
7616330994
12280117831
13035340901
12280558142
4064350046
4555430329
17334296752
3615112240
3440195178
6779305580
10320577075
6835418224
8866583009
6649650710
16792813432
10393839775
3158035406
6322630946
5530927069
4094313301
12647282471
2529472202
8119958766
5979671194
9201812273
12138175213
13864679858
15677425978
2250222227
13222191624
10707217682
8598514776
13171058712
16293331810
4101933099
13074428533
1510776698
6575742368
4297489846
12559161855
14031364266
8700766142
1458774060
8765792607
9145462283
13637568440
1731666879
16925772761
9285802889
17352256163
4201577866
9729788296
16757755642
13013986689
8048582310
19265663368
9567882597
4144497534
2977835717
4070319585
12526895554
7118747963
4200687429
7157331379
16345209061
5344345636
13045493227
369739124
385999205
9253403602
16402289903
1708369877
18436767517
1658500639
3034652551
5308642767
16839036595
218351528
3662180172
5905518889
18271001919
7392647272
15167680597
5575295019
14911725085
2012909206
4169533901
3680339542
14398470787
8143221022
10072546719
9425261234
16508478967
14214439590
4505799770
15043589829
1030254587
2777129857
9992202741
16215647650
3455989480
10229141181
18182550136
6998754667
2864605580
11829837245
6266778383
382287658
5861279708
2801789093
4830085530
9994409993
10124412846
338775171
4262000367
579688055
2017059225
6213105112
3315750238
10925703029
2957733581
4814578483
5360155789
7411700560
6670076766
8077689813
16712211567
13879055312
5032919404
12666898648
4621603414
8370939725
1130638836
14444306331
1835311328
11094142795
10959480018
8169644592
6466820440
10970683620
14251396665
4472403431
16895487879
4282093065
5100789298
17311293948
1505576772
13627319820
5146930410
13215820618
12839472644
25379322
2250830021
10690137276
18739904756
7664894744
10608251761
16877451336
558152999
11233895589
3436877332
11518230557
13483741336
18613162139
1917782562
5055873006
19192700501
4126244269
8834223704
14223951776
8956945678
13426275372
8046560056
10386506865
19177240660
9181384126
4556579734
5768932999
1943636724
11750064491
4583733473
5444263573
14405169021
11483642894
17377863971
1148345003
12294863782
8307768550
6272616155
11102993811
18966332783
4615112506
2050919207
5108814819
12445299557
4360312862
10883243400
11194025421
1654895916
7377278810
17782166387
17647457641
5939051116
5929572541
8827211247
13483506970
8378682497
5881104822
615809975
10431767713
5015076643
3047839716
2067252525
16348965373
15510892135
11341867705
1717527766
11093859866
18317334954
15689710260
137381939
11792881442
5205960656
2254420673
14265725394
1730443559
15223693537
11376993016
9541937088
9247759117
11930559151
13830802314
14407262972
15903437288
7226158408
10874650119
7593675347
11378247644
232132214
14957875390
1529185442
15988488113
10228062932
15067354111
332622698
5269787018
15979657461
7564104612
17528150658
9916566729
702909351
9553839315
476750445
8854578456
33542944
6031541513
5445586706
113076094
15286714913
2217299990
16464853661
3642717424
6225596594
4647536447
14148041417
2033478415
18120598944
183016071
4230542942
17693539692
7173990452
4824765464
353030616
2152736782
11091573227
3887247302
12381685948
16435274232
14264040407
555156508
14753914571
19337836309
12280098640
18037252340
3089332572
4701209089
947737376
4239721462
17864544269
2681110070
346332465
1522794787
9286938896
9057656829
13475481783
9332898095
17877951208
4565113260
6164595471
69400742
9822153034
6669120404
4532558303
9346238985
9264025537
16962175617
4259439774
19011076685
12008417339
7328885253
12070597409
4411265364
3860283136
8510182966
16506997018
10526495146
16781379842
9641792940
12027944915
14450149642
14266526951
15959702818
16025657074
15624227308
9841831410
6217271920
1819301974
46684127
18508449145
3950831248
8747919042
2484004517
9759134379
15440793661
12280018572
10529246526
16496869326
19415659366
6908510594
9481918442
1893120976
115920271
3630138836
7187763116
16639047822
3539013200
7165493340
13837914373
6640865600
514651519
13791224716
14780882467
5139493318
9789789511
1652623891
2173892191
5830836501
9196970744
4385168937
3682970535
7808335581
13917001818
12655610612
3820594343
7368328984
8760249604
18026122247
18032452483
11117203703
2237090729
15771198719
15523222045
7865102305
885996975
10399701029
3572312121
8457792138
12538568372
14735799244
17209166798
18006457197
6757635961
4988822783
2043142233
14207146256
265786382
2513539872
11262729477
1879091710
18731567565
5319383996
17301475885
7262593618
1026319402
11559766158
10946988259
5986214452
3546790678
8309744070
14401920533
11173916408
6926554256
4360335333
5122785208
2292217412
11614171088
11193677899
9623768691
10234434595
12494928007
16253278596
5278199967
6663976716
7287959873
7013708059
9011440674
8767443610
1264722991
17580014778
8068113611
7811108885
1449883886
2185296528
2980832530
17122923949
4088218826
5786803284
1792865323
1535124301
4105490991
8558506510
4237207164
19755732351
11610215972
17726708135
1133426936
5920210359
15085998890
12913150948
16590352030
7913587460
16133560150
1905830914
12934409188
9954842399
5840055200
10506577221
3021601219
10683218690
2107031632
2316751080
12740556947
5262978814
4489689872
6517299414
16578234107
17494845379
9279101340
685708461
9951801131
1164745052
10428590876
10701093378
674105768
8902918800
4491118564
10611278421
439784099
2788143500
525174846
4336483657
2777428332
13802347634
6328467019
3750534040
3868380613
942069023
7729634477
3972562232
13424033544
1846856254
5041323683
1571385987
1257607318
15932064577
14335624005
14388213667
2469042802
8400250150
996884375
8877696482
9513974882
7214773902
4689036844
17404323328
4969979085
9696383828
11749520500
4110269525
4530858182
4744469279
6780563028
19430896149
10110299512
14257120914
5131292086
8726235517
7380064977
10816685067
1034447219
3788362715
1442092794
10559435124
12908528014
15515991055
16637396795
982196726
1348239817
8771148762
7216548375
9289042899
9023548474
16788189059
5560725837
3196828932
15050492709
6906840516
11610059584
8533285340
18343933004
20007330042
6220213916
12722662727
16492593325
11079030874
8939190286
6085897528
13842312425
7396040425
3756104401
4261393629
7454069317
14216911161
8138934294
8957108707
2656890683
11558780398
2694260516
19080536808
14548476701
17135084013
14351350952
1700474371
4210140845
1599958273
8800818988
4805589709
2525886438
7244333508
15706090654
9872560358
1694251245
11712464431
460202846
9679309520
13553334870
3565043909
1175978046
7959363207
5588306598
2297663822
8014124499
16506856993
12145670722
3166596394
10701093378
3439399539
6667716925
12222770268
14615473586
11811656996
4310860599
5228457800
6046015185
2393051291
15673635594
6584494910
4086022640
9040101973
11007794959
16036392863
5867260106
16223047988
11432345162
12302433005
3292125489
6890894890
11705130022
1651412524
7989990594
14169297853
301279796
650223069
11627113205
5115252664
10488789681
6323215453
2250970960
9730176619
1415173916
4616598228
12161199171
11785152680
18996946672
2655460685
18962512939
3049856521
11630090295
14326909891
7553893620
13213420776
5345746968
9929565428
12003211034
917472672
2988356674
1488780726
5825633810
1004031465
7349295044
19503130668
9348736077
11461965191
12983170641
8091679204
8432828130
19417218692
5743815422
5782505814
89211739
14335971345
9672419049
4559172935
12239531961
3898085076
16429146506
828315604
14423373275
18560156593
5134658780
12352437664
8485052371
815996509
7617198324
5245481571
9913106387
17208411411
174258532
5268755778
14149604186
9972064011
15142063836
14130466886
5790287591
5902545885
8106997182
1376865826
10989138389
12766764829
4333462328
2949678046
11791146563
8379829455
15706039472
13070614181
9298168448
11184243795
14385740961
7582267092
16014186419
10922706194
14437935618
15489862110
14727748553
7815203016
14007892227
8899060163
12774039104
15621027157
12519301268
18553176140
1410708765
16978290282
14130156033
5862957831
17910892630
5573852744
8793658486
6212558074
5722507561
11691977686
13005735618
9087686695
13073081007
1872432266
7162560419
6829065894
5863134642
2513293270
7215312474
7206348217
10115824769
14413051028
6833379167
680605929
6646360878
5573845180
13237759040
6765014546
6657225737
12512832110
8459839177
17890308920
6205327993
6058670575
9849183673
9214787007
8105734293
9027804005
3446924387
6398625486
228628723
4775755283
10221783740
5005996372
1509898273
18052352969
7400347689
15968143401
6062236104
17386099063
6231855713
12614691100
13569055186
12490368391
13812344173
14834391809
10464877619
4586243090
10124782677
1672558554
3426997656
4418755189
10178497468
6176927324
2589258210
2095921664
3170488262
8067088843
3890453096
511983859
5067304519
82749626
14188092976
7920585686
12692031100
4673712828
9466641315
4219153868
13028067210
17355302454
1260692166
16015557139
3226257743
10462594035
1329876478
3564752006
1489318566
6139683353
8552168416
18741449802
4112915721
8430699816
2195262957
5945200063
4297281888
10936334990
2576215327
10217906142
8048203362
7742102976
8021650588
7787043717
11946930431
12231411809
784875288
15985212394
4420283813
10242538337
1880811426
9441617671
3021912713
16751342439
12443785878
6085324846
1756563908
5399579072
3840735155
2403340515
5843465414
18117213252
14902190463
6407388027
15446548145
15705739645
3305925484
3894248262
13615877486
2713238071
1059064222
3753942726
17582787728
12549263390
17010295402
16862552793
3290541801
11152362810
8309814503
19339565349
15512153867
5225384614
8042830830
2902072602
17233026105
5527093906
7028282116
11776093027
14498023886
14076465109
5111977056
9935031644
19260902092
12001146519
18005333355
13182126828
11395953429
4147723481
11268156916
2166258617
13831067676
7245943361
12657338287
9174540337
6004679857
13074771677
11088577046
9547187948
19273879455
9464390324
11036419696
12684365394
2680256990
826993693
8048698553
5487093150
15919410602
12676496716
9697473382
14062378641
16464748987
17451939427
9438305927
4125690394
12807066566
4559932414
6692899984
13060051883
2170966225
6279263312
14077868477
9827694290
16238729269
13245904997
8264058862
7669977087
16452963110
15087367073
15484428674
495018256
7346274856
2699585246
5385796587
3670008263
13304761851
14127115829
14456046251
16115982716
7589967886
15511542517
12709548363
8480462380
14383133199
7902343255
5639909326
8015285981
15964153362
5306492779
2174316601
17160925971
16524636918
11066419260
11618636018
4965346939
12593724803
13121428573
3389778402
9060584778
2052862289
8085702098
17155175992
5428456556
1195116373
4697628666
18004866018
5871662169
3303137520
2286592676
6439938303
14556063491
16372360688
1215191928
12396873964
4415628821
12774332138
8779155687
5953141252
8776820976
8648760867
13258234376
14907811721
625958095
7049482567
5677250370
8019003917
2611458516
2622656782
5665113672
7868708223
5915827530
7996397297
12348095441
5727246310
17709255566
838786426
7486998852
3564447381
9950721113
1003569807
6705683306
11829884315
15451671730
11078137436
2256423954
6085203288
9973585670
16645022542
12298285906
16659683577
13472833939
8565887202
5317123905
9089267807
15603353395
11131528024
4460553568
4352315696
3867236563
6362721280
442520405
915691133
10612198162
5481575133
12838238877
13692138983
4492967578
1120269986
11142495262
17359046107
10439935711
6653569750
9544066343
6214299736
759833257
2938147834
11612142106
10509959682
5911720074
4613506172
7162884574
7785115176
310866586
2683998623
3866693643
15553254990
3140438845
14457401464
4367496743
14526666074
10193277742
10544596058
3290332796
789652067
11416691109
731686719
6791803454
6236758656
14198812150
7382722758
11227639311
13055864499
8109784458
3537044754
8411544811
5346059736
4508754907
3562397473
1031652309
8800818988
6342220912
6880234891
5655034025
9095543276
7627768841
15751334375
5313870373
14523834371
6978347576
8221554289
8956122097
11725948609
14183159359
4949529924
11464044309
11426641348
5556011301
6863030546
11313260481
11357538549
14102080951
4200932442
14649849139
14660392717
12342532282
13704752841
12492185489
16168935054
4044371716
7323898471
8505815879
10257862852
4818527588
13818034770
7633247842
9572010719
6813228830
5561878600
198385965
9257082054
7706782305
1657561316
5676203489
16181874937
5039759426
13260199480
15928401205
2016375998
1320752043
7393395991
11757330898
9329346537
7603963961
9059039843
2799344902
11807565027
4680369155
9632960419
15538603627
6828112176
11440310428
8977628099
13560043017
10849328023
5982645808
969186513
7629093229
11627073466
6048589691
6147837999
16222346982
15081577057
14866950621
2891675890
9749524538
6267095554
6242507203
5573783362
10570541899
11615503122
7733060519
18144544675
14843587358
13044267400
12027591282
14702767086
8508723640
9948176933
4280315367
14794481620
12162365893
15216465609
10725777106
480912168
4513658803
18481966018
6311612727
14328532290
5878705639
12217919889
7117724152
6042235233
3205848606
13828786356
4659311076
8713871686
1788183287
5867509635
9360614552
2713238071
3450795926
8982658966
16443952434
13580140911
1269003130
11610843449
11307588111
1147384898
13288578207
1389237559
15399419556
1971164594
8907965617
7821576432
13165877971
4913438945
3631435109
14255909762
8824807895
10612279218
12249162427
3131535251
14620752898
11165149361
16649398297
6003426469
14147953163
8296938920
6798551566
13073820753
1560194962
1947612947
11979320296
16346841396
12142180037
16251109482
13999902690
7119880502
15658304973
5551130291
6170286094
1360668053
12690428397
14193403575
18798894370
2220476280
4384923647
7219197987
4448785264
1530988452
11322652489
9679780776
12862360772
1861986805
2472385788
9122008314
1554839880
10948380480
4520483302
14672275985
1262393942
12010329050
8646766993
6639333417
14445870025
3709541002
10868449993
15829386103
13252683759
9749978654
6938982638
8361203164
2556972539
2272418584
2446767245
7560551022
1519849898
10871713846
7847123244
7395456370
16672986635
9975269845
15045877672
1086605315
9843042421
16679221878
11991223015
14976140450
781236373
6126766536
11661970995
2382826964
15794589291
13577090127
2704292853
4258919701
17671010560
2496108979
17679506197
9439888412
16439791078
16059341027
7093625623
3111107377
10882636968
13849581590
5605754095
18436227362
4326536295
8869162419
722782015
2576449826
11607524313
7433796040
5555271055
74813425
147341883
17845115608
18692248172
7057547007
11943071609
1716833345
10915937723
7386450296
4617702244
13529859996
10418751175
12189892900
7761810960
1069291134
10456153675
5105834941
8192979898
1707253781
6261554281
7678212166
8892945664
8673160345
17839882505
18139883374
2042492921
2392387356
1740413946
12279114466
9980836288
7554824159
4063842103
12745355272
11145825534
17761519696
16133119485
1484826857
4253020997
2083946065
12026779578
7724724488
7966937577
12740556947
6012919464
10845525518
12850567100
7535305112
15318669516
11903241908
2752374016
14902663270
3877249672
9766118351
18103638056
5139159734
4089756721
18228799041
901884435
1601208725
14195175591
9307445262
14321129927
7755917174
6593569748
9641299851
10088267424
14584696576
3015940353
16266774915
3263363808
16664746454
1580462143
6117107379
4660569598
11990433580
7264303360
1523027478
7604508828
15743524844
14012229519
5151474392
10332508966
12920130833
2443299249
6346063184
10632063320
8410263242
7280998381
13190325751
6523833978
3913706225
8208152314
5810452302
13800412039
12242817842
8044661857
10891420601
6307982603
13325209056
16008890640
18202368054
991748671
8180144693
8117407818
12735389342
11830098481
10797794421
18405522464
10988480852
1302107120
11788809304
4033378008
8340575464
15466404897
16620971064
6605783125
15467587539
6061422366
6080602898
7549518280
7764435862
7659335214
5088861126
11432545232
7635210335
5647612468
7917960119
7356289531
13297830438
19287618949
6645232743
5864099702
128821770
11665788692
8891465783
12499647344
1917373611
2414505096
19673392510
2770726457
5042006775
9137033310
12586160302
2173348637
6003629490
13004610953
17365792553
2842414753
2113360707
13286957777
17261120441
2333903804
12120003361
8777877801
2448528218
3716530799
16240026984
10636767185
2933342308
4343177080
2078637026
719909591
6359378099
15581011073
10757499002
2082259488
11559474598
1151837768
5170432381
15318872656
6450778444
3613648283
6905544448
13308004484
16168927602
886834633
13376730653
10527540667
14275520725
3340411202
13636468048
15937956295
971987703
3550771093
1575067320
8353224016
13895889181
6003841989
3617417284
7548999942
5116334800
7932168852
6159616516
13080823624
14554418460
8522291920
4302496148
3567047528
11432035182
12465998266
16307421334
6717774681
1083807674
1748227002
9840049439
7793818289
16205823680
8613329926
5391010506
9173985644
6982664169
11200405446
2873219749
17033272621
10675500756
11188091172
2651093993
3011534182
10882237594
1943647582
3956847051
18439611177
11376335487
14929421609
1978127925
3456599328
12103612284
12087896341
13096108629
287206377
5056879380
19296294187
1978147031
7835056679
10107710105
15252143183
16959172038
8139648867
13119369177
4891398086
270448542
7747748287
5565267003
11491746849
8428578838
15798556032
13231966608
506908035
2565299552
16694043306
10943937225
7729167193
8847994210
14534902127
14382653193
16516196463
7098849835
14133869936
11297807570
15525548352
1649285889
9318038772
4110724383
11178769021
8196411257
4420181679
8724837169
10329536546
10654212359
1286933211
7203685641
2698800369
18068830545
3242021180
439140935
8968513014
9434410011
1854371798
13246642611
5903234781
9015075685
7287216024
9532221957
10673725590
5077917126
19224488646
9597313401
10327666355
7793736673
15426969314
7411854943
8321431679
17012993956
9213630609
5293490593
8341008117
9301289335
8288783790
12760165358
14333189346
4114219948
19879035110
12755181955
9113436520
6547226527
2382589321
10931093197
174311663
13497787435
1634466206
7465472899
3866713774
5717563108
2750118273
9106329218
9332838731
12453419122
9195348354
3005650921
346955695
11040170816
9831359429
5212515243
6085719981
1829427871
3519967744
8440019496
4286724812
1168543043
8690770509
7048687154
4983786718
2917253775
10204986357
12253720320
10709022518
2081571357
4146936209
16016343820
911185633
6487137124
6394651505
8159747731
7008556763
3059280358
4131175368
8709340808
2992685344
1717391331
18776667667
16328515575
6952237294
3174625529
15121914966
7344752963
6202903081
18835031246
16862408865
12994851505
15219542465
2350113673
15583216986
7075408525
6346689351
15526283658
17151880998
10338145022
5332592280
5013622922
2548019291
14235402129
4402058452
14547003568
9957217847
2301449204
13858865661
6185640901
8473390033
9498547236
10923355480
12640811467
4565525702
6787918553
8127174799
3714881563
4796931038
3542662419
14879243560
8709142569
15580569177
10598112354
3337926301
9527257479
4997078730
5606967302
11994097730
12708983922
11563390034
8974559168
8727153184
2038013423
1500153967
3867182517
3151613057
9187939737
477064082
17002429529
2440585807
10803051810
1031183716
3106062975
2625247951
4133932258
9527082811
8306507906
3972246814
13490264901
12066680243
9120982295
13707663526
14316868926
14756717106
11816120097
10748335523
17594482223
11114487693
11770652667
18842033284
6299404800
8206066730
13813295469
7038195323
13599543327
2249707577
15164999101
12876230428
4853000088
5799413030
1205633559
6813959659
9137285808
4991413898
10825499743
649863470
17452922888
18115495550
5562578960
532625195
10913907793
5493617308
8807753921
11010987564
12820366804
12626561398
13722516337
9113324035
3597294751
12089335096
3468951212
58623727
4763589233
8816344118
5346033664
12197203872
77955683
13596926250
1605554663
8686743850
2132258746
4435923681
12279208319
5426557804
293964345
7445785376
13752497281
13900257384
2017591387
18048068503
2848449018
12021483934
3913547232
13182864843
12669291375
8004732802
5765849951
2094002582
3349130062
3026188907
1040558528
717315651
13896601321
10062528192
8309285064
7339286217
6926333602
5184724197
13062239770
1862085073
4742511366
2642820126
8162815329
11079403040
3761739982
6785350149
7589591665
8132159505
14914533661
17371631603
7326940065
14272444270
9425636381
2441914264
724163918
17271329944
11914068125
8587189220
2814132394
9735937665
6288859172
9096454969
6729800166
5612613790
3103126489
13048168398
14679851668
9027675834
10369418110
1128580701
3788458173
17037091884
5504569778
7276823017
15791161997
411721838
11300704721
5050958454
6651369104
15031392437
12308924589
5837172128
15759416422
1839247358
13075470134
2654694420
12998438640
18106524849
6402489070
12528344211
3862623409
14945090692
13608529520
362216076
13428745472
3270527124
7870138975
14744712181
4609928834
8913336603
9480266001
5357438788
16125074741
6839660185
16576458662
7994553870
14581678234
10559848194
18336492647
10831861130
51804347
3938116969
12351824199
982374617
4897685788
11911070766
2228238497
9414914691
5005381888
7683099665
8590629895
8840322221
13096637777
14501261615
19621306259
7811658126
2362433395
5792260267
7592683395
4176060258
7412006089
1258958257
5711146380
12462001780
2000855733
10296999672
15494932142
4985515528
10441731505
18002105189
13486637453
10659219614
18036620136
9116801618
15856249478
10664533348
14864405080
4257613749
1409620407
14323303712
5248788973
16217275994
13481251275
3894951062
4260796550
6135095417
19128795796
7394889048
9608267264
3730670062
9071330712
14338901048
271885023
1916697726
3018216702
8775322505
5920012002
15691741268
1277517031
5397577650
6846178099
4890531057
395598703
1455779590
11765227945
2725020414
4423175824
10487231063
11143966916
13833744860
254417686
9877233358
6719439768
12329700837
4198850406
12971185183
10754985681
18127600593
15074182210
938430522
17427712572
2587597661
4870267948
2329341659
7371285228
13437936793
6274441090
19657932138
12466738531
12029299036
9787509630
16995124047
8658864558
16113022539
16840935544
16431003070
13914251140
987774079
8130575288
12593582424
7849207864
4668560447
12152371589
3720802911
7443251290
6513081211
1068987216
9989673809
13447129461
13393184069
1197592992
8361634639
4724305750
16941934649
14394611783
4074043393
3125878180
19353346160
16984525754
11537547823
9520601335
17220030822
10908972651
13406161592
11992145766
4383454065
12316633449
18936196497
15307984585
9532308259
10702563737
14028694410
5361939458
7371171137
15922577094
5190055306
6731729719
3541455186
12502481819
2033478415
3586176012
4338835939
17001931117
583800601
8048929096
14079194808
6857965904
2810231450
3947855457
11715062207
9537146432
4187989583
8911061120
11436107034
3630807045
5609408640
6455220286
16291834185
8874369585
10709038900
4363319906
8787653116
18117397345
3648398009
1881283210
13342223337
17961369568
11089659155
13737415353
4697855642
5429320573
6778178235
10093664080
7805086448
459269999
2320334243
2584166653
14344620876
2173116137
3951577542
7162810942
18108632233
7787021552
14034316991
584539779
5370764079
7942291087
6743476216
13873839102
12098143836
6165589909
15437038414
12844204110
1498924599
12145670722
8955595689
10506612636
6464749396
2107842015
17048364735
9635903914
8778762910
7264422715
1274043164
4383001658
17139844738
8310384211
13966880312
298992017
16559339482
1874088331
2572435140
3866403767
1460074816
13405787891
6806886482
3455317703
12771775162
17408431511
2769829429
15255120157
10057089148
456188195
15883435921
6224475371
362329050
16442112764
14525214248
4487423873
13784792171
2059825676
3720548653
6624290931
8977931182
8050718574
12037794799
7416285001
15317785875
2730546122
441063207
12150745126
13429152451
4816765330
2845563830
12271594770
3574088823
14529087614
1404697496
3163360089
13097846913
5667039880
16584552302
4099504590
7574567659
5146707318
11679731431
3331542401
6393658614
2849224097
17547418049
1118418228
7224703532
18697451360
16014226851
17197884233
9842939075
4715093273
14426309447
6220328793
4017629422
7842720184
13244860532
10560309841
11983546559
8071272523
14353921089
17062690959
12039260100
11776609497
12475572883
6888027193
7054383531
15533527732
8051416980
8022413744
14904494864
14494537323
15326242238
2585652011
454181368
3087760325
5105767440
8054273215
17348705598
9252244371
7410244405
4054659925
14446780279
8969403587
10391634213
1104343246
13607310489
504980589
172649056
13960579225
7347620743
607182226
8911797198
5552732425
15116963420
14871683142
6636279295
16527991247
7836079931
6208832492
2347181398
453788148
11334506685
2798350929
5122504931
2903376924
18219076048
10654477896
18027172334
7950292085
18032385745
10626502401
8250725168
11554715829
18458998602
2286333542
14614263001
17319399841
2247916747
4686196030
12627284017
18332332017
9341209736
14254289652
4200046835
9654418290
11291544343
17067988595
9051420573
17877452420
1827439198
6649174428
2645524247
8633948878
8756956634
12482976796
2388277536
9369529575
8139043466
11103075699
18336867420
7573133081
7108428519
6526397801
9546989564
14464866424
8662011674
9811297727
3064182053
1147649687
8748601118
12854536501
10477540855
17770283377
12112491493
10072284622
710034892
8531340377
3717544659
6447927915
5459114468
11456358679
11170301057
13829778895
5696312312
2132817258
1197602564
4456503861
3877790766
5024180253
8407127086
16986258740
5321849316
9026974457
9198884653
6752523240
14086754004
5296444732
15025892719
15621358630
5509833044
11186002205
11457305508
12027323381
14952701443
14365479454
708779910
12810820562
8055004329
13842586973
14931933623
6926182249
12677806506
4177365971
14182595171
7630351921
7315420798
3679601895
12586845789
4527351514
5804985089
6856075506
1531356009
4888572512
6886481180
19528517326
16990783429
12256884918
6447508342
13472364807
6270675769
5646832742
17424022509
13236989307
7400347689
2768855884
10220109457
14228108421
12245969098
11563205681
15944380992
745521281
1239192782
7847123244
18939739061
10761378148
1419833256
15082302755
423199354
7465193836
3281099242
6176139872
340797882
15179198384
3577161420
5814929822
4029136135
11120643759
9829366854
1388898117
14283206978
3609368780
363302340
922813816
17674881052
492102240
2541146799
12315197119
15411369297
5251314293
18012718036
8102794629
16750642387
13013585600
15410042887
6197138010
2424541221
9882629859
4989050566
2154699378
16403228153
13755252373
10729458448
4046298322
8453864895
5676529101
15721766949
2166891014
3412173764
9767527159
5994719075
8210361530
2302915406
7974303321
14458453310
17359073842
8143782622
1895163155
15528186669
1542102174
83861136
6058566499
12063003226
18364538980
1468671215
10066911359
11235793079
2289341338
4739894857
9842345600
10502079476
12057920361
5620905814
8245722849
17831931263
12075484275
4621603414
3445599235
15760457567
3787919105
7316525619
7318144285
1968492122
17220401389
7649752577
3376989641
19107367299
10922609012
5984988569
1327475950
18114923199
16508042292
11270433439
795954494
5392200621
7161882572
7575006362
497388243
14367797772
13765838094
16921271011
12327849607
-188938
15739582693
1721810933
3140796166
10970765471
9032230782
6320427004
3543766512
6265719525
304324363
9039571622
13415416082
5363933541
19007690929
5098796876
12392071903
8573837326
9630463043
6948063350
14680617334
2831829890
4453876555
8184433337
12935248745
14719797156
3839694050
4378218464
3828806080
1691402106
5484698807
12408574402
11135664649
3064471019
13945829379
16698819728
2884726315
15415327305
6419740536
12059551282
8139329785
13396749927
12993526774
17236977709
17450995277
9559421458
5038851430
9651673604
15038858608
3564914921
377933881
3406265871
12110701384
11351997533
9369185943
117960395
5588295581
5206402468
4899731464
14644940403
12088736952
16998262736
14867845885
2843884556
13699526794
8454585547
10625460642
11527608272
302407538
8087822332
11466805113
5839049542
8906664616
1274043164
4085831135
16203769811
12919139313
5344452277
17802811170
4633005427
2028248874
10492136228
17202687902
1454623138
13292523047
9733985244
5265223660
2169984923
13572042682
529177633
1200216881
2998126060
1355300499
11374511823
2124696652
9531453521
2273046157
2819414435
10702563737
13030293771
1102397102
16782964134
11825609510
5926626592
17289797129
4501279752
14075502561
643470617
1908343312
9097917687
5347202467
375161483
2831687903
6155625356
18066607579
6544591765
6931576167
10686219225
3542310549
6757133724
11630747324
917754495
11613362030
15100957611
14731111381
14424783292
13368842100
7002080237
5051295570
568867899
19161634048
1875148108
9675158806
5041120743
3301295212
3679417749
16235769944
6221996672
12392919130
3455989480
16138067745
9389533813
8743837888
16627472500
8255026749
4811999059
16454296034
52666058
2130680533
8030740614
3192330561
606584742
19327517153
5467421638
7529824700
304324363
13349458461
10464101781
15378496802
18411066652
9559857801
12223960980
3751022390
7703131125
15317534230
3927475766
19410163303
3582282682
7592167575
13642344586
5168662373
7173695748
10398757459
12800320490
1281584329
1657509553
439878669
1244701562
3786231660
7740222784
13178290621
3125100326
7030508966
10592265870
10335139235
6293298061
12555557420
7752382274
18587162192
13144902901
1148331107
12341843251
246233677
13307404386
11452679805
17392174581
580544250
18049442612
1215458420
9141952499
5288540000
2629466285
6729152153
9882636238
8412406552
8999756648
16757788119
13101159479
2491411302
14829486181
216407725
4003624228
9109725876
7640127393
9214865721
8481626990
77955683
12978402784
8459693016
11835160911
4673094937
11743275648
2215246627
12974530759
2786831116
3606046764
18335231304
10394266637
7495574695
14306385114
12866356919
12802962105
4290187217
6744385510
1598322133
6658191282
6278050268
1504850034
1820165008
18599829474
10969944710
12005066594
7455021424
4387174387
3913806314
4602420371
15811739403
9804135792
7044073869
4741646158
8998929583
2398844264
18270400807
14229934636
8309355066
7212864892
5908889702
10357044189
10805659981
14838986006
12931476441
3352174885
19059998842
10112173903
11459980154
15322237771
6741629527
5944877541
5965128669
5014922908
15117869861
17301065554
653815429
15134378694
13847934150
7040455200
6025253715
10794935044
8018441092
3462197973
14386786274
359743813
355612307
18444140081
5298347298
356460980
13676587966
4108754587
16346695869
12480345232
8030631548
8795484081
4256676921
8597983738
5799128962
8985087915
13888165651
5011234756
14847988342
351509580
11213273993
7639620238
9297322480
8257767209
8768261628
4114905018
7529340905
15306710616
7608469960
7179272873
3652498057
1015268204
7594166334
9931502901
6402806813
9666554836
18482546404
4604366091
61379780
2482309310
9864363716
10166647286
6602740244
10504018692
521804874
13491096489
3882744563
11908901865
13351453239
2127255174
8424022994
14163825870
15943544628
12402794004
7995005162
9320499186
2883505769
7558304090
9626535325
9758512586
12720841679
1694853272
3589774088
15730927307
4237906356
14214857654
6541522158
14624083035
2999764157
3718076617
9665091424
3751022390
2032231457
7154789919
9736281672
6146789231
11288113102
10999509549
6786345207
10316749715
3218106822
6868041418
14158937124
507150496
6632966975
13992416927
8744100442
3372688635
8087582179
8604809683
6840120011
4788620918
6151915633
7173851695
8162884731
864250167
2414268479
8129110600
7720184979
987925462
14725479473
5397611456
665483753
3193881078
7364642817
9703754370
14476457804
9336291978
5418292396
15295543263
9376573997
4328595773
16531537339
1877364042
13241593123
3457836772
621525281
2330478513
10334560095
8806194270
14663437471
11815776415
11299342553
5545196741
5523764763
19912524482
6042943787
14251260456
8997675122
12650324798
2810860846
4373020214
13744004492
9314171831
14768854980
9073793852
8914974573
1803602339
16305740920
17270162275
15615256722
1018086044
11871229223
6840589499
4929208491
8181607346
3694014921
10189934230
3033565610
17655657727
2791623700
5544082572
5965531489
12846842493
7313618159
11861259718
1868478789
12049546224
16969025806
12477006487
8848030378
11649480006
7181532409
8559691346
1419850612
7160546535
11479446766
3356649442
5279418266
11303487765
4347690423
12272738311
3630676802
16548110396
13483088323
4079282857
14147052407
3906077004
12946891810
26138033
15602410760
7792494713
16952487710
4184983580
6916094959
6213603743
5952327086
2050919404
8958022914
14854241488
12119113617
4250073060
7098985077
5343203441
6287938521
18642134192
1828535768
3188666403
13625278001
535373333
12520776260
6328111117
14266254403
1578700877
4858851444
17737455073
6818195834
2881010020
3490089261
7538027490
12895745841
9614445971
13021813421
7851112822
2498742737
10146276123
2906340181
2768350936
17817104040
6105400309
1749087292
8434433083
4571883901
8938075808
15951296949
9870036235
8604810247
4064526147
4000156309
10794744989
4936645564
1246969684
18005557531
6873228812
8996476038
3843105082
9349447848
10733864800
2424640628
14012316036
16542099353
5366763453
4114660299
1514466803
4638151280
1272972589
15045852551
1440589974
11928844674
14657754491
14161494615
7241469511
143971476
15611498380
10564062025
15318456208
15767925026
3267833205
3062166286
4046067957
10683218690
7900779234
8894876042
19678879343
7151771403
1446674277
11351997533
580482495
13448227299
13628583228
1969350164
7307439788
10463153667
14639358322
7426487279
14857901754
1034856127
2445546117
3288350878
13558179127
4240665579
1079863147
7557779624
13702713297
2156374056
16205204236
19351034906
1440191068
5150409275
17195422616
3443213312
12525961020
969186513
14500276588
8668859127
7108428519
499037825
117229018
12720609925
4070919861
7263919740
2231999688
1230947743
3331962047
967775284
9281538199
6564987183
2200822133
10574436178
8902381177
5480559832
4558699882
11423301887
11695533116
14491641595
12067836821
8446518022
13007862106
8726741637
5643052855
562987715
14636087649
10995814554
2212090341
14555063646
11770817042
7075734781
6628415708
5905129595
8195787961
4061038969
4394600043
7973813520
3603362091
1319146828
2189652729
2014430144
978277513
7340272310
5434732259
6097344296
7152447606
2807966597
1102866077
5155801390
17235846994
3105131497
10133517934
14065617727
5937235918
11209135604
4674750550
1439923249
10471284688
16703493318
6221024804
16889147198
8867988904
2288101432
14439973946
5771153476
6446622462
3584877274
3013546216
5601301302
1674574028
5288716618
2179136176
13238911589
1062939944
6680594453
2053989894
10798262123
14966404720
1391515535
1461233410
4539054139
10374376290
17349822981
18002193335
11752247041
4550658314
7921188698
3662041438
5751233629
5524272927
17883461378
2918586437
9880017632
7355180266
7617995619
1246064195
1893084695
10643437319
4888396480
5136310110
5801210370
4815778763
2514196483
11326624451
14951337676
4563032888
7655218273
7990016152
3000899434
2302778126
10093562347
880621163
6045582688
3158371958
3780136063
5682275686
7575006362
5016844405
7840374799
1096185652
1818733534
6505035920
3025275572
2424348312
13707036548
8458941339
315316436
4816549752
8201499099
3071824354
10537807817
14669860939
7028848366
15176029382
14334178980
10048563755
17782266765
12526373863
7103463327
6047993743
3725412618
12813635716
8282543095
9852612645
18676431465
17335434285
13103953568
8488111107
5575490020
18936505721
9420671166
13039798623
1983074124
1254181412
9433567600
4139387146
5276525893
795244931
1935416631
14631722857
11507251545
10515312919
14030349269
15545951013
12475283649
15956944591
13792588769
15924405164
7139007018
15507371938
5835747152
4912793446
15081637596
12824208726
10880992747
3243812543
1904789386
1146674235
857206715
6288763905
8574925537
2457079494
4074198915
11422289827
10854211443
14316883979
17384300032
4538110614
11040749583
4384923647
3304073411
19077656979
5424954865
4571014031
18401612901
5046715590
16174613345
384927791
4483315090
4850804767
2044595946
4585932989
14964681454
1673642189
17585583046
13426144518
10050396381
11049266042
14766343840
3371700508
8934883508
5298866102
9625810807
14592870138
9831132566
11227425067
6288486467
9834832008
6163918625
10384687474
11256775093
19499130664
10512099325
16753577345
9614931754
2239850258
12694419055
6026733154
7032490465
14735011365
4747950344
5332910060
4345378427
4632161993
6960668967
6388803114
7718900529
6879536722
15103572378
9006190454
1693896646
10104708146
1760704183
12104258720
10824660085
16424872341
12101959695
526361275
18491197205
5014922908
17417304211
4582623737
8217359259
78616480
17772738127
16372533656
4894731246
6552470589
12064682329
17550458685
2446991200
16253345699
4385812451
12861905866
6484130845
12563078734
8232472832
1337563431
11401557934
12841630472
18495570551
2178058679
2931207215
13878161169
11171168934
11496661853
4198268495
11334599652
11082181376
15684922495
2003584042
2898218127
15889496515
10777557249
1934322324
4870317692
14292182949
4896892560
8849016728
14809974319
13452370647
9757098145
6752936528
12436330654
4612020239
11609991176
13914978181
4786447908
10216649307
5145960885
5353293857
4899591548
682721564
12678310378
14065174590
13744899653
2988358273
13635130029
10135810788
8850471986
8532769783
13036010506
9755644628
12159497382
9632510310
11840167307
8471210201
9719534979
5384818093
7650592471
11667724100
1824001980
8253327459
4386926169
988123214
7664713755
4018619956
11291393732
6259269533
13706305091
17563393015
7806769136
11622699775
7817708026
2770168336
12950886601
6166341158
14418710432
10157519256
9225606634
11487167981
8410702603
14903298938
5494582411
12641489134
1929583109
7082235471
17156500717
11132654043
3830365034
6426992562
3126828411
2808005490
12566391370
3101769250
8214578041
3400035448
4716597118
2965157627
10321544262
14283253777
12327672270
872010596
2558612002
13376275506
7253918561
15766932941
4809167328
266272009
16882514259
17173741513
7704325940
8397744718
5809840089
6007982033
13306733288
15844012473
864250167
2233541816
5891302871
11756010237
12989263306
7193584167
12224701492
10097979767
10192933038
7896380187
12629566940
8901671673
12248296783
362907435
9443500902
6859738631
18007252991
15053272453
10045119971
4886557589
9069088835
9961460245
18274668145
2084611323
15624036812
5083362905
1035129418
11009037462
10288761398
5979476386
5916381063
1066704853
17258665900
12240376981
17103971479
16935667413
10044195877
17341802627
19964782224
2363433628
1661553058
2453276767
13865681181
13828716175
11068668037
15040598838
8367476454
14341969331
13724351353
2605077371
19863018792
8017045334
6345556446
13260205773
7189820192
17148965428
10729781895
9595416446
2885332330
2196772826
5223546563
465235569
12978120687
3824568122
8368293764
10306127929
303614540
12584975330
4512236912
9574791531
12231857144
18197984921
15372990207
18059125331
7915126251
83189621
3820345126
9890377795
3587116349
2153898224
8638075008
5851578291
9146634123
2342922598
5343809883
11146154697
6451548896
14704440075
11109757365
560656776
5231763650
17289076257
2742149765
6619846751
6719959649
3453002935
13120778019
272631216
1522046175
13618402994
12864205679
17435325303
10179177929
9544386223
2316799719
8327812643
7842720184
10232130465
15649346363
15583621557
14822664595
2494967643
2403696613
18498774607
3455369033
18037980331
18893682621
3382923957
7711823288
6176798533
3412440808
3898699323
18610267969
16451723470
11046934446
12089376079
2698636604
8396771106
5643570252
12018202878
8897302955
1649866708
8118806077
11076472138
13752487166
4296699850
12985627087
11398594944
16776701354
1162110773
3858321380
8769113802
17534610342
9055203923
3682567074
13702919618
8923254425
3782297628
5605859016
702093937
10300192642
5404607428
10039205992
2955301083
7891935237
5584719056
198690948
5553514804
12488709907
13242724179
10144910724
3673626055
8456834135
16099666799
16235863569
5108948714
3270877869
15814711779
10851751042
8806771411
15371943517
18495146874
6221243955
12154803609
8245558161
11300534588
11060156120
12336837440
769072959
16015533725
2849105957
4478912025
5761402664
12349230069
6848147711
957769731
7897636274
41089557
3053247090
15392107575
9117245480
18708354383
2798849919
2289900832
10683733041
16362123271
5615970478
7272813733
14127585914
1848302478
13607397862
3609649426
2389909468
13212012781
12757996225
17433615079
3180423572
207411005
8812443037
1899477163
6919023887
2769364413
7805140582
15849809807
11027192348
393333532
4887164211
18497839598
1010637601
15692441635
3559184338
61171755
15953883860
5359879415
11350822321
69400742
39413468
7475840715
15253253606
12871728312
13624283959
13951579334
3444783088
11417184125
17002705648
10674783843
4929419316
5838382382
15044026252
2908235694
7400392805
13792283723
9244733756
5293612821
13967096365
17673514540
529628261
13918614418
1856539394
9493953188
8188614316
3757795256
8326928224
3508191252
8637619268
1395825662
13319974920
2964310205
6324618689
9279940664
12585408691
8380926866
3214283287
12950986938
2232859450
1698050919
1872971018
12370646247
8541367382
14147722196
5822815850
1037924205
17246225569
15841523805
12118024016
11557162854
2853369906
9304602904
11204061359
7147795206
12615436629
11565447424
5511525646
13514682972
10696081992
2787829727
4343066402
15689552729
4978495304
2406304202
15120019635
4913287798
16809271945
13498949716
13772893663
11726477564
6097965308
15651549438
2220107552
12292485736
18637214094
9059405627
6187379995
11513584044
5026943303
6908507558
1321634103
6657670170
12117192400
3616307443
309074980
4416464355
7520248027
7046683179
7471257262
15735345864
10789452538
14481548066
8966442253
3816339351
11772269163
10644867899
5370932691
3970065798
6413205366
6050285934
13001219006
4740730865
4532852989
5793977305
9736188031
6576649404
5510376691
12639896270
9716589783
12137700313
1259157285
7074543164
15385122200
1488671737
2031698661
6686989775
4927921509
5978857848
16520284406
4866471090
12331090128
13999876959
13048081525
12215686859
19011263251
14876216538
16121655730
1419931227
10096057023
6009370839
8848575392
6171518791
12118797933
3028428656
10154757051
9960648884
13651518607
11461241804
6006369216
384027032
5107882039
3629912995
3469591999
5798239777
7039670736
10120538563
14702198772
874548256
16694339582
8238983264
8222268405
2043098279
18213286496
3562428028
13184014229
5098997637
12153493901
11912288890
5006487302
3382963281
6379728677
8500335051
15048254976
10853527544
14960920530
5253882809
1074056840
11982155993
11974979892
8945744668
11751711623
18480840595
2237854667
8249990378
12792507233
2282245149
13452065757
17699621107
5748270664
13375618854
17824171479
13969614532
16957749343
11907269562
17264538821
3340865028
15674536956
5772745010
4383836141
15567082712
12841326648
1559807712
6886794365
3350320680
4848573532
8006166456
10374706756
4746419174
14364217458
11662436818
6075918518
12031430778
16909601540
11248072675
5189869593
9714231437
11483568897
5136403422
9910070617
15097645797
16348267340
19386325237
13117954155
8504249351
15475119075
2787761348
3352714767
4936917288
3508500719
3817207212
14445058011
7745560439
1408836000
6084906752
907880425
6459424615
15867090468
3144189580
8436566069
629952969
3489990008
13265791843
8072167396
7309149173
10204381716
8170531263
3253459137
12437219786
10169422920
10273738039
17988485034
7400925872
7340794719
10827313918
19217503429
1252657218
11342112795
13527900240
50058657
7147222335
16640370520
561081364
9589330031
5028852379
6947796477
2394037010
10181279219
9253997850
5837923859
9439603913
5503320625
5559836601
4688256199
2078428894
939713749
7985431854
6827602949
934869515
1874184319
11998177760
2123570318
10656412559
352191536
10150261553
2278518120
4989079655
10885336406
5125389361
4705783382
851882982
12542168227
10976855599
9118300758
3509207435
5629164585
8477389229
2483696246
7959587857
10714234317
13597037986
8697901749
12125741551
11312432948
11271860131
15579195219
12591945227
8448177318
8754038269
10474401293
14204920401
7562277032
4810311995
9510697504
17230625738
1523672112
7245440869
4418838514
3223752112
12037810678
3445215139
12902050252
17034918426
7607438845
16031772601
9447238160
5653520732
5298889549
3846255297
6159053826
1413968629
3040803594
6704997312
16110738922
6584197264
2645661631
15347391501
5546374233
7934609840
10186180598
14029882978
10488996118
17562442724
10427282416
11056136124
11307285518
15581028554
8927461092
4212872100
12369590416
11503519889
10997404073
1432202129
9713712238
608868972
6484136745
6992090045
8727153184
17184300202
15087835548
3011365489
14339124463
18222027300
9215191471
18133671338
15581246422
9680631879
7795728782
11034684451
4791180802
7174841429
11728487476
15979682702
2682250565
5364207712
7209194796
13468331477
12594030905
11553692235
17541003538
10460513809
1904376543
4207587346
7592556979
10135732378
2326849731
5643729118
1855601064
15793831979
15324639654
5150742405
3050390112
6801462080
10923119763
9891137118
7388933190
1187154393
2555212434
8554060785
10299292723
4555048424
12676871063
6268385573
7681498075
13037526128
459673791
10633580084
8997383564
8879039018
3713740849
15973641335
11845535133
5844450308
415723892
2440284722
10252632610
6223247519
2284635959
12431478741
6223264021
8818257984
16657041478
456998284
12867811108
6486817583
13690290654
13447554886
6907577360
2979602514
3891290936
6013891393
101145831
12649378061
7988756596
11442520768
4706694552
10229858069
6786168550
6612918738
13778569778
11624041016
6332956532
7349281329
4540000625
11884648672
4174151833
7572679590
14511271302
11109995136
10935770711
18771676242
1472146926
15578420011
15589502879
534083062
12026677692
17523817871
14397402314
14322412000
5360392183
12583675187
8379012467
6204826221
7978908147
12985653515
8590088507
9197934992
10366265065
627640781
2700160272
4889064964
6918968309
15272718469
16820373750
16996387126
14091030541
17684307382
6430663786
7299789442
3021364677
13635983120
13247337710
7410728543
13042686880
4073790364
13399944485
14024074258
1003995050
17537997468
17336839868
6424390612
5882739265
14642212394
14422477067
14010929465
4298110626
3366917635
5768108587
8969815237
11960464266
4660039520
8280490751
11385758507
14818584125
1475551742
1355218863
2633568948
5204712856
340075349
10539676094
17111399249
5582680405
10572236958
846476551
10703857969
6751184886
4301839447
7569797554
8100058673
10760469514
905071644
4915507814
819753380
6592369677
8917544765
7658624325
13244737256
3299393122
3642509899
10813780107
12326506680
5906108170
17748374451
359977622
10950518325
116512144
88469143
2578156732
12785514597
17061352077
5665120416
9958011047
357638955
9484275516
5759890931
174497721
7228339132
6664543383
12276116412
16397945013
4035577657
16496347124
5430322806
10130302121
9158471358
13631416779
872586209
172430919
3085387321
13165269521
7001611646
8302553956
9582517971
13047283287
7136801114
10377118452
10846024057
14675124850
3450124052
2923219562
12367354301
9394742331
18216919834
4889276824
12109511209
15400022737
4890214588
10116969764
1885717029
4117430980
14901187851
14045127367
10815847046
7606315121
15798499224
980861981
2640006588
14479843588
5832892450
14919667472
5609959686
14350748372
8927104209
6219101552
9533595395
19448093907
4602420371
4007584660
6453909037
4423992946
269542478
10075875258
581298507
9895704115
5501356516
14058114537
3236322268
15573438285
6329030762
10039205992
14527785066
8466903074
306371597
16482682465
2564435834
12090291652
18182550136
9372626569
13895441826
13672593329
1305612062
5597959879
4388163907
1416394335
9617670952
9193758514
12839880119
5358984103
2162740455
5622910423
16559447787
4846360253
5536716574
6490825327
14957239490
10721219858
4909173623
15770893325
763527868
1552691734
11093816090
11294597584
13310846730
3441912638
3477463025
14047431672
7792664524
8186423635
11007897167
10331017925
11998374158
11871848905
7793818289
18231764618
9755042602
17590640464
15698521117
11518349513
8309645952
14535830089
11222836880
8878823610
81331123
4184692459
19272048325
15331387810
11628307244
10635333291
5926026573
2211411151
5920059248
41072772
3461392986
18162848792
12692880244
8412230587
10081767399
14684562136
5587744613
6095271623
5054274358
12824546448
153341184
3448634807
15818892956
18162146883
6649966608
1507332136
17394455902
6604495687
10399406548
7464523339
3089332572
4776485208
13941446041
3887372384
14223634714
13046898120
5038716926
7915260914
3607101556
2810716600
2471664962
14489450068
2079372868
1439860080
4530447228
13797344791
19780558367
14315315142
4621591898
2252596921
8884733006
4999595088
9096082384
15108818432
17845821575
14243226155
7441384797
2485033711
16508287340
16222327076
18527203768
10077326773
5541239584
12281033547
6546801990
8486073100
17034271383
10707908789
2269529083
2884167669
2508961257
9422075483
15928196354
13399210332
18497464290
2384263193
7621503468
5822335833
6041522489
2315689680
8530349911
9123997846
6990820473
6872242081
9725420677
4868974297
11414431959
13312275499
16310781332
5627647921
8330472503
6080606491
6798577343
2662760511
13309141441
6066704651
17364645308
8157644807
14779688016
5067555332
2252048253
8440677944
5364968163
6001347729
3396026378
7909840101
11189954032
4495191632
11834744469
5815659928
13001315935
9963181784
17102734481
10148944542
7214280172
4001758314
5315597177
11953025749
18046649566
16428035447
7369115682
14268057455
10507802142
15368247888
11109199511
11160829299
5870398755
6632067609
13715566571
6645959864
1143970809
2882534133
14918993770
15245601585
16500476143
3489088350
6882672320
9736347259
14365348152
6741689677
11180946575
13984806190
689676425
7802188979
5620730090
7228356118
5310321626
2302688764
9877980746
8112871375
13490512382
5195562020
11828250898
9556492599
7767216870
9527620814
15153650065
11672168985
9664727038
4537831448
18880031343
15636752450
6285111868
4821426194
3879020354
12315616446
9945775834
8112225243
16146976229
11688955403
1204015952
6638008995
15964277017
900138400
5410122745
8456932613
9996458153
3858500062
16643408487
11073958425
2387167651
19537642409
12907043797
1202972815
848191571
15029153417
4783229854
18499400868
5017363723
5100540597
19770626911
17524548108
5699859333
11094631003
3316165052
11160875741
5012922947
5406693718
5056796852
3612372643
5492421211
5849183545
13071734299
2626246358
7778691528
5468123572
3640508617
9212523083
483559401
1731713007
14808327114
3118366120
12284859738
16198230832
12982140019
2197713632
4391579445
3951221775
7908509779
10881967686
2656106304
5208357518
14343359002
7656347197
7871162587
3064471019
5307213816
11909201083
3536995415
5331729007
18158760653
7475035745
755213972
13600271143
5053325553
11135488572
3044950902
3354210261
9616855243
5298174223
11443911349
8612765966
10917739332
1636551443
5110141053
15166556643
7240811858
9434271409
11958072447
7551172607
15370892172
6960776411
15563997695
6514425624
9255877617
11048599560
10818669190
14362435287
146744661
6009259896
15017004626
424529653
628471413
2409631093
16300968392
1866507361
9591082092
5841546416
7928013621
5100996185
2220415270
17266778718
15889083129
11815564038
3199674626
16069170234
2919775573
14248414310
5910884854
8328080096
14284546824
14690904813
18584160231
15568646043
11909374117
5833107384
8067227818
11144412028
13570926453
10380074566
7106419308
7179073276
5216343085
12442826135
14685139595
4541677668
11897359257
12670224420
14995116431
6455492502
17739584769
4854379936
4889276824
14173448614
1456778022
13734398777
13057834517
8525583306
11997804208
10599366364
5659029801
10124408040
15568364991
10598063055
13648546349
1035451072
15540926742
3652640271
3886314065
2501480341
1658353708
1200254118
375988283
7428253662
7509854259
8742747987
6638003360
8171061039
5816399662
5416856381
7374146269
7657762800
5013239068
7297461654
15873637487
12887784821
17197459598
19140458189
5837369930
12701904313
11154075559
16347914740
11386205491
13331606784
5327485245
7648601244
5563113553
8927027909
7521892663
15343726622
7492202634
14477717555
18200694783
8199068513
5521975978
14822052025
11778852146
12731205006
1891973247
11227728143
7519021067
12372038528
7518712451
4320218320
8350513641
3004671944
5928103753
8817303392
10487277432
8891460607
10947773651
13641917063
3980038103
10373603897
10357294429
10957021960
13249195160
11492859779
19304928015
14975963230
16186978759
13404699719
12026494651
9130834066
3285023894
13609789073
3641632003
9233066602
17580014778
10617401891
19982483895
8614380232
2097113187
6128828109
1731837245
14739538887
245840561
4355089547
5296421684
14059271565
13710127163
4695748458
1556812656
12417279014
13779808257
17030491566
4937389721
11092094334
12953618703
13012977700
10521283633
8078595342
6669897685
15902076678
15380536993
11049419316
9138269487
9257266272
6754438746
11311588413
13421633916
6651599924
4445785400
16373225953
2312462505
1156035935
4343351815
2277731561
8292357439
14480510532
236685054
10895311417
6055077366
3833798191
16579365051
3895434885
13320432392
6670898463
19493856090
15981771813
14990374284
2663506600
11789390139
8534270818
986342985
12093222470
9848027574
3534986894
3555707654
4061164313
12598650621
8426526665
4172744177
5010948043
9349455492
12548083961
3285901089
11456443992
306371597
4070669447
3158611226
3788518072
11994017336
1149405930
2716630929
702830054
13120603974
4850014254
11064667538
2492225587
11238721971
13329767235
3335231278
13968600711
5132815871
14431114897
13375012362
2164153021
3722601835
1479912783
13102071009
11812696978
11165570110
11897341856
5148775352
16694201245
3202907205
6403779467
3582726540
9886975323
13996613964
357429982
13127164285
7924048417
9337230755
9945584150
3341778782
3824434433
8442072547
8218765371
6291520285
74043408
4473728500
9329209442
12791498546
3786076788
11724004058
2215419290
3491336509
3444306605
10230927177
2965511253
10409419977
10478564801
414930614
1416998635
9909586734
9102792167
17689049082
13469600238
12239217407
529660625
6632757943
6554448245
6460152251
5189467310
3545467818
12083878838
11326624451
18941410267
8902104184
14138794062
221924732
7847140839
7925164388
2283348300
3772223430
9630073939
7361382792
14407058063
13780189268
1677593651
13546670175
17612933048
10191073854
16849205823
12291562698
11480170617
7479640999
1271566347
11606566857
15089933184
7774561281
3710249889
2255680472
12425067326
475530681
19083345795
11754141123
12161190482
10296473808
8290332768
144781746
12193548479
5908984198
19332850712
6287365859
14925957501
6033597202
13972629218
10400138228
12364243048
11342191785
4355800819
6823003418
8915324328
13598653680
18109227940
475450555
3674117714
2311988804
16524135221
9104968370
8958104936
7931658812
7083571061
9888021328
8742518138
11232273435
7358584075
10101813915
8206615637
14902233295
8729022948
10982979833
10055717271
17498256163
2112964348
2548366741
6001708330
11348033745
3191058512
966378249
13664655158
11022795922
6403858528
19394489352
9884815429
10721554495
8575338779
9803352019
8747745707
8440677944
18230164690
6839912667
4720012124
11037995502
10030618392
8580751479
4571066570
3389369347
9501076912
14296330595
6363703064
5099436281
11396166266
4188300580
4042660789
1268647496
10746397948
12648828209
18107853629
8256367070
4251032847
10098967450
10731650337
4632807457
5256954804
19488656000
6804951485
2475996463
11583420025
2959033615
6744178984
2194497881
1023933962
12495833750
7409856663
10268846608
15093130724
6143874708
4032957866
2346131013
3827025036
550505088
10228307112
11638583535
1051959212
13374047129
4117682643
1598322133
6887552371
3583352908
10309123903
11976590008
18023562324
11002711221
8261949808
4015036500
18141656823
3069872114
12083651113
4064319719
10204481744
1719968918
6469148584
5765388052
4004160012
2502276786
17447589250
9589202663
6033506578
10773267948
6015494002
14051861499
2904971121
10720601918
15900914799
13776420480
17112026292
17663096953
5884893028
17301393
19613277832
3695198681
18875273448
6393906133
3340844383
195991443
17793726981
5822592967
8093852875
10688457501
16290995091
12587665809
13065678117
7246898716
10124825291
5148992051
6939860646
11749664892
14427407724
3445363399
5032610445
1421490933
5879263314
5046185116
5928833865
7279216803
11778464809
5786803284
18266325061
13126318540
9964069074
2701636947
16740327143
4016614634
3671689660
4146107908
4366335256
2356075762
9790723455
2896968945
15723858709
10140859330
19132517878
13119388916
13460612776
7240817045
6619678153
16657286252
8581942663
3332531810
4803087330
11503255675
1146486890
10370316722
13348912333
13666143167
7486555754
12115148306
8278684783
1892922473
17429206965
10224545298
10015947114
8135570747
10717484169
14755744383
2656890683
12988656404
13178986297
7184100564
3983116134
6658817461
665745808
6331512361
7890813385
18954779093
8225498094
13067355595
16166362814
10797100488
8239540575
3292125489
12593882656
3161848520
9932036666
1510410288
7441184005
7851430644
3178629558
8322362987
8070302897
1631260989
12995075874
6795334663
17128481755
17306289585
12829378663
17058734537
3244700251
16455527307
15563187497
6196526911
12411807373
8076445525
4256170137
11492237885
1979989208
2950338356
15989883611
16315277305
17487764052
339432854
2228823029
8693460818
7399305771
2752374016
12842954480
6976343161
13744779987
18712797693
10756886157
5709162353
2716959906
7781516250
5016597981
6412877379
6743080333
16266539078
13017089414
14077162096
13206690365
11698158217
2066293453
5286564577
2035843135
3598403963
12191475200
4782621529
6801140740
6778783259
13306800605
15854120921
18549794074
6498921894
2107534854
6169713386
1936732717
11953618725
14922232402
1229510647
2257644514
937120632
2161091247
793444579
10161248604
13997008685
6565546720
3796305500
1094846423
8618417675
560828203
16079323622
366999464
7956093578
15435465911
4450316390
5344854190
866569368
12050305209
15198332776
288599597
13459886170
9498215369
8882842009
17617993697
17740429174
7190760747
8456672255
5840055200
3272119495
5232315860
3390190978
4293361271
7608762183
2213382777
15542103954
11717073746
12155053644
8648488356
3279808895
14353961826
17029243484
5097639844
732852826
5410257129
2450386916
5448169232
8190003833
18637708424
17844833747
11699985460
5362658335
17899933329
6558169276
4255314984
10767668717
15687261867
5946139197
8270061687
2299240279
3273861818
2602514240
5138434799
11675521482
10867689412
4877060439
1415173916
10447281388
17002048404
15648640932
11640250740
9945379921
15624145823
7014556996
13839601500
13869877606
13816071117
3958518088
5772166484
6617735037
13369928831
3619669769
8269267986
11275834297
11072741908
5819960632
8454505537
412647926
7692819912
10519033764
5718003500
1979999305
7920402787
8797997597
2465696534
3725509368
4810990928
12048007009
7125326476
116392556
13377197018
2923038576
10734460783
10930216767
13428505903
8070506415
18064908383
2794983705
15287072025
926630702
17867763948
5021319491
6258525090
3847514251
13107948645
12884843266
8247020895
13822816504
10957067276
4754229293
5229254051
2409195151
4410019853
15717173191
2088492122
15134650227
5217805514
5728640295
16060121596
6200327992
9520892745
15763877331
13683619242
6197676583
4978771068
9634505100
2596846661
15604773820
4749330000
13757804154
2255171722
1107867058
9105779490
12950331260
1998999824
15219280753
12592997770
7821855821
1821854342
11361926387
1387869523
4389117710
2488372436
8908230478
1254187693
13034581272
8997090258
17907896756
2915165608
16934423497
2407036332
12026779578
2317855147
4531356955
1654701665
5796919678
3565391304
6789223510
14238730138
14731538105
12014724973
12918142725
15007365825
17574703094
16705933443
3998912389
1359614906
976957657
9280993205
11455325820
17590890883
10633328894
17530377292
5761214181
7148484443
8712952852
6601289161
9357592169
8759436951
14526785100
13525364906
15758767641
15630579743
7447560430
1318384198
13564234098
9248781128
13759533069
7576329770
14660573246
6846766458
9945531342
11441055251
6277064861
14708471865
8312777631
7085690512
15553409823
2661318219
16456293594
7466678137
268800228
8004737380
2059908549
5263938534
1868163104
3508506650
11979456554
9123779788
4127469671
2565774979
14071543517
3007858142
12189820041
11945108502
16002180196
3344679170
8162209278
13130202159
265839118
11141566822
7184226409
16314303369
4142479991
1415544087
7425052930
7881385063
4063369578
14213865284
10799696255
3260544115
6393449452
17691512037
5430512721
10306127929
12388450172
11244103605
8845335019
13672608365
10216870093
6806967323
11894401637
10976216990
2977325458
11556654376
11816216611
3584443678
1215191928
13511885447
4302814765
8130170170
5543427845
10295640887
16836213395
10320033225
8631363293
17524149729
10289800570
1395587260
721440906
17371095783
6976074390
2675389939
1709238399
1679840515
6705358251
1488426103
2831860243
9584812101
82942232
6169283279
2769051362
12280458879
5526280166
14597128264
2114491208
2966853492
13545707155
1318366136
4578338388
5001567007
7601639457
18008460623
1590553510
4209921928
4109251838
2027856837
15241849016
8032128022
7819916018
9132496846
9387611195
1557744739
8094716861
2901930785
9350006373
11513249765
13653701335
9325489157
121946696
15030695913
9809370614
6790439721
10587538113
13206690365
13435612516
8921923555
9618469430
16968167867
9789006281
1424833955
4289215393
9170251254
14114527587
12340929935
2227049672
7727269325
3108048240
17468477029
4479834018
11603068580
10299292723
12741246593
296436416
765046733
15824975118
15075253165
2645887282
3527795711
8787236501
2500721788
5027017547
12431298625
7153797546
522797758
18149648248
17927140909
1996479446
13608214737
10675277905
15482911922
2851080625
9548116575
2841469696
2313581585
6564970213
5656950247
17015023586
1560215873
11865645307
709039275
7106204381
15392862057
621204029
10968207997
6681521433
12242042697
1034643299
8390331369
588707292
8550916327
3799952311
17497942509
9735892236
1864107562
8983101258
3641501884
11496434138
579194363
13517088746
4494568997
688680863
18790515619
174003046
9832566199
9925545942
6728368678
13488677768
4240500831
3151526985
14137654196
11682487346
13873738045
2424304236
7535514603
15858695637
12288549480
6293565938
12182660052
7333896633
15010774493
7734366915
9560164863
1957639924
9282893774
5803012582
9357073553
18866600743
14604910413
15647668239
8119615164
3067481517
18176450557
6536123383
6156032857
13767786202
15107834610
6983316956
11743275648
1173337706
5155878352
4316615087
9832877408
17731287279
12062662159
3235423608
1446610759
12891164101
18845264757
1314222692
15519386347
61977859
8949771716
9440393555
18045837162
6597707281
14795221343
10918656898
11906913651
12045367004
18328323460
10747269554
17240197266
3905365072
17255496974
17376731556
11929599231
7391011444
4659171078
7691539133
8156700688
13491526598
13865980937
5128319357
4103257908
4243246146
4842318970
3520375286
12352772247
466537800
7895096375
5665113672
14226879261
4715970781
10730676841
9060192095
13972308240
2090672210
8138803038
5138369037
8897156431
11899317113
13121810909
8142821960
10794287976
7382233125
2410867889
11567361127
9809147032
6560525717
448624923
10962423805
16314388733
15836485856
13340479502
11490032274
13145324242
2692364099
8246861693
6266137302
1105248733
10488190353
14697742810
10346839198
4513217949
13908424429
2000334176
8545274346
3011641581
5880242299
1935688507
6228191709
8094784397
3162135511
12813024524
6835352606
41316058
8744627799
4564726985
4726592674
2025692820
10271526803
12671046827
9625716796
5028650895
7686892713
5234763736
2205527243
6971500838
14304810547
14209113306
10714359799
2502418649
4698774588
8117936985
12264854772
1827439198
11736516880
9113663809
5025531362
11320443389
4285723529
2655484247
11499923708
14803387273
3437185479
9816602960
11822473718
8565824992
3732803205
7316546102
14873372420
4772395210
2961722333
9285233292
14360808776
5983938401
316114471
901884435
14255427195
4929163136
16315122344
3667826840
2246165294
6134801769
1125606836
6661777967
4906575514
11865214962
1419440413
13036902155
14012229519
3842036673
20029591049
10353231511
12613951646
11051610699
9251520139
1089824223
6744855712
7907578196
18140935323
2682469501
6364513219
12427423127
15881995554
10980741836
1483034097
7821103818
10682077631
1731670310
9788035046
2079995227
9993554967
12045545454
8676431556
16428351466
13526910751
5969827948
2698977724
6924577770
18623240021
16411592810
7808285557
4802199220
5485468288
3657848958
6474399603
74895971
10180996361
17383864410
2331408482
12773351348
16619423064
11677381401
8956619265
12189892900
18025617519
14048327165
9091089299
12707230317
5546513786
10892389935
12345826026
11272074132
3780140509
2654570496
16514200881
18151659520
5525463461
1004025713
16045352526
3370188453
5546646709
15144085222
8154467966
11953090905
3873776651
2761738082
2573788498
9622100803
10428472034
9467668241
6459244794
7262743780
7041279217
13600332138
3431100958
9536343594
5828379805
3301352789
334418396
12741731332
11982361215
9516803273
6975587114
13582171122
17842472174
5037769344
14363317638
4014778498
12449946027
4174539487
12541960506
15547714356
10174299099
1298918479
11567216030
9845342629
976957657
113299007
568050673
15112973452
9497035945
2787333677
2233659851
2877527391
18236204234
920109482
15943719034
14880418745
738478448
12115335054
1439173004
11890642690
8834175625
3821860246
3903399311
11985188417
4935564009
11319225022
7248649859
9492536189
3935833842
8553498535
423388468
3669370457
6542389513
13378451069
10099244782
12154787265
5314653795
10475583774
8463125504
1959019283
2448528218
3264250239
6247869452
17127377224
9670954510
5555064149
2492711666
2392310327
11289743025
2652283979
2268217121
15797324860
13000135008
12987851332
2078637026
10359654254
13369342233
506002627
4946092595
14767736107
8183656629
18322059300
340075349
11643702384
11943079311
11261581913
1816659666
1904000838
10525584762
12671946948
14767388486
14976070739
3566825127
14137326777
7914223101
11136146722
7384962565
13355504397
16930044443
9657109748
14253435691
8596513280
2004537491
7211907119
5480369801
3046973021
7211147840
10606322040
1863023625
10444821486
12334648374
360962422
8604566067
7697369750
7320969421
5555249555
11580858074
18116355888
11400089144
9151292652
12452709128
13450845888
8399410852
344598926
11096214153
6526447491
15215238667
4730587243
10035165929
17080162909
545258089
2345691741
1757538423
13830819403
8054817907
12651933408
6221349209
5308635781
6724936783
9788037658
7435091934
4133649667
8146722008
8139555896
3880502206
2701393352
18031449978
6048373795
12575106609
7949974846
4891021742
7571084946
6623298618
10709022518
5921333826
16373662728
3990555510
12707983136
2541455484
9408892003
11027722184
2237759166
18301759794
9849040592
13969252456
16959172038
2250387407
2421779238
8690152955
11863914264
1484452100
17139587134
14677249322
738163436
17046724563
5055975252
19945669768
16499587672
10626421470
17582214007
18690173048
8177183105
16338774387
15927555801
3323735652
8955773629
5661119121
1297730779
12918776530
1808303065
8484880098
11316325150
2348402383
16120452515
17527205334
6515482416
8941194839
6775083070
2440825741
9619258820
2966158628
7140247689
13474860185
6732681207
9530699366
11031002819
12788991638
1486286286
5213828366
11437476355
1401400985
4854377076
13497695597
15602558780
5197106360
7231133053
13729107447
9336450901
607250729
8559685971
10080791948
9340231116
19706446540
2443553792
5101322348
3126935260
3674200094
9625584569
6713216606
534748667
4163382196
3744428292
9226892115
8045261910
12830327762
12956890375
4236865616
4977077141
13632781603
7600252019
15514787947
1125738307
3542389211
1955571604
2443088754
6561246843
17699477487
16852163041
15840952102
5124069263
13659395423
9117612651
1060713014
9427688510
1123469996
14560379872
7187112408
5098796876
7575733948
7397583659
13221410111
9700655665
9952792125
8096684056
19280675690
14731258600
5362658335
6871767501
8027935363
9141002457
15684582395
1975275266
16946965456
3004143573
13026203463
7892721182
14137453588
15590650771
13454547760
7086610733
5704793204
19346531215
4812834344
2256317049
13868326667
2278586558
1203488375
16990591543
12742936890
9909294988
9126196842
9124550189
10015233432
8721785574
10319058006
8743905474
4121214083
8610637740
16754439418
11351170943
2237927316
391847200
6528342451
6740615747
9826640329
11930827560
16110034452
14156900501
17772024308
10005557724
14171845276
9544009049
9349895881
15124719806
789675119
4453716116
2296797453
1394438347
446379961
4489549557
17573961500
3774313053
6496706986
8038558619
6570122733
932619192
11854870822
16027284837
7152791051
3415944537
9634527200
6641844185
1557795390
575427615
6175539309
13674275236
4720411954
5815783779
5063782508
11384258205
13798564222
12281057284
7464340181
3766793738
9215254441
1335400078
10234699242
3400269736
17880966721
2417395650
16878890954
7549148490
13802067319
15803801772
9823757679
13997008685
6058670575
5609118868
2181070956
10783301391
7276746141
1522793691
19227812309
10204603629
10307659408
2854121126
4906585901
2406990987
8856161996
10132738859
6235528962
6821669885
14314682390
15132678065
17554246174
4977191820
9373843831
8116976391
9712969454
2519144647
3626478200
12563006754
311963166
2042874033
13311924825
4557898731
16288227665
7922778746
10619909211
15504663850
9754884986
4427534736
11837236259
6195427743
8593086436
16823648733
17042797848
17638289402
2351760944
6099246941
17096039171
14010929465
1391374993
1732019325
9038195157
3905947757
14274680004
16507191671
5305913457
14274219446
11596769573
16235863569
6506217462
15048805587
3636290348
5551082215
11428482117
9569975814
15774965305
7311634286
18369983468
7129315570
3459685972
7188194773
7110290894
9609268840
4366174766
2424326635
2621416826
270165152
1636446563
5675051344
11071771164
9755793314
12796249950
3541273104
6104923383
14902178197
4086791604
1096530041
4176152050
12806444111
1393637400
9989344059
15869984016
15658761536
7890634972
1581975592
5880242299
3151819488
9844238466
691115048
13483181416
1893860099
18649583421
4860948214
2748544296
13243703033
2833668628
18316923389
2387827854
13492231506
13201220575
10210429272
3985432888
11091610400
1126117328
3615627315
18688878134
12802487529
9434021458
17423880970
2630380356
15435946155
1576870659
17200406838
9833523236
11249610506
4615112506
1612809548
2217350991
12878976665
7995590353
1303139104
10774348909
5908984198
8550894249
5270831626
8046251576
1796706278
4563456841
19050829931
7562078790
9529575689
1196756739
6247869452
14936507416
9816957268
9287534785
10271663843
8740583087
6718715069
6814096775
15941919657
14653197552
8884671831
17750011055
580748021
2482937804
7957012607
4607399256
10353751433
14802266759
151149291
6546009380
4788947801
5304539772
12593319103
15034620143
14612458390
11578790183
14560678852
10492136228
8863772790
11760943156
19111410731
9269406793
10898582429
9296273764
4003315552
3601615240
4367307561
10698300722
11139812336
14495487648
7788877900
3474160099
19344984669
7921293507
15672128904
11045716907
12629401256
19000237376
15868563121
6653843648
1043221888
4525347867
2369065924
5229050358
420201003
10234434595
4763429630
9011371632
3046754870
11309029931
5369000834
11506037827
9831352587
16721725753
11736980005
3048428049
5453061340
13751258002
15131968057
5802744998
6954910199
1997881175
6583724425
8267931287
1544095663
13972731531
5123038288
11992410131
16093663790
10468881720
10477032449
2288063256
7196469753
5478050335
4074461289
4126570783
13050857550
13578044335
7287486
5275604201
2073159590
17590585924
1367040415
17905822376
1624061217
12372348931
4824338388
16935747159
11159986437
6224983746
11220124700
8736826002
1789055914
11899361589
4622082383
690266258
18666662821
3885969880
6390459183
8829619197
1377273049
6731161595
7811093850
2064799165
2562394798
9217797972
2560949743
7678945691
12653945890
15785493779
2910668676
7275411220
11798817233
6019570188
15131607650
10495168102
14631405666
11395972579
13394608844
13997073301
6205544118
15820644618
1336539024
3939168312
7696220182
9860197140
17039567113
7607326729
5792592677
19800648800
13017702515
3140814934
12589751294
9307463177
15696076645
15841362345
7698291327
15734414837
6251171398
19566354534
11131319374
8436169168
170392009
5109694550
15785539100
7275627677
14852130159
6725573203
703520564
14659740511
12826012476
7437018351
18879286504
14049322538
3004646066
7457629650
10399153081
9626350356
11773287585
7509854259
8800901435
5658967430
10253351553
6715216781
2962932526
10148814925
2468889937
17088111398
17265993191
1497889200
18141922197
4171883578
10931151323
2905148008
16155187322
1288620169
8548803632
2215467578
12869798023
3725583960
942730428
12144329964
7042134676
17325162087
13430370542
5765395316
8233019085
13051788939
6704997312
10214495412
8479538816
3806603359
11350330948
10682077631
9767870588
7180746629
16704428396
11977186282
6390043308
10997956148
6754216671
5939117825
18779594326
2217296635
1794846042
15506947776
14928951872
7280308664
2414505096
11142434907
17416005142
19480472712
18975327610
4977946748
3502406142
2285419260
16648581909
2564435834
7458496767
11301188502
5667963311
14823934823
17709233960
9851317068
9862359992
8817813186
10492188824
12840424567
13720401891
5534540907
5584719056
566841400
10369424456
11835416117
14982852058
5574506535
10075829871
1672734645
9586046785
13307877287
2862389198
10819231892
10190259767
3130500373
10811977097
2314068367
14140322866
15451720597
15901892720
4741882089
4031601335
7698395425
13782535877
6951952424
11276190807
10373623450
17526635681
10723255133
14292308839
140370660
7500624807
6068694360
16661086832
1325887705
1415100670
11640177761
5631295689
5114874819
17741174647
9915244110
7323479151
14467056928
5243670731
2406628878
10975254601
16197264725
10798845724
369739124
13033285777
11051386924
5397519579
14256573786
16976401088
9497579572
4297625027
6691764028
13749489242
11281669160
7389163079
4206368024
16936034628
18235199406
11690030682
3472019345
9517929389
8689136210
5346033664
17466013454
12450325033
16747764205
3242345259
6394830610
5252576997
8084980753
3788221141
1539862494
6504145765
2844363839
14909916601
8305182147
14074410851
4131503300
11612322359
1392234380
1332699765
8370231196
17424022509
682427459
3829221671
81793701
14225135921
12671568588
15651193398
1255497688
15634195641
17655948882
19315333634
10960819778
11207135778
263530670
11838384612
6503577169
889961456
12249088990
7590176198
11381444885
2681650879
10947149330
2322141544
2773287343
12353432924
1410477390
85012545
8940704094
3217191287
15011592668
14795885503
14688842961
11060099465
13889662902
2286066536
5428480200
3418227495
7060517323
9155776398
18578134092
4306077257
11693240221
1514995023
18828957394
14360876566
7180547750
4532523135
7456884797
2423951885
11776732269
6487310853
12460116241
12802191759
5019067192
8404224835
9775407026
2629932735
16916494866
11371727150
11780356487
13908156613
13951609568
8843066090
2617994589
18810784798
8463447883
2962329066
13384323347
2437972986
2797569256
9297975234
5652240062
16380060288
13852728048
1561345491
8915699570
7968018827
1696524165
1537334620
1826575506
14571940630
6104907973
3694784419
422519430
14675536042
5195352144
13539330010
11206647924
8022817705
2167294324
13387833762
9316837903
15879371146
7361420281
12998630146
11236431119
11672869580
15970684427
9572248775
7647174131
4174863139
15914921375
1550086875
16722414798
2286335649
995867004
9573756553
14148277859
6976653933
7765941858
11045865711
2225130587
7070549708
18676108875
8018453376
10907306118
11568899858
17162440964
12338635327
2299229805
5565562384
5020934439
6066089281
2104262798
1863338405
14882858367
8976090421
8524071306
4406125054
14494079853
1274415630
18517854739
11535514317
9664004131
4944812645
4241189433
12677126916
1558146712
7206438786
13608804682
17890958622
16407808177
2989045722
12338169990
15597570853
8371104243
6022565930
15546810589
4397814148
852589046
13161995747
10949728063
7026617945
11288715800
17762475349
18026469650
15662127600
8616367973
12573925579
10846958219
3886014103
1769322797
6265848653
339822195
8352588886
11714920923
2277002992
12379009498
5526459607
4463384772
2563908530
17596089668
13099275605
458969716
17527102732
8146087121
14960636198
6559146227
3272653757
1873850666
8622189043
12144270346
12405389469
12821101309
18067521143
10438937791
1646226974
6885600476
16274842335
15365760545
3606236726
7368667791
2228174976
16759823251
3333447192
14194598693
13026617209
14159400625
16012750039
9610974820
10817560682
12973211762
10412040331
8063584361
13501430922
2750394047
10976970062
11078979756
12725179756
1195441035
4071454566
51251599
7627169349
14469233506
5805801398
3646640215
14559259643
4329290853
8095964237
339952596
6687237538
8341144254
16294971191
10548882052
16772089864
12609547906
7470691587
17052650437
1769302617
13614367144
4312119760
2977902557
9919371431
9513767109
12563078734
8314754071
4938016278
13790074632
5109983799
223756306
5101094304
6902682179
8667037983
10831001365
10335068738
11318104873
5118447016
2781637753
8465567780
1858669190
3025181799
16451001794
9806332359
17104041182
13406053541
12932278005
11524336206
6601289161
4594360055
10821864268
16361074359
11689130458
8061855231
7774686410
12254658927
11652132548
13159574139
2881394625
12120545021
2746824452
4146632666
8990248559
7543134793
7836364462
10431228054
13793498686
2864590157
9619399348
5798876515
7204095358
9866006225
11897853398
5849184789
10139336870
1087196593
5598731608
4785713794
14491076094
7709753656
1875208599
10295247809
17419130032
6981905200
7586168052
6664502873
2694780790
9122352907
14103408097
1705268925
3551492194
11153538928
4387461292
15435134582
11807628735
9388286942
17644482138
3701103402
2585975035
10250427694
9947228759
1529905362
3798975793
5640157967
6953496744
9503526826
6221024804
19391044946
12537791781
5594393216
12538568372
5552732425
9158134835
12845981929
17266282306
16037708248
16034123094
13792912203
16660395093
11751828786
18082831592
11697620325
12033953181
4605753919
7206081510
9946517501
1074623501
4485333856
17119112843
1365413519
6916643992
11103395581
5605312980
8302553956
5531572406
4356793286
2776389852
19195544067
6980623166
9779637281
16790851545
7969851974
12554855156
17615547366
7067747992
3464078150
8379399428
12192613682
8159782123
8014443010
1569322872
10766235527
12823959626
10320366486
7272695728
8402604316
9977736430
7564805500
7850412719
13535825509
4817463862
15276212869
17362336508
5149383543
17193609475
16167624050
9728929865
17832752006
7859015077
2174885136
1445269748
5087388365
850612740
8696416619
16910061148
1492279383
2786557175
13366965761
17138642346
2250765598
6885226638
2493483873
4646971784
5142684378
7370941849
12811811487
3344229289
3564379595
8216298206
6885392576
558753000
11279157416
6185377045
5568898193
12228912670
17518112205
6104339586
13341960260
7654394787
6393306428
14505429695
11537793774
11826179565
9368018191
6244709205
6878222627
4824194008
12382481484
6938089411
15188961295
4434624138
17076172884
18055202531
3629055414
50198459
14775866350
6197256400
4242763525
8270093192
13872744558
1097778440
13013939330
9672114419
7103169570
2401098274
8762216037
2339753982
15223187961
5485629158
3207841336
4420487741
18873948699
14797120645
746543751
6541978769
4929107441
10395519709
1752407769
2833507763
9384643293
12193879480
11274653842
12120521077
13296812729
6187230239
12695912055
13431619903
8205193994
433463450
8243789091
14435442845
1910891230
1467195628
2394772008
5326683161
11435641338
1993962752
10697537816
5902212161
9541492002
10486101062
5674411515
1530431501
4370479965
4648771585
8232472832
3644179924
5537162047
1865628625
3034550831
285330680
2367993510
12543671265
4686313919
12268441542
4863322365
15318027900
9433748239
12518853432
7915254115
12998445979
15850316828
108005872
11654135518
504068404
14067585705
3370056921
4155048660
15647615821
8743468448
1128442305
3995418294
4140285198
5943524489
14980506996
17263707556
3195055568
2130784995
12239078744
11452360721
3368882460
6994409833
14209811821
2424509800
10646833369
567315894
5496808184
600088729
1465768492
5919475087
16316548877
3648876822
633075507
11340759984
4494258839
6755224119
8831427562
17501456074
479489032
820384613
5294357811
6982864956
2060513446
12855328701
6546573353
14688056396
14640770766
14479843588
3537044754
13211174369
13329670928
1837866083
5500683388
5542256906
4881187158
9242704654
19966420891
9759691317
7120714504
10285744552
16806336446
15967224714
4787781705
6764796391
10738687769
8624376706
4492685855
14536380592
9823693483
3582337206
6704602518
8121033544
1459501085
11354457331
2794311900
16442028124
9250836363
15981624369
453513602
16067197029
4330925124
7933388345
16780712557
12946891810
2501529133
4808623041
8488915102
2702814438
9671791207
16651426430
3694140778
13654233945
5066003434
4385085458
14654766248
17896430357
10670988903
2674103032
2399707487
1958524275
16964235566
902837937
2254346507
14350970618
16366233406
17186469411
15415997256
8569151427
4075799136
13806896960
5513303848
13086065058
9807228758
11366413976
10841524247
866542893
14284724471
1925102332
9592551613
15636083650
13681858996
3126745508
9915835350
5916574374
14395683890
15396705799
9087008895
4744547528
3604567003
7436917932
10140671208
14846972148
10056637782
18292009863
16241471739
10264264853
2700703418
8739799780
7226890624
19620839260
176349235
10115095314
7353408497
3095216849
7149020420
4996556667
13799616302
9740283848
6387001752
5455649223
3203862064
4743978059
3581615879
17995305551
12316256654
6394154046
1666796789
2112993236
5371613140
7686302810
12737547619
15593601246
19163981176
399319400
9087103667
2965278992
5962564649
3928382644
4739987057
9435565727
3588591221
7255284860
4656295282
8386661245
9315870564
784258548
13844917973
1937289375
1072566970
169165548
12577116639
1786467521
4699301696
17699314296
8526352008
11330450929
28261961
4532296663
13744866158
18481584775
1489057324
12047533713
3047608592
6785649911
10583362652
1933684454
11614238443
3880671866
10526833780
5546455765
13103979019
7937483536
12605548781
5375164983
1097303573
8725718156
1486610337
6605579208
14789213576
8238062093
16907178652
6659656973
14462604264
13146202032
13071134616
17687049105
6483773798
11622116986
18759615949
19995066744
6764754741
14587887078
7058934183
6443991383
1404928092
13322675738
4003003220
8848031950
8853127567
14605504690
3384546356
6451328803
6072948724
5988060899
353715774
597856940
2340349133
4812850483
11244103605
11589204891
9764386983
7781959789
13072835927
8045420315
7674638342
4849540198
16025635065
17371267669
2746633624
3103965117
284659363
1996029923
14530821658
4077852642
10459909244
9332522917
12598229204
901417090
3547340325
4073919202
14237081599
14581760117
4493838796
4933447836
4700582947
1272927950
15072275705
12006647278
1287775620
9122008314
5598192594
4206623135
4693979316
6162517141
10675342000
16095632786
12606332787
12066542319
14498077623
15231829258
9586646705
13713014533
11112073059
13798978953
3283189112
2738670731
3643766341
18933484058
6809121208
8462541704
1783319738
9546225327
12620920052
11132876690
19118721869
5204410466
5346926117
8791984124
7527565662
10568221242
2756918384
2066640703
6015401306
10035757171
15115996716
16237718143
12475105421
14393186512
10855037653
13667743213
14549807156
18856729157
3549020183
5046968890
6292377883
6863646790
5687739109
5563541627
17202231826
12451624419
4127428205
9994556893
1437653986
8800591333
12146680265
15608419078
11455467143
15210715221
14554500491
9436591223
13399936623
2030361225
11081006485
11756816742
8233019085
4624785056
12618438145
4033785345
6766445466
9245226166
12644929952
11281566456
4422887636
10854102723
15539123158
11196192952
12184261775
3891203792
4742249109
5560346469
5108459487
3778965936
5360370370
9554648078
4013051564
15880553060
13056004436
10742228091
9850433002
5174914090
15839667410
9071149626
8382624377
84399696
8900273145
11715044851
13118896144
6639640947
5890851712
15924549747
3248366473
9500405329
5109858154
8418625676
7975933255
628788047
2244734868
12854118122
9100426392
15464813886
11062139710
5756362262
10787016215
12220161723
10904976733
1766394624
8667011162
3462507755
9831717435
2195473029
17698592759
5238232412
10205359674
18108296313
5556928819
5165632253
12279633842
581060846
10705913989
10097612616
686422165
5587178820
1972546609
6357889492
6154953630
13049016100
2647687730
9606791691
8955921736
5202043814
19454111082
15603408423
4237534094
5647447697
2228972926
11448904202
15646768805
10801180880
6533540947
4027547348
17215197300
3317848367
635799933
11762081913
5662473904
18254065319
17072106369
9499059498
8713014420
10102745301
12607643037
5140124415
16149891713
4892544806
7931838320
2293142452
9551025462
2408243671
2794562821
7653608710
14207513295
2067860141
15533879638
10938895777
2177819081
4343265218
5146160291
10209966174
6847680741
5808875032
13645676084
14919525367
13147958859
993136278
5705108672
4899927365
8740190207
8130811017
5403132382
8495939993
12912228629
12460800127
4501390372
8087334340
11637824477
4338889425
3474744960
824106117
18345062424
2229487558
4219052206
11310999129
2564844962
8268394524
8147085437
4206701429
3388755309
1842541334
11246389335
1617283640
17841403673
6221181356
14408851683
1537334620
14301087790
14487365959
5122949929
3125911668
8418625676
13718993718
7103483652
8346359479
6949366161
857593672
4006642673
9780605757
2585652011
5654558742
15171362154
12974599024
1797788515
13931710578
15800351137
17341209933
2948485137
8885816494
11585143256
15133309111
8791029844
8597531211
805619112
17177953805
3727628949
7154591975
5128468894
3807747680
1742489762
3477513439
14576851973
3928286265
385785508
7388741286
13434986255
11161804401
7766463624
7128005569
5150975287
12004579937
4380416626
1673742588
14981200545
13755561920
6887181575
5347303956
10930784223
1560790801
9600085726
7654020649
4606373045
16931559776
8454274405
9798586992
7983625055
3027119087
6800194852
11144346690
14237353157
4886206346
11507024194
3562574478
14181053589
15762458258
12837932851
4707980795
18467624082
17089972947
13710380280
7715676845
8927104209
2597973003
9735892236
11197701436
13981676535
3756652279
388704997
14637264369
13829329618
8853127567
1165968313
18878726142
3108514009
5870871331
11250460272
5142335948
9730955157
5565089148
17031883797
14315315142
716921151
4037913760
17196012560
16041744612
10042910906
9556606187
18013693493
9487353548
2031641657
16692843246
1490817932
8173370007
10447136032
9993080934
4478016851
1760444758
3681230530
1856260372
7865268418
14952907147
143225818
2605526910
13100017622
16313925829
14029228794
419880863
7456259648
10717813076
8011557503
5404823081
13694720302
14813140511
10549770461
8666426347
3113005754
11657668527
7204132791
17583972387
4510805889
6800965344
10094645512
1844692915
3402975950
5259219040
3605667471
1591661746
8665395215
2529741431
18030747796
6924577770
2442496464
4980219671
3619594914
10996583019
15583216986
10581607570
2788582385
14195083863
4498658215
7534585972
18075066755
2870018986
16431560125
3459189426
4952545585
11938117218
12484386725
4102628537
4344008357
3826558037
3252625319
11666233828
8328359205
5403658975
5858157100
9109241515
2777168881
5675117128
3506391098
3800343719
3302470697
4258133524
4046952758
50610105
1541549927
5314729195
7004756285
10559553171
2391900043
18211953503
13354852293
6390038564
5243180449
5083738860
124550007
17212779872
466271450
2862793324
7398842802
5141614136
16293457424
19222081112
11822850693
2645584076
7015764118
7881386908
10623493968
3230540113
3676541671
14894821967
11810156639
10851421664
7104466442
14455695332
10754698399
14579648720
892018718
19355289857
9574320831
8041212746
6510563877
10593585931
5250371433
9710976258
9640350496
5555935386
19065278918
547155512
3158326852
9602181001
5570606042
8068262199
1874435051
18754928255
7165100529
15366427719
16016907224
17551962469
3851153671
18464626676
10634285707
1008852828
18586951183
8794534684
5137389464
11537813945
13995483216
17355070268
6313983135
13707516072
2592888241
12049546224
16823570168
15990975301
10634442132
10644867899
15665621436
8984261754
12918183907
4797261313
17995305551
13538733761
11114102298
1529208556
6257914963
14990790375
4305248578
14621013196
6915737298
5012320893
202323951
11964968352
15034620143
12514070038
14213074558
14634313186
11053901336
10624812435
1116162045
2576449826
5366032158
3798975793
10157519256
18525093847
4434504617
8780000508
8240970772
6071905343
3609200653
16474662386
7556215054
16872667713
18155881547
10121422720
420031417
2381383591
4647813187
5081553528
8237090724
14198824884
6689627396
11439389052
9993352648
7407959208
15241154137
13510982785
-51445
2699689035
13435353393
6053144045
2617030839
13085502202
6980807407
8005489183
9585199429
2576400447
7536839826
11081886638
6586428346
8367369280
2858015517
10096569445
13438720915
3786668184
10374457633
9196843784
8747919042
10350187310
1817277053
677898117
14392409432
3319880798
2583003653
5291876020
5128719016
9168080899
11245828545
17336331600
10412574517
6800774662
7467116331
6799774715
10088280740
13201244803
10511420721
15453090207
17354072397
9907571142
18306477669
1015976827
6607439886
11470421002
3851254309
17726612117
13602206459
4667477577
12632550610
1262001852
7965190064
13129816076
7715969407
7839863058
18003494133
5911311197
4955455784
2776165090
9717359610
3193881078
142726430
8655887732
15694861456
11107616227
2096916120
10639425937
9909625566
15561624283
10926774190
12502320151
10654966617
16700522774
6575045665
4109744059
12155297626
13644733476
5357438788
8562978893
12417206762
8490073308
15650410314
5003344911
16915064673
11810786145
2929391932
7846488321
14172168800
2084865313
10266870434
6332505310
6440948605
13871982073
15350606841
6393686169
4552841375
5511596331
11446493106
11756168279
8172168570
5110618976
11298730158
4714022713
7575767364
11507672969
15766052214
3919986334
914972106
7132076003
664611826
10351638559
3496503156
11589533159
7253458314
12990422739
6721576357
15679102061
989300761
6431422514
6029333139
9175347087
11828455326
5722507561
15916966075
15268400821
16218122049
3447705466
11849804769
5673959664
18192868249
6067297778
12751693126
14189758609
8496495603
4483976910
18070255879
10593394441
188692809
19682372609
1395888813
11454137364
444967751
18083662869
15610548607
4620235901
10500452692
15726007994
36333068
6232299639
7626786956
8265866303
6048820822
11153538928
8948985433
13667947559
3820226732
140645323
7774686410
3241218377
10369400288
2067406694
9794683424
8089509615
2733213081
16025761637
14004861357
14683553668
12242731838
757385414
14196915759
3401070206
14631998235
5493283106
12570312670
12743046243
5050350942
2154107676
3444425757
15312317968
3682706678
2563451020
29093560
180337866
6506258536
7849346911
7839852778
9785378851
16838593953
19833333545
5901159778
8123670808
13015788802
8186497545
14795755428
10521709642
3440742289
6161550350
5588584028
13934704679
11577877673
18987752301
1560194962
19465323961
7715434305
5228176298
7715475781
1924134485
8331559887
10053388087
11810442404
2108436590
17008867418
10189251555
523571230
2808173236
7590361014
1874101328
14825943602
9117551947
5019740297
3366025425
12616991704
2016836791
3324574141
8288783790
3060796646
3102218137
650120164
7518438708
7350951546
1982812250
5904015682
8439046618
6836741107
18458205173
10941933811
13087643788
12886991215
12573140151
3490348222
6212732408
16624358066
14840954434
682427459
1718705707
11521786941
5592145711
17739070567
5453765744
17466204908
12546281266
12714925587
15166991419
12685360987
12340113297
8993984097
18372204060
2261616266
358889563
5459290778
17913997746
16070208779
2195262957
9374083796
4066180495
6681022374
2468188975
2467390295
12922098583
4361184834
6340732311
2776699776
7323658096
12744091820
13868403246
5616023163
9028544828
17680677773
7427842227
11245542671
5124726340
10354240500
2245604221
3272328035
7766839925
4046283511
5933887181
2787439804
3304767080
3993328848
8925576578
2496975437
4586762506
1432821866
5919994378
10390944800
13780268332
4566051630
1244146646
7593169802
12490584138
9707113127
5049908028
3482935612
3668923935
13885230551
17972435160
11007970629
6232299639
4207732866
11384565359
12986587287
5119175740
4289563221
17476743551
6251655538
2048434769
1572926825
3304285316
11668495404
12494914473
4409437987
10064993462
14063587639
9587868068
2867578470
10209469458
5281101055
4788790111
398606486
4828138035
6659034731
17572009294
4655971505
10099995027
3442315190
3345598483
8597863395
8314444646
7347763294
9981520609
15084530508
1142259065
12845981929
8380583003
4027840260
1079495637
7388567069
2219711647
1153273152
11765988726
10343338858
1560194962
1977511967
4940566796
8057060310
14817696020
18730085306
8287291840
17894238902
5891252084
5452710897
9977962304
4325358581
2885199135
17674324308
19349443485
9818188640
8120323343
17572886419
18830748553
2854431385
13624029850
7822219227
15991271335
7051725555
6935615863
9196351949
10097311945
4567854905
16087250840
8377650001
6355303897
2992030424
633988343
14770758171
5185517634
4474987833
9266551671
15946377983
3932817482
10243830559
13935014937
2556114449
1816400032
5150164621
3725571033
10510244727
9100063636
7772214074
17804097996
9957778743
7451038485
15574331034
6316826932
6094093328
10876508256
15314931328
17586083824
10851989567
12889751026
2770635148
14418862716
15446678291
19070236518
12094202094
14744905402
12334704109
5202833405
1253114652
3658857870
4907973429
6160830205
1395455771
19849173489
9481645682
5831525871
1716934599
4366381402
18990310432
6837644439
10761681913
16624026936
15699144924
5039487720
9038926345
433463450
3380131348
10302830275
1489193579
15293291543
8849663519
6232863968
5417588706
9501076912
5038972249
14008606367
11113998838
10727798252
4108515240
6403586489
1550663452
108990583
8532264136
14255427195
2793783887
3899223682
9451807651
17784082921
2801733263
6639337698
11636476836
2729482376
18310292416
8375335074
11747265483
10703278182
13308852012
6856749816
14281274302
1048124368
2112250505
4302833559
17716746291
5428456556
11395709346
10248949375
2169720556
7957011694
6484997041
19542675430
6704826066
377283390
10514226547
10029738149
2977156450
11265415384
12199216116
3795149317
2253831817
8582269413
13145908126
10957603416
7247916941
13543828670
14440748443
2075611803
2961944893
7154402607
7680721431
2832094860
19523089661
117561185
8145767433
14903688876
18234697660
4239476571
17313396086
14001316859
12144909075
3527795711
15186450380
1416091172
4816050667
7935963952
1680691553
8816340965
8984836803
6023206307
2986346500
8599238857
1906699414
13298255743
7582802053
16166497327
4878651357
4337311277
197484983
7447705091
18227968965
14710634429
15061055856
11383108812
4256283149
6947868488
2075344101
15606907861
4279969312
9747710696
5480971146
7848325445
12071605156
18044605659
10619759078
17387345607
6894965331
1415282453
9225711409
5817236647
14390350774
17296207574
13824626843
9985728385
11046300441
3086725714
10685117677
3975468936
11656920262
10797886246
17926487203
8837297078
12380378717
11375579292
12413271975
1095562082
14423989137
15254417810
1106612920
14253242049
9472646179
5902012421
10622648099
3580495323
9776773301
14811279759
1691459351
6388321562
6601505242
2788582385
14178922471
7926663513
7844376402
17096497613
4417799545
6030005118
11610109415
10270375804
9399536540
2462581813
17315419377
9571581751
117350169
10481426082
18844263412
19055791220
12279586073
8259872310
8917048393
1470443279
13248755995
15186914703
7035387401
7442534951
17797305637
13758512752
17628678321
14779584207
3255979645
4947187394
5100352880
515242701
19297470286
11277135400
2097113187
11146046671
9980481381
10732066819
1707019820
12487111070
6932972285
10668197869
3917085106
5393042457
6344223201
1403916281
7913967385
6150362391
16799150568
2232116816
2287918214
2232319937
12680774603
10423849300
17145773007
15130908093
9849615979
18188861552
7045965339
8108274109
5058879438
819095894
16406901061
16422181407
8343374183
18890941478
3712413191
6396067649
5445184354
2411423247
1978547565
18414414738
8246445862
17522760612
11108338752
1917473273
11049884091
12551258497
5721411074
1547425068
14214783692
4002772343
15881267723
14008593503
13292060572
3515703806
14523636209
8995122903
4977091300
12630390283
6355885075
3265209349
18125900366
13308134932
11067152916
14199550012
1274436485
2148222142
15288153477
3870920165
3442419440
8115181910
641593750
474791486
12461599075
13567997144
5468388059
13636209836
8138976418
3602654371
2566808318
2774429694
12442080480
11412038294
10434637071
14166604721
5756875979
6787343320
2014424053
16101844141
12666804341
14761932669
7427291681
11105349502
12316040556
11727605640
15915803780
13764525894
11285660256
4349549289
16873218354
18965424225
17048606823
4588957471
8425917260
17703780056
9096044025
1035451072
5924373124
107960077
13079626104
2454801229
13650457054
5570656700
5013860574
9886975323
15968325271
642722123
11234974362
15581707533
4242964485
5726526459
3098624253
10743258441
2625383673
2901975870
2560024770
2039927949
15640364504
2025547987
13347833910
16787213135
15578120309
7870981299
6306285006
13642844832
2074241521
9483817686
7622482133
7443530272
10830599179
13655423911
1717901543
2005465939
5565267003
2560397017
2996491770
2788910685
2630316900
14804919637
7974659019
1305416444
12931417533
13394334482
18737534559
17205728585
5018592998
11430668396
11606122204
1079495637
7834584100
8312838177
8691620954
7962702424
14042684242
3017388838
14859558139
15093342215
7575585893
14559935446
7318438543
9705126757
13629020255
12543616830
16954754918
4207587346
11153817553
10281899415
5444250197
4291458976
8741363631
2250932935
3958065552
15072288416
14698507553
7534740212
7214755612
5277996844
3857549040
3661026531
9745765463
761953098
255143342
11833513565
6908452289
14178532457
8884801404
10966435407
7692914939
1896140424
6319178737
11261861993
12181978781
5759045631
8576440907
2625134777
5391442836
3862933818
9660848488
5375976957
12190747635
8294411753
2278518120
3870056400
2213219148
3810170661
10295640887
1000345728
12871766397
3508163637
2810983556
8113744278
6100038869
11233538105
4240567299
16629858287
9989689503
8260057565
2421355506
13833796431
4477693392
6729424151
549508307
4069941636
18751907583
11504425238
12361817477
16007818626
8397613572
5739432056
2502764370
10492575845
2734423162
15256732599
9533531704
3694526154
8614424774
14489951566
2662114510
2232319937
1632526550
3801061208
13209377501
13376930211
12021322779
9506779855
17295353159
4246191571
8658434926
12884977404
5107882039
4130444229
8628388721
13390802183
7995952888
6469796497
6035466598
12966323089
11722237440
17182994173
11283463929
14459644229
3176007287
10997726360
11635808412
14953004339
3545596431
18744785078
11728433948
2491040399
14132606283
11966129125
16417174265
3882835859
3895263394
10737384022
5692798147
3040531224
10280753026
6164293169
4302189941
3632806590
327392664
3125417727
6688877946
11050939728
14013409426
11945055120
3394425488
16158811392
14333008352
6464040953
767145040
16296701983
8410263242
6586655190
12571251485
9194143676
2729475407
2532896040
11046534487
8333701765
584478697
15717196653
16790992227
14315860104
8864746076
12604962592
2699605477
1829675557
1005946884
1864407770
9376279042
14930241524
18040699461
11393172207
3843114052
5395288597
8619087640
12986944875
16217321464
14690980591
19322302261
8533855228
10311932284
14532937067
17497866127
2538100094
7407564755
3863866822
1274644823
9545009526
14386477246
9939753219
628788047
15238862533
1632040873
4840000975
1643526695
4446183789
7117139054
16008130650
4382252675
3344336587
13802990770
7371549165
13340725969
8287012459
11944132036
10955643802
7204564686
13978230118
10319235862
17785610446
1718295102
9378407579
10670919318
9607607807
7254534148
5037110900
2293951548
14125055903
7751785777
16905348723
6068238211
5681288360
7476395297
687474472
231566258
13791174863
17552164176
4118183350
17325599220
15114647425
5584796601
11636828031
14250576578
9584919208
5094943104
5216219177
10086130163
12210924706
4982982374
3016928699
3787980635
15106488134
6393556497
8707284522
8347952747
4206980578
9708372980
16104878358
13909143951
14554618179
8170908044
13635180049
6477565480
13007885366
1249278047
7071672890
146336671
1979919074
13463546415
10735037624
6849465069
11448429640
7983586546
4622467703
13552950012
1398806740
6537092875
4100623677
10815116200
9878849137
5105004273
18050306782
4422935052
7085678789
9408955008
9740799314
17427921613
11836035100
4410948345
13906049270
1629612879
5325370706
14698052487
8359450128
9847284705
6211311677
4378023170
14290808831
9040826660
8717726827
16069322592
17745756445
11248821004
17726156741
2862736673
10662559497
218631687
13864165141
13732470527
7944381223
2372012181
6729710944
3267810669
2432888100
580544250
13883166161
3780515295
1822431895
6548471820
7395520076
2232456531
10519006327
1026744194
2211792608
12751339690
16489645849
3157695783
13896709481
2638897308
2667715841
14602454753
9053848275
4915771341
13722623595
12037497090
4005827
10528766529
13045278575
5587140948
2704402100
4131383756
6125099129
9085910060
11261189859
1932941260
14693915429
1804592067
3469392997
7789795956
7161683909
7740732040
12258113560
2565172385
6960808437
7790887312
7205384435
11044686660
14857255048
10459032963
9984177601
7536134653
8754707910
3339990133
9908822252
8298695854
4287609084
8844345412
10395519709
4384212448
3774668446
16821330100
2698800369
5566351604
60616795
9862267241
16349793158
16414358804
10128858515
3049393917
4379970970
10375766604
15416193252
14107912194
7162214787
13303779469
15814826674
4873098345
9352628413
13690883533
11940281647
577350898
13500072262
3821667695
9573758124
13317517944
17011324327
17151880998
3604432825
1000038480
17908355446
9080340392
6819569704
8471238779
5425351135
4729545605
7717063704
12983686740
3084804187
11423137869
6895886313
9534192080
15814963543
8344302192
17399124973
11238771223
3950705533
10268619192
279911980
11818475065
8983292661
3559815459
4719414992
7933188236
3690980708
11875960211
3359384629
14218016924
5677175575
10674034011
683088168
14322733228
360867478
5925358934
18165783511
3579875754
5856914891
9000115792
14230626025
5093739605
16422713696
17398979532
345645509
2700228809
9411124520
4626885644
4130103666
17906326756
16037708248
17699646021
6338710374
12185170386
9260565800
12940253668
6777175706
12269762412
942069023
4088721244
14403545096
9103762442
295480491
13511740889
15884812455
1756203855
6516736918
16806886304
8437497307
8548450032
8535091535
5229885299
4658568821
10898632578
7006908400
7508992325
2952952802
8955209880
13859161709
635487073
14902458141
9815222618
13594019700
2327308524
2184762471
2663556310
14570899649
14795641401
6135441893
3852429410
5968350028
10997645694
14885503833
8882823300
3005943657
4153305705
6524825315
18609906713
10743971839
17925398355
10277307866
7175532289
4088183654
10830934504
11038096064
4181650989
9821080635
8944558142
12891155952
8470900150
5240561349
8220726106
11517746069
10676458136
15416007913
14104304318
17337337924
8747355141
12902324237
820830285
12994635515
8243037010
8741615335
4491260423
4041698506
13916863129
5433073723
8941105381
11296166692
15085998890
11734880674
4393614826
4316534680
8918872670
9762175346
13512363628
6338540625
2344675979
1590566378
6857692079
7597708300
1057719121
7250188607
3486274075
15310894987
10434938530
13823959971
3866350455
15129000291
7889172115
4317960586
10622281755
4093300884
17910041858
8342684639
4565674623
3969911022
7114925996
13576482137
15913365511
1517184439
9956857270
18022163276
10099456528
3085056954
12663478925
11490363142
18055959811
3178628309
6320515286
12263574328
12593504817
9225624202
3430695535
5299037419
8332900228
17468740930
3605667471
2434911371
1836572414
6253445163
9930511027
13313662947
5108365205
3029429796
5081550702
13763301904
7155243698
13962971926
6878324575
344741734
4600348907
9224819754
16944666079
12181980177
16988913761
11342112795
1647379588
2253535654
5117858755
15470666605
17587183442
3992584222
4187934914
18205964536
3477599995
5033581535
15708683691
10808548671
15285734898
585952933
9326069978
6555229782
18288446110
17805685887
457070411
1691808772
12321224174
6034067877
16658527046
10248374461
6538128526
3638795515
14794392415
13516152954
10989834584
9275295893
5801671058
2166891014
9907775763
491408912
3185864111
7326167081
11118101119
9559842920
19096748862
6990126354
15263036023
1584407350
817798018
4948310331
667908491
17437456849
1489649196
17686373177
4196038857
7456908852
9123529386
1560438891
16722823462
3108268761
3753291860
8432016315
7043445181
6171075286
3768694992
1034704326
2056477070
18737534778
13129538775
8910420608
9209276163
12669734307
10727798252
16811001817
1105795405
1549666745
12145531354
12027518399
5492411004
7381024260
7490875778
2655955199
6654902492
6428281207
13169122900
3252517605
8803305112
10310525795
15798990872
1031010220
4206431713
10773409316
9015262797
3620436598
15100307889
11171064130
4787473588
9502517342
7181703187
6184316902
9064863374
4919081848
7284652108
6633411259
2367473849
3733835073
16516915548
7048032048
11401766607
16653681755
1131234325
9808886321
3724144303
17361032357
2722100037
14278249105
16458535983
14835085249
1444063460
2189461978
2805661670
2454230990
6159616516
3321480428
8390032686
2668298798
7766427904
12537193426
5212075592
2881119721
10800531853
638263931
1998999824
12068472208
1917837551
5866829195
17837311221
5765395316
15394628603
12436658427
1737101150
4385662142
19049097512
2499834387
11816278412
10856871539
6992580349
2028429681
7675152982
15494061029
499339647
18761607067
16442172228
9153271115
13504023149
4678647457
11048712401
5057826265
9094796985
17859153832
6544254131
11444591163
9401533429
311153051
12050156279
12117919433
531989835
7326999128
5135474508
11231377685
3864666821
10884786085
10539683486
8578243033
3254999076
10923131774
15825902122
2054958484
17855089272
2769633679
4492021855
7797689518
4031837389
8084122774
7914783536
2440566536
2887168986
3252365477
7865742568
5346704493
1337570175
4297625027
12088826049
16125685216
415425928
1005620284
11389585902
11208197345
13557149868
12170412462
5664003097
1821184912
10498419516
7755131324
8170590559
1240796568
7287319202
4668238215
9905772979
514319475
11593995013
5496642540
9884457954
16793522557
5709518093
14751803496
3617186417
5151638921
12059860461
14961266651
3720229373
16222061470
10970050797
11677684312
7985908155
3614831262
15299917966
6071905343
10970765471
6553202025
19044306301
13179693758
8227652864
16032167621
249259687
4817440245
15801452430
12200790590
12954907776
8446416494
13578502302
6746597606
2301973935
5963794142
7204240311
4401004425
4648219573
2372516467
2619212833
9623711511
7193377478
12437869192
10360972218
3697130206
260276440
5526459607
15764048954
5846445384
11977811809
12171042929
13291884651
15817064247
11868777325
8185265588
1302507426
8321240996
8098896149
8454585547
10214072182
112488729
17918956211
5437743270
13813236803
11741027477
5416468389
14395086198
16747089950
1385412248
4592996164
3444141631
2726147078
15079034397
10641970680
5297871197
15944067237
5471006492
18427255075
8303414929
2642617867
2611146176
14890094048
12813050278
4583415569
6082207614
6657020494
5527093906
8456123775
4537884663
8379451978
3213774200
9873828929
17384920834
7355167253
4268057617
851435544
6180089149
7706532994
8886803036
5546064569
1804338792
8998217769
4047837644
9277343548
15832222854
8640771778
10728619072
264951890
3679601895
9184965563
9465297980
13716323656
13512918718
581592286
6578639747
11653324562
12743176016
9534700908
12210060144
5853637025
8366244379
1599558352
1669825841
10037326003
6435681631
18608789911
9684018485
16017087094
11640096236
10456365863
1713308204
15516460508
1360646499
9400044952
3618639118
2326751910
4070138418
17395511561
7759344957
7921808700
8684732013
15245340892
2579543482
10559848194
4511918878
7133544198
16153863820
2203704567
315895910
13925781312
19946673332
4062305329
13805909604
14126173819
6208365720
6563450838
6967769725
2736965613
9146603992
4417032284
14421232867
10948979369
10350435949
215067522
7030045366
13130082371
8291277048
15155056329
10387717076
10112546495
18023411806
6655324940
8706726577
2700688264
3814877462
11941256198
10482216144
13747636639
13753541065
10462446450
53090346
8479048062
5806761372
5716884875
6182348735
4029855662
11671484052
9588611140
9871012441
18342393514
10467404718
7859875663
12329121847
16315581354
16315580968
7685758723
12568652078
2245802368
8289421653
8758581469
13157793120
14261012013
15270758494
11305980302
5913686117
8492104059
14355842773
1715332535
11788121104
7210965414
41089557
9104557652
4915637367
7328600869
13042686880
6233385665
8131759735
8410152224
9880017632
14463202662
514162584
4427835538
14444031773
7669863735
15014678680
2235164108
4405832581
14885029566
15204478789
7410244405
12769533186
3780509471
5250882954
1467949153
15251202555
11154053403
13197000484
11870257632
534511732
6807491436
16035818409
13961679864
4298843737
14575727682
3236585843
18047304443
6768879123
10055339353
9995084898
2635695006
2377783675
9681533058
2542092279
3714889677
2194047562
7837328104
2672843210
3613206536
36991048
2059545963
2931062479
1623633632
5762756771
8536335076
1523928378
17143987060
140374589
16902005744
16380092515
11691653194
8646366839
3742945735
2441798707
7153995443
9978407187
12939449404
1537483521
6097100808
8121049743
8905866650
15079004085
3807216369
3195645442
5046093278
4853453134
17065766593
17539100785
18355165262
11720437129
2976720303
2279039230
8909892787
3458604420
2669409150
10622357768
7023947539
17074920449
8262352393
4107619401
2050919404
10049595577
2303063239
10183614743
7853521049
9944746322
15555523055
11834933541
12739439445
4178878937
14133229181
2200572044
9289153144
7198413575
319307558
5431213773
6362679749
16210843426
18332450868
451855290
16862283141
3896991676
16395136904
10529027867
1172992358
7044947099
17336905899
4725139656
4790440462
13434639716
4889673927
14130156033
7024438122
1187853721
11569337308
13073751214
9330978588
2232931179
2893329563
11031789575
16036427068
8480927415
9055782758
2701215917
4416536667
3780051814
8589373025
10022393225
13017824581
3538914473
12170795810
16158455754
12472564504
8962439911
5182119732
5902958488
8783286009
4947187394
13349862160
7323035746
13968590263
3936048326
15488681322
1184144484
9320477456
855403187
11346328822
3302789602
3590982917
1509627630
5710734631
2997963351
1734952088
17505864895
1402069218
5130096968
10833873932
5305016721
558978919
1709276888
18665261843
18309127638
1505623687
15520531049
5867509635
15690240121
9620647850
17920990875
4206837642
4301565279
15974165193
5080222491
73928680
14322407057
1420218764
8318351586
4512169915
16863061505
12667043631
6157227205
10623298375
11557665062
8563189513
12721484233
8955595689
7058588948
9124690413
16496680464
5962766570
17272413627
7835056679
12412042860
6892496129
14699676925
18300284729
2562257875
15545856052
1520196588
7775037787
2728164423
12553758505
2467390295
5494673316
6071435
10594044505
2650632243
15277139410
15255758662
6007685960
12588223908
1798787550
17161360097
6909443997
14171634738
8431671747
3196628776
6243341145
6293508684
1245885305
6685276629
8275235225
6908772073
9967118518
3451477305
7993968359
8415899432
7229208475
13431696975
7833321234
7555784893
9705504416
4938257765
9617720229
1413819267
5908720684
12311646222
2795153573
9380935089
18692615909
10762301853
3101236812
11901580849
15702509774
4199643098
8801509084
120877415
10643407454
11612268715
9299165513
17492949803
13262430160
11721769809
7715952010
19018027314
8349310052
6058778560
11742240278
9349368544
2132044726
12550123207
291401821
9111086808
14102734827
3765088592
6677681774
8526813531
7790075185
6076227552
482331698
2593302098
1047317714
11031789575
2854082649
14264984986
15663161680
8797221386
4971807389
9858065848
12030527169
16504523586
6486631650
4537340409
19417618290
4889765139
6213183874
14534742136
9226850312
7913105952
4823852864
8272946358
10767190088
10355849059
4435580448
9026508224
7204017352
13755254540
10649095656
3519843452
14063885057
11816084847
5771970533
2632183948
374831499
8106997182
17058288704
11623181405
5054274358
14216770297
14771685500
6335914623
18334277132
5384225104
13906316239
7555621174
12502209199
1259707799
10404886238
10296159949
14909988267
15038054089
12968677308
17359474080
4691490236
16299943438
4718579677
19676408022
11926528207
9633846090
6484222256
1693078440
1337275237
2777906113
14256160961
6176798533
3903127020
8782372792
7306663491
10516814055
18291307207
4288006966
14637905612
13308765357
4433876213
14918686064
639787326
6102954223
13076341806
17656620343
4051311384
18219966751
11383611824
8502340928
15167949958
5116306877
13081590637
8297423992
14387606294
17307097384
5754556505
10709012286
12839644779
1927089399
17362774920
7803503736
1042952539
10922679837
12371310622
4669317609
12573470008
4253099040
6749571026
14294018441
9647755122
7136390064
14508827697
1724394838
9153597398
16611441669
4639416738
15101731125
2088678243
868911955
16908013681
13107477771
8319130549
763351145
10978903079
4246867187
17972435160
14598784647
4853681492
3609357869
12651304743
7303758676
11777349377
5134877262
10528805267
11134897414
12108145615
10359848555
4279912424
9689597618
17048417100
13384530018
14205016824
4240072479
1676486605
1535709661
11156194890
12990420698
12692873351
12628689354
7174800991
9689083619
316002672
6329329564
5782474235
8847242262
1700836144
15920164068
13306158316
5998057459
12419755244
4565260868
16312806379
8778418411
5816357642
13438723874
2384679037
11771882530
10956962990
3300227834
6847139957
17952779377
8886826225
18050018863
16718547075
6363025345
18888929010
1942689130
13948259767
4426436000
6162349597
6302581536
11686463057
10227337170
618590997
8649018299
11737420391
5149383543
17587105177
13380288570
10171448691
12251510037
4459229025
9286350276
9443850919
8863215826
8405783657
1233872322
1002681020
12674560019
11111531186
9905239082
14030183277
3537693363
6499783480
13295328191
10982711245
11857710999
2568408179
4853599835
5991229533
4016713856
9847284705
15180775301
3851981950
8785172834
6564689670
1123469996
5135936706
8038096442
6424706610
1615650941
11238719425
17435896548
4080134483
13959127243
12184489142
8319130549
17726291399
4721351298
19084451213
1906119199
10051426319
4375031359
17792286434
665527260
6939677395
4177577231
4060016767
13679245034
3673139145
14207613949
9750513974
10030618392
422948379
2174301481
11771923121
2091632259
73494251
11068645052
1088583689
8995889469
13816744268
2702184150
1657561316
6565021754
11103764644
14782029939
6183239236
12283507055
8856262190
16379286471
5802901890
5802738416
505665780
219445973
13838344284
11543016082
6101501827
14096590350
8173370007
18175660047
16679574042
17275206338
14315319117
7656033285
9775733854
9435565727
16035082600
7945663652
1279241754
4206625834
4476978368
3697281534
2641361379
4443971129
7242727498
9930412804
14871374566
2792007334
10998910633
5344747420
8324852740
11130025207
11108812596
13115085061
563166745
4385174833
2852714038
13747866603
7665442419
2278164956
15409017563
5118382385
5011075154
975161964
12970165138
3359415026
11714667014
8312838177
18229395531
14909558075
1904787343
5172107851
2951668033
13078988391
8505758762
5739048701
14504292449
2302688764
4089002799
9628271409
12245274578
12412753698
15308229191
8364292417
13067363295
9682920104
6908772073
6667458287
8202591455
16373225565
8587314404
14728396299
6223987882
6271403496
7155792484
4307169959
5307540472
16318266691
13693354026
2410196450
11061342207
8587030453
7878002212
329090310
17950599951
7579283732
3564447381
6755444697
18046992570
15743400126
9180267560
10875990178
6712620612
13047052264
4468810968
6262549580
12194855388
4814954064
15603353395
18336606662
6730802904
17399359785
10136033820
15058713135
11470583710
11431080401
8312165401
10459056833
4937682221
10423036942
1567655844
8230270696
7048352986
17250313332
6015865031
4638546052
2881010020
16422542055
10748049951
10759822135
1725558292
5502631927
11177351196
13848660232
4379271946
6556809969
4978057449
9726719532
15615783632
15416071430
1389488742
9130363596
11397458318
16406842333
13577966089
7499441807
16432951967
3701110885
43295868
10393774469
11141708532
3781189517
9088697854
2578156732
7319910781
16824175396
16119655759
7365362561
13274390520
5949633465
9638476583
4570482389
5762025047
6265719525
6682696970
5618375349
15732337857
16433068681
17716552181
5062557315
2962337364
13345392465
5048369195
3447610180
2776325934
3128314423
13594074686
1507290831
17720684515
2385201279
12642213916
9956286342
5600412702
5411941137
5014497739
3259167071
5274656081
9545977605
6399885112
8888466417
3103126489
18452575452
11724186869
4309436776
8441477096
7641454943
4247273552
9104757013
4935100085
8956382899
17293588986
8424985914
12076895747
17090102326
14847686068
2278695830
8423087895
11742459977
16277436063
6770024277
10226048084
15725166144
4387595313
13802844221
7675629123
7097184646
14106851355
15843406653
8498654476
12162826580
4728403335
309050488
5831676903
17521857585
3680723412
3864752607
7551926260
15303618924
9965411307
10852301120
6651642254
4532902553
16094955215
18336721817
1393445836
7400933109
8255069756
17615551007
2790636905
11612770919
8707593844
9346226501
5981913584
376323498
10037391819
10183842634
8660201894
4667495576
2562301602
4178335630
5202779705
10906459742
14956944879
8746993785
12073353333
9113503177
8155278189
14011575886
2925239877
2030850996
5037529105
4433924742
5284476054
3602443599
2383638745
7894194234
15213560420
5358995517
6197139969
446514611
1792385867
5600570719
1676092866
13921027925
2746389539
1620585624
17865420448
12128616942
3333447192
5841402479
9673931834
366476099
7846893384
15317550359
9307319861
6164293169
13981005385
6668190981
6297425115
8134309269
6012860445
7061832468
18077687923
10563484119
17115200480
19357247079
7710887712
3474525492
18073720167
11493727960
10499049687
8654675491
9414180364
5273408697
19032579004
147853986
15736195422
4433876213
4327512472
7045404091
15501233611
2485884441
15575731861
9179577392
1342968078
6704840706
18166724191
8476878525
2776399447
9999723281
8522746780
8386694051
9999440855
14323776322
2238096045
6491638602
8157824478
721159882
7717724315
17223566646
6397400241
8245636036
1222081827
6540447676
5873307361
4432569691
2195473029
105054731
555156508
7879765978
18706675587
14539484772
5436867730
2254349738
15611797578
12731933042
481849644
4918613444
10061992464
15161795813
19041585113
1615014746
11053512852
12630482119
112475418
1832180175
4389286008
2287669809
2122948788
8350102470
2103851807
2012229136
5571617983
742733109
7874789238
5648153406
15366327080
9027049007
6713659072
35075094
1096548268
8536435867
15959624782
3634886822
15583135408
4106230224
1085095295
30079131
4241097504
3954033768
8139945779
2484615161
14526697182
16215969300
279610243
12456434959
16679615197
13590822696
16270376379
2703933969
4107230611
16433160870
18557936199
4408013161
15417194956
7515913234
8260475653
8719729073
10073461997
15250662520
13039946699
789602342
12022771616
5772896337
2144558805
5817449571
14599212419
13334028754
7431081845
1789148507
5924440782
2302008170
19173617052
5280356211
5748965333
18142764123
807905420
2745749682
4608091634
5833022833
1411608357
7525449259
13968274405
13673061355
5212515243
140645323
1455004055
3603231046
6384346853
18261947761
12230661553
7328233427
13113572948
11331365735
3336051166
6993933327
4433919081
7312039830
2868278117
6330092177
15940569318
13987901649
9715852863
11517690761
4643857071
14254441224
13928245948
2096467215
934647344
5932631562
13975513504
18903316395
9545900244
10538430514
15551136971
3723561708
18086144426
16373392150
2269221926
9513451971
13700598959
2281846007
3257399501
9730760422
5865713279
15952877603
8398217598
224753094
8635486405
4448076689
6093203058
1680691553
15901360756
5178168086
2795226752
4141808874
3382923957
6020394790
5565089148
3644386057
5202043814
4281765954
12836767582
1323884583
15763512069
19403529402
450450622
8589026264
9239682290
1986266573
16098193031
4870968984
14352596209
4433661173
16422000839
1920390285
3846781124
13268881922
587979739
10366626734
10357864386
14814312260
11439095028
9819359779
5363914853
3474336635
12603581973
5430302816
17188664019
18798552956
6351891163
9884276648
8838117111
1929554689
18034639243
2821502815
8340380171
8856502628
10211154040
1617722421
18806715482
4025203487
1183851675
5118447016
1503829260
16220602000
5816989620
11529201417
8135027621
11746491447
14726602530
11298575031
9094119420
12837545965
9690553014
11461066370
11845608915
2041332056
9470551795
7842470551
6857540867
7319397679
6291911445
11114992484
13887380037
13863061614
10922295600
3566073941
309357344
5291620605
12286533232
13829295374
17862301693
7065901188
506084990
7674720621
17721268803
2123009237
10325186458
3105131497
2232527341
10478265695
6735630860
7788208986
5561990192
13956957612
7360501716
1080670153
15148366396
7080480349
6100870888
6543364316
3193663335
13405730256
6088204058
11349719119
2541818572
10377220629
11135388333
4290005748
16022141176
9199806442
15680535498
17423527612
6571783704
4206507120
17739470560
15331884668
17212564212
3188556434
14394767889
6577808184
14877361169
11724314690
11349281027
321497699
8737820456
10440014757
15477866981
12470754112
7058459008
6597746411
3852107157
14582518855
1819623276
10380030697
3659819369
4075114885
12008835687
14638778356
10848653958
7214755612
10906852765
14947262067
4419732875
10431767713
4855041725
17690500605
9952999780
12263446838
7726218352
8458236411
11396393674
1560217042
10928253053
11632689524
9640500148
4888518266
8867359567
15277055980
19574622240
13732996545
1335727772
6195427743
13045039157
9063133228
7187621684
7047817414
11764835052
2279039230
10008427299
12628945230
9059000306
14090364683
13796047124
14991668415
14392417421
10850034934
4916602463
8338245105
3582276624
4799767975
4987896714
5689221728
8105920695
5288408012
15910584979
8085898282
14270043128
4725925462
10133443172
14610003060
6536198370
10577016477
10311669316
6051817749
4323020564
11388230972
2166065355
2592368837
8134470659
2767330678
17007622933
14394351394
18909512731
3481527736
5448400937
6957291337
188785816
7174799956
10269334583
5046093278
5293182102
7823000315
1789052163
13490783519
7944520094
3236626420
10420968901
11416785748
11806356019
1342642593
626272462
11158369810
17417411247
15787437954
10058612839
2777006468
1998334794
19355683573
12376078255
7296465214
682804343
11357581988
11689016334
4686794956
5119427234
19370398582
5762625799
11207253471
11151309672
8038163277
887062210
1035236334
4783229854
7497981249
17162498178
14510550405
1936059408
12944956529
145175360
13838903195
6136501241
6034493600
4202255687
10837924500
10568083658
8794329908
7274202904
9602340897
3808340741
1070981198
9684885392
2176167849
4795127244
16213763998
13271247551
2017200338
1715531153
9655319807
9215177394
5470874233
13086492570
3102816218
18446983892
11658535974
5256343875
13292335162
13396946049
12166980421
14139540193
8736419733
7672069920
3000861228
415618941
938469044
1164700368
5627953536
457526684
9629254140
13139895663
6532885926
5239660224
16864418395
3018103953
8010200289
6802212964
9254324891
10378384362
5584917011
17047755438
12251471745
559520966
3100811299
3890453096
7412404480
2971768598
1795965290
14540954993
7811926457
7961050194
17590221573
5047933692
364552195
4339437557
3501053304
10150974945
16074629017
451855290
16742970828
16126377220
16862331804
15145269152
6240940526
13124043145
13919055394
15315224797
5902694713
3354351922
15188133675
10347702522
3455165566
12019911665
2658465918
6328779641
5309310848
795939018
1830998291
9944990169
2332260294
5559746595
2699605477
8230696474
8227325037
9027864332
12903076157
2029793245
8183392896
11825867948
13697647430
18357978377
2676032533
2425344607
3682906484
964292155
13395885845
515283417
153548414
3067123608
10646133976
8061855231
13793175103
17129608497
3825536619
8861161122
18452209065
7490275733
2904014026
6891902034
2365491375
17446248553
15922309233
11128664993
9725071043
8389556048
10712729161
17943423683
8630842548
678714647
9439387770
4489617373
18141566328
7702985205
5385431429
14689856794
1689349864
17590806039
3167538165
11757705320
12661524531
15606025235
9144796756
2252305590
8594698084
4931180765
3310683675
6208292402
10814444071
13421233559
9187893773
8222721722
11730865044
3303557344
708429200
16513367625
16804519035
8963068141
9441856149
13625441739
3332123249
14350178510
9200838020
14138231783
9789079924
13757474966
11754890693
2286221095
12022210818
3974439021
3908533766
9278285426
6988031052
5857629602
16159014588
15340101230
2541047223
14774879145
19874968686
7435477790
6944252813
13905947558
763156915
6394483454
3834602584
7040554643
12697373298
2803949957
15533677897
13108932854
14476227014
15898034201
5842825976
1368653104
202685222
18148422692
1601752170
6956676355
7338712856
10206230826
18144870637
15338149213
18155074546
14984060006
18381217987
9747417697
17444458107
19664873070
18643377159
2437003248
10874456082
3738202229
13885437140
6003050427
10162750260
17718095511
7451038485
6884398995
9707912702
451958413
3910656592
8156099515
1132215138
576257783
13570572598
7688578582
19925304836
8146373987
3544109640
9862364888
3526892557
5594142498
5851701720
10969944710
357127690
2087498477
7031098673
7789769230
4824725340
7232813666
12382224216
1630706418
7555501882
4109729893
17508711299
2054552979
10720847228
11529388844
3580186892
3764021160
5836675044
13330283399
12141959022
3526276543
8665781720
7755060750
435149610
6593569748
9086339918
18871187133
555791645
12141206141
2985341232
9636382542
3753417406
5064721649
5263256618
2728710515
6607764460
12726034421
2174076352
3670858221
13269998285
12034159963
9736245960
13236891575
12561647396
9909599668
17723238107
2613435699
633988343
7865786767
9060340153
12309428366
1578207292
6920752571
2381879291
5338981103
3015680979
7512077337
2947789426
2252338639
8230696474
10205170109
11743266733
1140762407
15510749595
2879912162
195340779
8161767797
5344388545
10963501101
3566043206
6445431148
15106259524
2444116615
13883298555
231435091
584478697
5553514804
11695141070
11609991176
9643946604
1230994531
5550708795
6582354723
17551009507
117184760
8890151042
9757523123
11477140032
7621503468
3663607001
13884042435
8187503468
18507013203
12228604645
12317873933
1791076560
13552000298
6219560140
16748129168
4953796571
6999122771
7623058210
4567911393
3200526797
3142090016
10727497492
512100467
3328833048
17440338467
17721983825
8117605200
12243312994
1330555486
4652663075
3281393898
10925099029
15358098489
18570393144
118329157
12109511209
18524172581
16944707950
2441306574
12918371984
2571166808
3843295547
13416897329
15071013498
17471122679
3439686902
10392595572
2031407919
17980118150
8447597501
12075302099
2447589495
10845733262
17860432051
19541321938
15507785222
3018216702
11345397702
353206519
12692280256
13408506729
16041155768
8139982808
7480757552
3327005260
7872148790
13929659326
3189413674
8532012901
12504311448
1566621257
4357094026
8102351453
15347551249
7956273219
10463306345
2096986771
7767785571
15771310167
11557068945
644671602
9531063637
16573191214
571820733
14895888582
16368126935
17657560390
14498772219
607150798
4550961747
3724065927
17476640443
11321934499
6428439692
10191263454
16020812580
14672763129
11711564752
10450517141
19480427825
8154542712
17114901075
1415379966
3158612861
5501184711
11246480664
2720636060
16045672818
10795287698
2880047573
3763704372
12278358666
6919625150
16690443569
7658399437
8946060347
11393243369
8170912566
5926869111
19412631958
16939038085
8246959035
18884730881
13932611120
7038035672
16748917616
4542829258
11623080855
15506919417
6246005389
3830721159
4993705759
14874575739
6554702483
17674595618
13201341307
16645235886
4489141839
10781055548
10871613869
6740327555
2804877648
18052627387
10088656285
13045278575
1249278047
9798071343
4181650989
7767433006
2801733263
18514721119
10230659998
12584812855
10064993462
2797200690
16452831973
11473257901
8480449573
12722109857
12148912013
2327005525
3984522549
3216688038
6220434292
15539568179
2729917997
17519086341
4766913837
3842075999
5467804001
7177467039
4556321665
12344318786
17216687792
1659775246
9980855990
10502283821
5115265795
5119085515
1067598907
13887972499
8715882633
19001337708
6078720928
5432173274
5563142115
4366401020
15333944219
12720812145
3254866540
4364999037
7802978298
6502282783
6243971781
2196710039
6577782906
13803554953
8531851850
1530151409
16349198674
16320856551
418883822
19504654752
18053649598
14521506440
12117866911
4452503325
10279695672
10988735525
7812898322
3157577246
10478591956
7320906681
4744859706
11254749506
16635504965
13203187658
7412240310
11026656732
9685882388
3487768106
7780784993
7000120107
5038543224
7454708463
11175985590
4599757575
16388835028
2286721311
7698548633
10493647292
681018842
18434704512
4205928577
9023282706
7810472814
6243359451
12683141593
10911665354
17616367396
6832666805
15634304299
2160409719
6018754758
77955683
11273013518
4714598088
16015282339
8696635835
10373001304
7328817885
12697900225
7812881164
5942521839
15020396469
3135304764
3068464503
4565536640
19103226728
8375409620
928714033
8614626970
4931986835
2166554664
4959765585
17018417153
1543114422
3550458045
4699212623
8618561117
4883725971
2997819437
16609541047
5185913784
3597294751
8277375821
4306077257
901429657
13028159760
4658354492
8235743119
3890383706
17476429605
624440025
12025510317
3478041596
5966226237
7617716564
15017366293
14960789412
7648032067
12971185183
5258436359
9673109819
4026633828
10972503995
7318346557
5141589412
11449577672
14267013990
5179707144
6202965499
10560795111
9153521797
5869385935
17342439549
5505970541
10208150469
8110174155
6969807615
11973117153
6072669104
12248153720
17245463710
18043700692
1283976530
9586736959
3361186173
10029780610
11355567613
16093654205
738208780
12462035219
6164480778
12032217698
5662771358
11919037726
8502340928
6067238980
1989888841
10146681596
1951798000
61615391
1246279674
17167699239
2927633969
5064721649
16168469174
12522223600
7470217665
1486237728
11444662913
3628078628
3691729020
9096913225
14694077181
5301805331
667691116
4126041418
1838536856
9380425337
9578838365
3061528468
8171706205
5138895763
15646145958
10448756897
2564529325
11100693012
11545599157
12516213024
7615933856
14225483110
5436841715
10356996464
9088757193
7628393397
16324755703
2447810283
3385821591
10390095427
18843854068
1437829150
17947251335
10487842585
15086009758
16638495444
10573451273
7702290438
7691127085
10432933178
10532770093
15878645680
15954197677
7152607931
7668605271
6243451542
16276566714
13965917471
11053220305
8463125504
17781367114
803480012
5564512125
10259119260
5100789298
8590650706
1236981196
17768447710
15426641198
10204250161
7278853290
3860680589
7701144358
15498922589
9199339173
3446801442
9830879302
3158030341
9068197029
9022125093
14079491982
7004815109
6141505147
8132290304
3328633243
6085873626
1198043125
14770293856
4279167062
14765392169
9918062096
4037899159
2455637328
6468129929
3796773868
7116052360
4215986154
16294934413
1293176644
735589666
11016170905
13299239147
8832984581
6955206288
12251042738
6051996985
9233938474
12437550166
9740287154
4744972488
4477801011
1096935262
3731534609
17725269539
2976720303
3041669456
3936093684
9287914307
8985280376
8689706557
15849540833
8500616806
2469186537
8814320959
5218613681
8390719618
7518970484
2361977815
19282760
4478228213
8550507303
2387967677
14872091794
6835352606
2645104415
4471518094
8895091109
14269159779
12660756966
16502894356
975294607
2449049928
2915165608
6518280545
10599989930
9985296218
5942521839
9467054011
6414242958
12166470908
9147401503
8843840072
9714950799
8113657153
15727931184
6368088261
13575910477
6974441740
2554904419
19740426265
11669174650
16808794958
7679422100
12411347204
4066117136
13156629257
1780187286
7200423640
5928092104
7978800614
5149406050
18635299561
361158288
10425019644
9571518860
1569523859
5503500425
3996008660
17630747446
5735125117
388695393
8031215176
2686798636
8032128022
10919717170
1968612267
1225017088
8532769783
14922113505
3357003307
5976123339
715653287
4106074321
400288996
588762955
3606474209
4447863473
14615080155
1031652309
9760260679
1042952539
7690055664
12721516779
4086786435
4203038978
8017375867
1898241959
2194047562
6203560729
11789359650
4328019049
16668261041
4971347148
13498970322
5917026389
11652505602
4467439542
761841301
18236358898
16365585905
173923041
12161332991
545970076
9977960103
9023005781
7513405521
8040871973
5496083686
12202039581
10503751029
4304106399
7230872140
16872594546
728224427
7681220468
14538581573
8964584780
10264256290
1402520266
13582171122
1455300567
7587408772
13613693843
11356303947
13378115221
8372584413
10492623822
17735921464
14457082741
1032220595
11694491900
241170465
5108888695
17955429073
3499244411
13275819253
1537073730
2556104707
6098915276
8356560885
10638771819
15207955153
4650505879
3488048186
18307706382
2395419899
6409559490
18710810746
8136342173
1122098451
12218177964
14920561907
11210890118
8340205847
13040257648
3958811049
6720287579
12217678473
15658460870
12987104682
12478862825
11375662518
9880374814
13309304377
6051108439
13973663434
2563451020
586249540
1032570252
13707522161
1508186771
6745192783
1763456863
112967404
5045816862
5044294622
9523172126
234287150
3296325567
10025478301
13887003532
6518572623
3335786118
2412502851
5197919450
12212329237
8454261362
10062603823
2862594074
15993153368
12628089757
11959111384
5603669972
734070825
9627457360
11388557271
9794616339
4218259581
10638115692
18219743176
3197488430
3748394750
4522923253
11251215195
7134443188
8997593630
8575637168
14747271118
206255656
3222498364
1500153967
13304704603
3728159096
3678333358
6624702319
9830879302
2917156885
20590485
2929842230
11622507727
5603939955
3886977993
8276222463
4510985481
9443095501
15613509224
3274648277
4363651547
11039079452
11968357042
19949176916
13096915916
10781263768
14026232220
5206479389
7018449089
18132645267
9547913304
16835311836
16456970938
1614455469
6832688210
6270900190
12301611908
8011630621
8894235214
12457150385
11632862466
6048285825
19064264752
13603808950
18070295676
11617005317
13313936831
3870804592
1965111488
5715327878
1719461002
6796418529
3440020167
10296159949
5001491614
10208721024
10165082510
1664175917
12794784586
819442725
4405438566
5586913302
1239192782
7406419665
7604508828
2133443281
11597361409
4793216744
16348486188
19314702182
2628666999
3817581909
8748795243
976158497
10162499610
6850382595
13764984373
15104000424
3950572901
8381494316
7901728535
11932469425
6881328222
12321242567
739946129
18559914286
11128781593
14526301610
2566947362
1273913414
3543629271
1807929575
10967070019
309265665
13477313040
1718299581
3073275020
1151772570
5314327467
7048352986
18656778012
4452596386
7333315069
8591253704
6752856084
9532407661
5485849174
18650952614
13856170049
5890632696
9065888095
2255171722
869166381
14184833218
6248681579
12256175661
4971344887
19097321111
357429982
9285822395
12213375838
172610795
1333931647
1119232542
7730844115
3909870971
19022830119
12003620824
4196952645
4929759732
9944990169
11559884173
11943724577
7561096374
10119877011
8044755083
2885951104
10152246908
10079608683
10497758213
8946383000
10232489634
8547442171
4808623041
14387899876
17995505151
12200676278
14416942357
9123418438
9816101644
10879932492
8564914684
4790256037
9201165372
2284673468
3296665672
16418264824
6812418636
6749394522
9163451284
6748146159
11798704745
2195589020
7541882130
9413257277
18366707385
8421578090
14284390605
15309912062
18432094775
410153993
3682060783
6149059741
6447390607
16124595132
7227104328
12522027346
292248956
16151973197
2480088009
5364285362
9110776386
13374079298
8476417368
2656784345
12672749944
13854256405
7182202249
15136976379
6993505092
14495595302
10702029887
12315197119
4309832902
18009121165
18322694303
2345017650
3189234652
10712620024
1395841408
5377770753
13833503192
12684639360
9659749460
16291514629
14638778356
6771057573
9221997448
987470106
11854373284
14405141495
12123711115
505987982
6859702982
234108005
11335195333
8965326349
18459459517
1984674406
5013420420
6770266031
140451512
1821586325
3858955987
16984043789
9030408470
2579138441
1927552222
63911138
7892387660
4679041894
3896244830
14963701796
4472465815
11330372325
11190204392
4744039302
13023810318
5136468290
10335975238
12393940380
5418242195
7847758882
14111804734
1637921939
13045315288
2730278407
12112147241
17566087328
15164357560
15831845891
6192741447
6789597986
5229493854
10003800692
14913031841
9921336251
9810654711
7643705114
7343140412
2915078380
5000074715
11559240495
4015761453
3301508219
8011446853
1746632277
2883777301
12003966856
366959441
15893525984
17898239414
18249767613
11916765345
16339808377
6061872638
4058274957
3984364207
1090080608
2497548806
3322108985
5249553582
12668925976
15310943648
7465992083
7508382146
16346093866
6840515449
9095944627
10816641382
5776391114
17006007282
15798941890
7258086965
15077178588
4198439747
5438899894
2769794262
4899766710
479386428
6106729460
7404865666
907757670
2792935421
13949393545
6398212438
12939378713
9107870067
3868635621
16921458583
8272154872
7205002313
7710036423
18430056044
3508191252
8744627799
9611172454
8250871022
15235391436
11029374250
8861614243
16075468371
10267374280
8534091259
8825071697
13412786326
11338062207
8392689858
378037384
3004646066
17173903438
9532341761
10483811958
13557301147
11105010277
7989712614
6523664659
3975094372
12843380679
2849112007
9215248779
5988200252
6676496189
3651094116
8927455347
4446638691
6632645604
17570080685
8789208181
8891746673
10097311945
9734526558
437031137
16839906439
15894981657
17169405648
12744539062
8679805704
7970331143
5310444320
6855289910
14109504816
18497871190
1696213875
4485960455
1292769440
12363741477
7032300543
9424091863
12262339826
4199943315
4297629443
9349522536
13621254769
3106941883
10544785981
6931663859
7255213711
9226154150
1387225589
4744549090
3798460022
4198507529
12053017106
6712072933
8489372490
15578536789
7226196968
15751334375
11655149729
18916122657
1866250710
12776550954
7308564577
14259257898
11604846625
11316763088
19452673433
15703370751
14424326117
8440043718
3982530954
14155938069
6189153889
1985342147
10216963249
2454160417
4808623041
747411865
19492144679
2194222942
5706935303
114328255
13040698181
3629520949
18329727556
9247600736
15559209904
6655203277
3214014308
8450616911
13429613258
3541813882
14953341055
17060686661
11716062685
4611655908
12247418994
8878587639
2725764467
4563482685
13433159305
13580267499
16658751389
8366151275
17526011591
8369031034
14476208125
2338816191
2897622590
6876747665
6343068793
3301305684
7437154784
8016042257
12670173037
13773720968
9615068071
16313766314
8076979819
5055613636
5991535429
345222432
12875963739
1499960447
16091997146
14339864442
13099753104
9200529181
17647452159
9592085471
5809333798
9321214434
9630303801
1787426187
5141589412
15689589244
15261897695
7690248373
1600827149
19279323237
595859548
17407196860
18446083081
2441065059
2235190244
8995864364
10676642959
18314753481
16314303369
4500191952
3732510600
14189552164
8253828199
2761580735
5065604645
3222809888
6245087500
13645704139
19022313247
13215091043
13624283959
4195024329
11779746234
4001178500
10527540667
6295994426
19809274164
18410198945
13527117834
12508509149
9977158249
1944642973
14806129916
3679179276
10086809835
3444911304
2650274339
6104907973
8861824790
5667077733
10459961521
2455408377
12037772805
13355418444
1580566484
2528825072
5714942417
3719394068
16017303312
1330555486
4934625331
495626031
8361694785
14945005982
6544752698
16315273998
14806037100
8102652206
1712536918
10296239170
1872263081
11104730611
1808247979
12874411756
16937359611
9887415887
7633543729
5601185092
12899747102
8908047261
10132030961
6449419121
4801309671
15721885358
3853683434
17938776081
2278381596
14368282777
13831007044
7922457416
8919437637
1969966598
19378393738
1151336005
10032415894
18741865468
10045508302
10913380711
19010757003
4958511710
254884187
10893785819
15533901007
1461541206
9717359610
5102579440
1693587496
884720614
3300715569
16053245023
6858619592
6433327412
9960545550
2574669953
5807236615
10508175088
14219764495
9812210341
11997544035
6137701842
15769957942
1638831497
2446097958
1257836362
19055383913
6074511894
5275604201
15570856759
1969645933
16297984923
11595935214
3113416768
1083377136
5921058495
12527142900
9056533560
1497889200
9645468503
10809498350
4051003972
4421838000
11426859930
15587782931
12577711442
18824401118
13475226318
4477150457
3406265871
5089076930
4096834053
15610588559
5232466139
10602809233
8638195847
14692901890
7344976961
13049849621
4633005427
16066181747
5280282876
13368511157
5574750662
9917599496
6387231180
5062668220
2849413722
2278958841
12601404287
13103395522
12037368029
2054090913
11323594794
3392522853
13434671547
547155512
3390897750
16110773369
5941129134
12201502512
10238824822
7148856589
11888833293
8743752961
7326861800
16218029072
7273328911
11692951990
440026357
15909373494
9123799895
13997008685
11486782486
8655155804
9155445002
6999259519
1116162045
1064735720
7973232029
9910192124
9058080349
11579503611
10538937531
15678111918
3895509381
11189044442
17110147380
12276561977
9989288647
1932289251
5141831903
148242956
6055769521
3723432932
6356514607
9943908903
12410872633
5569973008
4719311880
5595161623
12026203554
13392017873
9809311553
4265306901
9433963620
9650949686
11313862640
3252588434
6057535706
11725914831
2024828902
4566385038
11127564762
11981382322
8743087112
11550816890
11010079294
29706508
7957990176
11694656534
14092537696
1895716065
7407543230
17043928048
7847123244
141298622
11727178582
6813228830
9961006087
7915732891
839916636
8073798617
13006334793
530292024
9893477353
10297445368
5024597572
532300821
8148942173
8951030447
16171050229
15831460127
17053058619
7205002313
10456924801
15890332044
11458038811
4978462880
5505970541
12668486844
3821316246
15146145258
14771013684
15836398469
12106730175
6906846089
17037551635
5012680225
15137257383
6848815845
1319801182
380221069
3597063538
12566391370
7825981473
529628261
16878769027
11429253617
1988210380
16258395859
9469571339
146645898
5382546189
15949885790
11508502062
1521937608
1627722828
13347823472
16348275860
11568432668
9439888412
14471912803
3726002973
9123420815
15610833548
8100601245
79102886
8557971557
9628822725
18980940645
9603779700
14796628382
3749365664
15354882805
3331505039
6341875165
13398419527
3865642192
148063393
16360706873
16380842852
6487098899
5099156485
10194090559
15722246592
16189295642
1816256354
8808393554
3895509381
10055667694
15841074068
7113952472
6396487456
9053587897
2391900043
902027839
323112297
13001958439
7116575004
1807498307
8119621109
9686458127
10502710222
16802056447
7668814013
18312645155
12120422484
10993919276
12746184549
14044495487
10032394142
3350304311
9312872132
5793003135
16287991879
13611098066
6833805753
9632527877
16124976046
11005713565
5360434815
10896076896
8844979322
1824731635
14423373275
2908380398
415311565
1246619637
18092548141
10136621687
10345662416
15692082661
18792901305
10015233432
11017670650
14672009726
13328645012
8731051086
19600639484
4697883870
12393623603
1429912688
13072684266
10592261969
5991423187
8328960987
17040853266
3824773808
11121507566
7413802133
14239276087
9970478977
3841987766
17641553151
12766225724
16294295580
17664885881
16367522023
3891418087
6330747214
15709896354
10822249669
1579797112
18646479062
12031339830
15961023734
13903385126
10913907793
13638830201
13501251808
4284020666
6422618389
7910570957
7473069316
2015377531
3374082383
14024290273
18767524734
8361109609
13565272180
9189444631
15761729099
17134395807
8274241895
12565865001
2634874641
6855343733
11612781972
6543860591
16011126293
7492400836
4046067957
9195198033
15164999101
6092760029
8307478324
7745252654
3839959438
11746872754
1578724300
16354401279
11977368574
13769633640
7172330129
13065441557
10907124639
4104877858
10055160553
8969265111
15546882011
2898186608
17175457932
4905167954
18383307684
10428243855
5046727139
13925983703
7660556237
5477284885
12113798246
5188224408
10755942310
3326894328
13376605065
2245147728
8453706529
9247632134
4841991502
8319974594
12872572988
14858732354
155078652
3271026673
8786182587
4553608512
4242306913
13535965068
10934661527
3894647565
508463363
12997953226
7454298521
5993208773
15463208059
14046017951
13489817845
7047546382
6416448330
2241880700
4860622699
16223801521
4605846664
3128674192
7162560419
27307583
10330439418
6443939183
15110295811
11074762425
3807886070
4655535306
12479130966
2110732865
7895673984
12224456019
14686150607
4421218577
13331619552
13306119013
5837074551
9159122511
4698417701
7597246879
13600455724
11326624451
11844354681
7742409678
9091811645
3837684506
10796888507
13517161403
8741040737
13524836077
5911424818
6419981707
8595253654
16430593088
10001116719
8676818870
9195826796
11834766747
4421508075
1498707250
14292436381
12725383163
3863648503
10876415505
5023870345
6496582686
6545570081
5796924453
17184550394
1433372030
8907398464
14369497701
5062967105
7059111927
120854547
1226446153
4003448513
5488927188
15300994794
6478358392
17056978302
8831656696
12128165337
12808679025
7117084729
6950254818
9124776223
16093316222
7287247806
2756028878
11131864714
3719020038
17414183544
8910543187
9995322586
15183809235
9826188580
15885800081
4392853336
10454177424
4750156779
3587855787
13004716900
9186714958
1470660640
13904652191
4232601914
13803881418
8406988986
9281538199
13251283495
4240615260
13163795471
11296349143
4656295282
4744478380
18608466076
11079735386
12280778793
7902661809
12045558960
9003633225
4884228714
7394276903
11232880454
712742169
15593494086
17647662115
19153247310
3715215065
3906834721
11556281647
11915427025
6781565816
4002307404
6353601709
18754928255
11037462630
3503165863
12588399136
13889287756
12845127275
8484559743
11415485306
10658094955
6859106177
1904767151
15229491130
2795793927
17691175164
8500989568
16846669964
15991934822
13207566226
1509730502
7606375045
6205681584
4979085842
17161360097
6779899981
5561878600
3495135837
3787082976
10616717600
7366285778
5680398740
3829667525
14443745760
12616953904
1017512692
8958368378
1461541206
3191424777
11115026870
15071373182
4338180507
8887067269
13518822131
3854741661
11842999667
6621812343
2446622401
9322163481
6060568684
9430571847
2114869925
2885281566
6700984338
4686927174
5319506392
1272864905
16340177316
9106940145
8869009791
1461683012
12351086721
2830164283
4977564833
15650719727
5386182280
1503975774
5011339993
6678491761
529053434
16361564881
2790224287
10041561128
11610232762
7141138786
15706518706
8367004150
11837047968
9439888412
15690036010
3349698772
2813410257
3958023796
4707551916
11527214947
2441065059
11651304817
6163075443
6211349319
3472119776
7498245868
10336668849
148866857
9103014171
427846172
5331547233
5143197055
11559528815
4343351815
8509148201
14674938868
13185696741
19558853220
6514425624
18019477543
2492156683
8361646583
8666184186
3527795711
9662251856
10735808603
2030853234
9370395488
13702919618
9827182451
12437773827
11973703386
11412163638
2588908656
2006974854
18540063777
1542483797
11792235035
3947855457
14620078125
12239561392
5313944191
10008624319
5563391748
8490116143
15429400082
6527028774
11141708532
13759898668
10531925524
2457745687
942124021
6725941257
11430430488
10481877415
10770726983
13424058712
14268803482
9716574559
15539086045
12022042425
9708985014
14944534756
18050590990
19641756261
8083577292
11633819544
13853108443
1110746130
11358164767
7814666980
3040218205
10470766770
7620996239
4999810454
7981169438
3660551524
6686830541
9679695096
13568769326
14603171474
9890948768
2851906950
14612800721
5458874216
2832284223
2869375166
3870851020
9016879780
12593191132
1726341287
16459561538
7928260780
8240970772
10400390335
6330131643
5797630727
261462817
9231549324
1162503953
437101724
9571135020
16454879340
17290981238
11162152510
15157763415
5621082569
16626428439
18441036275
14636560650
12401538082
6169283279
3725571033
1572127715
1403916281
2926651943
16728347445
8752063751
2097835676
4522553122
9333485454
16713152994
9441223169
3803900268
5946364354
6368983447
11556990261
6996590352
5329727912
6267363330
7694630580
13378199253
6527095548
11667839826
14858832491
5327950627
12939328537
5780335875
3157145340
16614326177
8314113770
3126745508
11232932304
15989596960
5109850006
9827554412
12763337881
12217313711
4419382796
13213184143
12951998575
3247147491
2495692035
15395433312
7287319202
2298527434
14687795908
8800035105
15800049490
1014923006
17723438891
14386030713
10320033225
13925207733
5687825988
4658566397
16043944263
8510750016
2059545963
17018796750
12293256765
2513128336
10691290422
6331692832
3786413701
10467404718
3358117152
4891110959
5949039898
18388667086
10997043983
1022211131
19429629753
15352340015
1751842440
1759347807
13702017725
9395188607
5586712695
1057164103
10010297254
6081078240
7768275158
3890550155
9101778554
5732976544
5118021578
17910805039
13859773361
2052805338
5315196083
19472684315
12361120875
17268778707
16239988305
16943479673
725523496
10060393120
14635952669
8293427308
14462846270
1319833332
5794494380
2781343369
13289645134
5328096972
1148345003
1252000611
14471720084
7321534798
6038757213
626630982
7517310970
8068149311
3821037629
2361471328
14733019421
2124707499
137340052
5905958061
12967656914
4385817339
18957785055
5073891914
8970001378
1876013562
14155250175
6391702468
19185903262
9169524850
9071330712
1767209204
3185864111
15632110883
1397306933
10660674708
578372919
16485089261
14137939019
8404553589
11369468266
3352180851
3247085634
8875975182
6617290420
278799294
18134463046
11574707528
2050998204
794980612
18502204942
13403442566
1324114017
18412682295
6055702521
8281593581
12194823435
12342532282
7698235244
9606717589
18542128178
15013076750
2384303732
8822504457
8736077588
12415059111
7224840873
5719642173
3215024786
7976560096
501497200
6452739507
14984421533
15157358665
2048071000
2362883556
2424509800
162290585
10652047648
11027598125
3724326970
15088976043
529628261
14905184802
4113640457
12671774938
8913291681
5346489187
6104700647
13083232373
1554727819
12103200092
6395160631
709611848
1869123145
3011491763
4913287798
6262264510
4985995223
4143030535
17821840347
6321744243
5771443825
9540245813
18641114
2282872432
12461814722
17115305668
8003763228
18884730881
8330129193
1415751296
11821327703
8006629654
6592292801
16216323244
1637889267
11018891936
14826705016
6048269493
9482777590
12976049320
16708578832
9783554928
9446131793
13100026320
9643797489
15691378003
5781351064
1338591612
7667478409
15751928866
10769368646
6734694298
6941151210
8304122298
9769217111
8081834043
8456061311
15545365383
737754015
14717986420
575641264
8418335314
18744393291
12152886085
18949164421
4878902711
9072918086
4815925212
6114625812
13292308580
1782432677
941525969
6496706986
2152735314
10065207651
1458774060
2038015983
12350999483
16041099036
1832736840
6352352640
14904629049
8433622729
13776706748
4102536311
10707000678
5029879519
17899418906
414862865
18650337133
6168355480
14865819338
4021086411
15372230794
5292193473
9830218476
15529690531
12041467899
6174139650
13375065897
17608638838
9084958015
4877828852
1961775533
2187727370
10168530185
7422146003
2024209443
19569494216
12203831322
15325268606
4552314773
14902885951
12343854434
11700820629
6390038564
933106202
9269358861
9173942079
1083845754
8517026268
12267485502
11057282021
4807365401
6244709205
15031461712
8367199652
7514931193
7412832750
3445580823
13289026470
8456460556
4302268613
13609326093
15128262180
7624870971
15798606348
10189934230
16034761308
5987636496
1650662006
12158806997
15289139701
3697788085
5510443200
6195024551
14818185438
17333750922
10294240546
2474222725
8801340100
1887005772
11273867267
1670152085
12733954708
5279067004
18542391699
14354847552
10438905254
13228429712
11083505062
2903607338
13393357905
9022832752
108595741
12223852115
2653990450
4934522149
7545519663
187544113
3772865668
13793474517
9702853727
2556044521
15400134937
7717727515
4602666358
9062158869
12232433246
13534960319
1367040415
3030958536
7409977706
6194315733
249655183
5878092827
12288031119
5325287947
3953350085
13813632559
13230188856
12166857929
6981709236
15411900568
15578822626
17518969625
8142873199
1415282453
9851174210
6662137761
12708743518
10751616621
6086642827
7225597916
7675211261
10978136878
8866078024
16155152378
3758635232
4503290656
5038543224
9999723281
3906834721
17850865997
14320810982
17017440467
15213498835
12280832719
2159217943
5746996836
10997043983
6973839463
12166857929
1203488375
4306679939
6640595434
12374992170
15180863611
8763949341
4257692940
17042437360
16597829684
5609809552
7683313089
15389304978
5415293847
13309375518
2763626416
12167613444
18718641599
6072554300
12659816108
412776415
13707663526
1943358085
8397062024
6145721840
13993775672
8725685548
4935660499
8290302535
15879371146
12779384445
4863841865
15931547066
6717611187
11727059308
11682487346
10154830232
17289627941
10856999560
4945892448
2261773253
12439448930
13691911313
838524729
6230215115
11308197102
9181851250
17903755725
17695535580
16013258246
15483839984
8801214449
5345628176
581760759
1835088425
16443670768
14738700698
13465451698
588717927
17133533134
5508683590
12861901112
776404086
14266352169
5751000239
1264863985
4182800223
5775888418
15493588865
5393042457
9333662454
17407670968
288709309
5925878809
7212124384
10402289932
6564489651
9207351334
939541000
12879244792
10993875468
14037068922
8821987363
10357797354
17026523168
1125514306
8988039540
5513661306
5263993199
5171743251
2701068302
7410646077
150123544
13782337755
2288650613
17715127160
12817750005
10414812558
15012221923
6967083279
8802977034
11865450606
5201949538
9989168379
7175021960
7374783834
13237046488
4837750157
6070734766
2229354495
6575148895
3142946194
7816492036
9592359848
4888344718
12352937720
14319450671
6113261167
17574185969
5263826495
2917910243
8775739681
11265853254
9514966703
1728449897
16097889516
2567504387
12720812145
12414925758
5108522668
17715900077
19303769038
13497274107
7547132434
12232739239
14536143986
11960360172
6846518459
503260130
11359695140
1888052298
2730484495
13046941441
10609496224
8966003366
9706829739
6025624037
12029708517
12872532503
79102886
5229050358
3316106579
1978771087
6047096906
7792993632
5727021934
152528266
15038805049
2768860426
1978547552
3680723412
19485773974
8329658253
13164781760
11795549142
12495982356
13002436215
13185480281
14815185266
14451918767
10380863934
11234527772
10977666274
3959714108
5925187756
11691392637
1889235997
1151336005
6790517368
3950572901
6344223201
5548177742
10738622837
10979409952
4297707524
18073446444
5680654797
11828614964
5644248314
8368569465
15799748668
7950383144
7043979225
5328380333
8615142846
5867833525
2017137363
1182021487
19526752486
13768526030
8127498420
5439438739
4762924389
15304018964
7090384490
8523080819
9530661623
4731555409
10317222109
687298234
18903935862
310841671
7562200290
10525638169
7965996133
10276342185
2215610546
3995056457
6060115813
672359759
18796858046
6077763493
5480983756
12142317752
3177578165
13217231694
1226931861
13007231532
6390793840
4490330973
714827870
15432347328
7659091537
7836250996
5492421211
1206944385
10064913537
17594931159
188253997
2541337132
5039723968
16585599581
15123208035
10330502346
16290766660
6497486287
5694488609
7935672847
8444835734
7870909230
9387982831
8682781969
1719473631
3644386057
6908018309
15316745498
7921445555
15722368983
13829112753
13375482403
146096194
5722080017
12267937808
6112023203
3674135349
7922972965
197313718
8652865899
2597698617
10275917924
3937122857
1782478374
10323791099
15317258059
12701230514
13076784205
11931005593
3461347032
7243360478
9859727861
6369606297
13045205190
8326372207
8556261353
1189051966
9679334769
14216472157
6527987852
16691879217
7141340584
6052705009
11167583605
4441586690
9355646261
18661345912
1902024960
9215403353
13458005819
17825776418
13744122610
8666741180
12152886085
17745965011
10155722514
1299429512
13263063792
4589614325
16189260766
11040844593
8759165002
15127013931
11121522945
7001080847
17091958405
9332084417
8183314133
5066509036
13727888313
9697389285
9908060042
8975504036
1116540323
9129985088
11914972025
13094304583
11513262355
10827313918
9990333824
988856541
8919058714
13802294540
12872556885
3717544659
11142258812
3034652551
6612839305
3263958029
9318038772
1204080844
3491120844
11606696506
338004128
4627957626
2344492613
8939655020
16671340898
4977310044
9463564744
5298766245
16200421870
3661977780
11004692694
17860816855
10817965332
11488144130
1292368340
11846884956
5935844361
3720148147
14396835028
13297354302
14010273508
1799011922
14087442495
14762041585
12147721749
8152375019
1081455353
9748985092
8792712191
9264835446
4076158275
15747544921
9250104409
10370673807
7079740777
9898001846
12464136718
6074285775
1289969777
5744651968
5358107439
10962761542
8638759914
16092890588
17351661529
17991707138
3018644592
2117892285
3180139697
1871821163
6696316837
6394679642
4729293295
18867766114
6849117147
3436617284
7999892562
17774064759
5726034725
8475783633
6948356688
9767687901
8072806402
13030981574
7937792226
2115570125
9298157681
12256707284
8361710529
10765957413
14560965433
12836854070
11522751044
10417261042
14040826590
972007039
3706406273
8041576052
3564410336
2564086449
16454037765
12761726115
7220632860
8144614557
14206625755
10921489970
8976196418
10791163039
16250859036
12365023480
13064228124
575641264
12313352255
12037697048
18110934364
11188913907
4949409534
1035306484
11098015993
10230306551
13247335367
10587252069
18507767408
2942546823
16996147110
9147714049
10665064324
1615182857
10656614498
9014381634
3032675184
16609175138
8350916250
13618404337
17477256447
3450705665
4089728476
14745997913
1439923249
8230261718
13786508303
8994258639
7075734781
16899052411
8342308937
9313941141
17248622153
10459591507
3660130309
7187933301
6543364316
10775538054
15102784239
11513397899
5229281530
1692075847
10427779964
7324247297
12310806574
671323217
7704075681
13001251311
6970107277
11929678488
17422309653
12428631550
16452963110
4657935267
8138154086
2049266380
12813160165
6163098770
16659973885
7944828081
3827025036
10431095329
10405508393
2496936428
4513292268
7021025184
14712975715
6749578937
13628099163
8032128022
1838286555
11466470794
694062923
13718737614
11772629243
13857548675
2589280775
15853565198
10775585486
18924322105
18416400734
7170602421
8673270911
14818220490
12558495804
357046572
7242302511
8463936014
16361074359
5881342568
9960249706
13897642948
11368216571
12856474589
6488950580
9079582571
16370721589
11755417006
13062519747
4449994409
2671873182
2620387584
8879574364
10263014774
4532854023
5782899270
5107677956
5908234717
856047437
13978750044
13587871471
4267274927
7231719731
16506026336
727562883
1513322808
18691996208
1731169153
1090325395
19248901221
3326809911
14641742448
12318883207
12308892197
2197939346
7422146003
1353577982
438358188
2781156199
13782087529
4302268613
18098922936
467023645
5343705940
10234189946
16923060871
3151855245
4150731585
8104967736
3445397891
5482696896
2712882563
7205463243
6353565365
9656770168
11664644487
17118465849
16678346275
16498834339
10394266637
12525961020
2352018890
7486998852
6290573122
17093448019
17505612673
7774151232
18754393036
4861381496
857580929
4003142694
17656891043
6791360187
9501757996
17822957488
5306969357
8183799106
2476041400
5293329371
17774735472
9214157410
2169720556
4849157295
10941246908
504479065
15637653554
15498471618
8990885799
4353553662
11873035349
16120556404
580491636
14053070461
10202773586
4839249012
3660977084
5502561393
2061587836
4177446621
2908921942
13720470956
78597411
10108584275
12407930087
10906892483
14358231884
8183532597
6792007821
2780647469
12047080954
453264301
9088391772
14228390574
6768677072
1129712767
433688254
6059981261
9039582798
7789928876
12841200259
12280558142
8225836255
14462543839
7208386018
18592523394
8369201103
15845513589
8651759299
2605526910
7185011883
11292733326
15374128214
2178507777
9706159523
13035767453
16802047617
11438734113
18119501735
6949751986
1482375895
16075479209
6530703672
9296011592
12976119530
14333352644
8482748027
13506444179
7591926036
7822674484
10611601779
2563220427
8883156511
4656440538
5064206228
8826469112
8341317833
14710586384
15173251725
4257946266
1467687805
5712737608
15183403538
782793977
3392374456
3444820272
5387945909
12013915050
3681385213
19116901097
9129496818
7724593547
3331869895
10579674489
14862940498
18394467596
4888120211
6664690181
4487256080
2389196461
15394794288
16802999501
14664529673
13852394064
2770358384
15370368193
12191133428
2114869925
14191963840
3502861375
8374192526
2351134231
6647554576
1650812138
8800933208
7892993144
1991029360
2432368468
3047495006
5865585618
10207403279
13667947559
12059977201
15309116862
5865721581
18507329565
6272106766
8161988713
13479190200
14360195763
5622295096
3029555368
7756366680
14705999018
16419925646
12964702461
12475090243
1304595453
9444070186
9810555829
12671639868
13103078990
16311304208
2424509800
4720565772
14693032644
1783486378
14122209897
16541728679
6356606965
5900549595
4690799894
9766744163
14333465100
385963784
14413089626
3743682886
8802829608
17596565639
1465383556
13772391792
6343151456
9760801631
11514536034
2221437680
4105689992
11018649332
3642343033
4449844259
2250222227
1384525794
17175643489
12301530743
8070880397
16824620045
4973016861
3072760056
12469125315
4813887648
3016406897
17327539598
9589193893
2120655827
5466396462
8658869967
5500017867
3556408127
8675120248
16257840937
3859959962
12350503740
733847560
5906339084
7704022797
5822940647
12559921877
18634973533
2501529133
19319401597
10739547489
6499452900
608122613
7136722211
11466473961
2284347166
5438945504
1738798218
9106262099
6492201012
11087738492
18628994274
8380425180
601141147
13936486774
13361596316
2400498628
5200743732
4697783399
9520892745
14334451961
6281952483
12292748326
9585015468
292455295
8700831468
2452954494
11854218091
702318028
9703694177
10275695688
14249475967
12485927761
4206487327
3442802798
5373681449
6540048067
9461475396
17014027362
512632366
12703871310
12289768658
11417743866
3691148652
923809250
434255875
3972629908
1697806057
16447928310
3840831807
3390530024
513185013
3321480428
12003940486
17370619117
13051340377
2754239288
575898421
15350360030
3214067393
5680380590
17285818837
14563684680
3015008832
2061515010
7265867288
6888528880
7467144712
17373572341
12165602883
16173699186
6096312623
13766548930
2917728128
13099631764
11167067727
1561473513
7025049525
9519072255
8147720132
10498381433
15612288667
2188621290
10903510494
14283131931
1416805800
7408195037
12971392224
4257613749
12178465258
12204808283
7102608638
6356495553
2769449392
2215467578
7069498227
12831425232
5086212694
13971606978
13811300032
5099337120
19146229479
7468918772
17182931416
15928693734
6280629674
10270411355
4606864545
5477362152
9889273945
1173832207
694750685
4865788419
5448165128
8147651466
18606120960
11865571375
3460550463
10710134196
19251699424
12468910348
6554676783
5186821176
8405663620
12996734165
3855527607
9819802436
10979064375
9641737148
581431035
8662034489
8630657418
10817918838
4208521148
10162831353
12490150277
13795755833
13617667431
6841855822
5766373065
4880890721
16358501109
14691448671
19229491779
16664268606
1979386336
7775649631
1172229021
5368745783
4164306315
7916243451
10052644239
4770306721
9544806415
331165663
1656495313
6104923383
2842701708
13930616809
8737755192
7774111922
858996625
2006745531
11674104751
120659526
6822377145
13789941343
5908606813
11558662010
3449961182
361289698
3540204122
17183578832
13657801390
9348736077
17972846690
10019171933
3341625231
14156842715
6269435701
6021032930
3451224836
4853450110
8093214807
12751733055
14510940323
14504216613
12543241707
7430697712
18067372677
6569324898
7515510918
455291124
13591508564
1396201802
18095169324
3445718904
15962408397
4357094026
11569561344
17727160562
5788602981
6560092994
2454230990
5342470608
10763345568
7519922784
5763739633
7746287291
16793106953
2691873461
3542037585
14512667628
7233414638
9285233292
10591799989
18956229954
7617096374
258709775
10185158821
18668883119
1059144833
6247753043
7066416177
11760182714
7515078827
5967845270
12893166446
13003059081
13650653576
13262975893
1873428348
9302479247
5080271154
7949352646
2127305949
15745783545
5106208505
15945444013
7409212760
7957199457
15560277705
15685515288
9832566199
6657352648
8817513849
6835199189
6551647805
9658302806
14101043242
12495864
16482060353
6755083909
7918777951
3631435109
1718091987
10915748219
3346232298
6826541410
12267341015
12352191960
5118918227
7182054919
5090372238
1130427771
9028803291
18886778469
8171373767
9513479372
6395214124
4699678660
16856080015
8423398431
2756243479
9481645682
7619066013
1487013400
14475171538
1118113862
17180367371
2510377162
18002923786
942824695
5665663566
6693099580
2879206827
5438491561
3351700269
1875148108
15819373786
5540057938
5822618882
6775083070
12783645795
8533748152
7576149222
16029485608
4433436994
1438289332
581249930
14789901716
14549850979
7777697548
9378324649
7881768611
15289648750
18827776865
8967780678
10248924671
12603358338
4295688465
1417499229
15437112512
14967952777
1709238399
8278223521
11736516880
2827224884
3166633145
8963982997
3442315190
5731032947
8005558366
12969821643
5115205077
8154853314
3213860775
2516538743
9674046412
6248980168
8781020781
5606360532
4632061578
6943323833
12288129630
13080037216
11699092704
7492484010
10250011598
12484879586
13255898655
11613891708
10114706927
4587261878
2132027820
12036391908
1503217341
8191965537
5058543029
2177744890
1158214815
10633060936
1706173033
4613712095
324254994
5861279708
14869109345
13165484640
12611819230
5588364420
1718408982
13761581177
15068188372
12787734267
4929653907
13332787730
15270226462
2675389939
1614455469
8367004150
15189756985
5123771261
5807595107
2689862340
9892714374
8864011654
10978200772
10114241225
4270491879
13362397252
8598176721
3666208821
11550816890
1756203855
17200169143
5679611003
11898451987
10125240378
2868489408
8500436261
6786559249
7024644533
9871747987
17666640117
6269125363
18201643036
3785143345
314637228
5825975766
8029757643
1244687931
867325867
1268596297
19151932212
7840598325
6706246016
3858955987
13871417063
12770775268
10985039426
2420873164
10782879190
308383501
7987045277
12477843775
17380047991
10128907525
4773024654
9630191480
2612297039
2030490332
16351468277
1324732505
3994430915
1743120945
9528614623
1650660545
2760971600
10016763171
8459360276
7195603033
15330761630
3857831545
16577202676
9371203328
6699780083
532467870
7243208906
232330145
297539979
14327120387
6074897021
9208448264
7570047901
17091059289
7045587540
4076414550
17784560897
16472530055
19043664023
4272213745
11788171348
11423301887
12839054592
1228670864
15470322245
10922389829
11984596564
1535011086
10064628430
9656042604
13563873337
3409898295
5141591162
18593354681
7764018887
12967656914
10974364729
1995895341
4280315367
16512354614
6220565415
14296884858
14844728300
12028412516
17597903741
6169624805
2441294351
12014484332
6309806942
3903969105
8067984716
3347913731
2464478115
2245555479
7041905364
3003502070
8414029900
2109478048
9623413649
15905964910
14624499826
10611631254
6697106755
16487010286
6875475984
975496999
4418656809
12609823958
2306865529
4588579459
145326089
7445247921
12316583174
11052378191
11621393752
10976911324
6223712344
5556305982
11595282693
3253684335
4363744070
13091654471
1214562970
13176908335
7339074134
17335108106
8442665795
4801363633
6850729173
16862406751
6091594125
13298682417
13721922462
410965715
5272001692
7861997771
3106576148
7104552459
17334526229
1751802153
11387484945
6228208693
36333091
4809583023
10822686502
14206654170
7041073555
10611378783
4419135196
4714578744
14317783058
4927455444
2251936244
6512095138
16071386111
3788320064
7104140553
14602488340
3879821516
14999914946
13132884878
11958702479
6220254962
12709996691
14176798132
1663225564
8066655632
11645447121
10373603897
10539920990
7711249448
4538226827
5565016941
11405024530
17436465561
11334599652
13420150519
4784994421
9843042421
17029750712
2233414595
4770073233
3647159038
3312681769
1837149974
2774053038
11879789741
304324363
3335231278
504318316
6846612524
9153125667
11424079599
4025897870
8844046090
9456454696
6239836680
15943861256
9070002389
9985497262
13316782459
13588999003
16896515182
15725166144
13114877378
18466382996
10560769966
1238222320
9237297811
2657631443
7573510988
7451038485
7104345343
12240651389
12641618656
9364977850
12400176048
13298271444
8574913907
4718446930
11488967002
5119399440
10822093841
11291699207
8797578788
17224605477
7629541611
13021980865
10459335096
13912699775
15271910470
17366513560
5111262828
3842388894
2417747935
18966930640
7470568126
2481928157
16800579064
12121941448
14533280002
12906977707
4260148853
4382573950
4235695621
10297445368
7338406983
9913889810
2914205445
7230552527
13788215017
10567452073
4903927583
16223507483
3970713042
8359142224
9615894119
11850976577
4602362055
8417990378
5021267071
2701636947
13742812631
4044422621
13145877016
15063291320
15170587288
3360253943
12003151487
19731681788
9369350693
738306256
13299321481
10916422395
14006167563
2121585245
9980144601
10425766592
16243124453
17325387052
4183731724
1385851713
10754563090
2345137694
1118385459
5799487028
6863254967
11793665300
10347351048
2854431385
3530221413
10716297111
4006543836
2268778823
2832284223
15788751862
12496310809
3628364904
1708502555
737969063
6977278303
16016684264
2151230778
4701752441
852824373
715428029
12606332787
6151147229
4268442228
4270065947
16554619066
701113623
5201454122
1090312726
17760443560
10676007517
3225899875
15492013997
8927137563
1738798218
17674914528
8293990529
7307822399
7548952232
12495420881
3060833374
3184686672
5111500636
17894095027
6289845433
9137725082
2924315803
1097564046
4393247885
3818227676
6044053715
12047883114
14110680360
12349398672
3251905771
11272320064
11078742383
1855694817
14694752940
11221824554
11613596298
4965973534
10893750137
12838790377
5290687773
9763813706
1494471035
1150662516
12075953967
12216924647
4879013288
16169455965
3096584203
3629520949
5099357138
14146333688
4814624061
3084814754
16845682284
5330809934
3794765136
1476204947
13005756848
13509668633
7631178329
7427945987
15203603531
17329066364
13393312633
12902415237
11820359181
6956840500
4315820080
2407393830
2088074728
2174076352
751243281
14871866932
8500741903
11909747834
4074226281
8617086283
16612844760
5147171902
4306990508
11789443929
12154803609
11413587371
18783827598
16999576356
11147758693
18253627551
451180839
15989072482
4183571771
8891749391
4134153258
13025928958
7691869246
2066522516
530003877
769224945
4236865616
14698589597
528719546
14030717730
12194653190
2303599663
2158306000
17198542471
10424286429
6392378907
13938016309
12318244658
14844421622
15555828749
16007450702
15884683187
5328409066
4240958710
2388156106
8576940745
14937447263
14363479171
4128946662
14521529182
3157145340
13150885531
5507942419
7666975477
13865868155
5088142429
5647521757
8039523203
4881285014
10725745353
4994306008
14360901043
11560403117
17325543081
2272963935
2943650783
6204875029
16322088379
223370252
1489726395
14256990036
2303439859
1521802621
4561263902
823367033
13710659778
17498868202
14340409193
12285189747
6561602654
7665154331
2594877347
5150409275
7117084729
2217224812
9736809428
2522661468
2519323478
10476826801
4002478833
7141230950
2906637068
9835282223
18872800454
5136942883
13289809507
12545037120
13646717319
5780281943
8116393201
7672339588
10323746068
6353601709
6923445787
4712553119
18144935513
12145178315
4126162660
484815868
7398764289
6197240997
5462731224
10180192737
11173916408
5455183807
8483940563
6769445478
14505583469
456595258
2513128336
8749597209
4701702938
5317440728
10074007068
2248517569
13631859227
4788718189
5367599315
4298945912
1203927103
1731837245
2693591937
10904077088
4758382234
6035410900
9633995537
9356464870
800046541
14108742008
15694832081
6801238972
6135363774
3257926828
4488980507
11997992500
16005398969
9510547525
4206694750
64713634
5421676916
12222708112
17405823728
8515060521
14027981792
2173441961
14722811480
4508131787
4483315090
167729366
9777574408
1746658365
12587979129
5097568966
4521913097
3275126788
10633580084
16421560429
15893755786
4067604480
4424069606
9201615700
12614285242
259757128
15668613656
3758860981
12697046856
1614857171
2721560698
13607784243
6772999056
586335779
681524120
2503590952
4857794257
14091589218
5505558246
7530745400
7994445278
2351134231
815165511
1235831998
15889305386
720288047
5855780220
9743785038
14997902770
16969363635
9338361532
2868045226
13219511331
14299433052
9363443848
7875301801
9820130266
12308878392
4810776756
6233385665
10262642024
10242044096
5469296646
9981403237
4186550741
9666911190
2984931152
7877524907
15392619997
8651676723
9500836234
2630047695
12698512395
15132678065
8929651725
1855639622
6182624582
8256818942
7183851590
12992690337
6413447941
15313168556
12380420422
11351027677
14436411082
4695651985
2448212382
13781358848
15490587130
7656230756
7122410835
14313084403
15593494086
16724300763
15977328226
9056473336
12324141440
8210259717
12002586452
12528778189
12176951875
6709053145
7570889938
4704895091
7245953997
10194091940
12886130207
14905184802
3200719203
11816934328
16895129823
1509800866
5433461644
8631397396
8474364300
19934911825
19611837810
11749520069
14579999293
9602188025
1707770985
2318663335
4585710967
6616244328
8645921648
6573975292
3692790631
10126205481
15807992913
8457122679
1859425490
2383408181
8455640951
7791662847
780193196
586097109
9997620040
7079620278
15658304973
7565822915
4242697193
5607299989
1411434291
2701669846
2608447407
14573449934
685339874
421761113
13040729267
17854517445
3378752236
5376024538
12337820917
2724418415
3387136213
8926602987
14203774765
6544292220
14546627482
3905355572
2492078899
10039043883
6412894991
1458019754
18111661986
15675876574
7271680887
3562777623
12524944845
1203325442
5715936844
8375318208
692261833
10095260114
13938669469
2560085325
13427459275
7836445502
2274748855
1912729223
9163253972
12005600168
2625134777
2640671191
5035854170
3289884812
8177264972
7996510857
17502556653
16792533085
1969356404
8851506539
9441049611
7324647413
8445656079
584651952
8097224633
10253414202
4577969065
7420957176
3099187899
9073158845
9819435668
8335366336
9596638550
9467054011
10479017164
14255079572
13160393786
3787584148
13317925080
2671521870
17807674228
7967858423
12971392224
1449382993
4328171039
1898241959
4019767843
3440167293
8747760905
8134464701
4840656700
14614952775
5248809131
5510919403
2063892143
2703551208
15372491034
8874193163
4901557702
2408897462
2335515489
16695511377
5596193773
2479165859
14021463775
10131277466
1288601992
12564997688
7881768611
3896075709
12013494076
474761775
2356596050
12976597780
15780754780
266485035
9123159164
12558430998
13657684134
1230192684
14871600213
14212547720
1646499370
13110667798
1483387877
13954477616
9699667628
7839924180
11707893082
1355787663
13314140557
8503710105
17327388157
18345980274
16743233707
9778022581
4324346512
8239766221
10587266555
7568366302
1376319882
1042623331
5332601053
4493754769
7562871314
12198811811
10401532658
12445470883
4467439542
12469849355
9752425491
8418950109
13598636234
6307108033
7687688015
4938391753
13047583653
13605548607
10611462491
4964767001
9214517379
8609766020
9407821950
15560301647
143955412
231189063
11611535489
10899948994
14607359056
5111533107
8938402440
3264303248
5058109320
1238093789
8087359222
9994718894
5127962528
3651299039
10658223385
3858955987
8021321553
8204290506
9280420821
13854518116
5037632449
6525477544
9352687288
320712468
4940607292
7876640657
5488352169
11126355203
4206857011
9317144695
5013682191
10245915582
714827870
6705897604
789394215
6754628045
13263487189
8599201514
18259073777
12753095442
4214673434
3679011974
9944131362
4530274585
10924340312
14040826590
9718773501
1142973179
2592064773
9116854171
8262323560
7746211610
17277463121
16476575542
10161861147
8927455347
15710022159
18580757118
12244176986
26372209
1718438775
5718003500
15943812909
6413447941
12515927538
11421146482
18245099574
5092992124
17115095956
5559509919
2119251261
11655149729
10076171673
1400064078
3879124602
2574859231
16132414886
17110872818
553954710
3352045009
16219078787
6396962107
9907056065
17341135195
1862110105
12853942170
11893303537
10527851712
5867355025
16396660129
18873542013
9982308625
5433636204
15001219999
9650351443
5909964877
18321562803
15368247888
5356672812
11745189075
13436544630
280209752
9789153279
7372451046
10550008961
11016325583
7555290859
8795779232
964292155
17246530519
731991087
6483670303
16105200868
18828038693
9925125888
3519604142
13395068523
16783858384
10558138653
7151506182
6029764801
8532926995
4576670062
11857745467
19107840351
9154372591
14526522552
14075603213
3149528879
5316393127
2466578907
522738526
2677095601
15249745282
18411937879
10476437886
16207774403
8747355141
11535514317
17360743138
3005011180
13311833692
15350354365
5583051338
15568857098
1360608570
5943297933
1370475830
11099148815
542719152
17104671780
14396474143
1395555580
8458264636
5583406222
3888986519
6315207445
13183074421
17834746058
3642564799
8742761251
15300778891
8440246019
10060052064
2160884910
13635055474
9641794338
3853005377
7553999752
19496007082
9237036780
16190666157
5621904627
3821839661
4112915721
16407335064
10355227079
11708544033
9226154150
12617966899
2593260235
8401788418
7772328009
10074542569
15760862596
2908699594
9644392506
14481590874
10745192695
2440481944
5118711628
1727636021
13722834849
3751022390
9218920889
11992505573
13628105362
1887585829
320798295
14698260433
8107683598
9790258252
3537044754
3049791448
14875289125
8915431870
1599625720
9714407205
4899450501
8743385301
1731676527
4323899263
5143179644
10313977201
1080670153
13954127338
34937171
1470959589
3355564664
5171743251
5551229264
6448264199
15706443886
18725924577
8847393775
2749513150
1124606540
9355653733
8429752838
5851505082
5203459422
3352823788
8015216665
9555020892
14244475710
5510276991
9744515544
532656913
7844376402
9919040040
19179056979
11743836593
10097114628
16986015157
3150505151
17961926586
2149983693
8048022473
13334615984
3784549411
5922797860
11978467763
14987152885
1693088341
3955237667
10769368646
4387436767
13178059270
9299651156
2058745474
14023068854
1247054198
10959520369
1858535596
4847855813
15327731752
3509072031
12502195323
8597898395
18709105665
1482296367
14099251688
11219080612
1116866759
5263351526
13632897956
16360452267
290729057
8848030378
2941514165
9814181075
7062625016
15674373455
9696563024
934802824
14884189618
12241365402
1742815137
15163607626
1978920237
13785621487
3439271197
9739472581
8701287153
3386187190
401915504
7162625782
1180182848
11789173443
18733354025
9416257376
16632643445
2368928319
7678852997
14799274870
12276728245
2699905862
6946213378
13976951728
6283042863
14005638704
8594968782
5439438739
18617868369
9610703346
3588840044
3193489470
2684906569
11650848643
12627585294
7749328038
14449416609
14668907658
8591922735
10399617923
3676540948
17692492
5208357518
6048815039
15471840312
15147765915
7220141995
8449664567
1852190835
1343572286
2927722819
19902558
226560209
2006477552
8801340100
10915799626
17670201351
2391854620
4298945912
4609542700
1817277053
10501912956
1418268116
18832929677
11704355144
7789400083
9897879385
5667039880
12611123677
1059375712
708114679
3261994324
4912940829
5817736781
9401366254
15992852293
2884521048
291401821
8632406953
10545380144
606569485
5864814724
4498731291
14209495415
4880356621
2535098229
6588720472
18863504900
1537123303
16103457507
18213573526
4608958577
10143816129
9558472342
15964045579
10973077722
3707688322
11899038784
11650664258
4987544225
11205089848
11438526679
17757835523
3274949828
987151124
153548414
2849413722
11886496947
11955574508
2486643082
2528705567
8139647153
13069598767
8986647325
15089190413
4742770567
6254247555
16843593337
7963240350
4667821867
2962556948
15799128995
14925603622
4327498710
74810466
13288734860
10577946770
13417220002
6702189761
13769603207
4281054726
1709384601
5546155901
5965155474
13795907518
10175237161
9884481260
14092899579
10876460862
8773632464
13399470418
14638754377
10747133976
1246224437
17417810841
12273678181
15589034584
4812612068
451283293
19002440568
10934804432
5449323095
7870922841
270805184
11772297247
454784733
14540130546
13548055752
13101165230
12867147919
16139819230
14813641423
6343151456
10619313155
5357469486
8159887513
7412240310
5196382645
9351039090
9055149237
5891514226
2310149341
4754419383
2180638823
8757731580
2171904908
8773624658
14025756783
9540741807
4072612258
1787547385
530652763
456536740
7575276610
6085002492
18609527341
230092375
10902071527
16144432838
4810834201
9920726836
6465087126
9310175928
18590487737
3460550463
4073519578
16256046479
7666975477
11935343701
11673248102
3086148856
9999440855
7327968363
3303850811
12003627672
12655051884
3886306877
12838790377
3342729863
9923171124
1871609188
7599701033
16349383788
7581792302
1417499229
1412244630
18229972679
9639721481
10595450626
5295324985
11998075044
901040911
2882753971
13003616396
3999036640
4229946091
12524821692
7872856274
1505639058
5031903291
17911094512
10413262053
16459547963
5576249275
15394655196
11206171608
10345048554
12040925633
13602317443
1483387877
2003584042
15179935865
1876515140
5726931838
12734873804
6564125638
14176052381
9866797625
1070130360
7736851058
6371342599
8981610267
2503590952
15435237352
6918610651
958227768
7544241234
8536622258
9857029988
6958161562
3457382013
9119687734
15822100356
19477257274
7305627838
7575758620
2862472901
1830951635
1557405893
15656439712
11320251252
4621603414
2831309727
2160902326
532570073
5815783779
8491033972
13313363461
6877740219
313304686
7268356527
359894019
8515775216
8195787961
8908230478
11723682289
3345077982
4684599275
15193029111
4297781022
12736700644
3564796173
12267861290
14399286083
1473309668
11471663819
17387345607
7673879120
4987549591
13628381981
5846445384
17342477082
15886876658
8464011705
12604962592
11137231118
4477431736
1608739065
9502088462
1415271092
3405580568
10434812645
2252545818
3676775137
12343846814
14307559275
14013986395
17424022509
16193306304
16316947633
6724253569
7789776139
3788898667
3837396179
7857834452
6594541452
3205189688
17002434518
8048387484
17420916740
15224330789
15908858882
3523708412
4488641081
1215536650
14767954855
3429217030
5655053322
9131344848
9394009930
13440134186
5501328906
12099131487
2179108755
5507955047
17719999339
758163556
7557671338
8014484536
15297272408
17623679713
8187670776
8116359766
7847674000
5421727052
2746112508
16370437704
315866777
16661909039
2559184710
11035885044
10283885925
7692176015
13214985016
19478145598
15587388263
339334055
4063868618
3159544599
2112964348
3757441169
14980913548
1858466136
11166127862
8358576184
13393657336
15646457536
8129467637
3481845875
8829094682
4405761167
399367787
3922647042
10303965076
487842589
3775740889
9654435197
6327579762
452139667
644725870
6344741207
667345267
8129817904
930028396
4210685937
9889162731
11283987407
10973504733
5965692561
2961692786
4392642295
9545977605
13066704672
12888983084
1978797431
3123534422
7674488056
7680780281
15837232230
16831392022
2434477464
7615950337
8211198545
3609948372
2136883031
16386948741
1662878664
1673379906
6870395820
2423951885
8976594507
9031943311
11614281894
5776736072
12809299406
8276166985
11438901014
12999875717
16843785366
8824807895
18458045213
8447088901
10252211801
1546695268
8175349419
6162684291
15974619721
15240222705
5603851049
224365092
4098829678
17698728583
14826408525
14187164251
5712805199
3366581628
13865747854
14071522344
13355601346
18975238771
14002927154
4165449934
14276418295
7674256819
17646674666
7913999833
4851731905
1897581637
1856990111
655623960
13535058930
16627313803
11233895589
2175834912
3013717049
11328287397
11465268254
9302454324
14420310406
8067088843
801250771
16184801805
12262299857
8411018650
2903155054
4632834785
1859554848
13235527229
11109207035
2863234168
14387901903
1578432310
15245989416
1509722892
12443156375
8505539040
14049578097
9704588540
12193114692
7319157912
12077293871
5750839528
11432079387
1210534554
17269065412
15931035148
13308804587
17300133884
12470838039
11683730020
11595045971
19051583303
4402123432
6248594635
9933529598
10814546918
12518977501
17306432078
16735382392
1879633864
8927926729
2873042059
8849073768
6800894362
2455094735
6571987028
12795923700
3957443053
14445304565
5912582608
3879020354
12671774938
3954937151
9288373837
11833044511
14787568722
8060554741
793444579
932719605
6312833258
1927563413
12022193407
4203387742
8290486517
213333956
12865497826
10042959439
14190017073
15104566830
17229750458
2261144668
15097511785
12078550455
7923021179
11291127729
12722979766
1034856127
3024293376
2673365883
5570838437
11884853055
14595047700
468101045
9172438673
8770500327
12631697323
3358004027
15918262281
10728459681
1154813864
10449492308
16235784425
581385162
15106640636
3178285216
629889337
9852985839
11160569918
13429152451
2053982886
4497862953
6075520430
13608971453
10289029043
12229661898
18764605159
7930356738
16520262171
7245953997
14264276675
9870125535
2115022198
16407300719
6501719341
14810734926
9583086803
14539048300
9191662158
7831229043
4272515229
726539021
9498397970
782793977
14021373652
15346788024
5501319279
1943032581
18772627664
18435317068
10553648801
890710018
4312099009
19273501164
6197179844
7629294620
12587751701
1369536744
7665490695
9409742508
8039115352
281029032
6665495334
210373822
9058244069
7654834246
6997471787
3873392993
7921320284
1861816210
5714179124
2694178821
9111972940
13314146517
1614857171
12528883997
7132503368
5111750966
364675499
11609456151
3894187689
7910833983
4356157180
5800047329
7436702446
5671929847
8714575781
7340271204
8369031034
4635186271
4606631062
17667901338
12589189139
10064120588
6363635322
2811693755
5060291232
477064082
11131202616
16405637837
18316989639
1308958050
13927853508
8138201191
15293289903
1127762378
4527565508
12625063761
4460137813
15091305745
2220949782
3913547232
14131798490
14019114041
11521786597
18108472168
17334058594
9789849582
2678413792
10080174629
1394934388
6962728135
17634568639
17424507427
10486105451
18889955271
11155784766
443427445
6142014377
7382479771
12530546286
15082047997
11493371348
13447487738
11615170908
776673025
4609151860
4045234498
5621904627
89211739
11439489737
1756597447
10255987767
1858535596
7370425378
4667707284
7185048555
8635486405
16497374660
8099426782
12746426255
6411137541
9319987824
8141480241
11356303947
5261436563
13616254203
2425979745
8119189848
11952992002
16964070315
5057930660
5579692035
16068641690
17933249813
7386030321
9236747099
10153050492
5327950627
1409067067
1968040185
4558705802
6007223476
14788774525
243033161
15931753084
13246880322
14958827336
611756863
1978127925
533236323
1638831497
4762180146
6976183215
8436202214
370439977
11758179180
8013146563
11654835577
10684833361
3077385348
11658091850
6216379089
3765856860
7917035899
7876285508
7881620463
15413511557
2699700753
1489345372
6662433382
4861772670
16218998841
4593112577
1508864046
18022010834
16646019906
8940316406
3540783578
1575369726
12131665724
13301204234
2699872097
9997438235
18131958397
677898117
13351204923
5303055483
13355509614
7040090205
9771132651
7917241070
9765991545
14198546752
16454447848
744789517
15585366225
3462507755
15810115278
7373817766
2561449587
9545352564
4768220498
14296286708
3177193537
2078341806
11045850622
2780461292
11868207670
4566709940
11368699548
5964609994
10814444071
12666347077
1454720774
15636974293
8130734142
9819575959
15112625012
666290463
13748328904
8090000724
1896191123
7841117573
14812490990
17374150672
3536995415
8009244136
1960765221
17208528526
11613844366
11983713555
6922597232
16454589514
7946806026
2489750631
5924373124
8246195764
509412593
14048991582
7044722059
13605625000
2646442957
3146686607
14464555496
1433126289
8752949278
13607850777
4941175012
8382342091
15271654442
14179549617
2133133101
3218097601
11276103286
13477952615
16020998642
19459762341
9709529319
2779485587
7657947346
16063579282
12432978550
13005253181
12011838384
457526684
8687444482
10009685637
5201092419
13611654421
2696363660
19872943664
14399250929
8717628290
10997506443
4662656885
11346768422
9416886046
14012672238
6502564873
3377817279
478958947
3406448645
6652084513
1969554235
15327193315
12912789607
10695774401
9915904650
12688067643
15857446218
2563187827
8613426839
5984662024
10906568184
4317539329
5600283648
7109696385
15158575089
6204789917
3383760948
7995176241
2035298701
18450163522
4041334208
17913977408
5372702270
19315333463
13797732716
7279155322
11582061858
8288949819
14242084454
8129620359
15225306953
18358164894
5851041513
7927113293
13057676572
5977396178
18882271689
10538118938
512495719
15705214986
9768593759
41996306
16899388677
8648908676
9185890889
2441306574
12669515061
5060365099
1871410469
10827229376
3914199705
16305070049
6205412361
11209126798
16930009869
17758453989
530317564
1756012772
12828432058
9998486937
4498590843
7777669915
577166276
19272275288
10332012494
19175769297
5400757242
9404775699
8118028125
1691402106
16507939907
2278702560
5117524545
1987578418
7288191934
8465062993
5976507131
6329329564
7528250685
12909038270
3520339669
3991899801
7547002395
12353561383
10212126987
18272280490
2163213730
2792766840
4788376629
8041159123
17229968764
9045541033
8858213573
3194758702
11834328000
17426791856
18770665250
7486037875
13642180311
10067514558
19640292023
12477024618
4421262560
7070628665
10917206622
17340104657
8445899979
4668769572
10521648700
4391030586
15802268427
10022226545
9786350437
9499204016
10358677941
7714765142
14267115413
9388987301
10583608605
18538696996
9066083457
8132035682
11467063163
7940389001
773638886
5581767956
12392210457
12498350932
7726464994
5563257310
8988778556
4109637647
11209733189
3803900268
9664861400
8332936748
10903549943
17922036026
13979415542
9535455046
14797599754
8397534726
7959449275
3681858107
4343938506
587183760
8207891961
15756040457
7776579426
8630932049
9790609972
11358815972
13554098179
1528207974
15611300357
6933782072
18405501263
13624029850
16268223809
4988125199
1649551405
2621118933
6294362271
18268633457
3015913844
7659675764
5263500013
1730613822
14788458149
5030685055
6555304454
1489649196
6328041107
9544612840
536790318
9678430714
4299603078
6297521977
4417147179
11235266820
7407113663
13326813025
3018257401
13191789985
12519484484
9200836854
5046172947
7279178930
9640274943
18696205709
4937871515
8391539972
3190108456
14598777180
2161960249
13956553933
6626189126
7430777250
4959564997
18013896889
5617654572
1194901307
12046881798
4624690936
795987298
14958158914
4924834394
1404697496
5464472387
11718699360
10823672597
11428431663
11389357631
11627909968
9293756908
13292523047
7915937695
2273461176
12216921693
6565312316
14726841413
1962409493
2556881484
22340107
8817564984
8167757830
9986961956
11432991849
6062849856
2091066484
9364977850
7848379448
4481244772
14544929996
5178606352
14765070940
688680863
4977064059
16852271688
10499935430
6240229648
6899504903
6560045449
7286210847
9254782292
1673742588
3451224836
17512668962
15332282251
10560850507
10536828877
14314525001
7292994148
4140124869
9718140118
9039261921
1770473977
7384321189
16445108892
8531761909
12155297626
2446583021
13489939397
9481915010
14305425634
6649726186
13873227144
13319542916
9877601567
10088657795
12907524757
6991262707
1983964001
1253611877
15764536050
11417967009
5353632495
6722388228
9538602187
15224628874
14859613945
2973912005
755514039
11388980234
6422123630
567175445
9326119542
14328188523
9460335669
10619313155
6372008470
1253843767
5107179937
3722377075
3735157903
1508870745
13714237526
16791066573
558667821
2173067387
11320443389
1793016651
12930419418
1222258369
10867226588
13635631637
15504246445
4710884898
4084434051
792026293
7242384069
11286678578
18587016553
5752494240
8130170170
15367806078
4033378008
11520126442
7873442992
2439775933
15063673930
10777237630
7225013923
11958061455
13513273385
13613693457
15470398454
3955761381
16868476479
6982788604
15429608537
8708564172
2396372797
1548394088
15446147414
15678919053
11098884838
3322921019
6244702913
7939526009
7043205987
16690874387
15160588325
7295235310
6928164471
2679251141
7284690923
18254386394
3895930103
12365980491
9657936256
9180605784
10914774066
6930668698
1887005772
18938136469
4539336389
5854263415
12539829988
4024758894
1505964230
8315678187
11612142106
1503217341
11488503921
10479843462
10425142959
4178626932
11198470702
2823372003
8856522179
13540380086
10813209123
8537311612
17751365747
13621557997
4967576025
8843369878
6885980802
1266604613
12017987585
9109484696
9968381377
13788128616
6517851184
7205271264
1375876116
9099457423
5193921235
8164246376
10443041715
2514214498
5891094478
279230296
6873024599
9365272062
8290061967
1963486179
10382319514
10090534238
3580655330
11865042419
5088144217
317604259
16580722817
7335450908
10322627474
4974794098
13219553827
3452311928
16548708919
13852839169
10061622297
10742756426
2097708834
7473793019
3785517756
3392270467
7043140807
3129843709
5840025898
13101159479
18842503266
10773739516
13375864800
558256362
12650694103
16331255803
5229493854
10093012871
11120807593
8848876639
11800692639
10818678386
15489433560
4062837121
1051110669
349193755
1916910787
3974884531
8691547178
9173042176
2634901004
13392824846
16736324292
9247883661
8483940563
2759335927
14841096567
1791279230
14458179729
2605030222
16827984512
9682278545
2191914025
5982864038
17742833367
11814539067
7363711919
4744546815
6660996314
15149445600
10842644739
901429657
3450504963
3339840767
4486057403
8382626683
9833798631
10754940697
10607206316
3860786239
7949352646
17590745347
3410114456
2646712428
8701705820
15230618503
13357382655
12576735403
11282296480
2053573914
1279369415
357705938
9404997337
1773316349
16352085824
12391513364
7769563420
17178823026
4837049526
15448709801
17739598572
3670807376
3287099978
4761178246
19022362552
9539662258
7266902986
3851822547
6228849127
7277232862
9770566981
13519550795
15222427919
3248311711
4178648387
2701465429
9260641242
12837047922
158363863
811833266
11593381749
6887914939
16002144823
12980672168
5410473896
9666351143
6327899577
2622024154
1400029429
3389021155
5010271813
11743406270
1924648093
5114055869
14169060751
6683982543
2474863545
6957931347
4243238644
4478773324
1126140963
5185098988
10473329734
8740144003
2172159813
8883797473
10103773517
3938363795
1356080223
6643348527
12239127862
6919985137
9407821950
15939370668
16502092078
51084963
2805060217
18148987347
13522210223
13835589993
14052468218
14507629892
15629891042
7550159038
5867509635
4654383010
2699605477
6263492619
6313968710
1535034256
14023734118
2965554680
1705259486
19138451742
3920359177
12362615842
11312022939
18940744582
9122396932
1281584329
7494830436
13824575887
13404931491
5347303956
18047603840
10124785267
8114718041
5559924430
12025283966
50114342
16092852321
4382755038
16216509762
16485259400
5853983684
17609939719
2905301657
14745997913
12753566396
10188713623
9056103998
9840621106
1497348813
11542178264
5121535541
254048457
15213047223
7048630046
14304797623
1945569074
9042089249
5888099643
12210924706
7004604226
9931174100
4814488691
1239277670
7211559784
879132985
2954944391
8525578629
4757455808
7742348916
13553886554
10719519834
11464328060
7067197126
9883314429
8398838978
7920254511
10690044297
13793394834
9774760567
5364425908
13635752507
3199594283
2405452638
6762497954
1862956160
18664493109
19125243806
4935839877
12282112502
1143720250
7811093850
438004471
11834780591
1880354140
3852463378
13700407246
910891097
3302265301
11898323638
11654447793
2908045834
4088306622
8722314890
2948991087
8950308960
4521317522
17167678431
10460270491
11175973350
4185364667
16008130650
2331088519
3539542400
10311886818
3441173764
17728728060
2964330744
12181153761
2234100270
16889073929
1657753436
15487410717
11611008552
17377473660
15932831813
13409697402
6091098056
13593344627
1878346564
8757801349
13467698890
8320093244
19013225987
8499381169
17944731218
7589967886
11355156872
11702316018
504311262
5839761490
8450869466
2576215327
5859050467
4453965320
11821802311
1777704006
9409484564
14380512887
14455312009
5659029801
13449790846
12847493822
12720836182
13689864035
3752989983
12131240322
13934499699
19311897388
922223759
6564112702
9326866554
4637056603
9437052435
6205275321
874261490
10767285758
2098627210
7489533143
3430695535
4181265527
1786667522
766252734
3853932085
1836461213
5275111244
6573141045
5866743978
3794969060
7899095058
12711331675
10493522062
9306805644
2016375998
2212093564
2259838949
5318448285
12995543305
5855136011
17715687218
8768109766
17121688566
13432797088
11070772658
701651741
4664895584
8004238017
16198578564
15464681111
9634537966
3603188202
13528433476
872089942
12787092500
6652909680
2864430347
12704592302
6010036402
13128028298
18828497952
4012529223
11639734199
7921974680
3612667664
6604039977
4428045533
10930019422
2644674982
6344783870
14208816734
18103790329
8033399155
5766247351
1549756257
14065668914
2194446188
5301628493
17718763132
2327035625
8597871686
16169883771
3031054361
118110694
4468705564
8746993785
12215155159
2592071663
3117813982
13249967453
10375925367
10429300471
2578155087
15266871407
10982039490
12174462295
7836188342
3397086959
15850173466
1509155418
10141731050
7186199439
2745974882
17496749619
5854970366
6786303842
593455899
5784381799
13317693177
5182330165
13997008685
8586921353
3478522894
13672438130
12765293186
10334968262
2423551730
6924326378
10853386479
16730263161
5667389639
6286693905
15849755303
606584742
13662475444
12939182315
3189738680
13837376303
7405552453
14532811972
4088250859
6431152072
12658526109
12200134694
2761738082
5620327937
7736185487
1090557747
10889424237
2518079886
2575193414
10402289932
8933697609
7921326045
6616704140
4322209418
3332377783
5856380163
6962904842
16189710871
7759044482
12757822903
12609087851
1815649408
13426568371
5841343004
17589791953
13255951052
1037977220
3490692907
8568671378
10832477542
1831000576
5130569447
933380411
11750064491
3265852451
9196499795
11456449326
7363480247
6096257026
10246180521
2209655804
4726900923
4562701059
10776441676
17397218510
8701287153
3299424295
1784111642
13794640661
820830285
3093040634
2701650015
12269842191
2478750701
15465680792
12250733020
11818621261
15206079565
15691413057
2287364031
11373190015
12412495769
11568526978
1964380455
17180852665
14842861265
18497286283
11454137364
5777269358
13313356683
5600102467
2754843077
10112828552
5603079047
6217955056
4767703092
4655434445
5855748034
2477635883
18680863086
17745069188
1022262292
11330891718
9859091650
1530952706
12389126192
7715320124
7065319059
7430090295
9430538633
12488014084
6364513219
12264603489
5455076650
2217224812
3787942308
2295871852
16078820031
12989147153
15330927698
338313366
15127162690
18231441210
1792162280
8167273974
13813942653
8082334175
18835993688
15598053151
2483739263
11338807284
6415455380
11729809728
8367864774
13534399706
9464975104
15831147996
10795589516
12236290488
12461814722
1058965313
14614523881
5157225874
3381511408
2527864376
10924395917
12418994714
6449315294
3676779043
8847460443
3537410518
13429264436
5875104507
13542565385
12327357301
420310682
8416130792
8894406294
17039567113
4523122030
8336135829
1060018132
9436063185
4209588485
4242068629
5013605858
11649964196
5570017903
4006543836
4971347148
13172838167
3207114164
13346101904
8459348242
12065689902
4024463314
2300940636
11572805449
10166180013
13483088323
6455297843
14393563307
17435106050
17120097889
16206083434
13119459454
1130849092
15853022854
4555559040
17365611788
8627468037
17005291024
1641742730
13099262721
2791177709
14000040339
8296938920
13505441895
14808313303
2406304202
9631304090
4441663008
7212494440
16684591935
6270198104
18971125449
10088280740
1253944387
4353248384
10931409377
14177154128
7795835694
11662195837
17367326721
4836792122
1068526795
4136976297
427360146
6363892373
1042623331
8072805446
18557431243
9285381096
9999463354
4762278995
18334703530
12653688025
9447339461
17745989846
1003740443
14026870096
16455324243
10295247809
11634864477
3931979553
10470989857
879183396
11309111393
2887499507
34267045
9267779475
1561133260
4402123432
6397404231
9696220139
6393658614
10684138281
9497463444
12500140641
11751828786
8970503877
1387887545
14903066247
17282655492
10619677261
3783260058
6205412361
15672906908
2369414500
13185678148
801442080
6967769725
11198358107
3587116349
5839134541
2125142449
8520255614
13719338949
8114542290
1419738689
2094766451
17472227367
10035764069
5467135690
6717759325
15001023063
1149459827
9813430581
10728905360
1873548213
1393886893
4262522520
14165705941
586164679
5135265374
2556804987
6824319428
15232781021
5802177817
310866586
3274354678
10559103396
3804500287
17851859645
11786801429
6658023849
4313766288
12775677179
3241218377
13634081414
4886197187
18050738396
11722570768
13723555656
10957549857
2533787676
850612740
524714197
12036604583
1442581963
1063671673
17749570495
5059784169
13749342918
5013616546
10488746637
10821166285
4221349989
1607976284
10014583155
11727051757
13114864551
5151034556
12425205157
18463187168
12566391370
6553214494
10672079200
3457868018
13767769309
7997489848
16241712385
6107410414
6863771610
16270957257
140451512
7188635837
11017793188
15945959955
3843850212
12524501643
12122718327
10460753541
8900317715
8664429148
7775592440
8036571461
12475145761
2831727015
11757578738
11176939874
7732903391
13886135623
357705938
927893405
3773349396
6515523590
10244290720
14641984164
9997039983
14066881058
14259903625
12818856228
9966805682
18749508914
1089354988
11228261087
2633427442
7800166827
18435938124
7165693735
1887135181
13852442534
18319142224
13228253243
9515153020
14892412357
6293565938
1034363035
7556116583
17177701357
9746563898
9015996896
4032591251
8825973549
14544944977
11125412146
11772542363
8196344368
13662623496
8038484401
6186533019
15934082620
3440557758
5068277000
5529356239
5793465188
11189817070
1942551915
10742160392
15846574144
14264862282
4384247686
13495771445
12602133452
3345077982
16538254607
13710589872
7108313900
12071800221
1865903949
9983076034
60616795
13562301642
14374729160
4818949248
6039891223
2152419787
10346985775
7471470771
15051366507
6243209428
8409277500
11923333316
8478718991
16287575545
12038595676
1848692989
2680539435
2533224118
12103671924
292094302
13322643968
7670001126
16828298351
13815974381
7991595620
9960392832
1401869931
8898032104
17634209440
10082049293
11377023711
14021513557
18110024127
4489371084
10055512688
16866223462
2796538610
8850974828
3697349159
7499814236
7457268582
14169056171
3149625152
1325816727
14410842707
11157723481
555156508
15821700227
8796937817
4175587611
1937556121
3450172720
16522669480
9744715567
13067965509
6093248223
13372256277
13769730108
14249628121
16865121319
10456668771
13097802538
15100678881
9527041941
14063034784
552802672
14932993156
6233793824
7055153037
12750084982
2411659092
236477170
813099876
14841155124
10997873753
6297633190
10823544803
2391421702
11319225022
8235996550
3455369033
2857618943
7132203630
2302915406
3368499366
4181650989
6367173882
16933151909
6150274315
710435889
5867260106
4472861925
14772141847
16733216940
852579997
9654376416
5635745366
14472575368
17803431400
14021591814
2388277536
14029833629
18970033955
4038822429
2685167450
14094426412
8670156187
17464030601
6606869843
12750092252
15909821218
14370278592
14740464692
15797008946
16352054861
683422341
7686011588
11430226265
17824998969
8990516943
7556441091
4483621114
9276073449
8276303802
16418849494
6328852384
657838819
891616738
13216953778
10009554241
902609549
12225441539
18290117087
680108686
12265863359
3037154151
11009329920
8997935010
9121067667
6791906504
12246874741
11667209118
10892964689
6570545008
15894166228
16722823462
7943788651
16297117668
6198932155
15072786275
6651705348
13237334178
13170174845
5544225655
1522290167
12962564282
13002744696
18629047482
8308686332
4365139049
4599757575
2113523035
9999812324
8366313911
3827907244
9107200745
17774580401
3965100995
11489120281
15456598097
724540462
14339034333
17983350081
13767133992
18752860237
14375439658
898052996
7673880210
17805888791
14580522193
10023608619
10997783788
19322049310
5128170400
8548407939
7429472156
4769077925
15003197923
2457745687
9525707644
580491636
12480952103
915811307
2173903362
4405761167
11658872472
4338180507
6247753043
15515600022
15182671758
785781004
7316525619
1169172285
11389963187
14618113790
12633800018
505012862
4959765585
16094341921
13056715464
8029628757
1333931647
8371443715
10098852974
2862844550
4015194329
17287516199
1066272659
10570956824
2319535466
13707975815
14974596284
5447167365
5351101417
5035744628
2808550324
16432065485
15177116064
8183395408
4258465216
2688133343
7995158629
10841959435
7951677844
11276864330
13720155619
1626354271
12709396612
7847812686
17691676648
5381037498
12123560285
5988217859
6846610870
9622142389
14604899669
228749814
1057500292
17972020752
7345693575
9090543715
4705783382
13904106208
3431137058
15959890632
8462574873
1130637310
4697688262
1495584821
7173695748
8422947745
8244540630
10610864985
13635875273
6800774662
14010320991
2880347022
1415271092
8985734795
17728753683
11496661853
7454403390
14049948567
9142699622
5569176136
2424610766
1596256226
2591747985
7153995443
8516825974
16317219348
2698225518
1717747212
3899224547
17609600063
13312999572
2244734868
4939470600
11331765354
8838671672
15024860245
1173231243
3049393917
13854529772
6687962082
15016170677
18226772563
19665253106
14274680004
8794207050
6906129555
14892147612
6875242905
13397233696
14329730378
14693123876
14584619714
8613701536
18113126076
533637631
7326940065
1757707993
14843078991
6718807820
19217459986
14680850010
6265405651
12774340688
4401609473
9268773275
6798577343
2351341653
8818434839
15765612098
10296173174
5556968690
10430730550
1260794795
5382078531
9362093844
2399428231
10805224418
8394044301
904384652
12457396156
9197809764
9449998869
15812581808
2919238273
11922648732
11741083159
11312198018
19183266808
5634318171
5042693352
12048205846
3624833725
8759340605
4070954169
13857375232
6669261846
15542381833
10456831020
11443432312
1918166005
18184529961
9105895517
13427834427
3840575190
908358425
13951600813
11154798433
3519059771
5360440444
6112917174
5963459806
12115335054
11336012903
5467355103
17529654346
10253511089
1417499229
4063579210
9938527564
7225986084
15491863627
4206813796
2317346261
11583079712
5757416326
9245976251
11681642208
4577019670
9907627006
3908733868
14581338498
5766170496
9631449790
18359380254
10643892214
10640379940
13210846898
9102562141
443882673
292879109
18241151932
805459621
11115249847
18051278342
9446131793
3758751132
10901897618
4663683821
2796222744
8749316934
10643374075
1161451986
2614317657
17490777725
1718384561
7379920234
9990333824
16719336416
10440179289
2741137025
5013733180
5687066087
2833204134
5817978879
6330288647
10276232339
4954016272
5188389922
6679674214
14458691848
12729611569
12048310214
5516692684
291611205
5580770225
2727498103
1410232947
11002279995
11739995958
5413168338
17464855554
3071824354
9123791360
14188065395
863633142
13320432392
4566589476
19092902128
6586412795
5837673886
10334488794
14590239509
14754320402
14866364061
6706418993
4649065062
16688480073
74810466
18523542654
4825497592
8533600744
8632265109
7473877165
2831308119
2122763799
9169911475
1069500059
11074707531
3299352959
5065582029
9478693495
8531337667
10324858158
13983305971
9908220592
1538620258
947737376
13737285743
14574200585
7743266264
8265079238
2794117136
14859988545
8659510047
1774665589
9471819705
15150362941
3259870999
14101002460
7244491544
17764103704
5243111268
19394893555
1836461213
9100426392
6102649037
8757605178
4524401840
2995854504
10921814819
5451918403
4228436401
770062956
6205681584
14335893923
6762216550
12843657896
37006964
16371954786
14052922038
13157913059
13680270886
4699222030
18541768966
11368603154
8915157900
11001299607
2185476630
7161058580
16315177366
14543295241
8740417190
5367614059
4597672675
4973347713
4850804767
19561878964
1334838047
7949419674
1710964296
3889410939
17276801590
4289731218
18231134761
15221063177
2778444216
8199521601
4658788251
7348284431
9477146989
3861186652
10337428861
8530349911
7215447145
4854377076
10622711870
14756675152
13230885058
14693883412
4434624138
15109438290
17688372335
265192941
9006674142
15715997880
6092596577
10333261059
13878160136
12089179182
703936377
16775501147
9850041565
7852927033
2459038879
8545361276
7097008112
9345804724
1820300937
2832732536
3018573180
3867512469
17265993191
11291393732
6762566245
7292626323
2853494704
7477428520
5331998377
5058372374
10880027976
15018155721
4489730020
14813327079
12239573358
4258972481
254070729
10587017794
19959582360
8073954847
13924514676
8112973127
10078462036
8786805435
10258444653
3898024465
9940518371
9482672968
3984533858
14721781134
17903914341
11842922768
10520209396
11572328774
8511413096
2621797008
2493073937
14535616496
17663518572
4134932888
9821639766
15848516002
12091466555
14105135454
9990114034
6227892958
3020496633
1856990111
819864617
5781330787
18033038442
19085860474
6097466132
5605258405
13383720667
7277226899
3616974719
9525465271
14623337231
8637081935
1025641722
3332464990
583800601
17501636318
4988822783
8896887807
11788665073
12822645010
17044584918
243033161
10602341658
11042466506
6562306765
5263071479
17048321159
3586062775
14196839872
3403762904
1120658978
6050609726
17766151357
8433303495
4166311884
3644079659
12624113751
9454447238
5805813554
1203695734
17060686661
16433614633
5839968250
15900232210
11277929688
10578504868
4394846234
6725220473
17939559838
4972494043
3542682809
10603783034
4875180934
6432249476
15118617746
9630463043
13449531364
6838770955
9953010517
1818832661
4495087220
413041099
11986053429
3336136183
17104748863
13314519495
5203322844
8132035682
1189917018
2250304684
6326286947
16810907006
12980417621
1402511016
9919896052
1667293762
12531692515
7966862584
4631068551
6056167409
19714467
11731885751
1730959623
2319213490
12197454480
736564337
15510172456
13556651454
1847111085
7439776160
17534425078
7276966673
6537059078
13374532615
4391899752
3184057015
12544165367
2036615663
12872176753
14300304502
10672994430
2091801847
18701910120
13032482791
740125076
1129618130
13286105260
8690732749
15366599928
10128858515
4359601782
12663224368
1034408902
10450606847
14582292970
7320969421
11347953315
1822431895
14578483954
6883595959
11233001293
15441274976
8039807198
8484802271
9225771465
7368515526
3286708324
4177446621
7415638129
5405470613
4925917559
12768597422
14927932657
15457612216
3843133859
1385664787
8979729346
4681084396
14570789707
14487067340
14467383533
11072439206
2592071663
5805813554
19025760892
2384334331
7841845872
11613144551
16645185604
6643090574
10569813377
15117678935
18548429831
4688341439
3401590672
5988200252
17148542954
7216276099
17494318076
14985734508
3683542771
2917364841
7871067922
17972165228
3827481925
3182193930
4170150552
4177209767
1331183812
2827686215
3011491763
11431847823
2116327062
7626786956
8197569051
6545519613
4772599991
5059784169
6465243650
3069772251
11384705594
5112274693
12831007959
18882020741
12364377419
7795216778
3653118707
11026951219
7608462932
74043408
5080037205
6724325359
9032799948
2178430737
11570175129
13149617628
9288628898
5298533939
4605171881
2712438919
18966272970
9605942432
2681114993
11552085998
7805495413
2559898873
12184232449
13633470139
6766700164
13343756284
15498641755
13849166968
18529126198
8295400843
10260369164
4543243399
13803614309
17550989212
13569223097
4268668300
14260770807
10154884021
4547603535
13308693942
14423380293
2595981550
18792965435
11875999929
1302507426
13843881947
6807533909
9034997718
7190121332
6618011480
13624509185
3353176339
6500330208
10150935047
1679496852
12003699428
7644644268
9381232678
3673796961
2831908327
8803140185
6443899662
3547251636
3786635924
6948192565
2660696075
7230557063
11040539022
9719950962
9108962504
7337185848
9748720823
5471276495
7172146814
6291298828
5990299264
7079335000
3206493227
19350900397
14335605121
2138698023
2852874898
9325227324
254266853
8193563499
11443911349
9177868028
8099336562
2210232461
16047687929
5665933700
18273721314
10029170416
13641157435
3624833725
9322806068
967271383
10116490579
5673281805
7524252046
11799363763
16568505046
11703566669
4912749613
13002436215
9060698745
13441793324
456587350
12191798523
1599958273
633988343
13349051186
16747542291
17866611724
11660595893
8118028125
12589995539
982641908
3303557344
2874168378
5381248442
2702814438
12754100395
4248968300
16106882710
11107200525
15003446623
12215031485
11789835596
3954033768
16400661487
10898784977
2137715512
9641222961
4064940258
2662800661
4415761766
18220731247
10117335811
2507324596
3390970612
13611017946
12998061027
4215986154
5201852445
13715108694
2068791490
1272641754
7184949817
4657856359
2606802910
176715558
8636017252
12946681358
1151837768
4211930209
9924264691
13291480709
13237557492
6892191891
13963568270
13169147889
12402874108
7371830141
11161973976
15952574653
7917908474
12767907109
14810836802
1123965195
977101480
5604908301
4302866112
254051984
6834232325
9434772093
15611294582
506084990
5721894041
18479026847
15347306795
12837459078
8811119671
6863520243
7707536360
17702072151
13753311840
8533668700
11226939419
13694690613
2021161214
1404274219
12981276382
8847774999
15348422764
7789928876
4613565156
5502254038
2727229736
11699024906
8666331571
8307958646
10288314474
11563796254
7851889919
936408256
16544559473
5773034837
10193910257
10710616188
17368252743
18625126558
8745996195
2370216588
6919520946
16547329302
9633566605
4934625331
3084144909
148227802
3827015851
8050446079
8169383771
1189051966
17861546626
6060877568
16197811404
10637038215
10531925524
1486610337
4417147010
341141151
794495704
7038650623
5310719606
8848843166
3684226176
16094533444
3543500418
1268596297
12318380465
19909697544
8115316408
3847683348
4262522520
4363702140
13320268495
14360195763
18737365906
1522426310
13589439512
6564039562
13044434660
9895914559
9217849701
7026608052
11997727289
1834855171
2557387786
6480770129
6513959486
6100541499
15638074653
14333756414
11099539106
10111337897
3300667595
10987817469
3158035406
9296273764
17009336309
17995290758
2449760067
183215205
1570582469
533661927
13934338774
14290141600
15405081097
11533022245
7943341825
1146486486
15244282561
590053429
15879260241
6839609299
6507180898
8132473399
13421555002
4537586041
6537145639
6887097219
9324845826
5433636204
14456972713
3267227777
6101349092
1368429279
1214972465
230560130
19426942044
5064721649
1671118511
7886222050
4289475939
4237906356
18399966360
6332956532
10907306118
8138017637
11180676278
6305950853
11835829652
1815100038
11482688967
6574722295
19006667459
14359679636
11828350748
2935378510
621450328
9131266450
7616624777
14663801577
7576113810
2995625660
10427907891
7371549165
6061330263
16327021369
1537528418
7970357361
9797198592
985743563
14358400053
9345227903
15769800105
7109886503
1926342816
8261737940
499913193
14769313323
6145481230
6839746687
3379333820
6382483963
13596232776
16511315138
5039723968
2424180064
3181651065
7993857042
12217678473
3269671300
12626949075
1658500639
13324248989
9453500470
13846782966
11094693246
12633546926
2795053591
520110750
8737181526
30304613
2620152747
7621893501
6480911770
3957377152
2611146176
4864716281
8256346863
5533453790
4743400101
12577617315
5570029373
6202064579
12462404255
2232410990
6012625228
8363323210
5364898490
6333069593
2912740504
15139029180
1183042568
10190973258
8436942641
4192455903
15689843047
1707605629
3638558009
12216924647
5848348148
13747205386
1507270680
11953025749
18704777851
8205704597
13705891828
3351281404
8374234149
17177665840
843576783
18608789911
14813329540
15102784239
8164674308
17864152724
9276239855
17389433708
3259891766
5363914853
8368975319
2899889236
14563715376
8834878983
640464402
18571556603
3704206958
4990521260
16512596942
14217129269
14874237320
4779356283
1612063096
11579503611
1574912045
4508927801
2781156199
4862448818
6970281172
8243843772
8259725288
2287788376
17365658211
14035257540
13635130029
10663177388
2832265977
13221466348
119338766
6467857589
467023888
4146294189
8342868065
13478830053
2118013954
8912333465
10868444673
9070237826
3870195794
9346308997
7067921209
5880133524
5959981025
499913193
13929217042
5556477649
12873013787
4922938008
18828497952
14340223259
7174700745
2879359302
6433029547
6227175845
3127261182
7004976224
12155503145
15881923867
8106469378
11519957544
15829543933
4913095710
14914841157
11077317017
16868399083
14669693409
10105107594
10547265942
4718892417
6503027765
4298235007
19103421188
1584918429
9969415691
8300363922
7912928109
2785110492
9853137800
11918330750
19630993037
4228503583
18782869843
14492993995
13473620078
1560679537
9071330712
18995416877
4410758279
13916757687
7319379876
6303717037
7648408769
8983250704
4543341913
1015219665
8974075562
14234457541
17421081674
6162695026
11078619904
6793239447
9862188620
1705078483
5635630707
6316877591
4815097088
3632771619
11217167778
3450028271
12280400079
3213051593
481890118
7372029233
8646588088
1402069218
6225546218
9689081764
11666523927
7604248479
15133258535
9810663203
14548093589
7546884605
422169451
671948325
10257771637
2615552244
2885951104
7746365449
1696239091
10921814819
1930124497
5373128253
12277629302
237174545
7517483064
5431228829
4087749407
11620508193
12018416022
8854491022
302143328
2820742475
18538461752
5828342843
2465696534
1980258836
11758422156
5299496782
6021291556
1878800645
2421204620
4549406244
2578375201
12613956506
14135209381
9271766551
17237520917
17251011966
7219598071
13253368597
10522654786
12846721360
4891780961
2240553758
17539410780
16399378134
12378794549
9224052738
17750501491
18688384676
14195050880
3613061885
2904971121
5012322675
14783691098
4423683003
13712309891
2009291633
924716001
4503548915
7169702377
1709060758
9796998080
14685849409
7616330994
6398625486
12669345323
3026447473
11145802159
4824668211
7920927830
532678241
9850535756
15989596960
5550734484
9457418369
3442952012
12372470400
12533244057
423620114
6755172308
4565720249
9713310309
1373484446
1454166624
9692112887
19472780378
10521819161
18973320408
9567930122
11544566040
9611172454
11585838958
12452846031
13750629950
2161478741
10526736394
10545402863
82112857
12068223020
4654798566
12459756307
8627317809
17463886365
237369381
17100534601
8238134402
3614719381
15244254786
8901671673
2907176361
16885224575
1171838872
11438615637
3596653962
6609558930
16486443410
17281018437
1743892007
6907010705
10981057449
15007848357
644236883
19693336411
4493243351
8885558887
1032027704
11221887963
9109725876
8884211731
3328406929
12252501117
7712612823
8567366466
12809544082
2856350163
3983441068
10352309211
17301017439
6646561972
1361309930
11819834121
7812805462
10435802052
9482166742
15791347476
5260118971
4619383423
6743518429
4130837610
16135184903
1773627665
9523594609
4303942401
1536520992
1643526695
18572515115
17863553790
2335293694
7391543946
14877823638
4899062806
13849804891
11190178216
6911005758
18634422223
6585451524
9501374128
10118006156
13851132309
8121694487
12250590697
10120776872
8681899317
13451280426
12075375525
8740733216
8809687538
18308707648
9658827497
13490264901
223756306
19377861653
12030618120
3254450614
3949385104
4858138323
12343150945
9908822252
6090236376
2326342535
5979048279
9524783132
12397755855
9805446351
7319325094
5604112649
11437217947
18402241608
8428690637
9022348043
16035967902
3334461361
3002741256
11966191153
1578144573
15996548314
15728373626
9760431544
12562906701
12856614524
4075114885
12650577366
4685738952
15264588396
12866472922
3445718904
1523027478
10637250708
291729680
9154452791
8187716623
3694692794
18509889162
1225097472
7059894552
19140655932
842398905
12048007009
3006034919
2268217121
13075973168
988102312
12157846267
1274485277
153341184
16659739536
2141717041
4450388219
14314312759
9058581737
12188794970
6092675377
13507644911
1632213889
11013833261
17181856605
16315571482
17707395895
10835139028
3243043295
12840097330
9631194503
9383843689
3627911359
3786907218
148083914
5045147886
9057800507
492221017
10988967958
4433624117
3112480747
12344210427
7808169517
8151116577
11422456414
15872934065
10192316429
755213972
9103506337
12533536342
9275340652
5802640292
8911767327
14318269976
6329326404
6382033657
9631717371
3352970199
2658487065
18488841552
1862752746
16660435121
10483431617
10498532538
1743489845
15079258247
2534706442
7859052678
16128123644
5448434767
10190100428
14217152633
3974573505
16122398343
10230859985
10362855922
10923785679
5443122158
13989932894
12337820917
3487768106
16550060830
5372014781
2245520732
3554944928
529249990
5817236647
9020199202
5605258405
7784145709
13001215220
10538937531
6786486100
14608072108
13314661494
16466194098
5838106430
16745960637
6223712344
10988311093
7170166976
13919262762
6061736884
5068739474
2133469857
343050454
5938299521
8045254022
16379577531
10660380367
17113228632
18054101931
5413856693
19104349189
19639661957
572503291
8534497329
5187434342
9890219369
11607029543
4042484250
12666620265
532570073
10796533456
1873790699
16496347124
7182691407
16987050110
14313922749
16878952403
12492585471
1739247423
18386801325
15533543150
18857373064
9123984250
685708461
19204207976
5260956638
14834560048
4426556560
7194013820
342273650
13874563176
18535530267
11161123160
5216270742
9826108211
6048492329
5808003061
11478824356
2480183011
14038270731
3487768106
2898376557
11661511463
9523411830
13891785224
16959172038
7454641823
3133907349
2192142371
11431112492
12216924647
11098991761
17595459397
6953002127
2149983693
1403667708
10474630975
18314810602
3929951679
2012414221
10551945097
7636136981
1908038185
5294217537
5918620861
11055068738
5369961278
11288113102
3785063554
2880178324
6094168203
7274169456
4499928652
11487200523
6328111117
12841062782
14212918327
5882877309
6809089744
2447108065
13281112981
8896012886
13922487466
11584935038
6142198767
3437065736
13492533283
11257715826
7010903617
2132020036
16219774810
5425664321
3102358060
4929853710
10773977591
5386802530
16882147200
10806592108
5994396991
1415751296
16682541794
3505581114
16561614181
6199696817
15376241471
7818176403
12251956534
14379688551
12016744313
7935963952
4595132334
1721548733
7988232278
8275485271
8907641460
78597411
12397928997
5076999282
13140303962
5826052657
4787503642
14109978492
10339596428
11475152215
9595393394
3239265108
8884114218
18901511730
17644915276
14996851598
6204187180
6206273173
6220485297
17685150759
2172287167
17758435068
11360350650
10555989029
12055216857
1644571501
7132503368
15960798475
41879891
3049791448
4623780639
2868877685
8720590947
7338222756
10923548162
15736173555
11835208937
4216072077
9531967333
5846895477
10825864721
9052467300
3131841070
12716735610
5364273881
2247916747
16876643082
14596182670
4884000305
5600706045
12528518848
10855838445
6913914299
10645080382
2776368465
9402683311
3578295829
5060320619
1945004903
82560803
2702683841
12757830524
14712851405
10171243507
4827286544
4886634751
18807541166
5251793929
9806739922
15940308582
1311610213
4614725002
7623609447
13885518932
11871331659
11422783518
10720247752
5754673115
9275145434
7283721915
5234872713
18440224771
6051733570
17161821672
13038418000
10623493968
9407800287
6389490151
11021546977
2288262235
7435477790
9746247383
2433018395
4209807983
17676091680
6991252379
7070628665
1943741067
10845431989
9736275186
534685198
4186766722
11309634024
5487392821
10104212773
11849767496
17146231570
13556818497
2890506935
12049304066
14194947457
2424121735
11188383541
16063217213
7965549498
10434886099
19291561766
17166932115
18576919015
4207649452
9718355196
6338071513
9280974176
15610268102
3636139809
17498493779
6494694226
3952685290
11319659972
19434435211
5064781511
5423486573
3432226036
5068521212
8166031250
2743005799
6530608018
3590869991
1031711821
5549778737
6129368748
14092899579
5564405123
2514196483
13350248982
5731015306
8879039018
730265977
9510049947
15837232230
7822252725
13692982861
1522475304
7154591975
14936931540
14011261645
13991075313
7827540766
11051384361
3178771745
5025204680
14099688489
291055498
16850383462
11871533053
10178437025
4768715659
14536587945
10713541349
4048367459
16054607396
17186831273
11147016389
7370618476
7787041020
12130445408
8456429295
4075799136
7442549625
2924615381
6065818130
9691059999
1512035260
19267568681
11302088528
6537045783
18682490310
2779392032
12577116639
5310444320
10492684964
12873373641
9848157572
1299773612
19507412857
12835057487
8410544368
12811271726
6814802015
16440654060
7004819290
9458207777
18822673703
10744822558
18197397252
19220562869
3709581533
5122560956
13715437490
17964006136
9921466597
4719311880
11557078515
1128489450
3842014180
5381945297
14516846740
10029890741
1877463093
15880801522
5018099575
12279208319
4024546002
2429188784
17324911934
8369501255
9471478513
9928406658
17364240518
9391391725
364204853
8743535304
12998630146
6545244181
17209977391
15281452975
12800886010
5700459619
10813340301
10799367345
16381288589
7063443740
13013285716
9454310312
5175654912
933380700
17672880573
2988407185
12325969621
7617311613
4384923647
2549200409
13529381945
6858104179
12765741140
6816906088
14858256123
15892033726
9325190212
12806025598
1355787663
15560293008
9973191512
5121170942
17803454734
505665780
9438892508
9608778968
3428129173
6695214416
13393528484
7263816087
6350588800
9399305204
8187412261
4689212217
13475441731
14669973306
15788853170
10397637528
14997267525
10338625122
4917882971
1468466349
6450238994
3118978231
3031318923
8106165466
302143328
13476902871
17060813193
3036822195
10450176943
9572013173
12292357623
18468995298
12190594324
2021112571
14915192295
9416886046
4537186010
13630896811
1539967818
43763656
18705750818
15487949687
2028470703
1969029745
9665278099
12740390796
9076881243
10594266288
6642255114
8688833303
5815783779
1356971825
4435799436
12314824592
9467054011
8709060297
1662198648
7339286217
18609700280
9643281623
10330038011
11677200120
15143631001
15288009721
19412631958
4125067985
2434196958
4744216780
10375110262
11825765209
9989601069
5927149204
9271031644
2024094116
3377704059
11445634948
2801096205
11122542311
3067306916
15413511557
4434418955
4572394658
353030616
2272198923
17247746519
1689678855
13470219929
8909681731
1664217054
17344412416
6675406614
12440183113
1695388910
9584358703
942067941
1031652309
13986230788
8056114964
7195248417
5309133589
10749746258
1555905825
2618083865
3632806590
9901173233
7531218696
1647773543
10214284070
5099976862
16938983085
4575810760
1489646472
3178412121
16681741236
8459233274
1849684167
18955824387
8295400843
10930019422
8621464221
7543529091
14351545079
6862401645
259065022
4602501044
3881958665
8434797137
1657074064
11267266513
9302746758
14542779006
15973153072
12723426409
480298084
10329697822
14774975373
7167507622
15581720754
12685049430
17281793059
19176410581
3013894967
14481590874
4937610919
7954165503
14012266300
5773034837
14523763067
16798995917
11308893249
5054870044
18930546141
13917893912
10340924943
937872328
8446659321
6657225737
5643286250
6911305739
15248188600
6688234007
6910751814
19477259671
2644390465
3431766015
4854046972
1585553374
12967106136
7526977370
681216243
8419488802
5858736198
7335819009
2496719531
2947917583
3332439234
12002638274
13972282944
9603253190
7924708837
7934699966
12985683164
12317541970
12887690686
5386255237
8893728525
11522014387
4834201293
14718051088
9436337301
8180598498
1762860270
8260174468
8454585547
3982003405
6547079870
6071905343
1578144573
5607299989
6005479191
14679974092
15072556209
10573418759
1624852705
13211932758
5297411910
2160709707
781236373
3366965409
16830270588
4455591219
5366922849
7843262020
12895370192
3231961032
10858385558
9071330712
2574006651
6374266437
2633427442
12894971228
15202770085
11035323535
9767399332
7526609828
17653125559
2727643270
11621506925
17756470346
7420957176
2566142464
8215582607
9105890409
2804877648
5122785208
9236622404
6677773776
19011822219
694591662
13564540250
1412244630
12606068621
16790469254
4278073795
6140415449
4044543039
11893511313
19322662027
13102071009
5579932329
17595702327
7640780781
4247128099
3410523119
8632492237
4952427360
3072936592
7315420798
16216932751
19208119884
12157965339
6786008082
7194083444
4402739315
15688547102
16034759854
1712536918
3602078642
17326128872
9101530675
19116759601
5832816587
5903378357
7345451795
4513292268
11420470534
5344865183
2688383435
6577360002
8901475683
10383190475
4767884790
14899509351
18685490486
2491995607
14616481937
7359365374
1190754865
2386699112
11563485418
2900537238
15689319817
19492120330
3203401932
16866960587
3805844295
4034812251
5108769326
10679074209
3841987766
13874176441
5505050422
1253843767
4766963560
5919378027
4389286008
4775755283
14114623213
7494251244
6667504148
10994968254
8511590887
10117233123
13020233741
11629179292
5266455400
17116915125
4176449712
18133469014
6336090281
6829227134
8336747420
5639021261
16848787190
12430081246
4650118822
3869393887
3317659356
5139032539
16511683207
17529112256
15073709784
5267585341
3441141024
14227143611
6796269521
10908573684
6017290811
4066154869
1211425644
7865221401
4815302020
14209345324
17037004868
8067796207
674475336
2774507470
9540740514
8513295074
14475475308
13688571267
6359124818
7816383464
13892727497
7114925996
643775775
11146154697
12370098358
441063207
1790813930
1198043125
5717868932
16801382570
5150719201
789675119
13969318044
2839854022
9144698617
6035171349
11600850740
5414203367
8279203440
2283335827
11413514990
2275204178
18433494735
1662917034
14642720552
9067397148
7957672804
7328600869
14759374984
11686047917
10193013757
9929169423
10886881323
8138509640
16947981009
12895602634
9041275776
14027060131
9342895659
10476184844
13072101246
60754417
12927609927
18520671076
7099302718
13203825913
7985590765
11526422187
3397003498
5844450308
1306438493
1437653986
12160838345
9975353538
16743403247
8419554661
6617929057
16172450574
2951613848
13245754763
14752957057
12813747005
2756344377
8100009937
3375079823
12134574713
393567346
6866913256
2758388273
17043928048
15105262537
5779645320
893205671
2485054939
5371288752
16153565120
3941839268
2491918278
2124616758
6051095190
14500683990
340350172
11864645273
8931029403
5861512855
6411662137
3246332917
8643079187
2382318038
17490622208
8133626471
121011120
16916150829
2807197082
15223383494
8933372455
12585671723
6371706223
5042446201
6929574344
1078137400
14545302332
3304970932
12102023885
12899542580
6243148110
4983120197
1528155635
14143950523
13388650723
17045210711
13294433885
6407388027
2724521874
5863891319
1206708428
9624972004
7330954387
3443004849
6569218258
10049519071
2493790918
10099447029
8915206567
9456466727
2211203155
6815465501
8913081989
15101265718
1350489192
6257817809
9923709716
5580681796
6472121048
9157599276
2878440404
19313154014
5285131471
2281202176
11608295637
4205208628
10581607570
7406573798
3150398766
267070065
10867689412
2920803493
6058163882
8193131330
4712854443
8424022994
8613329926
17475832506
7378918531
19603638611
7769273047
3774313053
3398309863
11940918243
7191932236
16790751238
14130522768
2328090858
4041517807
1645129882
12958634250
3282659567
14696241299
13016730831
4612811515
19141934956
15321364665
12836732990
8156306453
2221437680
7047735455
10091248026
5342083248
13294986725
11444670598
7915254115
17515473980
11809696210
8434433083
4024393146
4088218826
10042437192
11640489043
12278132721
4474597974
3564410336
-1936112
1420491119
16297703599
8173458047
9545134519
7669213828
6760348788
15374502212
2284347166
13151726320
7787780005
7324728278
495626031
11894084137
3565804048
286296892
7886880988
2727737743
6288716169
14468566741
391011012
3655787391
14407013969
2251936244
9969425520
11094837215
15240800998
3195293774
4016016414
9307419264
8725975048
10901406511
3758860981
19719376883
6205681584
5186742314
14652376108
12041077907
10975536614
5933748948
975650278
1228800021
1788177333
7477887995
4102214159
10149858611
11369230014
1761890954
9430728960
3707097073
6605452340
15914535884
9507207468
7686122449
6618131783
7174301173
10963501101
17753789709
11562991664
1650812138
5537162047
6096695037
11660595893
17799436421
15320605588
12998462259
1787219573
622130914
1672285206
11036775275
16999948148
5718003500
17698814537
4357698726
14549806301
5566186112
3725748178
14892968898
605097496
16693056600
1951951605
15042172558
13570068306
9679586015
1694251245
3681385213
3021912713
3707677954
4387949897
4053155656
3124938049
1123031989
2316029138
6163098770
4600441528
7346379220
9623604533
10016625279
13116610872
15011425799
6924210560
11060755896
6241384815
12228468661
14745733763
6910220273
8110067509
4468756783
9054471175
6928377145
12019911665
5550708795
665397505
2151396399
5178000762
15709729879
764037015
12586614354
13431330169
10182915709
5350322624
18673663424
310623418
4341846190
3060796646
9283763780
19457122805
3857089569
10785753879
13307326202
5926869111
8502259542
9086211916
14903395290
1942810064
10717814685
9115473483
11437563445
10405423126
14966773978
7789511874
6564388241
7923043046
16081288125
2416904680
11434812137
15688402871
9538786491
9610112193
1272927950
7483664751
5402660292
9369912502
1943583734
10892542684
13105112513
10976667944
8139912231
1962903235
5620327937
529814675
18657940034
8244916317
3255609643
14310425932
3195193896
678744523
16107480602
6448118094
8637618747
16200419748
8252199269
5725981679
16649327280
16986812592
3227995780
17346849705
1014830215
3120157371
15693485222
7570812655
4729735195
16638393884
13061751377
9675543183
5761446294
10006308601
5823212502
8168255191
6340987329
589531282
13600607202
4211578959
3657297096
1050336475
8520276471
1416925205
14262071199
10835082937
4525418416
3340324830
7478734607
7665335191
1623737413
10968966928
1942813782
15323907224
8361460657
4200058465
11092690938
16018818332
5290264609
1186459089
4407793009
13297398817
1229693955
260201050
444144878
13827144819
9344824851
8236595893
13588253874
12478055050
1487158437
5819447139
13704822186
2233196339
8052441672
3253514792
14902938820
917754495
4599860339
13604567172
3122317008
5774349638
8259073559
6578826334
1759639365
14421131703
10234189946
4708139718
7321525507
1985741166
7691641644
12321626700
12058337605
13233917669
8044493153
13616066438
10493069010
8550320123
2783816207
12059944378
10249129592
4936664039
241534312
10799189987
13598574590
15101307563
8053504474
10416508668
2565750473
16831884271
13712773396
8406988986
14413993114
6915607752
1862752746
4977189894
5928359342
819294031
1872819424
1647390310
8292063677
4818271572
9784985075
9267823113
9249049355
16780235835
2300194380
265786382
17262536561
8119854702
11350822321
16063620526
15538147999
6871962323
9613807180
1946100428
2783816207
9641602787
8300444035
12525110257
356902471
11470421002
10738947391
5425582574
196916522
17060644912
533530321
17294361325
12096028597
12028522598
3434463710
15572548292
5870235236
12549967114
16707372081
6727867796
872586209
2961601159
11645602696
1618496191
117054364
13429545819
4650344106
4206745030
6753955181
13331034423
12195643960
10431815999
734070825
12072725255
2632956994
12350995347
14055060702
9606594036
18593221753
7111189372
4478292896
18721527593
18132389165
14958091696
7893006520
16393011217
11880616960
14424259301
1427134174
9132496846
8830446313
5951237892
6036130293
12848249187
9379898819
15438796095
16585411029
8747784478
4718510756
17408300256
1783349232
5854467892
8458525473
3149320667
101495143
234730502
16426823224
13276464726
8487750355
12331969930
6452224917
2327272812
17802235658
2795422037
14557232324
1978889055
3695241877
11598425586
16110058710
12603358338
16276191350
14731549793
4833589348
10641409084
2175669466
279096692
15376190232
18742985052
7327379960
10105717141
4815386130
13393872275
11702727434
2503351948
6900735161
13169548724
4534132852
9606778508
12943518026
3442131142
14172012486
3452097168
13851985628
16261294664
7321265461
3726412730
5658362700
4467439542
15010262539
11694389565
2516100684
11442079955
1874496214
1018894068
679319392
4901932652
6039017853
12316070506
4835157596
13525835487
3885969880
18112675231
5158139942
11057326412
3989374346
14388388132
11690499502
15979687798
10379107118
11833636790
11437979108
9290286348
8926602987
9456652383
1168821389
17182043566
11898189615
17469698509
8181068677
15594030350
2249280570
16585456955
13340176422
11413108102
14489451529
13883131504
9634707979
12405658079
4634796959
7961897773
14420914433
7577314667
6700175485
6389725271
19080996104
8848935262
18792965435
11968475406
16456571528
6131733261
6968289791
9631975009
11264576358
3332921773
88469143
9441856149
14512793061
765046733
10864446085
12715199175
1608739065
15119620867
14681086264
5508767026
11546852472
6351617989
2528705567
13751469657
4804250127
9278285426
11287362914
18425149980
15335283700
4565406710
422301528
15944679305
5644308381
12798045921
15057198342
16861392720
5959981025
12395079587
16539660582
6274642876
9365410047
8328342877
12833999373
6447927915
2284072421
12720593632
7441110625
18066917089
496550953
13737249946
12285965069
4221249433
17903832516
10059954446
18773374414
2651588136
2399963307
3809362377
9867989467
2633948008
11941602722
640931002
11863911225
10013210577
16608921239
6206066798
2174718087
9064716650
2302246972
2424363644
17209817403
3020451867
3098935455
3509612958
4071014452
942340618
12844599613
14964800641
5280372730
16695105206
14463529690
2585600450
11587991991
7314636360
9572013173
6256972198
11995448713
16709245480
2327005525
6014259095
3289708044
5389511126
16538208973
5115967292
12833792320
17319736658
12109683385
971478771
14221544885
5041306574
10986483805
2832240962
3037154151
8509604084
8847460443
2165029056
1186379970
5918159526
11028781110
7441783708
6629085411
1155470023
17167788347
8256372123
9434410011
13818306316
6814513015
7322107165
14286705937
7631140625
5802177817
11770959979
12502005866
12266991453
6256765397
17684184808
3088187343
6925705134
4131074513
14474701151
8830459369
14539900242
9187544797
12945229721
1222563444
13836749310
10189390605
2382517071
11834815662
17476056157
215959051
6397000124
4491443090
11474110605
13647035617
9066750998
3629723414
7661266175
13018125135
4360958225
6863339046
18525093847
10723611112
4674227341
6501405067
14789505524
14648457374
1394895862
13080872315
3354818125
10770130049
8893583534
6720128287
8377499302
6702880347
3038929884
15011534036
6240820951
13057676572
1027299640
1237025127
1183001619
3951922027
6887143617
15312708145
3672960525
5027432895
11465546522
18842723277
14624985839
49240043
3271309581
11000356899
13472500420
6544862542
4540766969
7345851714
9168357301
10671957825
8172093109
10480781001
1078581214
10477681790
1821184912
3344346549
7936898086
4623318880
4497877673
10868709442
11639936329
4789379466
15107951750
9507381733
14202522129
2038013423
13972305126
9238272086
9725821585
6981036866
9070063566
4832823087
7753202190
6455759375
340086033
3889782345
17901394754
13269568243
4663560639
2444116615
7522638571
4099495373
11997531811
17236388316
9909602710
13749123192
11632336003
10626824060
10527581139
6639333417
14147350879
11729331122
17828430731
14777456732
5442382449
15775832341
14719944311
6923946019
13965700258
3416387686
6101910456
14513888347
4860182113
7635742055
3048692706
8749460739
14903626287
13393263462
11116672419
13102187773
7461402168
7474743869
2316345112
3440488659
138499057
8879039018
15634273641
17657890058
532678241
2900023432
4133649667
5348106709
11537520674
16883725754
12932162087
3580058425
13139904559
4966561082
5541046806
15364419894
152054007
13757721395
10227861795
9975523575
12982368127
1246969684
15011549870
12892710797
15552585506
3614582850
4742770567
18914033352
16805721639
14452385766
12372854807
5866970588
2622063075
8908075881
14103428638
9500814167
9701219069
9545450049
11878792786
11490210840
345339011
18894626335
15023424887
10125097901
4912899176
13602055397
8950450440
3920860302
11680004959
1292410669
14633808191
10489987326
8974909601
8346841498
10974192459
9194341260
7076893317
13776189348
18843867486
8424434224
4741550354
6097098053
11441510370
12849887854
14501599964
16083583988
4934353320
9691171023
9545206144
13736350938
18641786465
4596084754
6696646216
18167310599
8632272290
13394865209
3894692704
12533765088
12978991780
13046140525
11965318430
618138003
5793465188
5236176641
13643977847
764190324
12564958109
5518324727
2175654815
926630702
9785109077
1254746082
5696693638
15484377189
7356136797
8370231196
14576491450
19158717175
1174256207
8043482459
12632497016
10300192642
3339132342
6062849856
8820596547
16407574727
18582231866
14457546351
11344175049
3441795506
14207613380
2257382110
3680576788
11375409758
6806282851
8560525695
13074317485
7063443740
12629401256
5104942851
10354822833
703923893
2567653888
14153508585
4504773519
245711140
11286670983
9208468281
7111793753
635425462
2467281573
5304190283
2385935895
9451880811
8106275682
1346279006
10209205597
7928732736
13791338377
4811175047
4787111059
363553020
1650660545
1239074919
5119034304
15944208686
15599618108
7293867385
13934708414
7497766715
18437900812
1525610223
13304932831
3541250641
6454523792
12950020128
6715136451
1186767977
13526868285
338422490
2575193414
8476208146
5008838568
12692177588
11382194328
9823278611
11467762362
5978296442
2863416505
4076220226
11574609795
8730715571
230753558
2175182236
15661376324
2765437804
3186325684
12249758059
3352827497
7367300078
443525481
14936272794
539005938
10868438116
1235770529
10662981245
2934873141
4007758984
140350286
16347105279
6453399704
5605142897
16181524393
8754335499
13221669223
12038244401
2011020775
12267485502
13235769160
3757291075
7557335612
14539080300
1398069518
11344824418
10236591318
3825244814
5923207323
11128328945
14720682112
13913036114
2421187517
12391786005
14079833511
14027053820
19667282141
7253026703
14289224359
3066131300
7530090778
6479795817
6765574631
5742957186
4299432098
11052323936
4817102795
8646060402
10717007757
1674042873
5656603838
2776978806
1601743206
1769769086
12747930499
7007432947
5732110527
12234885560
17103947293
17898144219
7630324907
3769060577
15313333637
1862553927
1355218863
1600891016
15016855105
5124198764
1224395814
4344137546
5286906561
4614604609
7067639741
7100990005
4435347880
11179872281
14895928928
318902099
10218551416
14123420159
6725691322
10941075339
2363433628
11180918471
9592762298
843103356
17913156825
18989006641
9909617757
2651438225
14228390574
6216927464
3745268908
13882226113
16361217595
12255545485
15588706875
1304595453
3996602953
2278586558
306528274
3538283918
8577700483
8688990315
4888667969
7668356424
14294649067
17573605846
3090735266
6653569750
7115443423
8147161769
3549392184
9407717384
368112304
16668233137
2781343369
4897281607
6501990771
8430699816
5745217688
16976764048
4027493917
975161964
2169800323
5604948570
9838253632
8375096341
7709621856
3905713012
5205328517
7674638342
9482148307
11410514645
2110244807
12513186325
4186852855
5886736132
9512068025
431409112
17724843588
10873799282
2822547606
13644251744
18704675355
7520614490
4014537450
9607478157
1522793691
14274237451
16344648687
13627856603
7307919733
2321715622
16485357583
12727396717
18482287520
15746856201
2369198367
18369713619
14420310406
9614960262
11850979293
2524772543
13093299647
11480622052
4899251426
5579932329
8993824527
10513085835
2250304684
9119530703
4779282087
3718428956
7501084077
7712679435
2056477070
9127582575
4087804144
6220254962
3927944806
14963101097
9906787423
8793066361
3480906526
17423208462
10623679702
5134591773
9305943888
10251406174
6838975806
13671350519
8563189513
13560025192
17068304358
12551257220
7849362725
6740178606
2980576601
14633429033
16740194203
9316835769
1744288988
851435544
6846639299
7018591445
10136519886
14766343840
8042183578
8241116538
7839632432
5300321086
33614225
1933684454
7913059904
4670466411
15751928866
18225138234
11755757430
5622679400
3250959346
17665743730
10089797704
1393637400
15126103109
8204838739
12670778288
3929997589
11662600590
10935856470
3634886822
6449021756
9909586734
7636500964
14520261807
12733363680
9711465443
4108770636
19419146446
6539876799
14237280804
7825562870
8592642562
15339495670
5582063042
692575821
13074965251
13000441569
12644590042
9764104588
13315954484
8154082723
7406596141
3900846596
6104528717
18603161643
13949535886
7301026562
4890929957
14057370236
14795727229
19870902127
9265661715
1157243919
12042082222
17587599750
10954533932
11743248270
3890588138
12981155899
5187952994
1242614670
4317539329
17807194121
10971693492
18772889091
17523161171
15011224042
10541114847
8617226640
8721064934
5366211529
1302475256
2359316288
18210461084
5863474631
13490259178
444113002
1379955245
5124069263
9093053679
6288302106
7847677488
7728229632
14545785337
6981829194
6919738661
11272465966
9297645517
9576222049
2798350929
3951478299
16415941781
16418558268
1696721674
10985775249
2906843727
2084064556
1377053626
15066365829
15502185099
3180239770
11781576888
16864851705
5566032350
8583315784
12760771602
17366252687
8706613272
8486119218
1770616155
12135563068
5298086325
2346914911
18128107648
4169533901
15369031612
10421554410
839568198
4085853592
11933126290
6923719048
5374535549
3542539486
16452190844
1358226059
19574698090
1341712529
8462425309
9433748239
2029044488
15748629507
4811282952
7348499362
5994439198
6329188943
3155226699
9082686383
14405957423
10080189750
16885224575
4136422215
9771652513
3395812936
17211969424
6379056454
12899810125
19281600332
11137013627
14549660828
8171270882
13428824577
2577731809
5110263704
4037530280
10284420597
1461893749
1984940025
3903924825
4685049733
2767782313
18214121126
411666303
481200979
8743995666
365286562
12292445190
8276235617
10192502106
9502435870
3695999148
3440785603
12004835795
10087892230
4881644583
3283782421
17610647085
6749305745
10422053954
3725748178
13756313408
2314299033
9014797035
17271767291
5444994079
13164498431
9747809516
7343140470
11663471736
9680444845
9826045559
885407507
6846435770
8375026369
5761783561
8574368949
5693817508
6476228080
8837437949
11763970665
4477354943
3062407769
4623576129
7988122495
17631330960
9739871098
10774619108
4145901371
2745540164
6161577613
3439862286
4707980795
10393388796
4497819435
12934623047
688680482
3361162447
17560715482
1292769440
5054307028
7108944124
10312957375
10226322239
10377248073
14349835231
19553281839
14168160611
5759446697
7870981299
10980877639
681431442
7657753270
965947115
11224409548
12810594712
310610871
12541748286
12897407718
10153792787
2575862592
4359484889
6034280264
4278658855
8456905933
11633965970
13886544238
5191772073
12460115276
6546531950
11858979323
10276255439
17856638667
15121648355
15449622522
1302109978
7856000641
12444516870
2241396359
3416872527
3785329567
2223852151
5760975921
14640744301
3288296639
16771933425
7328024024
7367942371
5387486789
9570783938
4300029450
14721959877
3256449275
3862367074
13079564460
11839675704
902296753
701605269
8473455463
1144319160
14917177252
13019606040
4127588532
8378113195
12543783926
10442909849
15776572724
12229474529
586249540
8590089378
13194536363
14497898940
15101049557
15415084648
12737108215
2214792999
4416729374
7016454799
11489880686
15774418336
9170380560
2571244269
12572804754
7669011526
17111681964
12423009146
11406070577
1318384198
774799136
13723650920
6818328738
18999233126
16100661567
2980412398
309050488
456823237
4647714829
11997187275
173647051
3971580267
18033993086
8973710268
7792993632
3124974975
3852115186
2692485923
3652164295
9996423702
10532804420
6969185719
10231369193
3028863009
1885143978
10213707606
9122978436
6032151499
16629697056
17547415995
8568394751
12255831425
8996919227
4281292094
15429032306
16439304440
14642063227
6102231596
5097568966
16719381239
12563020141
15236393176
12076211667
12195424898
5536699386
1115584218
17007720647
9284676516
3286708324
12362049621
12037484557
10979575217
4074226281
5470846831
1416483233
8581927177
9443828310
1189206645
5836699382
5251123394
9737762789
3202907205
11052603651
12106271187
13702883954
11301544714
3636139809
7774684942
1988985184
5176197205
12366339262
3605920683
16375301341
3340361832
6398759961
10193717999
2730436099
221969815
10274873410
8206935699
306559295
10587102653
3903453625
1268491148
2605461945
13264958098
3518923804
10258444653
9527944581
4350301166
504333856
3631435109
18259063195
5424878302
1846899805
4624965884
3894629252
5565089148
5365023698
18049522959
7539395566
11951616343
19712623335
5082205949
16611037322
4512824171
3451807034
14310425932
8910844246
17752105985
10594274587
3323240493
11615104250
4632098437
8949962722
1537123303
2123411850
10554011202
1407619900
5799587798
3340833686
292359175
6390988491
1452896477
10485218090
1647709716
13256829808
3031918770
10323821187
14506640741
13314484070
2216889498
435376484
2067252525
4002645119
4721516948
711636226
13592802367
5048497059
16669334510
14627249694
11178116406
575641264
3261249286
1431972389
285330680
12371695736
15549672567
8908032625
15474140253
4762073318
7635086314
6185728769
13288665526
9651567371
16021084991
908358425
10406590729
9919298422
15991098154
2621226998
12050667229
7950281003
12757716245
11551213728
7769745014
8288783790
7473759044
5108807022
15499825272
8958811064
17002118054
14147333260
3572832367
10643558935
9636775365
18351562096
1488671737
9867200456
11403969673
9257697885
11781703887
16600344974
7421963659
15226733688
16430564786
15565628302
10291348879
13575910477
2021696700
9499242426
12564144981
14781408321
13291688331
8753694364
3115148856
11344725342
13429613258
15453893807
2537385917
7457368593
5127962528
2375337096
9615593961
3695794406
9741129942
1784275025
7203923264
7696936313
11195344785
5112272036
5571156389
16036685298
17809033103
1461683012
2077174637
7426411238
18038996460
1696591616
8752651687
17329638226
8592088651
7057174591
3539006200
8316961642
12587751701
16750729237
12995412546
7788762420
6398212438
15402985987
7694501267
3812384945
2331113827
2798637716
12442594441
2520463447
12679984281
10582648715
4088900097
10345398407
8396985594
3160104742
7205638739
6198069798
14554952206
6354691829
9210211213
978277513
14339241240
3415784719
14025201352
5649103330
4858563673
13635976604
15953185677
6359378099
12218593807
16329035514
9004318136
3697144472
18404536234
18271500421
146611042
14875227616
4562554641
13273631877
19003100268
10615787792
8138277574
15696684337
3301873017
17668704971
433463450
13323425618
18054101931
7319060167
3122770862
5851234472
2776699776
1926558990
18767051096
1130750887
775564632
18842950415
593357890
11467812816
15044940853
9804674591
4811223802
11514535665
16150252959
13748594600
9911574921
740024456
5430398675
7262134836
10089382834
8242136258
4477312742
907241288
5057310780
14346118682
14137434318
6899420950
5829145972
8973115273
5853673348
15403816925
9069586133
2356123018
4510985481
10290069295
14005218900
8832174139
16491585843
3147207775
5119984318
292888914
15532322589
3005889320
1819858934
339178358
4504587737
4260148853
279610243
5574145791
1594437435
2939642541
5892278250
10726856133
1458011862
1591838743
18334351894
12912139127
9702451229
14010847153
7423082063
6316496541
4888299166
7103697778
9713134721
3341347594
6529019565
19299326456
11102246814
9607580914
12309428366
4089728476
3991800837
10833075628
4186971190
16153581788
6547465940
14475373851
7517824854
6545809592
9128680572
14363336262
2755790658
8230696474
3989975071
6389085079
956683097
14474712050
9888940535
902027839
71533200
8083647196
13608167511
13451194656
14829982893
9220426513
19038218786
15417813389
1394895862
14954125985
116342752
3221061148
5206245474
13872477687
3167142855
3798138328
703257168
6526220415
3697281534
12061366801
9442575107
7780315364
2928221063
14421934759
12388164870
4770073233
4116595811
16579636383
10086927759
7099106008
3822495728
12256170548
710175342
2532896040
3076624196
11111107753
13857805185
15514264191
12421784025
10311104573
117337662
88403089
13504527429
221757197
11207702368
1541536206
8203258664
6069412878
17194913395
11607736602
19331160763
1015663457
13032838718
12132853381
1411918166
6400251888
6428716603
13486746996
8632521745
5298174223
5714723769
16059110547
5075496460
16186946629
12542438713
11510409538
4451863964
1446639802
13320980973
6865507345
5557318707
8470492524
14817579213
6634308453
4564726985
11758175896
9485664931
6743348452
9697295539
7915704964
14758918603
4603593868
11280737256
17742924497
19687452467
7420024189
6970107277
10669786968
6390659102
2678269379
10845451146
9265357012
16431524724
2045579137
9563944681
17047195887
11281485972
7654778857
5708685046
4718967676
11614887198
799385288
6907498343
10829329444
6949098482
2421161918
6302320285
12687333994
14124899249
3370151724
9055014695
16999105424
12725312259
1032148053
1578144573
7450761
3927260318
214503183
5801775070
12443188785
18148720451
3775996165
5534286442
19197116291
8919376787
4712345753
11953985934
7649945754
13768173525
1554458471
2606201612
1858742541
6132749943
2727093144
12910877584
5869770696
628378568
16369944437
3354351922
3314944790
4929653907
5453748151
8079353592
5275455245
4212662127
12477379943
5009195189
12667564655
8647152078
14396028813
14266526951
16173384973
8071973138
7903687897
14680320033
11170301057
8717395668
16253497088
10124767810
3990443200
11481247249
8958741976
7260888254
11289479310
12659869790
6148352776
12006533872
12724983215
13049572756
5155239103
6729809205
5474305316
7474368344
12291023548
15169011516
1979001497
2961249198
10847081419
4177365971
4787162127
1488779631
14417370373
8356447692
1774377548
15748119829
12671664217
1941875531
5494382206
2667388661
14013201254
4365781867
15384046512
3596322257
11974203840
283831921
13490101527
3479091742
17498057725
19148274991
8875548206
5954203424
16507849129
17864544269
6648778960
1130849092
10913576942
9313401202
9651517106
6269125363
9233568995
13389792055
2591158136
2541716176
13646087353
5216125160
11468617087
12093220091
2592063681
1253042469
884720614
15582204115
1523520732
8131163405
5037683422
10168219899
4295138975
8500909552
10252200412
17930927529
5849183545
3406265871
356460980
2777369821
7072270131
18547466645
2232954878
16248218631
5960066010
6187776963
2352054291
15000464555
8277019969
8668401794
2774850874
11027878797
14086348477
17217394272
10987334028
16925701421
5615777988
18986431893
3591083916
17404184340
8032904740
13155908572
2541146799
12319136215
13753006530
2991526768
12037484557
9002096971
326819902
9427704249
8736529175
4705671374
9789125044
12213167312
8048560613
11940815532
386882271
6972330016
11662643924
11568903049
6188278613
7488130868
17032021187
9834409530
14087645374
5251798832
11813335248
17022047448
17912261112
15721472982
3450084541
474761775
2782237900
10955500103
11127350538
3023785358
1780573053
13264958098
12749874136
16066217226
3951175660
12688134936
11452470663
588707292
6100769280
12649065866
9069983753
2351134231
1079906983
2250970960
7511831290
18273432109
14172242514
9557564
5800508906
3365211104
3867401898
10691487892
5901954481
1488743132
15707205861
4017116431
7118731251
1775489656
7488331727
8224424534
6389943825
17977305325
4669735178
16614175371
2585600450
19921722608
386128675
7822665994
14882077043
13696034717
10725477160
7315289099
5718051152
987644719
2514497121
13972207378
19244780767
9194119354
3546122521
11554458129
4900506532
2265683225
37426777
4366505296
13824244185
3502738088
17285440482
18074338719
13545353631
15517096312
9033497769
14901187851
11633092448
4101068459
15247246954
7172296003
360139500
876716211
2592888241
9230170103
15615706559
17365792553
12629266585
7316753098
13980846760
9499134488
5718051152
739946129
15858081831
558182232
8878823610
5730311111
7222870768
17014546774
708023602
13772565101
12472044912
16043062965
1090592555
14881392339
7692222743
955452779
9242769354
10174498958
4210140845
16164535178
1130690919
18870623301
9327194483
1327633552
8335136531
14549276206
7032937533
18184034124
17303822113
18542265461
12630279787
2370609232
16875769463
5507933209
9671085596
9006688268
4488681857
15095733404
6029985223
6216309723
13634081414
10485619270
10330760938
6424169180
1461206033
3586814248
6548327334
1875148108
5425574146
1263282930
11440592539
14113032344
2077674413
7598871713
9232154598
6118194355
16906342703
8050446079
10347625787
13208500918
4880507276
4977191820
683422341
865679688
17030733906
8205455417
5886932770
3642443486
17375993507
3994500288
8996722610
12095707559
3363936071
8133534262
6756299407
741340969
5669899007
1498648145
3894645635
18235372839
11269337158
10819095861
5892421606
16569623363
2907544057
2168787248
1737110351
4296223806
15135806307
8955254167
15810304943
4049250239
1398806740
14769063362
3614207456
6813373092
11745047789
16692065467
2603570731
12760630189
4611563939
16400168103
5345342101
15371378634
50114342
6516227749
7764337069
3065051833
13962587965
8389500532
819317306
1338882961
5517462644
6946276308
5939674582
6006495495
17255699140
6769653573
5543657659
3656811988
10946171773
5108642687
3170304875
7541012672
6224239754
4889161958
10055683808
8030677138
19729412963
17771824563
12723345125
2953401563
13421633916
14872678001
16856080015
14490835025
6724857679
1420115322
4846575712
6251783104
11134882473
1034472818
3788331724
5527875203
4060283902
3371631956
10204093991
13573644181
3216149859
3651628490
2621516774
1028033348
3911437135
8375026369
15985307564
14161887860
7936412152
1489057324
14733432150
1336409179
13162522071
13868213758
7039618177
17829537740
2576288555
6608469933
5934922576
16888408718
17711342893
15402748284
2231999688
9286636102
3816752976
9293756908
5329993431
7969244215
6272174917
14217734965
8956945678
8724085442
10891420601
4746195652
6563328766
11291393732
4375881287
9990095582
9306444134
1411369690
4323274646
4259705733
6665606773
7159288368
9220510224
11355332151
5232466139
14483063539
16153075715
1595842057
3144152151
12026494651
14082486639
19459545356
9128580861
1540703477
6607597237
16520958282
15762615644
2017480121
14140438999
1066977190
16464925892
368112304
6269435701
3475227941
4935612115
12703774235
10712176319
4418838514
5908785867
8766311882
1718310782
17160326779
6582134598
11966654194
11229217862
11485021409
8060837961
8945467603
13471636982
6801805054
8844778565
11371172880
474975271
5359110942
4960552020
2728767458
15211626818
970023657
6076929045
4673071673
327884900
5666335537
9070017958
1180733979
12985748945
14674749368
12618291841
10121496891
17825548831
8708603418
1245916850
10845264168
13171124026
7040177934
18941845717
13913891804
10213519542
11168540630
11487313609
6573476203
14202155065
5409636383
2755348270
3660591347
5609976344
6196166247
9216446589
2119349650
8489113235
5099436281
8607265326
7247623367
9341019741
12371201020
15507953816
3883952650
6490854676
16205687605
17580955533
18946744827
9363400924
7500624807
6094645967
5195990109
9225649202
10519678470
4881280734
14500453059
15203519448
11058454092
1489726395
12725410238
1228987688
3609711367
9637697233
11082904167
2999243937
2903051576
10712424513
2878020667
1007474512
6564970213
13196687513
10084760275
2239288124
5893117369
9885382853
12457040363
10477830404
13727238963
5217132237
2756243479
17516067920
1541255323
318977008
3172623754
11271860131
9507522363
6243323892
12769533186
4530572981
3380148808
13913397005
4275093056
10611262676
2319445171
9116858965
2278164956
16541568436
2564405507
9329035143
7578835417
7888517921
8827428910
17389300823
3378089887
5300763363
444809552
7680441451
9693536227
1073094966
18181171880
4462706260
18670601879
13038282854
6919394900
1943915373
2369550743
10030528153
9538473916
13596158570
6300492578
3483153477
7132693969
12001138513
16430830548
1272570552
9225395322
14442227587
14391693844
3237464207
3670858221
1855601064
5421340237
11617296656
2050669697
1541309568
18107300175
14375267060
1849143628
6491315250
3606426228
3323342427
1322811971
18363469777
14722097106
10377706192
621644190
7791075197
1872244534
4357094026
8864241874
7874997895
15542737499
12765877835
10551945832
13618226388
19087336286
1644438536
6885044067
16382411050
686881162
2072370702
9830170647
1848042918
15363150148
9233941376
14211942243
15313429614
13528433476
17551890810
8226293453
13744709051
12787940709
4346090377
8132035682
4602729220
4258352801
7635760202
8550853312
6429579445
5271446635
4033892774
9560206624
2925305197
14196230655
2563637826
3477746644
6938470646
2725029004
1673053955
3252299371
6328747726
1088583689
10692865729
14208452894
17494071308
9983191919
4410346935
9942096621
5110613488
8253670319
6566240758
18596831279
3118225666
16261546033
10468791939
1173107463
2220332362
4003885091
9071787105
18491550573
3258644864
14878489344
10365001909
6991059465
11351559458
9444101799
4069940989
10976888756
11289743025
16658243372
11358096340
6034468489
13776543147
4310786727
15699505068
4507693121
5263071479
16105579833
7286553913
5758745240
13188108561
11906913651
11637367000
12268832061
986146305
9538876150
14565647781
18535302083
16035756950
10072284622
3656334057
16314432268
3401001376
105894887
1510540484
6672632871
13866032744
4728138826
9783001054
8158794535
11585794730
7038000499
2441481700
17005449253
7963233523
13039798623
9564201858
9485839173
6394714255
3463498743
8129401821
2820488297
7935440954
6415054178
12824987200
19463098713
10251717255
15609532527
6402184923
13955418147
13627291770
11983690548
1690979534
13210893928
13490344301
11316664972
16413194654
17230608386
6291520285
10115364472
9092122016
9708457610
9461764363
11757652816
4416158340
11786557680
5056796852
14452527998
13379719617
2233172923
17584164046
8523111936
2617030839
14650603350
14497391345
4061833532
1027693858
6706965026
4377994138
9147317280
7034377554
8684426443
8439674787
8502950388
3430695535
6328636875
987470106
14679886373
7921559342
10510176703
56488958
6976945456
2017664941
6755444697
13391128036
11998940199
1881297415
5494100737
10493559579
2125570110
8445200970
14322259610
14058383662
2874211997
17708054402
17803160632
15209172156
9832064234
4187276654
4719885854
13873755780
18277173575
14000812159
13438723874
1008004693
2386436073
11773287585
8238654080
413580759
4391899752
5512898856
2150780258
8813483601
6003473072
390936263
13018391549
19933115954
15422129897
13902103537
8717001123
9920067491
5817820695
923809250
12847195834
14955311133
9618752869
9062863473
14645076312
18760538263
7013095014
8165264746
12277043188
4316615087
17914397475
13555702737
5901423659
9953010517
7211078443
1861373579
18324051517
3369741046
1704045724
3597640426
139847959
5581324675
1303354306
5214948159
5225859134
1094305445
6210262657
6823003418
9537330003
10528873761
14164564382
18975382214
17397665393
4539586252
4335064939
4759969591
4715403019
8558506510
5834822492
6980807407
10268171398
5769884229
7161054813
7762955299
8755653938
15820543437
18196509421
4751957088
270829621
3253498696
3533894204
15360066419
10053336007
2523671731
2082259488
5396788944
12563497841
3634774923
6508828347
15155070010
7425201740
9758343692
6808395746
7231025265
1677022053
241919641
14064377655
1579498290
3580302054
12055281229
7805495413
11784541574
7982586337
14047588881
578201065
15015174689
7741670212
10649169227
8259933360
13375231666
11830545059
176975774
9684832258
120105195
2735489114
18752834869
12529550965
8139174766
10570021310
5792234649
16933300814
1032063265
12943885718
15721885358
8637488699
16557213776
7539728545
14173209091
3359137030
6164655513
9086640961
13231751047
9561454353
7875606406
10279266023
8651676723
5844450308
17631808661
12372474927
6389725271
902616587
15395433312
2631287899
280863128
4971255806
13862367482
14700066829
17879311486
3163500483
14148724890
2443889425
13176815067
12651313218
8138540689
1944156817
622043875
11518211173
15861725762
3039522215
5139537263
5614887077
2441469364
17509936001
1053735241
9832395310
506002627
5796296884
8051242998
6949366161
14903431825
13588253874
8185139064
10520311431
2537349324
8224587319
13812447980
1946503054
15905897076
5957336393
12888442931
11584935038
9108694336
8974757061
3756163056
1432317198
4008357122
1970319316
15386223126
5243723580
13467625171
15492539995
4343785575
460444790
1526131549
5199254999
4173207124
15218648824
10973379268
15689652662
435149610
5473007105
7103483652
13242959543
10059045615
8582703662
8542324940
5902267591
6288487405
10779654835
434504104
12815247339
12472595468
7994762545
1355322393
14445812115
10385587902
11972870872
174311663
16113221664
7326533465
2300541661
11026656732
3951164807
13524146703
1269003130
18368839095
6574355740
1391515535
1669272677
11716479782
9465740127
5708683878
7494866299
2746215380
16079284168
9147242203
3286261345
6343068793
4999042242
19932795146
12031746742
9914918118
14798086346
11747265483
8177687536
12110340064
5183703857
4340209676
10056604246
16727275045
1750354813
12372644669
1031811488
10962754102
10270443233
16637152440
12153361598
11312095135
4365316721
6887546623
17100766201
6150242459
3157420778
13436307527
5375208136
4052138650
6317156636
3608824161
228628723
9204627614
2701215917
12873284795
4247185970
3149693756
12064682329
17116099115
2986762617
2730169307
2701309500
11134181009
7203915013
15195538645
11474664738
11633241547
14500453059
6585973207
1804318899
17858542927
5923868414
8702522619
11201990078
16997545554
15007674539
11802719841
10133745234
16568775265
8842704338
12573528820
10894335718
10249363226
16273574224
8532959364
12671857400
15093506747
12787190287
1388776770
3207143246
1314624073
15787094222
8817467265
3375688434
5567144972
7994139022
3905254229
17589134243
1321937870
4597641828
2283752790
14293152678
14935791403
7058050535
2074241521
3860376460
4434874802
5441807829
6163329486
14926826157
4114660299
2687957726
559601777
2597698617
105054731
2572842055
15941165817
8612900767
8366555834
7650019208
3910910056
8180023017
15578106858
1226692915
9831500723
7446746688
11336127585
8726901106
3017130916
12156701590
12284983030
13934166416
18989115236
11253566695
8396899636
3352476437
7484335928
14435986128
15078477252
3122134308
3213051593
3071961633
9634286998
5189529928
2418644532
5712679303
8591426334
2191250607
10242179997
14669424565
5284731654
13571676801
6789223510
13133425599
13303198190
3372748415
344035900
9915894944
14350696207
2675555728
3671386819
5528184149
15759124486
11743246476
3417061483
11862401831
6269385669
466897541
5118882925
7514008362
3211679469
2777418792
128351530
8448830053
5032162042
12315678600
2650274339
11469026489
11088614036
8473177339
9812591472
4544098765
6094845286
7422146003
1548541700
1489318566
8484419118
16925109565
10377885806
13421677178
17577705747
7117492105
3890750388
4419994002
451889966
7482996596
11297034111
5858821007
18736798388
7922098885
6255696272
15161108271
6324786522
4954837733
2312554255
9648043577
15166003942
83759550
8618742082
2206685446
8974758773
5199698563
1427202961
3538869590
2789667142
14157205425
5279418266
19151065310
1932914419
1438977640
13303215471
12999959124
1674460743
9186457598
2862809795
18011891447
1719461002
11568819469
12795733370
2278670773
1307283472
5291522720
1582880032
6543992412
13625124804
4430101188
15261943981
4958041544
65612941
15259828771
4608719239
10829552166
5635920116
9055425330
8477815036
3966903758
17297930748
3489088350
7204923826
10278329328
12226554323
12063714947
14416314602
6477489042
11654287070
2172191121
6587842576
16586116713
18565317428
9067358703
3225341557
7928430335
5518574646
8451187712
12463778883
11233895589
9300695546
15993004877
7921293507
2976331723
1943276586
9536527700
6221074354
7898733397
3505848201
17699774217
9020770507
1783319738
14076055171
1638140003
783979150
3798138328
2634781825
10675575920
7575719373
12684600870
3535962694
12032082515
7242533464
2065587207
1759430944
14212559818
14804425403
10602390593
942586814
13490259178
5415513677
16105687323
12448081070
7070628665
73772869
5299151591
12648321275
4590679669
14809459295
4074226281
6306274404
7039722178
17510338346
5039150868
3941433336
9467986498
19132291522
2366093753
16132239511
5111500636
17442022501
17266438024
747603239
6169624805
7318026095
15992090168
1762306928
378226197
2563451020
5767250964
4590743493
3072793978
9453738899
4213267350
4593892359
1489646472
11597211875
2479919797
12845565396
1519264899
10922706942
15753157977
2770053064
12225349132
299952478
7162984456
127783474
11390095976
11057515866
14506283794
2282245149
16297128718
1504360059
5838183254
9669410117
7022816746
4912749613
2744090921
2207668727
10949049541
7654394787
15942974316
14252983813
13426952474
3174411755
11284666826
10529428054
3886993816
2195958737
6894477705
8634696467
1594404437
3326897323
7138898008
8726789307
2107793657
2149044487
7138807662
13705447310
13442179722
12535222872
15843981617
6543446817
5258333717
11697554790
14582406953
9189311474
16205973735
15237854392
8956358487
4532473451
5587668663
16470604949
8676905308
2024828902
8709418457
2378220330
6319075777
8313990687
7280895930
3915885375
15371078911
12441538124
17248714473
3897056730
13725484623
10658506066
5706935303
9481364964
9957116723
509939977
7537544641
5273408697
128486089
12210924706
18498865498
5840055200
5324556597
15425488665
6768879123
17804778448
6118783972
8803160002
8262087399
12320399783
14356660954
9090453145
11630740835
399451162
10110535290
8430076542
16862083958
12593443540
3786984184
7780527347
9707936250
12613956506
16665471421
4120113247
11567105785
9132496846
7556447113
1706664339
15483525607
3795502334
11431472067
12204401109
196072165
13046520385
10816641382
6860118445
12100435098
1893356153
9069088835
19421369557
11109765412
10170881958
1981306688
1262256066
7204511361
8716812317
6030447939
7661894386
15282266168
6711535197
5298366709
9282014114
10428228596
17984023499
10749567716
7011168659
13533760047
2082088350
9819359779
13990227750
19814560181
2882800092
9859376557
6523273448
8811973769
14872783367
5563747581
2000224196
4569911682
13030941416
14744174845
5117858755
1060661094
7019081054
16072236017
371681424
9214268160
19037264674
7193584167
5837673886
2506792564
426955909
8416206608
12802506283
284976391
6560401909
5363059578
10376565414
12794859952
10035165929
4417147179
15706217259
2685560090
6505659468
2877076910
9842508409
13015262645
16057766270
1151205325
8144449742
15015575817
5215918049
10057045151
8432379582
13583917044
9532740532
13328488550
11363282731
10331989497
13933156978
19894128323
17151040237
13936234298
12036653647
4834054070
10560903661
9029327232
1676102453
10584869368
2605526910
6534267908
16433476098
16348437063
18039250246
2917364841
12078769456
3191076545
9701563453
17605107480
2228016657
11427014036
2236983590
16141762111
6199336889
6282244290
4811223802
8245642883
14717669270
1429001057
11817912359
14601150518
6250480614
5481379901
11555932238
6845462487
11040730383
13047069159
8535749060
8848099034
10619464350
17517208889
10786082287
5288540000
5096833166
12730951720
1416173397
731673584
1618138922
830315318
12152154579
9610112193
7038273907
9527313815
16243912099
14198649753
8132889487
6632719104
9638267386
2616224676
1488695052
3993762238
5686621161
902147666
18313841094
10379937873
19742859441
5927840063
10828718743
16192855096
8767032536
5582482566
2114074197
3735220393
1553468918
5836709103
24643270
10577005177
18256067726
10483431617
8232827603
8891776297
13546450343
10452429856
7322578303
3303573913
12316100902
11181466022
7290284763
4308206558
4389096728
9505649036
12519562801
11901650215
5345200125
2597677
4281765954
18023079087
6761623734
9555641006
4825553339
7597234362
8861410970
2441351736
5044524111
6926074336
3585847893
12015904082
13500146119
12131209102
1986215438
12188440505
11109533729
2511406911
3758835157
2278518120
1629733595
4895431097
18647688081
15602638635
12129167054
15987200310
10924094232
7657133136
9636434175
5924440782
2677958687
2276171084
4165382524
13779748004
7191932236
9638179907
14690852538
16581400765
4758661794
3662795137
8577075279
9312908789
917299054
14109772046
2035824235
7167095012
8758208338
3916306660
15071636662
11874165189
2691571999
7496501007
6779376454
9664555936
18818886765
12146927860
8356781748
6768862852
4972945979
5805791135
2421779238
9281108660
2742396198
6642947375
1039965189
5600832984
3845165184
3996660871
9329175186
5761948368
8068945578
7179302407
11528140059
11827625446
11080647955
12634647328
8712952852
9135590482
10301923254
5699133456
14940465819
3492878286
562955003
1458537694
14801110294
7810472814
15302521356
8423573442
8487591207
3146775037
13607850777
9415708063
14418729620
16554684032
7901123987
1821374069
18077681332
12974043330
1224307210
3191745385
8649603141
14552348320
3487360224
12133704317
5709713610
7664442111
1041005523
1413819267
3906077004
7636251322
11803235578
11027355592
7294884705
12826047952
11191393633
13017406752
12872103324
6033506578
3102816218
17861820677
14920561907
12339758831
4634795943
12309983908
6151185477
7682939427
6930809708
7571593929
15796208148
3189413674
2427165437
14466810533
15918074019
13139101037
6808549391
10162329401
10895801873
7762393697
2619627404
12423476871
16854297505
11366413976
13280760668
10618612700
8532829415
16435686138
6451720211
12565884192
3513800339
9025940066
2340628564
5871769488
12021712915
13012909323
14628024361
17631603349
18209448865
18157394978
3629875702
11930559151
11302713214
16397090940
8491063527
17053664143
17911568757
6652635222
7835251258
7581889096
14552511575
10478265695
17284975674
7565379497
14411802954
14502465492
3461630102
12372046871
11043717530
2563091789
8854299607
4722224471
2217703570
13746513551
49961596
12317873933
9521881914
3359859212
5109664998
795354263
9630073939
1405057035
3955444570
9828420872
1269513895
13231324189
3210304254
5613278210
15216165562
16122107623
8868027046
3381281338
9689221708
1260956832
3894773985
2400672084
3149625152
3559064802
8045192861
3624088610
8604897689
12986393466
7962530267
10459056833
12148434002
5649103330
4669023345
5054568117
18098922936
8576052442
9767326417
4571536381
8012637328
4606924614
16204769285
6850686614
11744813730
2440566536
16864319139
3669111145
6435516765
9728382562
9747820166
15596463649
1169398640
9280127759
9411124520
1979919074
148343383
18147068161
8758215171
1599074644
16784571597
11134283811
13064146837
11058297675
5662035564
15155412105
2959733076
14426100617
9594072499
9385535778
45801095
3881490094
6864696014
17654376705
2485041341
9625669499
12667295274
10881355525
12487027438
3873392993
8008960668
8545692923
13212808503
16997121443
15768126461
8800574460
8448830053
10015948733
9182763326
15316647757
12145639578
13815016878
9028263452
2162066988
8131695102
13101245732
4814501705
14943968525
16821209654
6726025092
4664804791
10173992432
6379865121
8725980177
12428416794
16489879463
2606253407
8888515269
17514436364
4448774213
19057098374
8618958870
5988054753
17916881536
9852173413
16646133477
2851101351
4087404174
8955154752
6868096679
10489430674
3430483112
6907133064
7982586337
4858546730
2361903349
10679423747
4431359341
12266160997
6728984535
4611524707
1927621568
3331574515
5917265818
4632422773
10128173666
15551841049
16958334836
4020903559
6174505127
5150316769
5038858306
5588428495
7570684611
7605384524
3084669664
8034348850
17597017268
11978330436
2229264456
9020399254
8617606290
10449324229
7396104075
15538283579
2174021444
10383060052
5426397587
2548434115
4504644595
11791740439
10583620171
13520510651
8135551718
10037087715
9571135020
12467972164
187613839
15985605651
9374629641
16359233391
14892882963
11521060843
9262145591
13823084267
1166911480
2934717960
17435448105
1970576926
1177403858
19400852752
1288349195
15372711249
16519069975
17687138585
6957221172
8039910474
15362407794
18500500345
9029918523
732421756
9719539973
1118418228
7787899985
12019343121
9655845203
10526222739
6791870235
11000280593
6111991570
13206110457
613322054
13961475319
12674190816
10533918968
17760443560
15229509273
13309469058
14864262057
6878188584
3725155308
6028541353
14998317094
4831684668
11174430780
529600873
1172673911
9619338159
9703308366
4905789146
12041113474
12721174111
5039369946
7643917959
4254539018
14968482444
12717863891
11602913474
16820912535
6801676841
6754671952
5702164960
16494431527
10233818876
13171258439
9268180308
8690985034
355769178
3458318732
15556477476
6326811665
9672418798
1809400498
4723457205
14935527683
5832313217
14849465141
15345427915
14090716995
13968334073
13457959670
8801269002
10429276707
1829303954
14471957375
5611282819
13856481314
4950975790
5172949114
19367088619
6594071828
16566535263
10488461062
15416087787
17763245285
17415340143
7936069194
16307689566
10663576442
15896181314
6004256923
13799968949
5993932416
6465087126
14219632326
8526352008
9572767406
12105967408
7483453260
13303198190
10447664253
3949385104
2601790740
12337245354
14889514775
12520900201
14921048102
7022518862
14263911530
8956925111
6380436766
8351344158
17636271846
6183218787
5253225938
6861703104
9160447800
519997016
3104521286
15448532062
5980899878
4624965884
6863339046
11585316854
11139633607
5763392023
15958887369
13827536905
12581804382
11449471253
14048544120
2850556885
7520256512
4196813333
2755538280
18434497640
9500538863
9100307744
10581775440
7726735277
3857050267
16741815932
11597378236
8689072305
9945455025
10007975290
4672205936
10284129107
14525067663
2167460739
16613299938
16270376379
5297488761
6306811376
9189858094
10587243433
11038351955
15839567282
13149256604
11173916408
397975055
8232131660
6911194692
8010995691
17635795573
2976720303
1226829050
2857244644
5448803796
9058232263
1433114677
13985179685
4970692160
6138475845
18328100520
5299083801
6097606290
5524084452
3873885652
15301056329
11872819357
18137364343
7497766715
2689077500
4445386193
3788505212
12515419824
1820165008
6288384521
14546403984
6493055400
1884290808
908360175
1322666312
415127894
3398337734
980939759
303575509
1770251431
6157302260
2708541344
758163556
7509297099
4962737406
19336449074
15057239479
3321260615
10404117140
1896142395
1535195650
17060514356
2777538203
5013266466
11228830537
3899223682
19745694126
8447065006
10284662891
6543668915
7122003538
8169850257
4343090424
645003509
17703951005
244290107
3353113539
5387444570
1506645954
9785414612
82233468
14839017022
12931317004
4558014744
7939353802
9632698786
14196915759
8740009686
15581972346
83759550
18265553063
6320833936
2917364841
5603730729
1890511638
13195752359
14013044885
3915506427
6434620799
477875066
1123469996
15990457210
7205965216
11691100947
3694692794
2253427890
16316159453
4609592368
12106088612
2131724220
8884398048
686881162
260301146
7335534493
3829625565
7589164353
1947903996
13371357425
8015361388
12818281486
3585024406
12600863321
17039147149
13602990482
50226887
14314059023
3410966210
5120175990
3341257177
789810286
12065287555
2301821958
9140728716
17800722871
15045127572
3035619882
16848787190
9507381733
419524431
1476589795
8989048414
3595775923
14102897864
464236700
8531727258
16059888241
137988334
17147030913
13988387171
9660449118
1214838586
13473527394
11297299801
2423466396
9298891122
4172846519
12558474635
10090867080
10922420910
11206317278
4298178811
10610194604
6196526911
2921684239
5438186800
6164411626
3255127882
11307399747
11606791708
11442520768
5844584158
7248988746
4383329029
13093537865
7875550367
3599224270
10412216846
11612402815
6548768427
12382163636
581385162
13765209910
5136060734
15253198993
11542301766
7350320617
430415686
13301720655
6020749837
2185476630
10077873355
16806065928
1395274911
6679700832
8160748943
10733987192
13463607467
1599346663
14818348776
4478276512
5808384925
18234430153
10449181204
2678617726
140443710
4704493893
13026870206
8005558366
327161321
16231106328
9646248735
2067009090
3505816592
11124496456
4558757506
4168258587
5553801956
11964968352
13355582475
10651779593
3358144173
2654515688
15312592253
16427360968
18878891714
12254867065
9911201914
13099295425
2883777301
15320351830
7018852198
12315616446
9321265818
8756770979
16945419338
12024668089
2592063681
8015171119
15450111306
6069257469
14987859017
5532413898
18282107423
10584883378
224753094
14384143301
10879211669
13723417409
8423469989
3603231046
13013287957
2225130587
11554846805
9664004131
7788737011
5203944532
11050006895
12059119618
2327019022
16999197264
4930486775
5755287681
11613731749
11689931847
14872859415
6530752622
3440720175
16124840347
6191435086
3235735225
210947241
4760187252
2161066000
16342081011
11833636790
8496277594
2088397838
6206549505
6833093072
1055805304
14691576843
18575204912
4868555060
7758100877
3011626955
5117448284
7849360120
6821960038
8567640756
7347996735
6066043469
17040021907
18649549839
18206580839
9543256927
10040352535
5040252135
9890773873
777694537
4089235045
8700395865
