-32740039280
-134643109877
-79028335161
-76688244274
-47358577534
-76253825892
-203606711336
-8680178126
104566023915
94572047112
-144926512581
-67499381029
-61579790581
17420855049
-206283971846
16499603670
-183958689105
-202381958549
73725148815
229092827567
39625004499
-106541863552
-117859368533
195276143795
76278492933
-113231926866
15070857477
218966246045
-90128433760
19687668056
170873164982
11871656826
-140890074989
-42426626681
-372771525697
81874251234
-56085872628
51987285032
-45409380369
167310551342
142653747920
-8275104645
-133876234051
-51839986625
-302856811496
-4509928180
180627908097
-55087507386
-93582211808
-67091578966
-7917244344
-58514972543
135964489986
-98077313657
-86703519870
1832852230
-100771325776
-201956388532
-126396409238
150316048363
2598733320
-47803661424
184346092111
-50578024479
213430717892
-56967091211
131329370874
-259895477743
184634634429
-65986260308
-272298599498
-111257639486
-10317978749
4376403495
37643737506
-13566050325
-35653727956
165229710185
22931361606
-68712201339
-50020051616
-32339665127
-98077815653
54057766042
15594545786
-81075389304
105812181283
19524795775
72436037202
-257037908630
-163330356471
105946649723
107992651247
139178977458
134809764209
-38595195610
128378828660
79344744884
51758927163
-45847839680
-5880409402
-260932476762
155458050255
-2583697030
141320263681
-54738885898
151638154984
-131720160363
53589720336
66437375259
-223088878911
124428407960
8688872421
-323430567211
-92683804297
177325460446
135595055719
-178302656632
16460794232
65284031063
85074111400
-101558777184
109946546433
193513076413
-160453845873
-136614268860
-80571516388
16407508881
-93903683930
141205082800
128943771621
-182331025257
5676655160
114205437090
2835990574
-17334655762
144100191825
161505200368
-32184090354
37653527945
166853308454
-159252448590
73837639727
23807685666
-243693044578
-59659294581
-115110603255
26735907104
-120002777830
178993918390
-45838727902
149496941905
158903222817
70179896654
-56999527145
-202877062621
119143283282
111345788877
-48254458763
131853454191
-2469155156
-179848354730
-6789538798
83433260577
26586386447
159346840805
179019547809
66988054377
161578102642
23897199877
-118399839202
55683283
51119445780
-53462620566
62478531137
-251965660198
87917432966
49324310275
106248625232
175419666440
-11491778780
169012119950
-82001595565
114626986668
163317778604
-215675277624
168483633817
-92979502905
-30280509033
-173486712183
-231065628549
20796468525
83149723123
148318296851
-152078461854
28142179261
-134144221066
-8741237797
-52649572666
-165215262424
173127158647
-205133528165
-258484940355
-130506606927
-186518081489
211228677281
81869071356
135857707004
-40194182039
-3288702148
144752691802
121757641072
-127191068365
146573163865
-143169710530
45159994957
-31850590813
-152448711260
-14584262210
78454279729
-37816290998
-51466003680
2260423133
-31117249961
-12307769143
-22917816099
25792475502
-128706828349
-47077877252
38963430972
99375517679
-258286873245
151209088568
-86318701459
82772215223
-99024272028
-77136440045
-105416221998
-4575733426
-79339490208
-253832395833
-90760326898
131152066187
-217838919666
-127092164789
-128578308794
39720669924
159409306580
64800938002
65522634741
-55940567331
11496599416
6485709989
-179565601865
169646794347
-30638604188
-35119583137
-77417169071
-20983821006
-134319707460
-133226473275
161818924866
-82713411974
-240697544402
143128917784
-25752254262
-81869391360
72534557016
30335941946
-122152919157
117341312580
32067633026
-217598570354
26183904244
35471330936
-52838823418
130755277656
-82344770818
-88347976652
98193094390
-167499455607
-131250058339
141966150558
-72839752843
-83013539027
-18429720207
-132528168098
-85964381751
-220508610744
-14706197106
71849762862
-96249404901
-55954102458
-83246691642
53160024745
-99973940700
-39116402953
68963110361
-76134615246
-200814001581
-26114958099
-236566875943
32814720973
158261361547
-270520804659
78639520741
71494557820
34385160853
44908041132
39047017728
2381916615
-85628791186
-145465430200
-82581455811
160138056266
154994808947
-67625178341
-108132196790
142223150596
-43444638447
94653464327
-227310878977
146275495975
-154701831134
180380578858
28109338734
-53412190199
26756077954
168672661865
-49937112229
27507705652
24917942408
32405802119
134897447258
56878321328
-197834857971
-69111886582
-109571767891
-58977747839
81119774325
-83400638159
-270838513870
-19420864437
1393995199
83756727682
59421530697
58810206118
52406101184
53826173049
55645277666
176265342363
-3725012720
-92764910075
55008705045
-32053974499
-86561720136
211432704724
-220835499146
14852837594
47741504924
-35982062056
6889361864
17597899396
-85209465254
-71066288173
70977547843
-69023044791
27638062245
-12158167555
64683915399
-16918376586
-120170787936
76744526386
-112663541735
80963712902
-136043491568
-81963257871
-134795328806
-80527861970
180896966525
-191490604188
-29435117312
-126957006242
42874022571
-95218065235
23607525778
-209681084352
185277255684
-38522719671
-166607890716
87649129119
-109335519446
51081882700
-20396776402
16080281999
64190076051
-126242239569
-111002179475
8753800214
-56972716711
-199535994407
-142098554454
159818780028
152358797749
-188415257154
177733138583
-183050216328
-28422152289
-141778956886
-100483100401
-81597180564
-288382020486
76090075197
-178267214516
-179836263379
-94161105507
-114178267746
11476353505
-82633187047
2975650565
118390430050
127812151619
-232939569220
-43290050436
46617175608
16769699233
139385382815
77892080001
-18075504982
167917203174
150382008247
-77954802434
-92630762305
148178645633
180711131168
209467428154
-7409124727
-135351344415
-110412643527
14418999359
-4531580103
-26253015883
41680831178
-62788180608
85219461878
90469196324
-88955670764
-22298966510
235122428743
87151426314
-53059206375
110898885136
64703707026
-129695571901
-9883433768
-130072074977
-31005198346
162261921281
45601777567
-20899790593
-195277646878
-7403750636
-75627379100
155611789148
-94473116856
51669696528
193580267300
-155923813504
202031063782
-18496652993
128184337028
93343624236
-34099331850
-219650593528
-742858295
-159234903085
37242243193
-92172451288
-143944958036
-205352605189
187598692097
119161496923
-249615180445
-125467999016
-352339910166
63155862616
173896889196
-125881034893
-91565849566
-67357180097
-67119051302
-203083333838
-205477995907
-257353334285
19004180334
-1883649551
-51907868811
106249542401
-226460871260
-258937520427
-111371764530
86633498750
28000566112
-78061456988
-199729254401
-89564985239
-188972647690
147185563801
83094194391
-72608693495
-123674524568
-54960043920
-182184947789
-95380718788
-141955297680
158731066098
7107027058
-23993521271
-108214794033
-6973700799
-11147021108
-35012836065
35405897041
150682484893
55321959442
120742541173
-171973235326
-68642558156
-69373473612
74097605822
-171359441473
67881534063
-7102687777
-120733034877
-198098703241
-203580256515
87448399021
-107047220685
128906458101
152390916669
44564370352
-167568201576
170508385462
-113874507046
58221425719
68553063564
16499216938
20090716272
34575049609
60158264640
-108543292931
-137059860667
150598071835
143514883387
-72848930756
-116592977723
-147955197831
162622436115
-51375005869
-9875776387
492167561
-58790329442
-161668885498
-76048433635
-196081817714
-244847450938
75328906188
69687994348
172478399596
47535068695
74414638176
-49880766388
-209330162392
-9888262884
2388126718
-73666775757
97428897346
4077309067
22561982804
-48207613212
148457195116
76334970149
-239441740571
54734481315
-146146136559
-185775364809
-147420171059
82573175582
-17044658903
-60749589933
-286431118335
-56060671135
-112340924672
-79580129270
108204143206
105122391582
-57576511854
-177404902959
-70436193890
44915122951
169887534724
40519939447
91749606968
-114635097909
-24244082063
159703523280
-21619134308
-169179158250
-74124776652
32314419588
-201170184894
-210717904997
51376369119
-218842971868
-21454594039
25695277345
-24594309493
147022655998
89087678816
6468615300
19567572883
-64876099434
-36572727344
-51595386867
54346704785
145321697061
-34671704764
-258876718396
175406276020
8299646560
28695531047
124472842891
-241017894868
-91491477314
-16364237109
88882063352
-80014023782
35547690705
-56837656099
-11630040773
-5621218224
27023298495
-236935363716
21651933455
88198200933
-22647626287
88533974486
-253708743863
-184150513
-211626658492
-273224503613
209454673162
193519382757
112080293048
38692161583
43001426973
30835910463
-86360292789
-73370475406
-259378949036
-12608030769
-77640910191
-65761212229
158143081166
-93993525528
203502037352
164503496830
79740538868
163300484930
113981992846
-82282189287
-9815825194
21849088130
-64158881462
-194895066247
216362594318
-90038668558
171811101362
-260279307611
81720013501
-88052897904
-65673767094
158483085690
-148776918282
-68321466001
-95846511908
-161428758542
-208374890951
20658020511
-119577941768
135338942336
-275524580254
106606731232
25508372362
33631777081
17334789813
81982275367
46854609888
-14492783169
144557201366
152533228774
159384668016
-101816368557
157353161968
97476849126
133925149498
-194492648852
-73209307706
-84032468461
-101721868014
-313470214978
-41493387452
159294653455
164448028514
-32499480787
80671043865
-137633261664
25111373129
94902180179
-80142311697
-78325062482
119779749985
91593547095
96906363263
37239435814
1109542741
-61724521888
214331817848
-4739786318
66755891186
122898384631
-102740452774
-5886139015
-126441432658
166668269379
-307018795241
-10856757320
-105196608553
-145672567779
139332306893
-52369486229
-101522692892
-49138228641
-129621698930
89125578406
101521401636
142796615525
44220809680
188684924837
-22592606684
-151886853025
-86433212755
35649046523
83555445786
77110851144
-237345425397
209067762913
185828739505
-162408041795
-166426354378
-34393448531
-190305458102
79101836547
-7459604859
166570210057
-94229216577
63333191760
-103563191196
81247796390
58608010138
14761672536
1862557288
147169710355
17007550124
85799072448
41987445688
-57058660525
9522787901
64515856470
87649129119
70291400990
56712891669
-42474946250
-74823901873
31975503741
-47655892655
176276655607
49940518114
-95919556260
10196255321
47889382212
-59628955099
-81106075079
-122328274706
55920523021
-222309083839
-257852084187
80664178603
-146667004983
108059979693
-49736602112
38323790375
-142681662460
88408027656
-119264560539
-23385819195
32191375495
-47416839487
-102925834068
-49717387791
-1777602632
-86214585696
-224714548281
66727752271
23041245767
187545434228
19027096635
181023400468
-217711266620
-140922104562
106353190860
2153696215
-50152185956
-142057869430
-96796240981
19284786771
-48201211631
7506772627
-82333271825
16832529278
15996409339
-237740191246
-16556161576
14531442696
-172347119415
-30845449361
37722931871
-75995987541
21334054170
-110091473404
3227580418
87635162808
93935691394
65110943785
49167202669
80410812774
163135306425
-88551471568
46604418414
-31261468796
176801733330
-23082495778
-113428301865
-132277229033
-82598043201
-188519977864
-105442833998
-88248661220
-221904721566
48969563093
-131441065671
-179415112621
37105622774
30709171019
-221116444186
53849412419
172288870669
-148727235332
76268300898
-54669118062
-116216445592
-5799600802
-133757452602
-5987190123
-31723947961
42767505202
77109394848
-21145620738
-18705806400
77675744095
-75680109488
-212559698262
52185476079
-62471470468
77497977990
17490071967
-88485796520
-90353222547
-105771050632
-30624319194
-277201116729
-86394236384
66040529171
-83121762255
171182103514
-248922499621
-105382620804
-250644077934
-33916292444
81219064789
76880530868
18083414593
-136382555217
-10427736789
87513282143
-37428461972
-91962350016
-215894025401
189571276910
31684871376
-125918974624
-229379460835
-135136863163
192533661319
157092044182
-255618783581
-115733883658
168312483274
166010974544
-61344322558
41004123248
-228959971107
-43913392417
129935484395
-219222962101
52643938310
23870767467
168135988491
113927359242
-76654152720
58556222621
93380812209
-125514322289
-73921932018
-261657742379
-132161208260
-79671552086
45137678252
52634493978
-28336036039
4727135503
22803363916
-83852754863
-60028214037
-212771733119
-9557737151
79127985609
106480089537
120693394535
-166895776080
198094626618
158704089314
-175904937982
-75189376625
92054759494
23593549838
-8515141322
-13126611007
-25896614169
3267892231
-143789567564
-258885789979
-93291284150
-13380575344
-16830920578
-285500223879
-88427928347
71585693043
-43312719932
73099821477
8623249528
105262215438
-152028014017
-95962728852
-170789457610
165058130501
-125276766805
87959495240
21413184021
-120532492428
-156857454946
65950363836
103717122049
-111377649521
-93081033992
-308468991089
61752706359
71039685818
38893146317
166073415673
43742491642
217112657823
7889428166
-103581035056
-78080885116
-182091133254
-184054779118
-111792687725
-2465668980
-99362289142
-87055196749
23570696081
101450122326
-391331390045
223889794634
-76133557247
-192514806633
176435055385
-101532126309
-47992884721
59972115416
-298376411809
12401681372
82010672048
109348486497
-189350199484
150460593022
41777042970
46367975291
211073577751
23821650950
141723642111
192830890307
-128067800735
30698954038
72093913882
9786903574
-54017269484
134058168362
-138761832800
-233349331337
13519425019
-204414879105
-87188359593
-17272798391
169545055244
165795203705
34763716447
44876702396
89289273423
-71486766035
71946330025
-21265655007
64422240224
24172789626
118426298419
-107458013460
82606273102
-219279568746
-137361581300
-152592537044
-46594656319
56048555168
21586871964
38104074578
161221056098
-112547684182
-58389866333
-57528830582
19436327670
-41107139784
22706514568
-250638652952
-145591174840
-61936195906
12441100599
-7804617698
73988176243
-149490350132
-108222084825
-336218300
-77554967820
-150076334954
19992850382
164002562215
-18007773233
152640614984
15546189067
47452906422
-50251589215
-86159177221
-35310968908
84342926853
21727396291
45729558953
80196561733
125418869285
-261955373698
-210119858576
56276337199
-20037294855
155816023265
48479306691
-142795829891
7303045920
49846412511
-189837267097
-88062732340
178320524461
91221820155
-200274033988
-155023774785
18190652145
76058085271
-27872521223
-125880689142
8128071045
-80868500649
17774497866
-175742883771
188606671883
55634884743
139216801997
-113777488805
47072100869
-132723459832
-75773556632
27504885925
-141517636804
89888103883
30190618304
98894601609
145038344535
-6397266220
161857858273
55677002693
-187650366944
82167701980
194249391921
177131041897
111448775939
2508308630
61922545108
67077883022
77197159404
-162892121339
-55457976941
-95342806919
-110340663222
67113930235
-176717322545
-147954755176
211583987515
-58631611286
-132056383250
191133363334
-193412758098
-225669400840
165225888700
-35604106708
37372108913
66643916724
-17517736657
161532810952
-131725136048
171194805811
-1919356114
175869117201
9446135531
127721414856
78809896613
-15794189708
-105574717968
-46395163425
16220169735
159408969221
-56234971697
13067952698
-279516934008
72302554184
70750359292
157249244371
-143071375594
-1573023214
32418853609
-102127206814
193006534030
26263025061
81889655064
51703512288
-96230204736
-266165408391
156131038905
45723814107
-93046235283
126088293775
47229125698
8674789633
-23623487346
-119363775940
-32095805023
-57374296241
32894416955
-144238582010
-105053580026
-47563940224
-253549008803
-69643153151
104380707585
4303254632
-51605612548
-131945955874
175487958262
68294947616
85682398618
146996980643
-4731492738
-251839011358
108248095112
150917127921
-51714976230
-113882557085
-98481185768
85324007932
93794132894
-3572566961
50142349624
35218915526
-171167825768
171315388899
60440117165
125630739659
5241848681
91006147860
61220022589
75366930583
133307249472
133385971791
-213320438159
-145463924745
18660692935
-296712866883
102216307793
48048739722
80543409733
31027772769
-23580015144
-130955725940
-256387394535
-113191320277
76485207083
-34560407863
-92903345745
107763285966
-66461607440
-247448350818
22738141592
99745556790
78594330990
138136465880
2205408637
154273377314
-27038052802
-108988810968
161817543238
53301001708
-58949805898
-191653686941
-168010170371
-54415655387
-136659716160
28268823771
-124754218840
-80334267213
-97567487828
-9489408218
-227768699089
-13616101402
-120176836521
-152192210736
-23021301422
-142976591474
229343146318
-58938769151
226718527540
-118439409577
76787270757
-147055499451
-185344086045
-40822449633
-233100672013
40105293564
-13363361852
5140152547
-145269941092
53468313941
-169698345872
-6912826632
55519728234
-25196779381
-146882535267
-134162306660
-99819595012
508343706
-209374480019
-207223078298
78006873685
-117985087264
-51229893399
-87680534134
-77485502571
-209497252289
8845516242
-94480487913
-109006601366
-233666040281
53782272168
170172813476
-275721406103
19248467936
49229350985
98971517000
-158914288390
156483272581
-272561102501
25921550253
26776971652
-99120681967
-51591870637
18992215810
-208315019955
114999160703
-89690830902
113942887432
4094321826
77403057302
-77357842329
37501556851
82491614389
-225232078234
-196852971144
116854345518
56265510900
5962333390
-80157439665
-18411672070
-104641804431
-10615672390
12633307912
25671241607
-85548348842
3169732353
59745017403
-103630346255
13977799525
125396188771
9743565948
172027432133
-35015035504
104399444263
39850645701
-128080681446
-105069995657
180927163870
114249390800
47144763437
169281258451
-92607171673
-113928037280
-56609132679
-259421064837
-13806971185
-58633238396
-891004036
76873714675
-31892582161
-236887078132
-25282742717
-314762134359
-22337871382
-115045693985
66743984855
-47480119192
7526030047
48591615295
147451209359
-205467738736
-332963608134
-146113512548
-242043696689
-42096850149
-36252441750
126653408253
-87163748675
-30017379441
-111979165969
-112443705290
-21488314789
-94726840835
-58868397406
73612573625
-118944459457
-210897810143
79526560305
49650454213
36215959430
76138988951
81631695708
-80890769493
57591582046
-194138829818
78967135471
150270545547
-42360411845
149921145810
72477100661
-25055100754
-12816533602
81249643876
-91768392878
-248583581789
53818053951
6890013466
-17018679756
152934202221
-86852317381
-86800081040
-71916652722
7112496739
28216217373
84204137737
-129976555851
177015393899
71414986786
-229588066072
166430665625
-156628433415
-38413257166
-61130365742
31234935159
-204050159530
-47444804002
89403047525
-277786509572
80742681835
-92041239523
-290918571431
3273229244
-89637631175
-113753128254
146595463721
-149529202687
-7928340922
-225518913126
-133027825479
-200220091271
-81002725947
102699699131
-106304692155
57138038094
144621330816
-81901438353
-141993670938
140133739135
-250894227708
-7768712766
22155058706
-203778132174
-108783714461
74618843758
-71854857393
-160886401134
146614806928
-133039028829
-17814174359
88297982297
-54666509266
-35322478144
18038092717
21973658715
-151120495399
-144403616724
-112535946679
-117458932281
-71533882104
85615990297
-242833919853
-8897737962
-1074774852
20608017768
-99426539223
-53551880145
-116216980429
-126394370338
-3394351193
10353981708
-229776295226
34247500496
75316865602
-152166006183
29026631009
-14042847201
-32260400837
70349008874
-80976562565
-20293029785
-122799271858
139254638945
-124186040502
164029851264
224751539023
-130565985367
-200946635821
152901574426
-180915649236
-279758821761
-134635705590
-275203544814
-207039160049
66796101885
113309342567
61136863713
-86498570688
26992061981
-108311282255
26557356749
-79894676304
24825935965
-9918740173
-70185996982
149778437879
45927242535
-157097469369
-333193127516
-3604108510
-200305982333
-46409922704
17753099743
-113430136043
115332221811
3850049582
151284176646
-70594121558
-253024212228
26375108250
51283469772
-59119195408
74170015963
78312564144
195153063199
147284084725
-18868159043
149555437453
-113852021067
26531035117
-88240303775
-131868107072
-67537156434
-113329644869
-209849099858
-155775230978
24909196373
-74008057379
-60716715293
-223382906767
-49314949651
-107772612723
131275803673
-74700824988
78517641075
94056858823
-97146376236
90406365257
58399103404
37864959609
105836563823
-90272685652
40972168237
-96012386640
-78066864065
-270658597402
-55001444546
11379080885
-144382151186
-128797954234
-145068710864
-122116737952
129077891770
203762098105
-216749126015
29398010451
49050763633
-134909266
64759072095
-66862522025
40297053650
21747423337
71319244042
102045600341
212105625126
58247779503
162810004688
-32916409988
38900654539
-204242364635
63394894379
-232975467026
10446522085
-141230012557
99172801593
-89787443459
66160879197
33950271505
-89893728348
-126335536878
-100954571674
-16845740973
-89696285958
18428653223
-249227906200
-3333603395
-79514368695
7971228374
155606388068
-186444287584
-188247393870
91506580194
-45656069979
50917967506
52934595412
109645640854
54473800148
-238329676138
24740752139
21322741126
83644624298
-97821085450
179292591274
156051105202
14708596265
-152630536439
37007200747
22880658358
-218824621151
-187301714435
77062686487
-73587094014
-99334753576
118216222166
-142696660058
134055501770
118240292972
-142256458018
19868830495
23459213169
164190724850
122631397340
11520993731
110798829319
82154749458
-201908960054
-255467653356
-148576113643
-48946060745
-220218063461
16128053360
-181880454978
-144062786264
-110134826484
46000701417
-143929739359
-25383133854
-56403802794
-83905166381
165308780923
-265734916044
166173349184
175863333987
-68729324985
-120341460031
-93389579083
-140803830150
-232758998473
9419284506
13151243763
99845860983
-90023253676
60127503863
-119053128743
73667555132
-196987438093
-72220336144
122676667707
11112284125
153216548373
47014409729
177244138911
70086045774
-12447334770
-102327891001
150460549646
-232450407955
157314369082
-280889179523
-131688942860
126526979936
143924114222
85872042021
-214859851839
-135878173596
-13279660692
-271469648628
-133474290677
80146038768
-103693883313
33019178575
180247933535
34732469240
-164336349428
177785653025
-15334272172
199945112653
-108625480005
-261281787111
-45815396560
70295090082
-130398860088
-221369059974
30528436366
193378357213
-26931812083
-237054172510
80092588378
-156386244329
51476281317
-69787700685
-88816777416
-135412823518
-278197271917
163032853558
164726611233
33257454510
49158786177
92406803906
-130795419928
116138063820
119322862768
-130009656788
109683491266
10325069725
19390690610
-26265906165
170707429004
59501447464
-84613683803
-1170965521
-100917039005
163863910994
166255843287
-59596786706
19658019531
-54673699479
15539034283
10723708025
-152741306342
91487816542
-106844174959
13616978845
-193046521556
-1865764457
58269817899
79700711639
172210867567
-83489941978
36290910638
87529621577
24540093263
-85043549091
5113544113
-103650441536
-47066539179
54074590976
-5200405162
-123815411236
-53979199520
-79834698264
34022031367
-61376899388
-112626401962
-122296996296
-251582480271
-180976005705
-255149784744
-92427839721
60331946195
36339065810
217573245133
-108326758204
20222340388
91840906670
-250954937311
79844060855
-112688943600
157034074226
-46540311734
23473560651
163298510098
-119847512340
-240147690246
-147647032197
-277680387805
-105207695502
-78529743465
90992499027
-133256387561
17693646253
-281067931998
-47930451444
46875834735
-25727176238
-102446404238
141082965006
-217981440067
-31057028455
-160379962585
39625631388
-254043522286
-10141897852
156004235334
-12624189273
18716818575
142985912680
-141202335153
-61463737667
-287659846272
-83977682793
32407571324
3136586941
62078506045
-94587840765
59496338352
-98082484526
-55674869871
18514349348
-19819672704
-250863247795
-77299341162
-44872215279
18585198664
-66602817076
-80539046771
-99539753541
35568506557
200170341301
144691499250
-85255729344
-144224533634
66530801479
18570426729
86320477733
37532062487
8743309218
150649296228
25620702848
-6132463572
83897170985
-148020408189
-226889157761
-45829122106
-139362163859
-96236085739
-45968508534
28245251174
51266986460
-28340258114
76392230228
-83587887647
54916811603
-25448047289
45135951282
161298105647
27946266657
-282609113030
43837492860
32295544504
-75010634727
-177444972536
-178932879062
-11452866351
-152376038643
139608675253
146452192990
-83968663358
33742608396
176683801890
-187335250092
83326236822
173769610052
-76495313336
-127697555313
1536302189
-48569479742
-163573842506
20611691175
-20672317995
66755891186
19228511638
-128960769498
40980186792
-62893829511
149213993994
-52756104208
76862610688
-257748490932
153692158733
-88694769062
-126563996436
14617122608
-107570493792
-260105493782
90092077594
-148133695207
-120592401256
49866585638
207592819961
-96778997092
-293391377009
-96165633097
-123537232518
-87124389023
-80794235619
191999338788
60270471402
-139938319624
143031608629
-90907744077
-69179850858
137170016952
-67463707452
-159788378471
-140847942897
50623423755
-88816777416
-14254762694
56291060389
-20637268982
207043146304
-64394112216
-96440546916
61079241921
118732510980
208389005188
44932769797
-128177010541
116468449078
-120224655481
19225378526
-82266555255
-163143365561
15759710793
-186101962686
-93353124041
-229387938229
-45297516734
169501448767
-125282163244
-7958517807
114273965541
-100461617780
45194961443
-83967347756
90234152335
-99458852346
164404874700
-162773874867
-160096493639
-118259960895
-129471833375
-278615443295
72575265968
-49919578067
9198663178
-3586944043
-63588138729
22051660700
80660047249
-271927452460
32659425853
51458109470
-181234368933
-67107696723
-47087340609
-59964532538
-81754274161
-10682439418
106953315906
-6521254252
3008180505
128153693188
-93496720121
-242687137831
-34976029363
21214457018
-102977555190
-3911368013
-80459247530
86059190085
-75484730365
-192886002135
-164459654875
-212287798048
-134172276891
58620770416
81206145022
-263817209451
-79676187570
59571412212
-44191007411
-16518762416
9520340080
-202543263477
93988702274
162202590054
43486915705
-154335875816
142270890188
101789695950
25737261585
-37271641501
-176307176087
132126262736
-92738944118
222330005438
-132282867774
94333032340
-99166489458
-106458735030
-234954539746
55230084770
101408986105
-80238001421
-105653949569
-251470633806
-122037414121
19223981541
-160776775681
43005987180
26595903632
-24369796942
88896464271
-203086618881
4731909045
-248242333679
-130600855075
-152164059491
211448524977
-97946780675
180678350892
83112920184
-227752248069
-154840179335
-204488645519
-172088408057
48601944724
-76529997961
17483514001
8043078387
-48313019901
-77762372160
34443808956
36741348304
21978153911
152452365614
122182876181
-8437035288
-161213136173
18502754144
173148586946
-258634417429
55881356756
-36634467164
-51953729554
-54946829504
-224187374488
-268095247108
-99404830685
220788488778
-27146674558
39590367524
-146470744386
147387678745
-129348431012
155795082701
-134569555470
135153374363
6506207311
-194515838644
155352132953
181279546277
125885646158
161243460432
16824033487
-8983266557
236927722722
-76238023363
-110538467632
136574401191
201806705337
-29823081255
1510221396
163965484026
-1770942971
-33859470645
-16240258408
139217067914
198191500088
185556672063
177829832232
-214903357648
-161512291034
-41817628816
-93439512250
-53135010939
-135578929923
28193575987
-162342907967
106269340743
197860649015
-150809467685
-43020296416
-16212799933
-7803218159
46466144886
34318245577
28068452038
134838394227
-53110710075
-19344862129
20656875171
-1105135150
-80578810582
166324613409
146705653951
-144245384662
-36630695007
-197553196654
145041184598
-4003035744
-136742396405
-124558796237
92876628249
-277538825202
-206123700084
-162087011039
67134878133
-79498660043
-88026375674
-75924289130
-11429576523
137872117105
-143685128894
25779220279
-45657996474
-148263144319
-126945627645
11248047267
-5743933795
-32241829271
34570591644
-48791594865
190203748228
87285662103
-213629212121
-94198457598
112259389600
-126857960991
35075353324
68325219581
-62681277655
93273631459
-295624385744
-118990496572
115097889616
-83718515419
40543068878
150043027192
-77184990317
-6141940232
69740060160
-146447329146
15955708599
15200626257
-214054855208
197862182038
183446448058
123458235258
62332971188
-3756488324
6684591925
-67199683294
20374805657
-203833148418
44035915789
-258292945935
24592052528
-88582797398
-262755092420
87884742970
155703873418
143213365573
172566275460
-2188488072
210951851567
-38002329956
-2670584687
-191682881634
-71690307116
-31014607239
70137308432
26602845596
-116273435202
16854942378
-152017016530
10325625136
119758929870
60230413328
82499022492
147045710980
-112168154369
-128187273870
13506060463
-109731783087
-32818649405
-220770366413
-137201904828
56673399799
60541922052
-111056026889
-216820547265
7006385123
22759488869
-263565285797
45181825401
-10359618250
-71261618461
-44013001562
-89821659392
-108112729588
-63677677083
80066469469
-92033464807
-78889524243
129354534763
-121092974118
-83236531375
-120934871737
211642590058
-137269636408
75415407386
159540576318
225180409547
53389850935
198291933834
84191127180
-172443889366
76200849697
-181367975637
-119116117003
-207076206274
-129716303312
-41661280143
-134396785977
-97301115389
85500403818
105400998905
-40717511656
-220545425787
-142157835299
165599774432
147351465717
35435115425
137942156774
217284367449
-26851102761
180207214367
6677684379
168051841995
22608510439
140477360363
-49803072668
154949789298
-124914599688
-191331691970
-82217105964
125314526699
-110809807378
138601113707
-148648914123
-85427584302
-64229146663
17139191247
-101451594664
-61700557988
74017358323
-169055661657
33285863540
-5433228443
75370116937
31727425548
-3709653101
175642124315
45702587432
186408531761
-215321980799
8502775243
-242428639349
63598295582
-181057748838
106978582025
66743984855
7682506913
-75790570407
-242615579763
63141887993
187305936316
98056797959
51446229475
99834526184
-88055742024
171348101571
38406669797
-148510153734
130513548286
-82913645962
20474487502
-295970284075
111344599631
-195730949414
13028334068
-244776680406
-77561124556
-78785411712
146090974080
-206189479510
-13888407630
168069168917
22659694103
-43720180440
-115453123861
5430081154
-159088987042
18188008967
-14018961064
-6341557024
-17667028836
-91476620447
-42546287417
204928534367
-122931643156
-5921715070
150514889817
154362099969
-104840390528
117372335529
103038201902
-56890516971
192170483135
16326925497
-33202041672
5782271878
171544175477
-111199051044
101514265425
66535850457
179679272439
-186457592466
121956209743
-89195999534
-148624932997
107707042464
-121327482559
6789219457
-106689524684
-32445214245
-60630778594
73326838045
-94149663653
78899977023
83484490174
-110549978562
-191432875465
40871417579
-169070983235
153939731427
-94230672882
54670618193
-19547291750
-85220370114
16312286197
-91634282531
-83851908720
-53357978868
-7867836216
-35259859829
-127944297610
-2508311182
39435692685
92544078408
-220288628015
-156956888379
-14054370363
-200783365822
-179487659033
-250383029980
6357963885
-58615458142
15674810264
-222292451330
-52820419649
-160673852962
-105848274144
-152489680863
140455932178
165082021109
-258434769379
-210265687039
-18760670694
51077919958
-1203482568
98319363921
-214764939589
-47674000213
-30248399683
-223970620262
-139474707376
454409056
74612380828
-178512862858
34541014702
-37486225961
154952832448
190942327810
-274839913290
134156018888
163222627995
47172599521
86909600112
-52437691306
-258903585097
149667965031
-84146766333
96113110247
171852964342
-186232126847
64780836917
-124511167393
-114184260207
108856225357
-176457893717
19437554763
81879304891
223629645453
-212893465961
-98797247448
-258932936117
-210540322060
-90986961049
-17878989185
183125394453
9450537769
84756661219
79053904152
153758685317
-321134807942
152168356121
-12000778576
-66819656124
-238576990533
-109423631442
-48208344181
-86032005053
159777449532
86765099511
54724385120
47322723151
-101967856812
-47632868719
61033168171
-232275395466
-72923576629
130174673637
83464371721
9283478193
-19314863552
32518279778
21254192552
90239840845
140888073131
65398034320
-48011518691
-179018526657
-65122566799
-19870942235
80796253987
79450125292
179736251929
89290561922
72338886345
103665069690
79063134582
-275406414737
-198679933694
61160544863
146306752327
107456225647
99262360386
23056205581
-73972824660
24604249180
-196331498083
-138479004621
46571166078
173746919555
-93354397534
-248564693195
14802673796
-121318659647
-51040574599
111434105380
109992341317
-295542066761
44871435779
57459164150
59599931691
-119380172084
-15755835670
-168262439596
-90559737088
-193384605240
-121562330920
66702086003
-22819436583
-101768313306
-36619098713
-270804378912
21833560370
54394530770
-78465980848
34952514460
-99442397481
68375055712
-7153152051
-36780916520
80665731606
-81544526800
-155530161495
-110035648288
43138570347
-237138498167
-63442523656
-78903514882
-204319536278
-168616677950
-192308162245
-98721213583
-259216855866
11252134236
-84168179793
-173822637649
14437103857
-129537747750
-265393141140
-84056856493
176243893794
75947377132
100189432887
56544678115
22230308181
132427559744
-74678048202
-36619098713
65915233638
90117800035
-285929137832
-2292151717
-114474953350
-5321038506
128541600514
-3470704248
67547239531
-8050770418
-151024519490
-105861877884
-144122357237
-14357767282
39868010083
50184546551
108963559767
52903936358
152233877417
107493672689
79269974727
80642118519
163312502590
12184370869
-19569847181
85815161470
79155095411
-36434674130
-55203588378
20517023257
87056052084
24751166332
170148798244
-116102170409
44936466706
-80746698858
-189622451749
-5296637548
97930502490
51296855922
-96997339075
-144723265144
-131879606748
-90320697728
-166008470536
-122003531217
-156359698791
-39356863864
-26454225318
78429226181
-12722723493
-4159702461
149285244125
160451000842
2239388863
-121563656018
-178673785916
-31778881380
11457771763
47252445752
166619293580
-176037960601
12802015668
-235210763114
-31737065784
159501633368
169123939952
-98343819478
170783778878
-94151000862
53038595095
-107421579205
22452628523
50958440121
-47740275252
85340583758
-254118030563
86373084355
-73076335154
-79609476691
-22107011041
72542973300
21634584632
211889549891
-244511628722
-22786147046
167483251484
-63909738840
-102966570618
170177662634
-95657656833
48854356639
-106973298408
56280981570
150203775846
71111899243
-155844762624
-21914805741
-11962125148
-111304335375
-183172691518
-124905812050
-203357157576
-7116123700
18145044256
56553977463
200498821616
72938742742
-153227933567
-57202485274
-128302312029
81168150870
115101869037
111125178426
-248751285602
-248220927209
-71532142117
149426441530
177674935258
175852840511
-150363663093
-295050291280
-161097993552
23965018904
-276986638548
-12672185874
-130177666444
-110452089736
-17382142188
-169822893112
47683643831
71423948728
-231425072208
-118751353095
-119139090387
-114317980353
121384443864
-258324953054
66743425484
-241324433791
-198648202670
190575889468
-63349935926
91396457353
-93117753054
-37870626551
77430948630
-44875458172
23310581412
-27971533170
-73747863249
178550513973
89573267667
71536218418
-66043465213
72532511913
-119584071978
-99228361372
180879608782
150145551710
154436404879
-92577784261
146892835512
145394482834
164042089775
-4159702461
-114036303645
57748730678
-163834242126
-147709461365
-244513233861
-48636046767
-168419400200
71247102775
76780821270
-277487124000
-194430655459
24157107142
167644506045
156885950046
-177331319108
15647084054
50093793512
51796166565
55718380193
66374374907
5499527130
-271171025372
-73350299373
-88966554202
-86249259196
18514403607
-127103242647
-303713478308
-79827752076
-140858101304
-93430971839
-374634958922
107460393898
-62817403394
103372779497
-104058067133
129372163442
-77409673987
871823548
-67302997371
-17106813885
175684875368
-152611904019
152541026749
88073178758
-138743436333
160601867588
1177579043
-73898275944
213430717892
16060198179
-112614483643
57907451614
-258683127001
-38757727285
4707907497
92229345660
9181173398
-49930085258
39942638588
67114524318
80271270815
-208384729503
-2029733514
135816974460
-184546343363
27293540291
919270207
-65094851475
54161128513
83657626846
124635474076
194091052836
-101970622286
-166053937946
-43568880199
39947434456
-107002830726
9945561135
-75200636541
38219688971
106645367993
-264195975025
-87459961577
-86333103759
-79700669256
-84878903950
-250628629001
-68156605436
91987732021
-71066843775
-62225427087
-187597501181
51972855230
-22619307758
-58292873194
23053316266
147139370396
-108033492655
-158435475758
-199288804609
-59487573246
-82687641428
-123977227611
-116603149264
-78437608241
61578186823
-270447766854
143918997403
191236442167
-35753578900
82316577620
-29676100031
143563178504
-238849313875
-43044615527
-128636755155
150154356590
125946142174
-105116692794
-236554625124
20286195202
68085131887
156652408672
-25946952258
116702160455
47034064552
41457261687
24895580921
51196547439
-26077213698
-66559478269
66359171040
88481799717
156716449870
96891358968
14396262550
-102022518553
-80145013770
57884062460
158244276979
145071588562
-113944889787
155985282089
94434123032
-251911873741
-77341484743
79838810808
-26355014606
-22103249285
180265854553
-49260584057
-188603812167
171983146452
-119878600141
30063612221
-252683888890
147235506085
84907989586
158577653406
-26175380142
177362475239
5290536125
-206125037246
9743481546
67153877625
130657702320
36977231698
-91559993091
-84486608890
76263212136
36409104496
-79773744778
109184874756
63482582381
-213219875002
-116814926241
56654940033
-112469796431
-218149892216
81668875402
81836716772
-238123402326
16682766287
29820781683
140646388496
-285220582354
52899687354
-156851396163
-158520458059
200897822112
-129775794440
-10673464126
-222598104183
38456457613
-131793461941
105814122271
55127770010
19948973387
142753671114
-183896635629
168345812866
74506316175
-266606332885
-199181626932
34767954676
-361308854532
12010468742
32339601568
-100981437199
-84063353290
-3069520147
186176444408
-171957249380
-156222373782
199002294196
-91838774154
87708261962
-74455038668
143704462425
-126190961273
6159367454
-21041555667
-115000396363
56356860384
-18699679428
-20358926890
-178034754018
-67771835989
90653514955
-193210375535
-151775318688
-95902022885
63553045152
73198546571
-3493282233
-101615903077
-82257198505
73456763245
-4286564357
74480426834
78499712022
-100129871737
164848730254
-56772373230
27988657843
144130283116
-41687054033
156515958832
-135698184129
-316200431343
2031172237
191313182995
-129225714648
108902815096
-44172725488
-258862802469
74616631249
-82259169463
12109074236
-66584336928
-19739355636
90149888786
-145216255121
-1329870971
-257380695683
74107081974
-43398497206
85541034990
87764855193
94735271884
129789780187
169152750049
-102681094031
81015269903
-17372998051
-110442684830
-146158097617
74350129755
-58766419119
-10343024284
170319095068
-204524041963
-83573744723
52192862929
56377647155
40474802994
-122882650063
-326329022215
58762251505
55740962132
-180294842907
75076728092
-20246980304
-64752825825
-102034154048
68232870117
127551473206
-56707573433
40417349540
89447996125
-100675509181
171929550467
-4058969044
58634177926
-22575880262
24194446091
-118686640462
164803613608
168523791448
-116023682845
180174780229
-29399773692
163932861435
168053952141
55666388905
136350544619
137329232322
74593610419
201529033277
-50016849873
-17644834747
78679693315
87373147115
-70182991738
-230015819813
-27340171788
-254139520512
72671934017
28082748830
49271280834
-144983614169
29587368462
-105958904392
-114004252629
173754094551
177008534536
-57712123935
-278317673212
-83021053286
-160543617569
-11880048948
214502488627
-162999957243
171775648837
-192115842813
-6912275029
-168939454386
160657241312
212755676527
42756218861
65751889942
-267397341408
172173925711
-85642208779
73084626771
-31168814780
9366041442
4088291286
81087297488
-325178396469
-103574927783
-86112630374
55572692547
-69931493256
105602831852
-37824024113
25958039002
51009797559
-61454868181
-73020931868
144945454267
89518533508
-74871714002
47058497936
12440315434
20164822822
-81691948878
-71539787252
23274768799
67926532421
-176651773765
-225434714176
42334660739
86189495686
22487404431
-233177236400
8198646399
-111298666394
96392453944
-23414591246
47092759465
138388762090
211980517145
36161649576
65561927014
55635148828
179858604685
-111033483558
-209022806655
-233982118955
-4191203794
110978064767
60352376735
20352784651
89956056501
-306334818242
85850118391
-11984300017
17455995240
80221623316
-62821127485
-179721545950
-4004156240
-125643515326
44549609560
-121215589484
38658820397
-34800051409
34587293786
-14863310517
-117308403683
-200868408965
-35640808947
59821550494
-79243867251
151742096815
-162402262275
-22015233966
-162295213068
-32693319794
143047248346
109272006074
23255216703
-84239085938
200735092956
-27012536632
182757464538
171309163981
-53369018660
159133850561
-154382229986
100898068036
-117844889390
-235184128280
183546427143
-181421372144
87766514841
-74014854032
14397104563
195146308427
-85214246955
-72213968082
10192005477
85953628287
48658853468
170562998203
-192732861794
-325905553905
102377923352
-6334453459
-240500260284
-125807037856
-182658825226
58216742907
-78656340908
211147040626
-113603257514
-7519651673
37103847030
-266078408839
44696894295
-82179370188
-170415565873
80181008417
-94534337128
-160027935985
78403200614
163663620310
167110195614
174856290460
48297534006
37211444620
208071867077
-179314309201
89313376559
-84084267833
59592523345
182429191582
135280032317
-184481202621
44408393682
-115342933175
-159301556430
-154905676817
-147689379210
194540746302
-87758897750
-23715295329
89380551563
-84616377202
104956153261
57462013095
-136122728897
-121370635943
72985984383
66170283636
90889004725
179948663190
210501254405
-115319599646
82610978312
-52845848339
-9566973060
-133704228160
91030190722
138478431155
-24994233367
167659410153
86594891996
-125357764352
150710668533
-164899555729
165343379813
132909955503
-17491266132
20973235023
-15205583074
-211964800176
-70812749045
-69860568116
179596217236
-156954353019
85894672061
-103644176050
161683362187
-252133125719
-268685637987
-191077583758
-45378476219
-34832885715
31854905696
162807475419
16565992050
-63098671240
-42304668589
-77689515726
-120750233173
81132827241
217984695920
-184938701009
83008243428
-107832753451
54094098290
-71403368856
28510319658
39258508129
-119522323684
10270753269
5120557704
-93109897615
33955896294
77806777053
-146664123712
5105575748
154760220012
-80508902125
-267035381869
134906899021
-14600972746
-188476656252
-181735253699
-293993094712
-165387635874
-102098387598
129064858441
7429408069
-268963028611
-166246587510
167271147900
-89400590236
-111752889921
52949691456
94642303607
36966768874
167314089650
-230495113464
43821077907
-73320052500
-98255428119
-146048179455
38922242025
-30891702597
-2490120632
49726549302
-98055144222
52260060258
76180315235
-253240317581
211943612298
77005918602
-219085068834
-59920096346
-68442904418
95706713090
-80050743231
-152492782558
190437516451
34044367846
15289763638
-264083831204
14303161954
-75898003273
-140324361083
-165395925602
-155048371687
173530535131
201109880722
-93031224289
-223813063943
-120647012136
42121150094
-184936451193
169170218050
-71931737896
27147056605
-74786485012
-117585801506
160558272978
98357139079
-216664176839
30901754283
-10084809114
-214893528800
190813663251
119161496923
146955051293
-73301154006
62076291434
-94388233789
-36504681647
180446883645
-44348254538
-82540189149
-3617968008
-35673468821
124180920205
-238407350448
227930649818
-118481076146
161388104512
-136474025964
87698142269
-55780611323
56401431395
64090386219
145510056209
-84877217773
99437483081
85885050408
-92174399954
58468007111
-140323136109
52694206047
-1628208963
-108113281118
-46470713803
-80536094282
-140663356969
-226475425269
133218308245
153756625069
-112745930634
189541107164
-15648260935
-5247461903
-97679079407
190379306481
23387299687
-252674879962
-145362742236
-94443859212
-201052713844
-80057650171
-117342633484
99618046149
41744614246
96599107068
80186529373
-277501168287
-129407274251
123652206792
14452424878
154444027467
43787955453
-64442300870
25758509772
175960350706
-260754294123
55634884743
-218082587129
-156519094089
68925310298
28721064762
-8866802224
149068526298
2665020555
92438830992
-130775889312
-99837537959
-37785403428
100874579782
-77417169071
190116408622
146529869493
-58163577830
-107548429595
84126966779
106013946081
26013303499
-118914480814
128566754221
-19263870796
13071358298
12913130680
-171838548965
76957949298
43472222145
158218012683
144801389837
81368966277
30974213936
106217497045
135886159350
17029557986
-24099795292
-114597391170
-94227552347
-242443681987
-203929502268
-169398446711
-29914814893
-215795573076
-122356233700
115112464216
-146411896824
-104870354689
141759537710
73647040059
32885335734
104874656342
185429112125
-169067974635
-164134472476
139088503057
-253043993308
-24628468592
-96154686467
-57920825851
-249697633182
-81764884308
41466817914
108020406410
-160263865913
-55386716840
65218650806
-50110475548
64187055706
106766378295
-162420220547
-98862802511
-186279889998
-94545293452
-136776231447
-37436103700
-5858803490
89568180523
201416200313
108368278161
153690131610
-89193798904
-231471916106
-119460759223
-102216304470
-112106660733
-81682337911
169205483232
-87018332654
179856855479
61027524118
108015370339
-21323935703
92892553601
-203454503206
105948682852
-206186012316
-19733910382
26009046453
-257578693306
-255186671777
-196405760449
-208001430541
69905072050
15268977961
-227487627299
-44000304149
9719235963
-7807218557
93961338955
82122464024
-138036803928
-179286608189
-262907943340
-127357948487
-89974454589
71606034518
108591502908
19799544576
6115252641
91840865022
145553459393
-129510603104
32521235933
71833356707
20860278068
-267049851884
88067297019
-117727087351
-219603634135
-132455543256
57915398426
-386437341535
-77420306292
154816399257
181496965474
-109037649816
-107957270801
19073573714
123371989388
71029648246
76933076971
219757043936
-98497806143
50860577966
-183185327698
74807350171
176959333774
-257958095972
-29720166588
-102498446223
84625890528
66911775635
-234708745127
81303640238
-285182441396
4243065657
-120236846816
125112284497
41008686012
210863035902
-148427191853
-18829720381
55230084770
48660782295
-148940452748
-143758815398
-89922581885
-115373426664
-38840343714
-101344826006
-47855639354
-8498745984
8909006281
-49810855225
-75237439650
162895137851
-6655466810
113740502930
132874185256
-4598811551
-78549473907
-273092098967
150320048427
-73572455969
12526842201
-279509595487
-52544418104
-30533479962
23696532241
-280754448598
-84712777654
44162672294
44395287582
41238102890
63094523727
-232809683237
-228069061436
71365377480
-54962028111
36087142963
-168383434576
-20492062812
54672816655
159731867530
143636474695
-92023839839
12502570043
-262042671994
-77767397076
-126722281140
5150100251
47044831422
-118196151355
-69680237610
-57453297835
185377877229
83707731433
133568295007
-178569326061
-171602854535
188547600375
-135099107716
48945753573
48166876912
6923944121
31298867966
111938433564
12395560077
101956547863
-277808314942
-65828400249
60239479460
94805235864
197668970618
-246045827232
12892623276
7499435467
-26989375377
-68617382296
-216672757309
-10404388766
-250334419115
154065536385
-2311155014
77318043274
-52490273143
-130231112763
-48887417438
23401251324
60887013026
-132221495854
-105537753312
19214897498
106314476605
21276892136
97560549238
-59885369169
146045996286
-112077061099
-46486494241
-36525366787
-264463318385
29002747139
-141689176522
-25647765239
-65788424278
173047289468
-94665957771
19133332947
-1522306548
-56688564207
-156142149632
193035275618
86397901977
-22775474416
102375567844
-27259286699
-3237939551
-258865940780
140994179476
162663280863
147255854378
-98790992241
-111523165242
-158746095148
-116019590271
-3266862398
-11554045254
79496229633
54929278223
-135830139548
-103698919251
180298634810
-223326535895
-113562816808
188620588709
-147811709413
36935976509
-16029517893
-62058292416
-39229134731
-217582352500
-216896825005
-14483792086
-145325031500
-100745990807
-21677064896
127805156760
-126611803246
-208035478247
66247575917
-57419753473
2740543436
63832415413
-7542346745
152306618820
105920614527
-20093011188
-73274761042
8526145755
-199389661438
-1550444005
19841081276
-141335945803
-7729456293
-250590920135
18585654118
53289444314
-186074506035
-92582187379
-10925022035
19133798971
-28588202875
-16936241966
28877116343
122508142065
-133068315755
7660885938
178071935422
-281094041658
-60509539514
94486329626
-157559277156
-75555678984
-101525758006
-37848660682
47599279739
-60605339683
-104960828851
-238693705124
56890968826
59574946579
-118912791782
2032003517
-150754303590
54525491496
-129912018547
-184416699790
93497973971
31946825735
-199472574032
-70759874213
-253232415666
23440067665
70597072638
86804464062
-32212515652
104872233480
34684786618
-84041137968
-243426211426
-185487464450
94722934869
-303620854542
13943522428
23043137499
-140563852585
49550384795
208554520304
57385074521
108274753071
148836058108
-170291799551
-83550466658
-264743222166
-77442692458
-77812186011
-201327101023
82913704830
104902269017
152337366239
-81480480798
-3806575914
-210426984487
-16959674365
-209103289667
-13994108052
123458732356
46504070743
-37254122548
-3416614801
-180831681867
79033042937
137493369350
-185224458937
197696371818
-21580131544
-18380457592
-385697510715
-17085968813
-251992318877
-165171887665
-141376596886
111998560766
165939341871
53047057235
167031619297
-64749650255
18400021447
-75503578863
-37440639911
-86307595435
-177132981558
-152959871613
173688473043
-72780358406
-42443510956
11987190836
37700147560
198513650141
7293296208
158762174144
-98183323845
9403330716
-93148228805
-262024274906
-111085889149
-247857039363
44992617823
-113645124741
75627554894
59889279890
82734020984
-17272990640
73428047043
59037595570
-80179517293
-172475426134
159227237345
62115674879
916843551
-151494103901
43888784739
6115252641
-79725289400
161396020702
-111295209188
65183591582
-88224378934
189645911963
133323796450
111201197750
88116651318
-79948724146
-11197027709
-45979966511
73966736180
-234083388888
-126251499643
56031195623
-55451370629
155131451895
-116297370263
63736765818
102701091230
-229668659524
163228476286
-97641244708
48318105169
-203552605112
-46888298351
-74166094702
-93393429758
102980470700
-131764980832
-111168497191
89634014564
-133032311521
-120844885574
33978138358
36294849349
105512020003
-157302541187
-284217057652
-93272121018
160193705866
83219353906
56956248004
57283757454
44200063352
81105835061
119997462124
-48431893241
-93411889905
-225734053708
40571518094
104467191914
76907193402
-70936424489
10794065356
4309589312
21542350796
69408557829
-208810617129
-122575923585
-48615507207
-181928388069
-87043105949
113954308707
-149292578150
43569048341
-246012629095
36384520856
142646930555
39051953061
54140961534
-46192912068
-328319506025
54598328861
-127840208819
-267853169451
-109159128250
-257122154833
33366111491
-8702526484
-171199940845
9579618876
-212801525237
88732416514
36818394532
-43465759410
-115378523874
-128704885915
-177262406944
-16526461970
-50387918915
51521625412
31964335792
-217613993012
56734961861
447952743
22604168422
-194599554996
-109503420437
99207327244
13480331453
-174660175242
-202789258075
-133919323213
-112013208597
-81156062363
149934445358
-148512115530
-95106265585
-153312101496
-44562500275
55489941714
-186907359083
-238224522545
-215747261994
-129001827246
33818908070
-101315238355
-87423895291
43029923802
-16535612586
80487816077
-106072619614
82556519432
70004041554
-51642288403
-398989219237
-105077482762
66891250008
92668946057
139117613182
87249812422
213762657509
-116817980910
-186352758015
137897441380
-61896242403
44054860232
160541580760
101876455443
7580735492
-121632739614
43960181030
-154789414282
58873344973
-87025426426
193241120618
-84820428814
-21308416224
-161730920556
176587899437
54313935525
-256492915273
169973237136
144943957781
-32955007635
-95633876646
-24070717227
141231129411
-61958659667
86010140668
-152376038643
-98543743338
-138930181296
109775240793
-58385092330
-13989955978
100426698775
14176099285
-72879069786
-166748703271
-94453569637
136442658174
-307914964044
-191865200466
-136192105234
58471847949
-71831379081
-64303081764
-158241884905
-144275339498
162150677585
-188742957337
41848200181
-138824439325
38365480731
53162657292
-82678799356
-6813762005
21057080737
98881478584
76476485717
48387976488
107229322527
24883090295
-99878446180
-42298077564
132598571374
-27409941758
5818284926
-41960629687
-8749425582
143370385405
-263436849091
-130477825356
-3382143591
-10703681318
-49984712409
38590584289
-46094375257
-85154797404
-50336005277
-103609890421
-215808454225
183321316260
-155978087652
-246366893830
152644872060
-163543485113
89437082201
-136833970165
126789537599
-104561398436
178550513973
28386432984
-13289517645
78585636056
51456984958
-280376050783
129156244812
118842342514
-120536133812
166215428262
-115746223070
-61988419214
105151896614
-8866641152
7163813671
-34089212408
-118743166296
-389157196701
24444734296
-277260317224
191439665174
16760535966
-20357916350
-65740796887
-98710892029
592535367
-85933542420
59422630335
168077487939
81533895344
32526184443
-17712735118
-11845999590
-245386105034
187926900208
131488506547
53266433881
-51772629156
185012100087
51054704568
-97517651374
153801261103
160701200316
-279587389289
107043885656
22071015973
-289774207818
189529820789
-22316837468
35952900308
-43067834690
-279545210440
12356395470
-15486246249
12776156732
-169454476447
23126713532
-9772941589
-92290729988
-22184791694
71320246185
42024016862
-142903325254
122592624322
12642862682
-22631787293
-98451560058
20129567472
-37058797749
35600903655
-24172073601
-156793352919
-5412697628
-61792234169
-93910865013
-97726077061
143959091575
-47873659168
145053931448
19367683992
-107299849095
-69701099606
-53567235571
-218984189617
-115206831477
-177990612745
151246521591
-269027975963
-113648420165
-254175295342
64210456219
108171645317
-88359352888
165558574001
27043816716
-252934550275
112757735137
-105880980548
-162428412305
24621737238
69061985685
15568264921
-46499401174
55621138574
-298481406192
-77499777232
-83804447016
81128396446
-23028316863
76600013278
70041357013
54251811329
-82196069356
153364740091
-94664159475
-43741675156
164838103211
-92384523932
-202719902054
53692151709
-40404913967
72872392449
151126839927
-125144270838
-133114621436
56156766494
-226562924897
112395010919
-210450609702
-90767055548
69051157435
-6514921560
131109737815
-72246097377
-152119907438
-122385276968
-91386559165
-9920357339
-1044631367
-41057511389
-200587681008
-53282637817
-147143714120
-141830854252
172961641348
-232540702135
19200143256
59213783857
170675845082
148475985208
-121333021843
-67767700801
4369224527
107886032874
-145733931167
-272900367844
-102840044537
-92518515584
-143133812582
25581251385
106604963539
63929843970
-2127104283
104468541975
158394201694
-68551204274
-197285704237
36933681852
-2877967270
95486006891
145958056893
126934897607
-143608724176
12001184416
-26077056869
41533339646
37662388593
15313531804
-53763773903
-228155276205
-210431561042
-22799766329
123434670659
-26229442151
-192195041133
63475475276
145171475406
-205185773859
-206802506669
-137983231512
68275852619
31587362487
117978181712
-144275546806
-162207537144
-81068101422
-2025018752
-81246242860
30893154492
76619113168
33596303001
51581555174
-113327158233
112484106760
34681991092
61481312345
-57477918666
164865377325
175186987469
82864108787
11373278644
-100394144017
-103511355156
-158938834436
-33062732405
26351910265
1137982487
-247912446675
-173506064747
2556781768
-141301161535
151653261254
-267850647241
-57910331499
10735965112
-114735578948
-62113664231
197378472357
-98877414343
-186537537845
-207780915996
36369369725
-12868454973
176702383946
74548027384
-34638427925
-210076629985
68743377583
2834676285
-225221963791
3865551846
146528059956
-253708428920
-18875342026
151787747912
17055551832
124534910839
195399964618
81626818560
-179912350049
-184340885573
121549967913
54883697467
157008156481
-96334727835
-129536381569
-199406514752
76906786777
-24325337573
-97281412905
-116059493583
25977383037
-249782706608
183594880724
-70627607213
72895780692
168409179428
9559326495
-80293690019
14135306315
-145737064495
-162233189370
220831047220
-219469187351
-19489819388
-130480814722
18008263528
-152623404868
-102232454930
65738528922
-200199235535
101613844416
149475326419
-17812982013
-133168761861
164974027299
166143116106
-77263533877
79498248870
-11212609747
34081544374
200658183474
162178165470
-189123261338
-127282578171
-82700640836
-41219003203
-115831928967
103822109281
-219682059563
-70295351346
17316528259
32110530297
19289564385
149687229170
-154129816024
86572391073
-171892049551
-58403053217
-41886293517
-170971820274
179904016184
-52528137409
-142213543333
145481911143
159409260709
212887089692
16958573348
48549933113
-1347673804
8359681058
-64257867432
20209593075
11937039322
158367542297
21957881899
17387948279
9352538748
-82977259506
-207208262937
11266571880
-175697696258
-75518814359
7922780192
173056578632
171054212989
182693649154
-61602508473
162190168526
158103427829
-96830981957
-40372743197
-118812895405
21023725676
77443611516
-113804894240
217168236375
-127433861622
-58108822427
-81694909577
-184662900647
53216512670
183389748599
160989053371
170959337955
-76354594218
-48016643846
218911970921
-258833249290
202965223242
-87127463649
-125093436036
48163416290
-84499570605
-9400739692
-145180364587
117370616472
-232162671738
-136218235029
-36097697853
171395447637
-94585762726
-123483924159
64128696611
-25698267813
41756416586
-87472606636
-145316648233
-70895465047
139792417954
9338530227
-5961179773
224915726736
11364391881
-82987374673
-161520759932
47590925788
174761718494
133400137661
192517599077
12096187990
10871116300
-107238705286
36041506545
-303746747844
-17305800146
-256256043766
63531888921
-250330629803
-112638834855
-235710090543
170948195122
52784308064
-25997854434
111938433564
-124592201479
67826482482
427904344
-3446319783
-97376940555
117503946578
-76164307197
-78745770471
163725847044
-28074164864
13233913718
-78291321540
-32928328944
158646547374
-37362770865
27112323550
131714280335
-83040801992
-84712389235
-23728317146
103180245350
77886180721
36066628675
-168945188101
89901532839
144127730487
162485793190
34540702260
15209459883
180973829950
-113711153453
49718441120
-85995222847
65647782698
14615796430
-163103644279
-222725977823
-159657373624
8857604614
108643540178
-34970449362
-203805890666
-77671962017
160386192585
33978138358
-58679289185
-217151271252
32907771940
-147322155883
-118919950125
71346597202
-68799646859
130866008222
-88664481003
18135295668
59333673935
90185133942
-89195999534
116647270924
949804611
200898311395
11338196992
-240076422986
-44627699492
152498690049
-72391865921
-79079078742
56113261903
167186675783
-12219157544
-96109375550
107171813883
134235643053
9992524311
90584896829
17067608021
-79560187791
-27298686397
-114559933367
62382961129
12172140915
44298507840
214219876303
165011244819
47259965954
-214903357648
-100637741633
-78278913728
39861648085
-290054200838
-20318935451
-11915082498
69393764188
-72907684133
-58035120104
-122497804148
-119824234801
-126896298297
-120908760538
31883235486
91287694795
-217561563968
81060443648
-155334406013
-104911196590
-4286564357
-51345913190
40610460424
-254323805121
18987028865
-57852639910
-241798753899
-200672953356
-80299575400
-50257440654
57232402804
65006778964
25996765948
-22844236055
-302446844567
37289318410
178654381906
46255667354
-248378069340
-192117319583
32998226870
-69481602603
207355810538
-182317628656
114593065309
-151874024232
-22050494574
27310974895
9349304194
-106336756221
39198292101
-94627423147
156287176890
66780842052
21306947286
-72771017966
124050145934
66013060448
-147652678911
-282745061009
-279914248585
-162458551770
82702003948
-144827285502
134974677228
-87054748862
-135951180362
-358860274
-45723109202
-285236806633
-124022420039
148938497471
-126268674235
-2794777885
-1006992387
-39779458959
17415504857
56593388051
-100061500636
168518066377
-92824861133
-67219194093
-39886066115
148207369099
-52458680250
75239316205
-34696533370
3854986927
9656082489
-61377978570
-137388401596
9948474381
-230951731971
-89597201011
-122130650350
-62538466074
141651364239
-128405686439
180449921508
27483452075
144851233544
-2555637436
-18018904727
37617559601
23218844841
-79998622824
-69788895335
83124300118
-210053152438
-149377462967
101278043389
41210244397
-23250268625
141124943072
44566038572
-161867796233
-38291974412
-234278200559
168281701906
55459158025
-187510041631
-250762788029
-11600673629
-298205089038
-37285230892
23942020314
-83775992635
198608282406
-6836345370
-22248496846
22203705596
19749006530
158106112118
54347232863
-54554305673
116974790870
41541242087
-73000960103
-43794094616
3454597406
77314773481
-23205291601
-58954745426
-265351352259
66912565453
-91084127350
-100907223635
-210051170046
98978362056
71431236765
-87212492823
-111887035178
-51056216583
-200079204504
156192137952
144163396052
20649561884
33080804204
-259100196942
149108413685
16596255783
-47820741707
-116817995897
-188014695482
51654650879
133864644645
-23357745751
14924300927
-120487380725
-84297363522
-92206900741
169649081495
103675034522
28949284990
-71667078818
39252617304
154572601887
-63179734034
-185288590612
-191811318283
-297695393646
-109642396013
-35068645856
75141220329
-78465773982
-48854336009
209328699504
-138260237081
39631929844
-36218526670
-112068044422
-147887945474
177845291771
172352462041
14271689213
-85091264259
-98679847456
-4511089994
10121217938
48386523913
-85467280354
-145464310656
-50422854386
6997537004
91869486881
-186135494295
167929949971
34739586801
82656114887
107075651881
16803123705
66804056769
-79343639739
24104167906
170974745456
-92243627964
-147403441939
-30104311592
13042101598
-21491002652
157438785631
149712216675
-71289982652
-121418262
-78408579607
190845012873
-137063297802
201706427884
162825256171
-142513918230
-55284741487
-3689089219
38485664739
-22621488429
1792396583
28655918690
-82169568961
-39525347406
-110979492628
-103636857715
-86464330438
-77969076816
-252930898362
121335798074
151395315976
-256761446933
43944908657
76148664179
-264273300713
160571637386
-36022886099
-224709906663
-147750686242
-191463978656
-101615733539
-81658187213
-245972523659
63460993620
-69137762975
-17729693533
170333097640
218337892825
-167012198506
-11607060711
-221974088327
174978462278
-194097740750
-34712392094
37888300433
-230312182774
-39732788387
75014383813
4360354122
-236876041186
45440428582
63389721828
-91610838449
-198582250544
-146769575949
-94065273728
-55208896664
68786380207
-70179283404
-144707595397
-181524782524
63898640133
15652358557
-36090208672
96355975549
16705807055
-131785359037
-168960844069
7898077063
-121827497115
7241313383
-156077792729
-112970216717
-4001131781
-103141969311
11077729828
-9591951658
34890971799
-10384537813
88716370160
157672101493
-145819645455
-178350058975
184999788660
-81947831946
-129049429222
4303254632
47996223461
121932584522
164055381541
-68757748144
153820402003
188072125352
19202240859
120312993469
60248220610
-146615336856
-154710570417
-90828347894
-146695173848
-175423101916
-74238142322
-95332554342
76179690955
-12656857435
19184175193
187326065505
201975054816
-63221046181
-102969731129
167485510894
11934693753
140456774367
-121706459616
69381370145
24898546971
24884027978
74752587014
54388655927
12716896801
17625098392
63622984416
-22932451641
186182200457
-163047071971
100869206237
-49266840389
-161054756961
65265654019
9016169423
136856321947
-142006844174
-95721328091
-114125099009
-113292998803
214000907440
45503712270
-139747047783
8123753235
-52813574691
-3012974740
-120446413219
-200360935373
-97513804456
-207690461040
-21968249482
-195476178195
-207425067874
152861967109
-86372816443
113539557691
62984148348
-74673871314
48850899268
-57034400846
161701231958
-162100227020
156026342667
-266253729160
120001203216
24796167396
-307499439413
20674637333
-179247596359
-66274875307
160499318644
-312849682008
32839463811
-78306488305
-51430298314
-364126849278
93563405834
37089289667
-273962743750
-124369227465
-140714788974
13587757825
-90232293099
77734792805
50389992744
-111922393805
-2360221995
132233818389
26550810781
-46243914395
-154183373178
170464665846
-56080875698
-162943742813
-79495106107
10195611713
15512438123
-27665111754
34542848606
8477232660
-4179377843
9743954851
-266828621855
-4778281875
-21338366209
14116531420
-75262092737
-103291873737
-7535027586
89107663487
5089516885
41899729824
2131730098
-42269730865
-81942317093
-142932287769
-131032544049
-209046752110
40719328352
-49740314395
113043433091
-267213386442
-53180153389
-75832463493
4050611366
-84442894534
86617626904
-229166249368
-121251315737
199329339252
-106587790975
-170404297925
-209205774800
143215282653
-118744270772
-71220880318
65856926126
-148257776505
132344010876
-81597180564
113305077856
-72239703916
23970546570
22505631463
-44847485133
16528642010
-185076933432
153782216488
132575554877
-216868200590
-91136530893
-179994469321
27666095354
80953241329
36770354511
-100980398697
-133082741782
-212833130594
78801082254
203197978611
-42859497052
132257120381
-155550204509
-145227089009
-61423305748
-157911728765
92787845747
66398727348
101175902742
169727550576
-14031139480
162844163036
112651618636
145303850007
-216499733054
-56385406710
-11594896487
-109383746741
-77857639724
17004891206
-6156215087
-134937351801
150178911352
-70185996982
25091199825
-206410376363
215161080651
-123927546047
-268328696649
2259058136
-216436014886
-260184652648
31469684053
-109344296539
-49095439148
-36932236629
80681764819
-86960977322
-106969061836
109570819091
39402656565
-65016924927
-31834832874
-102012373144
-45984517756
-77104118381
43801381852
-208721438680
178644457554
-13733603817
47812593999
-159691592354
31834077669
163299353344
-260622535580
69179879608
2221551740
-222625419048
-78951511718
56451185205
-81896464565
-76187427091
-224991906567
-118616271725
3159587803
30700482246
-11322400015
-265674542311
-234133502654
-54059718996
5802903345
167811623264
83985437063
-20246980304
-76878384207
174004042525
84954964413
52631716346
-116316568706
127578467427
145872591227
-67594068156
-207091831838
-51978583536
-213412618855
-155044355642
114843217313
-103351293292
-35995510035
88841969452
5600512811
-82636381058
47028505176
-93035566778
172257397932
172762973722
-168735187046
-114383382545
-74496121483
-79110734889
-124848510467
-86915860224
143897188903
-68799909316
227055913040
-82877683832
-114350252014
57713222481
-84219415230
-221660935696
-112062990980
-68019615576
202031935391
78892230592
3962972337
12006873231
-80249339228
-123758832441
-115008966564
158957673952
7308461704
54852684230
76528635988
36977410481
-98571776241
145181823828
10269642732
-167818311668
62013867203
102857326355
131712321522
-9895418127
-247618274282
86420466666
-141820722621
6992274551
33867547296
-130814747447
-266534160381
55893879021
-50306796850
21729715503
-113719847551
-82308574194
56433541248
-134838434530
92486815082
-21740377784
-94004086814
-162976913447
198932257503
-104360612108
163020913634
24058362225
-13445888615
71736487705
138838455221
-40064094600
-85810107613
-177771468587
-86557058338
166573081604
30406985613
-168429815308
210980721034
6000663782
74921090172
27974258969
79731626562
-98073468141
9877546818
77949890427
176996242634
85719319850
38654234379
128760766758
48361202820
-6746504587
195247800158
-7803218159
-38373041511
-261999601935
133857391700
-120648005367
13777132783
155615088475
-57033946513
92543295776
6646959815
5264737014
-120734810905
81988008629
80773286156
31902654194
-18519249370
143637391263
59369583924
-192449832768
-53062700487
96748551597
-126129901946
-120291083862
-220391920598
-93527923582
-86487751220
-6304054989
-166523635489
-38595195610
-79155159583
-148083437360
-177739270448
20446587896
-24374485285
143803902358
-69405934332
55962159180
-188038606262
-57540733909
53310297454
-93284761289
-87201441869
-253088330496
-159867242884
-234029596125
52362437365
-217386639800
-64206469206
153188718970
-117156262808
39386261760
10293783586
165721712822
73444254208
-29400288660
98358738258
156364028547
-92808721136
-83006802742
-4568185570
-6674632844
65789893302
166480023940
36206415676
-114614008068
167130191101
103581303308
43464281243
-155266033854
59194746652
-138532638327
-258791026438
145690827204
154282334901
-152920550079
7848859761
148735627415
50281763843
-145859303266
21794817259
-24698920715
191569726004
59858114951
34628163980
-216212376585
1100106934
-254832094846
38389551615
1614147306
-95528864853
-114578125180
-348890933332
-338795453925
-104241889588
21585684155
121023098699
-211768841470
-1848379268
-125907350571
42760280568
-280803415148
-101067298395
149676633894
-108521679714
-92393030191
80304048810
6770926036
168159337962
-267775638748
-50122482911
58002989091
-89419998823
46246124599
-158689311007
-184607495560
-115378908106
-116979133921
-94435007956
-3932415824
39597413073
-6605829670
90027823153
-13526358468
-155562139632
-68631748711
160902177264
-117617986636
-29734374598
-259377947569
-96222917090
195666057751
54023776115
-170826067917
147082849003
15235738872
17177063598
-116763469761
-62547421309
-214258887824
-179630507697
-78327769429
21744734382
-194728703643
-65503358237
79169327377
-146782614247
-17022670596
103795713142
60523980370
-40355516907
-6276896586
-119643199067
180639324439
5121590090
56935092271
16986565110
-10560207851
27325702334
17446451006
211070273354
113489734874
-4340993199
-157809886933
-56731528388
22325791395
-210583863546
-174070758006
-1392054681
-29792965526
9161443842
133173635644
65342801604
-224720461511
212068392844
13939528311
111883205322
67829731236
219020964127
140225212294
77835290206
-95512437400
190078795109
-163446484479
106029792617
-13252381051
86039925947
-71443199491
-14604415313
50100412680
34754736445
33672339151
-54246758435
157190221659
-204741572006
36685922623
57676283120
71657389605
139933064701
7648118726
-155725268565
80365325407
-65488945949
43176481994
-198321955857
86171297840
-37608464178
-14693550553
37181715970
100773741578
-271521912638
25283577774
107701668551
136540920270
183205509080
-8801374994
-116015719101
-18810270590
62779627248
-263678323865
33098932269
120793343918
19898411582
-36531832661
25921187044
30584513908
-97780463870
124646101183
-39944429859
-5904581659
-118581771785
-40511376665
-161081749023
-224890079983
-78207021870
159316768773
23201460085
17850104565
-41845317400
-82284106211
46676723149
144882903336
-97384437627
48006802089
153991865803
155577309775
72240189784
187236646649
-44908193631
-169360817514
54364548731
9114889971
-97015475945
-23472654586
-153169878253
-98902468329
2283263048
11832243130
28177103993
-39561105701
-9341120660
-109898320285
108441550182
-32867407757
167033339888
92495822130
-88883484543
-51661963124
-62508605271
52058328099
42525477063
-71916561304
61989150792
-261919352701
-172329816263
39796579551
-131223151458
59372389214
15986955399
90998086077
74493354361
56994338322
-128192975119
-233481189401
98082457602
-93021422730
-39607319830
31486746710
86560750290
-129794800172
55098959146
18462431623
-85021516265
-245751753191
-156554771019
-243344231579
-201359398233
-149108044130
-124069406693
171473325258
34823205266
203932541127
-2592726370
77486321006
-72595227588
29427567256
67140028683
72549042139
-248554221035
-78171191643
129073691537
101848767054
-170663699878
56308971416
-133868423145
77482985627
87268465257
79176155773
-70880958851
7361405246
-80985582645
-371173317168
16410435250
139350942079
139616186646
-203227866131
-50138449419
-158590970597
-116634640007
34407219597
-231319863241
40671336468
-165144853370
114465983047
-88763834620
-148815188710
126436664263
79940435933
140815305419
19963789541
-107182970156
-102930096619
3267669083
-227314402830
119263061776
-220311062280
18754221789
-42588217444
25699986208
-242383504891
72314198872
-81856756899
74432373596
-217233524170
-150931026214
-9939642793
21725765332
23305484383
27576680605
-81528573737
45097557617
81019191398
-51525165877
-220920623173
-197565841665
-65672331424
107621824423
-18219026067
145180975506
-16153372176
70598390578
-245183948625
-181594352110
98589446101
-270188957417
179109095693
49546486759
-4930968013
-123985378923
27220797264
-260515295862
-92060200972
-147263931379
-244633076726
78302726300
123331808833
-256299903017
-91279969497
-49702318488
-134942039759
-143435656671
-59760095332
-89098604222
114530040645
91103513009
-95546230162
-117359478604
41129904168
-202245618005
144969109065
-157515363068
-144886539901
-245229832679
-82264230244
-237222277118
46545670045
-178826722315
53965238855
-248018647902
-121697517329
-211883072797
-260091182936
20999719356
47044239302
176672944450
108379682825
143819605685
45537158829
-145309848310
-182120533122
-81450518448
-17819909396
79195460736
57457943068
-56883375609
57196809410
19021323587
53292588693
58893211754
75758486782
17686065646
-68857381321
138137971640
-63633890670
154966780918
33386692474
-234523417017
170793785623
-73633731708
-67012764864
47597218409
-77232590619
62203958223
146299465012
-94139661712
-248885160779
152961075790
121384215182
-203465627246
-292900077950
-113272137981
21777862530
4172990375
79246530404
-184928055987
-200487127031
-35230959873
-180746881916
112224036352
-58483867927
-130553593342
81704056647
67363390244
195391307191
77873058098
-113458240481
-134722334132
71753197329
-277093837700
179090739337
141059086431
-137415000467
72492638029
-30735412067
-105249031227
-36348286246
-129542220438
-117806688988
99009961405
-49061802183
109419921320
-111060667133
181150093051
174578603913
-69039575982
159771639339
-9375836606
-151242608935
25062678139
-156422462750
-255618757757
-135046058264
-65268626658
-7484710349
50884785121
71430405684
-98019694117
-55580143762
-9737057725
39355757787
-239247828439
-43890943393
45287140614
-50017604868
-229704394049
-164369264444
-54597858830
33550563442
-110936068533
-148557777251
-182809965519
-52985939702
-73095845592
-108486772894
56149629341
124519976680
-188334051883
-156476069494
-259288073033
64141539534
36157734824
-118575475998
-137050382711
185106310489
159520025216
-17832652363
61728214429
-228747370978
-35831729377
91819402304
-239237684697
48784487814
-271101394879
214028295960
-81886179556
-41777669853
12851799174
-108940871677
-29871653624
173066547844
171975850795
-83966523564
20062676060
-110572033042
31398381940
-22312998753
133323613109
-187086388766
-121978662107
-100271403448
-217553609598
-90252331399
-154402677025
-255581398396
-142163949228
-13770355242
78543280377
20342084898
-97249670704
-199039973166
-53350717261
-148979016294
-86019133677
-70973166966
-28129620495
3746809303
197175720134
-133292620754
-108761150104
-252709887726
-65148361337
-118477490593
-220991777164
-249080053488
-73830155921
59294393055
79769321134
-71385741821
-48851599975
-248269727703
150501257359
77577295093
-129277829335
-214232832968
77161588446
26548387481
-214378255043
-1732210095
-44165648205
-99546016207
-126680329912
-81035398847
-210771539887
166604115560
-241407347280
-82167948441
183276154957
177777959720
94662902852
-9498018719
180968426852
-24195988843
144476483874
-35939999323
-121570465157
114868889636
-184526660889
-126227689735
-14757300223
-111259175032
15277909301
-68601385025
-136466644991
141128755748
18299732399
202687970556
39644250819
-177484083961
149367549567
-8368627526
-250744103468
160011445882
38002313451
-164476659296
42182415445
-51394099878
-154903129835
148276339615
-16828289539
-81539815378
-32952301194
-53016964116
19837909115
165525685937
136662950071
56181685187
-234221551131
-302393087717
33871256390
25770492963
122302106933
-142092245321
-133889224325
44653834053
-262210533530
-139737265734
-202431235743
57186823269
19103598651
-59548686913
-3163616890
-106607647453
-269519321960
-209561840614
-69836031707
-210852362223
-2709086769
46578423412
-92180440250
-256076431093
-76315142214
-202747049149
41629732832
66960582798
-278964076166
-234203502250
-212267963505
101373835892
-270707987543
-135460849023
-234213138148
-66002481444
-126475675819
66891781422
-94908245853
-245630394713
117168669168
-86053440358
-188097764464
-244685310913
22844829891
-8801705549
197506589040
209452266751
21481811760
43890883127
-199380698444
-126903473310
10581781688
157076971279
-230937012006
13529833888
-254309741161
-56065231516
73073706585
215963999854
179058485198
-18451309270
63274957846
198920816263
-163912312025
-158685894743
-221877018463
8796656681
134570970261
176766408595
-123681621156
-94294426110
6975648214
-85912702311
-233929389634
26569306284
-92966033113
-26538783069
164982431600
-268264332761
166888273125
-38290943580
-127717162917
103984841524
26497757902
111187496043
215607809559
-159711436020
213099253092
-265585402760
181374975557
50192236058
-48849936032
-11006431916
85061553544
138526957035
-355527203903
-242726966995
131648556982
-87824717254
86055954376
56366613678
16958573348
-147961334819
-91564605144
-38724487853
18562603378
114915254674
179579543190
46674450353
-65318905468
25383305956
-73185621217
102239226420
-86826157782
-119604957371
-15050659032
58891606332
-265613600159
-39114102664
-150651349869
-63430465182
-46107739162
16619347313
-62021531534
-180161483694
162194843965
101798279018
-217636248061
-237520377180
86656979827
-149090437442
54571035510
-285188666943
206165494222
-105135660339
-252471267443
80811122146
-83174889016
22711945692
156751489732
-116826259701
154806050406
-66540997174
-160643997510
-226677930567
-124266257746
128198471457
125914508649
-86076206382
-87792211726
24389391607
72483917493
-30885260906
-195991928522
98714411739
27542939196
-114612236282
101278043389
220795166828
-111659546735
229461238427
-108289480485
80333072755
48705320927
-166548238900
-18188320119
-223077892040
47053318535
-75925620632
75017226779
-87345379558
166457398336
-241159199057
-97907987981
170577233714
-80404184990
-254502818615
-120030442457
-112110670389
85664390573
-6247668266
6121043357
-28736003192
-103689509297
-254834204193
-129730820394
177898111859
56039640879
-115831984755
40207183353
145489528751
-122095300132
-223683574613
-83471148258
-95598087911
-217575133839
4103047065
144145347212
-87705398692
131674599475
75622302264
78582594560
58159160690
164530475601
63211596862
-156476516320
-155708869899
-64135207242
12634711587
128618559807
-66569109531
201717062569
-80467933202
76882573797
131201009244
-90149956524
-15911715198
34837719361
-126614260110
94109408113
183151470566
-144134003620
142559918622
-21656817578
52006945256
4138045616
716480554
65562937874
140664776032
128413376881
-36931674559
-161616840516
-38907235565
-101319763909
-219128580757
-24555581364
-2934748884
-257818414517
-100865248463
-164550242240
-163625790150
-66968971216
-221603064773
203513506907
70160070936
-7243834060
-116599575800
-181474012623
-202788402113
-107712300175
-89500074596
19063046468
189629921988
-97321829650
-74332146101
-253054321816
-153966548587
-251385857339
-49356768546
-78677106152
178538512320
-100874877288
-139979075060
-80825048022
-221096186636
147564615945
-61297059745
-162410580567
-56800503649
90404315447
162130156778
-57907778766
42072633997
22308145193
58202629835
-99056485772
66774777972
-137367819065
-46835978166
-168270937526
124923577526
-230559165164
-216944788702
-46183271835
129263844284
57219522183
127898308486
7033571181
-79224710300
53187665837
20243411790
-99153197559
-80881782903
-12961351797
20313792525
-129924808679
-14853536670
83420972868
-133208067248
-9112977901
37795641904
-117442209162
-22935856582
-32696527030
129501037771
66235580581
-10527465691
66743984855
139585225971
42894928156
25753536625
27486872524
87232399630
157619108211
-250052927168
-26786297449
53079061871
-31693421707
-17828717851
-41814843539
-132188239761
157029518462
119345800789
9554570156
-16506056323
-173095700424
47327367945
-121035283961
21011626955
89429298743
86048906337
-135548261253
-172560035625
31674247443
-146614697799
-18715924452
146084067704
190293815828
159403872619
-127962510520
-84120616390
136376517324
-106300918374
-168397405104
-225822594647
50192236058
-31115610918
-142696660058
70718574438
178659522178
-100778673413
25517528895
-72928821797
-47205403518
-128952785806
66031915955
-130113522251
-115321313252
-240327682060
-51426029252
-22106683486
79943576710
154465212179
-98155402175
-126908124020
17538588309
5761343218
-119041874982
177726466798
-252253937928
-160285859798
34110160738
-86585168835
-44718585984
124773615510
199356442282
-9113743017
-53994808179
-120540753703
9952846378
187628819242
-20698764648
4382525350
-48571434773
67585895115
-40067303183
-71759410206
123588211330
-83510478104
112800742869
-57938790445
-98445909816
228366400336
-107623422910
-113030542090
-74570150166
48325585221
32439400667
-230547928369
9208035248
142500523606
42486154782
-178548497602
219369647903
-146997494548
147830278127
69708882326
173692460633
21789576619
-54103227356
39132135526
-108031812045
35360350664
854471495
66881069480
-66170552853
-107347312338
183431834507
-21693464609
56877005190
108592796867
-113542033195
-205383290178
-141447097658
-86796103639
-18742169639
43808472745
145000464731
-8415340649
157505930145
24888057708
38037808723
-100962700792
150480110724
-128063466119
164211646506
162826878792
68318286388
81538608764
-211151302793
-81964355146
48100351598
116560418802
-17220287836
164885514391
104081965941
19874677597
-105087241889
188869908807
24152147469
212164191988
41887923826
22477306969
-281506611932
-82169024097
76204474096
75800899975
107404442647
-113092884196
-116026236041
74195049562
-93744989434
-44272113170
-213270725076
-77659199931
-3264502826
-37904240517
-9664210000
89351463280
81438124795
-30371061605
94876899172
124617588838
-919903003
-61466424046
-252670513163
-261812036601
195660022425
-90385618113
-100348674161
912194824
-77432225538
18453145309
25581251385
-145312505338
-96801148311
-24504306998
74461519027
167375314871
-195187323677
15653128925
-83504426897
-75063419210
-71911621452
11308390824
61877668565
-233895561991
190095030739
-18047554333
-65649889389
-250523513202
-89460903582
157307496382
168955163963
113794604201
-116276846486
199866821049
-169253025618
164155340401
-201393319259
-142196767593
24170764504
86462897083
-219937001770
140042085136
42687845067
-139198271716
145208309348
162653638495
89507965481
-31426739518
11407849348
2766368030
-91301988588
113502361009
32848360565
-244009630044
-104444534469
63275007718
-5551672963
33399717005
148515174670
-19102040156
43447216962
67610416557
24351133453
90934291066
-150501869792
-191063388008
-96214421565
-21954321822
44390275855
25692886658
20635681088
-136412120004
-218935193621
15899072612
-93426556852
-122776262941
-121202497459
-14478463215
-91493568295
78892796086
76401712510
92143606658
-147340600300
-201509439825
-94455928671
150474676882
177536638255
29421073677
-146757492350
169916836568
-86871455669
8624940838
-89434258695
8654773489
152895923260
84073129379
144106764252
-93527421600
-67299648431
-150944871905
94608249972
191032867516
-180090013740
55589214149
58007834008
64130212174
64513285763
-24756200539
-249954892845
55441866078
17911181942
-254772359296
-90836494369
48027367918
36178568626
-45202479177
74725917949
178590105813
102657365882
-262236025681
42868213025
-245273569247
56379430203
73665691803
-242197004852
182987806941
-273657930082
159465942050
-38448531513
-68826904071
-151397270123
28077697329
-28697538325
-7261725196
14446471198
-198860046454
76308934656
130477902656
-108630291339
-76385956110
-182678916457
-14155291392
6090929202
-99529134336
89117851165
-192593808442
78488420965
-100961744830
-15064524610
-35129986967
-16733629526
75639854546
181436871221
73800438669
-13964508068
-215410124128
-260089043656
92176890357
106075427321
-82554496857
159033127438
-5148992300
-59604109354
179236398481
57742995851
52189956436
-161511755340
201010216848
-105542094749
-93097483284
143239745486
85771678587
-78384470579
-252782077742
156564982641
-243490716825
111373278161
154932570111
-82863171010
-249826148293
118248349502
-104563609810
135395735611
-100874998242
-87381839776
16400818692
131162151790
73359379516
87864661813
162093781404
-99636005143
-136554446973
62769394574
66809994878
-93498232780
33320227591
-34245983259
159123193226
82633898295
58560050459
134793696772
28362962842
20325348675
-122893298886
70849792866
-60940056591
-152325631715
154474450500
-47425447180
161814540277
21628824546
-125416919178
-36565006145
66247603862
-72781327890
159073206817
170064216706
33317801203
-247423607499
57036228883
-47379221832
-699447791
-223460472199
12022070133
88900044692
-150794483366
-225071439454
-49098606684
-74304660019
54394038143
-9747583938
25714054543
-256359947880
157343175009
200443567654
-80847306077
20139863471
-79981279060
-98439280551
-187608908389
-140121179821
56078333990
166153988595
75147254416
23874948541
228428562270
116619020842
100886420164
-65781513042
-170543787451
-231209802502
184274330
90430696986
202543304481
-6785172748
46291719042
119470704814
131613985008
-324004341774
-88435624887
-58471546184
33235993526
-112928133711
-86176279749
-5277557029
173586610783
-201140824582
169115628198
-126605418876
-88453708604
-115590535386
127008041066
-35324609369
-31974272717
-233627792018
19454329167
199417086673
-15642520176
179570195587
108241189520
114623619069
-113475830089
19602838461
-50535852687
80730359018
79909604310
25035169842
90261425745
-67532141922
-13274074012
-56887670940
199996572688
139410291181
32129839966
-86294987306
101043967443
-116520728738
21500317485
11610116161
168150178312
-128018737198
57751716898
-125186428891
45522578998
198149610576
77224638048
76562107147
163308441722
-79095726185
20777995767
-84876077358
170032955417
87875539451
-201461344115
115071482235
56293873556
27575026207
-202117136293
87880258862
-75172249383
150944318341
-82923918554
208686348328
11449565868
73744005986
72502680540
-272589192632
138371846884
-104401086428
54451241974
-250334817017
83047431950
55890404605
-146176252100
14456809391
3130088860
198044521573
51326278922
189821526119
-144265795263
-53528443061
28560241511
74689249919
186918529669
16249565869
-81295638956
-175105187675
-71925532840
-140537433731
70914217590
146231662099
-51811408158
-5295234141
-62331797292
-66797493584
-62528427667
-58471833300
99898445261
96409947164
-118922092297
-157680843555
163215894513
-80454743601
6967088134
107725376530
16785392759
-388377150446
-88951192760
112740142539
-46838715429
182853835834
6581050563
11587662549
112674173913
-216758954238
-203128114785
-90372050286
9313221331
94393854535
17759218241
67432736791
16767359405
70223126511
8123437354
125949971588
11539956801
-151026743929
-273299003489
-182603661546
-94013907969
-33767309560
-10428014993
10561165772
110713923847
-187135791223
-33361485867
-197798418909
72919676440
-115008742180
22049324690
-70752830054
69932917185
-201628461206
81304221549
170306862102
51164897216
55825489701
74368615631
15295871666
-239198758622
12768526547
-9859480482
-128899809629
-141222786458
-249290544867
-260713465671
58965088257
21838423986
-87451126668
93052283001
40058918758
50470308332
-220087033541
132001971762
-1173341810
-113209365658
-251647985387
60683254090
66951543005
-2975328767
148707532398
-113875417579
11258303719
16697741916
174890254931
-10861759686
-18886152705
-180878121034
73838808817
162287318422
116247379193
-276143206559
197438422744
204041969115
-59474486633
-100235200673
154552875866
-235057436158
-60779189990
-220856865676
-76902172965
-131349218456
-171310911574
146041884984
-102148427459
193927065015
-232418321759
54678019149
-126601122515
164728842911
28366684695
-89336196406
-282020514225
175203787721
-161322844119
-254013169274
-100312224567
75349582602
-11012383197
49522647463
188183466453
46349856140
-301677783981
22750210731
12812331884
-196077430697
-96765879310
-164617893245
157998676292
5135051198
-124211008740
-233833556828
-158537324713
-7867836216
-143102728853
-79800927945
150182036416
14150695320
107622302359
202462854962
29427262170
-38164774140
21100669817
-138693603496
-128175340920
1569918845
-86299571527
62608245493
133889800050
-5532557189
-96247817760
144041262137
-122278648717
-5023932410
-2696573330
-163143925510
161260671555
186841971161
-148114487669
-94267695075
-77786198321
-93877981240
66692319085
-2571332457
20457684237
-85360439611
86735324498
-180823833353
-111665922723
109526953956
-256080833957
29889788906
-383530747
40836496108
170255360863
-118339056770
-52258420528
-5302589539
60604948830
55076887533
178043371665
153598058698
-174236810851
-111013080500
-81145880431
193188207647
72165623755
-135629302348
-54490578929
-110999763709
-249877910682
5854823564
146741670733
-57477480308
135123811274
136488007365
166036454583
-106546226250
-217465602102
-251575621208
142741994646
-10262261923
-41704617299
-87407101353
-18136545422
55457389945
169453047240
-108860064718
-19499647816
-79212520474
-102273319576
-215267486083
6686459313
80361763258
-64620158291
158472841905
-72846236554
37752074653
53109415284
-54972136738
-265281031023
-80265033128
176729764734
34274000488
-134419510970
-115686445633
32542826556
-144636696293
-9609977584
-223198867652
44355689021
-328688558197
-79697704572
-1344119415
54662786460
170611849812
26179777597
57884062460
-199780498614
160301216597
-23891652122
53757157041
66931547499
-121978532131
145777313160
-50829934719
75308653204
143794349040
183225337503
-24509597261
-237531849104
33662909503
-228403044165
85616124815
-48358174913
54679349126
134327143579
93588529
52507716761
162463603269
-148800127631
-131808608257
-119223630873
156309831898
11838739838
54474920040
-110303121694
-133797118212
-73921932018
181213269811
24837686267
-43279015555
-112644621727
-113917926678
-162470171024
51520598022
-1185883408
-51252245895
36662987955
-48469401228
-10301812646
28794632161
118520205085
-114892215490
17920030617
179103959621
92455377747
128286812034
-112595993402
93110600070
-215727380748
-142546163061
53365901361
94120207028
162929795713
-11374463217
-142396554079
174122612702
112206195263
-151761673192
-125405296057
-220388293619
197963104193
-45861623649
-130919387494
55752411701
74840096546
171473325258
151204740008
-76841438676
-42656559169
34756361511
-229531583353
-127362129483
-256488935179
-93003337349
203152729045
-114475177514
-170285129935
-151007508695
-14733883260
169579017256
32492724950
-88262615567
-71203900395
-134515751729
-102307990701
-20100098345
-202787801635
-252120993771
-139844651282
-190992572714
-150874094701
-104523421371
-233981763357
-233673521242
-193521102306
-41108116556
161418543309
182328181170
37534545178
30470888091
-55752990267
46412036801
-62580948693
-72653926812
-111800645818
-1088806806
-189186787425
-199569595545
198249321630
76575166495
-94925140820
78142272692
199305856489
49109920727
-77100005149
-107415632780
-143888999763
-148921376119
-158493505545
-104530207474
-21715027994
-79808847287
197748272123
-191196037269
146693483549
-194508993724
-147224658993
80981357785
33081595151
83624810106
-68361768400
-102942898382
-180615227449
-14480747707
-10483503180
-54186261259
162601948458
218054666037
-200011533448
-97892467536
-63151975267
-79728599741
67506288929
-120807935518
12708584620
84332436721
21370150116
-115682890167
-37477066654
-74001038362
-95640123758
84074213578
121788213878
76439700553
-129974206578
-35311197156
-98449263834
128931103908
79759680740
-32347951462
-84048820931
112481126282
-189422401235
-50723035744
62466805071
-10926201017
-80441569895
-33400500136
-47515003371
-372896739765
-85867668160
-104416549226
191672556725
147410952498
28074527159
10349731315
-8299100115
-150670620736
-103750297945
23048859432
-63531387967
2328647156
-1965853074
-82691756474
-82908887727
39549656328
-155085990708
53053039065
-230140290464
197496495911
163141863788
48310080020
60282548890
164230265285
20800723776
-100447799772
7149739306
-259619228174
-225479645856
65524856878
-79477261442
124605652164
-42287919565
-40319485502
-214893688289
-20491144328
164306973843
-222486854887
-79010380522
6499075768
76876922016
-2207890477
32999637202
-236746915021
17146004103
91840337057
79269924265
30564874972
-188227256599
-3390175728
147469717203
-256873044318
144720595153
-253729550862
-127911902443
-250522925465
-11026064618
67795599576
-39499039342
99027357468
-18761773677
-79355080749
178357275907
-153372852637
189498312545
-223892276136
53630644686
-26422080363
73330172006
67838123080
-17273220569
66633806118
-84195457003
232005645463
-2430517446
113550806601
5114548987
102103198638
-24305250674
116731633777
68511632073
-20924032926
-182277971177
-124058494169
12134997674
104407880826
171217347417
-89372282222
15331167122
-6704498282
-87043757802
19860132124
-60394103416
112227038110
-78895337053
51140455201
-25390136550
-157791295251
-113190874410
-38373532998
-128409685041
41084044356
193383046049
174311090618
20622451592
15335903389
-37626297820
69376932413
114270268332
-109558031620
42045264375
33510949241
-128995714314
80024740363
-203072010236
32809651168
24444734296
170467900297
-109922212424
-146413712111
16663098996
32198924616
-28117425449
97384173547
175127149497
69977010269
35253239886
51623553731
-122337439296
165309203214
88748383808
179496307830
-122684688727
-147484561995
26935034876
-71258960237
75407386471
-8648727158
59554691495
-78735942280
29792867271
66896075744
184898295913
-142642085099
-136673521700
-8172175959
-167950506464
-114526509978
26107818857
19237211393
-208496668761
-12647734976
-173013278375
-107358168791
155049696068
76380127216
15698958275
6990807815
-181652399483
-78213383315
-242089851997
-143453956237
157563250028
57045384226
65538880638
167734789984
-109309147951
62398236153
-2513133849
-83149758453
-91337762964
-165612702925
32577623244
134942809200
78224880576
-96334985041
-49171263637
-242222168704
-112133928276
12901474167
-6283697391
38755381595
-50348823657
27852756010
31279233294
91593547095
37187089745
98592583854
28010613599
16706081799
-104700904333
-291712734510
-74628224087
45318873969
-137860078600
182364486645
27511480097
-106980155916
145270221654
124900538946
-153250298504
-230388816587
-58254427612
-36798716635
-91808963694
-87634280602
-94960279002
-205234229060
60159153104
-150670612603
-81717091745
-11017953772
-48278192353
-80656685248
-129856733169
67293790841
21068323872
-111732772113
-18120977539
67657479188
-74821229069
-71857884384
-110536979628
-122849284935
29563676906
-24799820566
125920693084
-85592733644
-8836927746
-146954458343
-185060142430
-129302075315
106457562633
-36608987358
-215827951188
139621297706
-227542412614
-115516605779
49961465771
56486160804
66170921798
-22776910897
-116482145402
-72479296669
58923150714
-148231229013
32762488386
-149084258831
-279368588736
-231146143609
-258677244605
52135640578
-84738538937
94746380984
34229651205
211323026266
222476532816
-108532995197
-75834756603
-50676036435
-3497356046
101395577256
-261179581088
-188728554294
-63535976974
-33476487090
76024429527
-253360352833
-32202448991
-88016741541
133654328749
166772402873
53114050019
73354513845
171519094754
-167160618807
53657637378
163930537839
-57859903453
-75031966803
-77633363684
16739883530
176383903206
134137848902
17679680965
184425112516
94570214884
-1793576588
-4319555015
18069356698
-219197624256
-249104767121
189143439379
-58462094611
54966872615
-102709529672
66729067374
-143825322855
40324561588
-104392609754
81724033089
-106163671085
25743138900
32447666562
-137602558105
-14206341095
-232601533296
-63413226634
186642978514
49931328957
158292910123
-132235081968
164011852588
-130128362283
-87360411254
-110318612280
-209992692870
96393374033
34994801755
-16239074644
176991237391
-238487058409
-13219473551
-101773331731
-214238655039
67667580445
196824641791
37890264951
172079200071
94208313674
79382845437
4106996300
-115805259176
68760266903
18007922422
-216660954530
-187584061954
-192466388447
-74641591133
132368741710
136849402435
152729327121
-301928810277
190186206221
102872186725
-75430212331
-222948052716
-124937005658
73862268496
-147866699316
54439754109
89927389940
24188114667
106987540616
69653135820
20688029019
8563680059
29773661524
71515639400
55529324146
35547974094
-193549107636
138054820060
-136735024590
-72878056284
-208176216599
190857034130
161274018925
-69680394190
71165963382
164656523758
143628400970
-14896211329
-79388664251
-20666818874
-156129795036
-215248838706
87621731512
73969326966
-95412047854
171944118811
-88563252108
11631690152
27230920072
-21418845707
-35340250103
148357735172
-146128991443
-59069320061
-138317491434
34579795526
-40405824259
79195504221
-56045896259
-83706838102
164890287410
-202836756574
23038921808
37837382745
-195352289936
111306969556
128334593285
6518471748
-3371333235
152236234518
-186803252665
-307117405
-63826609456
-133177786124
36269306906
-84952159329
101286768625
-49263204187
-79854990778
20890642323
163206274283
54372678753
-17712237222
86734472511
69112103625
-213498233756
-18030979102
-117234601889
-243819252235
55608111885
-66144006224
108596721887
-201571030311
-144371821461
-84819655150
-169947194928
38053741435
119940919472
150611289048
66851774583
71914694426
145005592382
196691524120
29305159135
146803746903
-148741729325
34893930015
-78652502911
-193888849109
-217595449219
-243428444151
78759057954
7504020927
-129327242731
-202613837326
8999854760
-83597284121
-146618532015
52098884140
-201010013328
189025401540
-90472408205
-151291558386
-184862869485
-6507561671
22267866740
-85669642217
-94573263244
-109277944731
-96550106284
80973261511
84896390681
22466549784
49248918076
17031872370
-26812096348
-104238605661
175161145355
213220662240
-137642722657
170342944480
9039924839
-198680455047
-130943570090
-29531710596
-202562671367
-67313435325
198238842130
-6041832646
-24576637683
59268433256
77783315726
84376970888
-96313100142
28195129972
-93389579083
163558756196
-253210360681
35999151850
-34420179918
-152743966258
-34901323259
-60575266492
-188764157852
83575488515
-84446330802
-39759056715
21546115200
129197144533
-75424526990
-91961965971
39118733430
14076259435
-244377865471
-147435731791
163279906317
160574212699
-86664354681
-3673401097
72371902789
-143705797424
48227158379
-249758705088
-113099651686
17248335308
169890802237
157550337093
20119641392
73509559926
208580862633
-84535100298
-10884715316
92176890357
182482547649
-197230243169
-36569342413
-106239850217
82300543288
-50387918915
-79884952948
184248122095
-28274020851
44868792854
92626138783
22752256057
-207915474787
-129220318833
-113555760650
-214042852482
172172637833
165628087702
-121026407189
-204221793731
-167941292330
20367396446
-45824935773
157022213844
129238423566
168963169262
-247998506453
82964707752
19333265140
-253804642746
-253277300435
-98750794203
-28058869397
-15582250451
135735845321
-1899859410
-71520503337
113694350323
-104291059440
-245506099080
-42145998486
52697003731
60479467527
-81260560489
196534647366
-143344926874
127665071247
-195740372546
-16595095669
-13810496640
-272077282226
-154613225781
165400032026
-191960177232
-213394195774
147247016268
149806738720
93915624684
-158381704194
60385866346
-199997462969
74287806353
62289967883
28523759494
46974070994
-9634792152
41818899266
56187759831
79960627604
207564719709
-106210992251
169533881961
-131813181789
-91233573422
12219048567
61113355272
22101074696
-24103604603
96272465857
78387591653
-82658694275
-244697526552
82896066807
2030010011
180658175010
42503905830
-93604754672
-70945877433
77207588764
-65262955785
188700455024
163817969656
-157364310969
-31222204490
-238494764330
21069419423
206552571648
-52409354041
19556721429
182682371146
-20132008377
36360287414
-144966298287
-148221671372
65940120435
-26002173697
-2232092050
175102148598
104479062367
37988170363
-88176418252
-89279426690
-2852050271
-50937199848
-145316575998
27859486808
-42715479362
-103300320109
-170696676912
54215641581
97042156178
45828969012
49582122724
9945561135
72097808308
11402941714
-118480692667
-75762424572
36491968608
-142486040976
7375916571
5241848681
-89658561055
-150213910878
42632725944
160030728929
92712392251
94842484321
-18281105130
52075402081
169588217816
172277677591
136526114551
136828985106
-266068953218
100098540849
150022660899
-151153236203
90729855010
19927700918
-58399565804
-151702397130
-1689463849
-107361860733
-10173879828
-30808994892
-87184799808
-99070752566
-1448885457
-137037810206
149752944306
102650465108
-213626124713
171759593234
-140203215860
50135736229
-149553830582
151821204286
19496711485
145204715694
11453741136
-49414808791
7408646151
144365505443
-8635629290
-84035169970
-65503358237
85286448329
54541939339
124318707163
-289254474550
28097982768
156702733466
16682664854
129509789432
60332475675
29120465908
166482015359
163793569295
-62459857708
-276731145415
56660528145
-182887867373
118921645442
88970568677
23402557653
-99077110080
181896155004
-263920678763
-51926075844
-114752867070
120875583675
-277431145262
-58847784637
39318586430
-184080945103
-225727800995
53324372390
155196163236
-248394489373
-32370510420
83470652617
-47527320975
83709684101
-18411391851
183953471086
18147097888
-98294347117
144488466641
-62450501893
-66691995159
-147753432177
30898347257
-53138275695
-212104236138
-6028346080
91097096819
-44914055130
16619991768
23636126196
-95241567006
201157902335
-11768011449
25440038493
-166081261229
-148935430744
-70136537396
-221774958565
172192922377
174617161111
-148229107424
-112162261218
-3291247290
208711704737
-15440432271
-62153145156
204134755235
-170352074547
55053309656
-87199630389
-111931086197
-9232942561
-742373573
2016207051
175386258377
-126052003788
-146845668707
10418358938
-79292370574
193990151586
-238170222
-110481121123
164142758237
-112416923090
-244446472327
5362455298
167102282838
-81824121540
-147103135950
-263854600594
36753551718
-5151864271
81128948467
-59129279703
-64393140233
-183521077931
102796242286
-50421404438
9588453257
20140757249
19248541358
-242657512641
-42238336362
91874861088
192248659299
-141065896725
147443155367
-28987906066
69557729825
33753047116
-225143951418
10135077546
5727750669
-220353390316
89171623113
-101495193735
78643109077
106539755929
-95861939470
156738822479
206740572817
152529408171
174305353994
-201359133861
-20945085960
31145064725
-314608951566
-5942271883
-109458856459
44707676339
185477673751
-136520128755
167381478734
-32239614134
-117485424530
-125546161287
41694329112
162940282400
-215653778698
-92865439568
-60805564568
-8010611588
-110816264961
57821667114
29636598632
66195893535
-216946522525
166254621734
92226942745
-73090960517
-176718737890
136476625233
-2840319056
-59538000656
-88574518495
59458005831
177229570910
-118565972762
160001996910
18015752965
17249604714
-185812868632
34143080452
57245154454
-128090632115
-44161713983
150712695933
45971877423
-183307353473
-57621760903
16722099430
701049877
146431797478
169768890220
-48096319110
138012328139
-201209298057
82837444536
148910234117
67664950131
-101080161662
-97057221252
27140155135
-207150290379
34404892319
-6226411621
-10123909920
180809216134
-186798507687
144856458379
68518437314
-120459171134
-16858408145
-236806195485
-49473218071
-68489246439
37815011079
-87636877827
-106038767910
-117669900505
-230531824183
-3709732755
-119393028225
55866355138
8564068719
-7990969989
-253344801202
83291291806
49446887381
-166895152328
-251600755169
138155363470
-130035392267
81795447537
160182419586
-246090001729
-374626216724
51332497141
-114303735191
-105153948298
49987305266
158877289712
142696573468
-12874870541
76692259733
22600292503
107944639805
-58827215288
164208148122
-85021767106
-179846036438
-14530187938
32990901115
4574982691
-42771678784
164783823736
78769976145
-12966981590
204786099866
-116381925046
111148620289
18491621909
113477343765
-341340241252
-85957121109
18335303611
76701080959
-158578049063
-78080839964
6467373007
-80896180190
-26620694103
49996334017
55204941307
169126232113
-136693634494
159259620475
-19535306896
-13425245549
-183634150637
206026520446
14144615210
-79860164268
-278970907408
-242039924069
57871072867
-74679838384
47865286992
-49030934363
38586379477
-7036707247
173291876864
63706364210
-113842223642
161454276253
-187203855566
-151405927511
-90095816755
36514749834
156164448199
-26197437036
21146650961
-222298959995
-255905083223
-217681590711
-194541040872
31489113430
-260762702855
151623010203
-83199549991
-99154158187
-8948532426
-64917638731
-147792568797
-67729616381
-30064891565
-97729220081
22637399727
-126352384402
-203562121255
163006507444
18576229682
-118731354241
-220433660865
54828000198
-143010886307
70426520776
164211646506
-108768867977
-42352206418
-167748621159
-20735531464
-95018877942
195517970144
10441424672
160445360232
48423721973
-105318519016
16823506090
83901579310
-127192048487
53817090298
-68204360554
-62081776593
-61334682107
-53954179984
-38971501989
30061023273
-208211845475
-117968876488
-217935633732
-159377975688
25116218863
127066584931
-127305939269
81461643349
-245567072685
-198383274069
33563439976
-13216701277
167339837197
-57002350869
-131898558229
23605458408
-250744157518
191668735319
60674886290
80860789067
-6806907133
-69072733
48223851031
210091478571
-208721438680
-231085498622
-173383916148
-148221671372
118188644273
145602701116
-131029471193
172979341559
-5209908381
67895794762
59122475507
-466320306
142982726517
-120689233660
173494333954
-19953089523
73549643334
55222691613
46064604713
-39222183876
175377971908
-8327185312
-141379150517
-2425547926
-114406410015
84396374904
-5012429357
161461573030
64302568286
-36413128196
-151270001675
-122409302888
-137668660120
27128372900
-293152940925
-156270528282
-180979257597
162264726824
180733984181
-143748497644
-64334682154
-47495276622
-258915175164
-102376599233
156355544978
-1643090144
-29725931113
-5349176843
-185168910785
6801808442
165276003716
5812220787
-121427057814
-248275616671
195421624032
67184286985
71659720027
-139103531101
67154602715
-66940311754
25908227880
-293897472266
81237505406
94922131660
-196755778217
37500424095
-75509793874
-87721920828
-69083849183
45469968918
-36153233419
16345080184
-243197476600
150167867220
118406657243
-203504321744
-131882090198
66241993187
-118472372643
-241831813367
-229396174221
75566793485
-61922730795
-110644442935
-8484906948
181728313064
-34896890891
36754003183
79345960357
129796824680
16056673294
-153119236679
79699344404
20584141492
-42202182941
64035516014
69506749101
32741330169
-84831500243
-322315392733
-138599952335
155657450320
-98266763384
98501276696
185962602950
33148817524
-118483270195
-279869496318
-105722424654
-250853944389
-186956053610
-63308652618
-19507098669
49414704962
-196322102295
-103630640700
18731539132
16818578428
49221085544
-113730528520
-125417433847
140032801091
-28131897002
93547440261
4931614912
41529209641
-88213146889
-101886764674
-227571221279
-68017741554
-36693655867
47479498869
-122247957412
37840875987
-103500842968
78558074535
-55123383742
146218330945
82104520253
-282509361456
-109862240647
210976191629
-151256500816
-56206818761
-81511840411
-132387888904
53829663792
11543894329
73175334939
-110372448626
-103820606738
-214904700892
-196079327160
103271838752
73944855987
-17003142393
-9476031945
-101157404667
54577302718
85023892696
-121780672242
21662706875
-56489168702
-22103249285
29791579931
-186192654750
-144232212936
-50935514920
-45680530336
70718574438
46167424754
-56427668263
25681985420
66071500986
70224649041
-68714180434
-105874183840
12669014370
179705575590
-4517249850
-190220357256
165544967315
-141983478712
-22098869543
33598470975
-251843628627
-15542981868
-85419609413
12757859510
-104207578427
-278470279835
-145193934072
-147987541243
-87954640502
-58873173643
4730350862
-127187750081
-93278300914
55977783165
79528077080
109387321182
-49164287332
-20869990142
78827851421
-128658917096
18052273535
33871788130
-20369757073
-222469376677
-63673606600
201341887358
-85109793325
155899352632
195763448737
186445701169
-143467259861
159735933332
-236741357465
-176461278117
-120546240369
36310035674
-216749012152
-30214991000
145202535368
-203395872789
-221805604794
32812019284
-166631915893
52940964252
-36960770897
-7158846648
-128194389629
-3728462470
-87465489183
-93919344414
-1582096022
-51759070154
-147025434038
93792025953
24113127959
87454023859
-81964355146
-53241050846
59632986045
86272447157
39967125581
-87887436115
-194881832422
84867184137
-226507439814
140125018274
-96862137408
-68223271099
35927340269
52252929553
-127817610245
-21845876157
-89012583155
-128411226044
109931949687
-159433572305
89358315291
36155118692
-39957961867
41105124517
76863457252
-257071898281
54573214144
-130612682453
-12191267028
-33458064583
-16724733259
-16377607407
135021343996
-128036020216
2915274712
-97420619035
-183281670498
-133543772713
124249209758
-94291431320
73959970993
-199364303081
-84514497670
4678227982
17159970324
-88695834869
-210052788071
-225789767276
-265370248041
52754533389
-154802424627
-50936331683
93978947597
-117558328157
91066312215
-191195418779
163029686743
56450480009
153279286071
-158694843257
-65185923007
-146457751271
19076119950
125151056828
68318286388
-78765450756
-73057597649
7789177887
-221332833965
14731860307
-72951611126
-121628092946
231726236
4514323321
-82227239131
17238965380
-143733748686
121055566192
-227675701995
90793334413
19658754332
80334278466
161178869575
20373005604
-198400372337
34718197617
83259741943
-57627337205
75521292566
-7075935431
-181388343976
73543035257
-220846729074
-270549883819
174007054663
22062756946
22137456360
-230986434578
-46821101928
81152571341
-6825358359
182269972064
72238484026
-178655412664
100002581916
-91070100569
-95210656000
79288737358
126206320718
-85521957128
118576855285
124887362539
-122249759931
-87154133221
-57037602933
-215819771905
-10277502270
49842918135
116583888611
-103737626700
-187129177157
218599751040
36467657489
-180161841238
-247679062485
-104170933870
152213320776
171107529450
167811955073
33081016166
180079767417
-83397209012
-97347428893
178198810520
-236682507914
-73019541171
-80353789263
-47888355261
-62617090061
-46316800647
-189669469570
-64999081946
58480683411
25790387531
17685289735
-4321224083
-101803004161
216188100045
170751190344
-115186141830
-80016755178
13212373210
39642808178
-87225941942
150267462709
-305201292807
186787420058
56239647473
-261652290656
-109840556585
176185254538
57053071956
97021398052
-251755776091
94007336275
62593256262
84860571522
-148027200195
-238059828207
-80451176924
13119914867
26177938218
71225986228
-32043161724
-10815443550
-91753860123
-38653273282
-204505360540
-67392420658
-250402287312
-4762560607
-198610162190
174697421790
69903035766
155417482838
-211380310385
-155090916488
172479986837
31545503320
67161807133
99095452904
-78168888197
96245553891
130959529502
160426612600
76630551859
-102869870493
-6488267975
-240551791481
-152619236570
163986072394
-185511559070
179377688240
8940362642
22582626945
147580434711
62745465535
-115780704352
-9210021436
-50556545194
-170422912070
-42799058805
-63285997571
52860192989
45831728862
-195035522697
65127264233
-13407933963
60558959988
134887375352
-186626310060
-72867295837
70551746877
-11744821655
-108098544563
35357583211
-110158102918
-120486406823
183433417544
7262813698
23278258055
-6756851333
51864978585
141952205422
-72186807240
-244031623318
33721740262
-114742167300
-94392506431
171125806648
90085973888
-67397298728
-183510139657
57768085067
120174369716
-114601004409
114089996899
-109784064642
-154391924141
-54127893484
181150838683
-177853314216
-189982181623
-146945141160
169714231496
132320144162
214312608979
-99041803426
65943973631
54285204444
-199986999626
-182395484468
-46877578815
-97849013898
-61145562730
181640054647
86522012482
91193057792
123312695145
84767180843
109459517766
7356135614
82613890176
-136369127847
152335893669
-72718273431
-118086033544
142148414176
-161124230292
-204649406085
50905688296
-5615053115
17071550329
75846389619
-186448527217
-145509130382
-247988748891
16849700667
209221911279
12401989779
97435040624
201184870595
-259892944451
-81715568387
156095029758
47535068695
18319734396
170647473347
-191387055248
-230318708012
-95774740893
-211390309515
-125141583739
-124070917406
85028023761
6540098690
-46741192725
168499006986
-137829285754
-144224533634
73463000212
2575882033
-62117996259
-301183659238
17971548950
-38962784336
-83479288718
102764694610
109598689364
-128443654337
6841828927
-105972631132
-187297354943
46367523262
-43556923266
172004095630
-100142518956
47996223461
-89856294482
-97148440816
-250535797162
-30790947428
156211452733
39388975000
44154257022
134797675103
-182485628334
-45198153747
-127429035970
-278044207905
-47822991698
-78303938178
-238486000342
-19548393724
-73795039069
70174070312
-53761689347
69929177417
-141750575258
-64372729185
-83163000432
154801556434
48180712214
-126515087066
153698415344
-165671539451
-77643178421
-118075265922
-117691729454
20562619145
16928182831
41317391464
-10280130969
-414601098989
-96256347745
-211590239302
-80749978470
-52883856473
-46723741949
6515743582
147110617331
38337442870
9432716982
-176083999343
76909520424
-233957403177
13723867173
17139066056
199043307032
-167061742791
90716838298
-59542404067
120208835220
-135353860405
13115562439
60579398266
-7728500108
-55137699927
78445186162
73051280443
4987095595
46875834735
-11476416840
173974357752
-209449497572
-129080469993
-101144522298
-91702348032
51783418100
143568854318
-89295323648
-103344519117
35958536018
-5707636742
-204558157022
18431355445
98113701248
-4643985909
-67475665433
154604091142
-78135578732
145963834360
-85785308455
212093835791
205785248264
24632416331
152001559182
183508594103
73354100250
27230184778
11934276414
91550626934
-22270570495
-12392826029
-33215317989
-48072416933
-176795779365
47113750913
-145136584724
-87890993449
81814174139
-89005628168
-232985394708
-30415878157
-47589263368
-202137453332
-7475374229
20890642323
49806297984
-194633346369
39659815594
-5549776510
40478886903
26927651442
-121080385663
-95411675200
-38510564653
-265593720241
211188618857
-106277606394
159383432235
-77375579825
11029460628
-12405783172
-84309879276
-12678704008
10132264672
32092412715
-135397988408
-171828500081
-201363353602
96409947164
-54159173626
-136560993835
-56748192590
-14804266729
-41635627556
-93883473900
-306718811048
44072522686
29401149937
21221818030
73250011769
-49319259789
118601061567
-208179292188
-54217790270
-11615125521
-33977881506
-3238105489
-133021917659
80749387183
56557944189
-19068906538
-109192033400
106525066229
-99195325749
75267469734
-22110328297
-5967725748
-101573374645
-100273456406
-214825100215
-136467872831
171138310746
-170300224919
20488316498
49775432359
2186394282
-3376524976
-107999103784
121356767053
-8640155948
1764442087
-119707057223
-261505668127
76069648653
144943957781
158070320028
-33935766335
26577309937
-49035965459
158248907045
95137520600
25186534749
-176636874938
-237448676477
56625820334
90625450285
213965210205
-2364428285
-102407328635
81731405188
145543694225
-210452903450
72869493936
-6474349026
122808864155
-116368509911
-236529331955
-183472205784
-118371619638
-82551875572
106286470105
211622527499
11922562588
-87312894859
-22483515696
-82302961524
-223650967314
64940037618
45002960419
-2253158795
57005622759
-153536316332
90904983493
-81132829495
-83535443991
-54479771418
112649165183
31183133052
13214546292
23798928802
-183177995463
188417424217
-90236614177
-77647710113
31942122014
-233618726691
-15417083078
-137151596984
-171485244522
27630781926
-24563251976
-156384531296
-70880811963
-119029591429
-217755037167
61121491918
-47087340609
-206523893804
-73995869298
-59728519747
133375310985
139867067395
-160615822640
10678035817
-68346314812
1804011889
57185663507
-124626917527
-44052118530
158078917344
-134858901495
93020138602
-24140469425
-130794476741
-133623632536
-116134999023
-216799619918
32649304495
-197376494827
-82572856747
-82862724638
-266109896855
29153512723
84426196817
-121323655713
-157453283173
-102950608128
-82188249944
151264708996
-158089643742
-225286158887
1365018124
-266790388027
71708104201
169698780751
-171188131859
-105770452257
-199684600436
-157688006140
70790586748
133681532274
-117904856330
-76743278547
82264775849
-135206077841
191795988343
-144012085668
-100014160832
77285074271
12749814973
58928673245
-197661645829
167736753461
48859448079
-54026030256
50516219421
39748219137
-118361561260
68775418546
-18963236117
18534664363
-31196320652
-136961491919
-265185842945
-161675135405
37217935946
32291141605
96941616163
170504864185
-116581937457
43919199449
102359128553
-25221185091
-76678735222
-151782995592
13975175481
80731423686
-101545702804
172781906859
8823412580
-206897044503
-110673609256
-85626720894
-176913546413
73594364211
-82432651909
79310717507
-90800069786
-70827284258
157369502527
-97704316257
23198872992
-137336833565
-89441952844
-162169114513
9903504933
27882519695
180892584918
-6486049303
75565367236
140103928823
-248408489386
-71247636774
-214814323529
-167481830044
553184134
-167375411406
122808864155
-161016381163
-97302176252
183333415940
-127660251694
-139784955095
73977196066
-66103746334
-56913567987
-220529837053
50129443777
-177491751390
57852526790
134069363207
2568768125
86125127511
136193560663
-53146762614
-656035685
-1904109743
29354625385
-110000505404
77595570168
-104361046902
146115465627
116418468681
42686463307
21716974867
-80187413440
225532825181
-76667489785
121526440386
-184755089303
-22649400
-135331232320
153158591586
-254274756961
66727752271
102647130489
-181456346345
-90255984610
67680246025
-155030506661
-211506511651
81116010231
215559258577
-72068077521
-178475902445
-81544778374
-40877823359
-98210684943
146282433426
76301246022
-256154967249
130731657774
77335388503
-26809299725
-93545031474
126233576738
3612667127
-202075410914
101490649583
-61724314365
-133493229466
77357690036
230889011875
195880130752
-160026422759
-73594665657
-166252811389
-6395792784
32606177265
-117698826407
134295546124
30539533695
-29110683879
26237181488
-54471268880
-86237369183
-263261753427
45054416181
3495831448
-133189801379
175869117201
-103730078883
-25166405976
-265910309046
-186626013362
101248571021
-215489776486
162388417718
91750997605
-53970365102
-82581083137
209425775754
155823565386
111612169931
-52857249156
166063602675
-142540929114
30240644582
75223921842
31827937795
-15144866297
55830317491
-148579223974
-239051511671
6574199680
93672020780
44502344149
133188008421
-267844247577
12773563937
-248896400572
-92720656860
34750798617
127335007044
-97136460317
-189526549013
59846457210
109209690188
165492505055
82931637915
51500532147
225102904266
-21267024616
57398750711
40121436862
146192429784
-141598720463
-37624773162
7419366806
42919679946
155383770879
-122652821560
-117527026555
130623500267
-166573641272
-271524977145
42831831919
49092015209
134049529970
-101865946153
-28863435701
-49848041946
61354213282
-68880877527
71131085568
88830305105
-31709451608
-23553620882
62667444333
39499365379
151034201282
-53221974444
104976698229
-137694393808
-95912283228
111076745759
-86062608350
-253446128672
-26704833778
-73974995201
107541959609
-58879105510
33235993526
58451620807
17290065115
44975953576
215566441335
54739836825
-59496021319
-65260026802
79696807402
41063122510
-103945955807
133806506515
173178853526
11705383258
-23810622479
41537988924
-153747196438
104169746158
51344968338
110188304288
-101634315536
28365951469
-24919375234
28475220805
-26068313726
133081480159
34328845420
24049332058
-11446971221
-105243658205
-121466255486
-130074970591
-20137392291
-77844676081
-11046617718
165197164568
-243818571791
-192678994196
-161301054150
-126462646900
138564630357
-124577344335
40546724605
76509559436
124931941383
-115938245050
180845893451
-156980338418
-98527802612
17327393277
41796622458
-232596164290
65363420276
37245874852
42838650163
128676590974
53849594050
-19667476003
68167046190
-70005881231
-69480669920
-222339019983
52857743827
79213272741
-75754835985
171229951897
64157155269
210658705654
-113167922693
-127461478156
155616049439
7902016911
18527112889
-49062411404
164363115655
61347234458
-27830136207
79789061468
-84504569943
-26130901741
88372668430
18491918991
-155129758061
18431355445
23648010875
-247366837932
21690874440
71359151750
19767283922
51822090124
167508810905
-112740462378
57699544916
-54092879286
167012123963
-32072720315
34929473145
52096278427
-212643117356
89864093477
-55488276056
-86912450675
90724916683
123142971872
-58351964813
-50989654145
-179576158512
-98230064417
110149722964
-223165989120
-81332728829
30984116919
78417493447
21110990416
-135429111285
-95548887640
-121958242412
161243267772
115441294938
-47911061384
72222158495
-87135571797
-163871824675
-75818520298
73383023757
166802806270
127283456855
-88251625435
48915308461
151192318738
-101793018256
145568810435
76260198002
22550260056
34364667164
178917819647
135964956760
-132884927722
-256732312023
-95347105146
-267212008109
-18566738260
62942324186
-53671032195
188121727432
56889380133
-32447645795
159643110680
13042930547
68565791013
-117447243372
52276651714
-128210842156
-99258547782
56264443577
-151581000852
-162253446409
-126222414244
175872782420
171565402858
-112387041219
28092190002
197962830699
5127873526
-79035048542
-241915923331
-275748814380
-88493061292
-59402227871
126723804178
-20450550813
-260034901061
74517652305
-175903866449
-181750566291
-86557735099
12221599543
75136243686
79883712827
63899378374
-22798648664
154129518834
51279383588
19840524753
-159030622108
-7608945449
51302416979
-107396472353
159305410360
67122076485
55397823470
188247486085
-71397033790
10430032158
155409535079
-116057849515
-103556537203
-220822746545
165264273742
-98107883682
139477435430
-74508410643
46912593417
-148054066069
-9655487545
561582067
34125857263
22762118146
-76238676056
107427572965
-46568513525
-60664558753
-78568507840
64153338980
-35344819684
-83735026722
-49195653331
38624325918
-148478923563
209225597390
53882119614
84985143342
-174556711798
21692091130
-10571467531
32078458665
174027655593
-11929233329
-262672217126
183596772420
213858305491
62267933124
-232101064925
102181566287
20772352976
6605126284
-37520969482
83155200018
50390018918
127826298943
-116601635660
-254102862052
15034050908
-108214794033
42292865168
125463045881
153349903731
-103792504898
72259097720
-214042818131
55163486455
-125739664680
-13654796445
-85407582696
-178698743657
44390275855
49145814493
69213702640
-212839254314
-6125470265
-180827540418
-218535340190
-102184032486
-228226389404
72271245455
-200266734798
176573690083
170757953306
126993987092
-184663683259
45444664886
36575773882
60664277048
-134554271014
-15413446663
12308386848
64011780606
66826246783
-77096299844
-85880862834
-54025010471
100882278036
-116294905091
-100786182402
171348216996
-98276527072
14108450650
163619286074
-116264213209
22859681016
-54325446955
6071055811
-213130685387
-84976029238
-78305823678
-91599215324
-91773110407
-59056505559
124385061624
-166247514864
-124939312962
27298565430
-170820707503
175212723713
-95597052390
51224941730
-316122391460
-136832179667
25309280629
62438223824
75486310418
-4830606569
58219145107
146655343166
-121392338857
-153125842478
-228019059816
80210068928
-165114465479
44816963074
36178879410
-109345688300
-158600942206
210854677880
61065041609
28464255553
-267939739790
-108756908962
-65774318205
-84496914590
171790750773
-96647961828
63251087019
50604930359
219985528611
121989052353
19538820978
-7398024000
44208513582
57237748541
-40777911482
161965462805
-149536639253
3487123125
154215993950
-252678023375
31774553985
-279983696006
-114526509978
-190212118401
68803616261
21833560370
-22885513850
210339842690
168869588606
-128290827087
-44002182918
168533822320
51689280984
28324249988
57328298582
77963402985
75032817265
51288161365
-193110301898
-152750092051
-213673536091
-1589989017
-134831098460
-100667078122
71157494820
70867468455
-144896133274
-21695728683
-33262991587
-86329474403
66805379488
99061677706
-45849528134
-2185003255
-4168310570
76993883528
-209803425440
4026450352
-83614552680
158373794341
17388073900
5765052542
-268345420860
132881815824
-132976604054
10722375003
-55362824956
92674512148
-134032332399
111624873856
-27700811337
80459425102
-94386967749
-126727918985
18735730399
-252265146508
112475756591
-68499463153
63977196825
21217832629
-35477131059
-227048273658
-23228044661
-123147898824
203402565964
-78120316095
-164007143680
-140108359035
-13836972338
2125549925
11086997436
39361644214
-103816760737
-195131429885
-18833500210
-253109585646
-41922489324
69428845992
185121394312
-242950146708
84409961235
98993171293
215264552478
75008845816
45923906192
-247585872927
58386743589
53229829696
-78862591855
-40112505624
168980015741
-110472768843
59803363576
-282600478380
-72634033188
-59406793514
173740934203
186286903680
105246560042
-66543476543
-94334272801
32808394219
145871017417
-21078085221
-109993656946
-78152783482
-2570070223
75464273745
155493634702
190173685239
92800730631
14083528959
-184605615724
-6200955159
-49665877349
-254944654781
20052696968
-85147708766
-84020455292
31431857260
151601758442
-120771362221
25136009284
170104857343
12960391656
-156679645760
-96560709439
-12317792052
106319850806
-175164916612
52930055944
151556660193
16720502468
-200117364221
44443389930
-68351696213
33774820756
-79632860087
68869055698
-190396779505
108704442765
-119352423899
118564340247
91603747963
-159139737886
3064971233
-101338335249
-184487859979
-1702687286
-76576832598
92489679178
-138566110360
19276587454
-148892928757
-264487119254
-128818556278
139804610950
-134024325118
105516602695
-80613340260
91148599203
-69797315093
-13636562442
54112769430
-32072526827
39427887686
-40501623385
-54091267151
150136917742
54405347258
177632881658
2616089637
17080182951
155462955214
-147116964598
-278951651683
228516620368
98060371122
26178490768
-127536069055
-42949537878
-90111825725
-195948254019
-105774303387
-83720578957
68721117945
-76380496183
-14602585159
-231695935946
110196322379
-112296259290
210492364828
46135435282
51162949246
-8311494619
-86900867120
18270324789
76183604447
209368661323
-117729122844
-113603487004
137519864079
81790204049
-290860028578
-97590981175
-44609207331
-96465081164
32410328772
85915260346
111285123860
105026133946
10900205625
-224006464543
17310830134
164363381093
-32555879340
-29119811286
39911999559
-90993907929
-164243206483
-121569086689
62332172843
-83108769392
-126967102282
-112073645011
180761406081
80830426863
-82196069356
-247516599713
-19078887002
-143504173688
166873982149
50125131133
99035432702
156174615767
22699395743
84612423585
-45512068461
148517300302
34599776023
-136725385105
-213073473949
139395715484
-140043057003
56781640896
143869519170
-228254837284
32141036228
92572758146
-247128393217
-50319232950
-66642860954
-135877172767
-5312965614
-79492768984
-157421266320
13985404520
145408612057
24876364341
-85426358617
86915253240
-207253195052
29486001882
-128040605241
-223619132460
217875744667
-123952073864
-192775992192
-230283252049
-99310177169
-69529519092
64004579223
25308719694
-208057588283
-30002388258
41392340309
670326209
86516594680
-5654723322
-81257213168
-206653644075
1609238279
-63880543561
-208462562744
72437934406
46494743638
4235767240
-65921777933
-78544574313
169187583066
40898076621
-41831729954
-225830661623
-251419326036
-191257382696
-112832335493
-27115059322
19331881844
-87678614903
-82654605590
165596365847
10467249690
-137326936226
57289737159
132373803862
-118231768257
180910438437
25555800489
-136006360381
201799419506
110352007072
31809408919
103855515117
49723884272
-89489570608
-8600128414
-98653378593
21860334287
-71068127853
-26781513294
-90064882589
-6881910986
-127744030364
129340960155
-124518563888
71445183878
-14404938863
-90521600831
54883697467
110940249094
35704292909
74927231107
-242794911646
177405950895
-58145935839
-88523548617
81406020021
36654726113
31038211482
167712430757
43460866146
-61922126290
209715409885
156702733466
-33487598878
150745053525
-108488522860
13050222809
38943098647
-150647042939
17054325026
-82089972299
126904110614
-209676841366
59172595779
-228526461905
-163524176165
-85384881390
13623718830
108076044195
157752844410
83858978598
-50568171759
93468006747
114280024407
66715506478
212167625307
144313002437
164442447842
-77407524414
129778633222
-256807606110
146159030495
-94822845343
156500009961
-118467717206
112612436292
155439068034
72658124162
-47380991938
-54883184061
-90869480478
106027999976
155401611796
35429898511
-207385079522
-184393920240
-133196217273
-115629902455
154230930371
72259097720
-137009489935
128230187226
82506518252
36957777444
16242862236
145114352276
165632637655
-133480351729
-241069919013
-83315625848
208099896021
42019865136
78019957198
-43374821046
-133141336253
-191393854167
128677314083
-25240106083
121407426736
-221868530275
-262826986697
-67279702734
74723929434
-274913578249
-153570253342
-50141144680
44926295674
52634497107
-41995859582
7183543897
-34807573315
185611633758
52697567205
-239256767531
168822163685
-88337957529
26399861827
691145527
-144735447400
-263780378945
37382952634
55522005774
-107299702922
-7147621300
83125266360
118216222166
17939177888
-70791611373
-125637784737
15670822199
-158750143160
40993045411
-141578181943
-232604341719
-103719622195
-129371202418
-124006310106
-102442265413
-210076055595
34066110183
-102961855564
-5876392245
148762699824
130980750925
-1613612977
-324272727952
65544153435
171151728039
-102381287201
31156988960
18496374079
130999121585
-200268072215
-50157642439
-23982044678
64719233115
74744951981
-94808950151
-143930877745
-76128990728
-60905934037
-149757756783
37271438641
28228460214
41965391590
78404896998
30786217444
-287603716202
50129941702
-74272358410
24789567520
-164709904321
127298255534
-3716893770
12999693433
-127635450152
52625049285
-42975029245
60839040539
-328587289198
-19665134679
-3812128119
-120756269013
-153080130007
-171691310842
-16515785310
-116871655859
-1120577182
-215057279888
19937335602
58438962645
-9568567792
-172582078410
135606594672
68962238413
-21311359442
-30235449592
42426648566
39878677990
-264762026272
7291701061
-126438948876
59053977828
40055613041
-329728496068
167195611381
-149691497158
142441599111
153132046400
4261113100
163761515170
52897062017
42860063087
195569738078
-68156605436
-215319735102
53066324000
-124082150939
174756592329
-235320792550
-9501093367
-214999957653
105112978767
-114844849600
-50638730812
-83545501644
164271939447
-279203138659
-98470609693
5056095127
-191461334796
-117825569101
71716553905
81842691393
90672419189
51934247412
157243213188
-47117559733
-149874716115
-61148809258
-111529032297
-23973026621
-31162325326
-18355096658
-62517883241
-155851535147
58859680490
107198004806
209041534596
-51485164279
60902020209
-108560867904
175717143636
-183231721421
-179599580781
155409852388
22458769417
-114220259801
49519722161
150380075898
-151535637195
-122185528536
156286081830
-97789086689
-120538668432
44286233274
-157745359574
-115837739146
177917499594
-168457757705
-280520583437
-71746489976
85747879318
-37685263840
-171823357414
-237784620726
48998694753
31103979397
128355105788
-101681305258
-219631532253
165195605509
7757373397
166936768741
-91901466921
-159055608211
-11695197182
65024977638
129197960297
-135404361648
7931034130
48393791806
177393008472
7596640267
-93053494030
109946546433
69824428668
-99809187273
138656559823
-96807777303
221596584876
67977668908
25683178873
-5280704493
-57810177410
-44801186491
29097090456
7830842435
178465209492
189822999253
1596894531
86759174552
-64730503146
-139329533386
150109062527
-7612507477
-144102453173
-196533237368
-110437794788
-71076207763
-197591802002
-48284969317
-115530473318
219161085275
-39840672646
-5424749427
133698613865
-4965809743
150251756111
11753014218
147129703625
74888560192
80037313702
87370834969
153046718917
51859105137
-15111558022
133313110202
56628096708
50464921909
-138545697797
-127136951036
-138937448650
197208255265
-178838144598
-236248378737
-93106203839
28162626153
85955423739
154390178336
190605951675
48406952050
79916466503
-223979159712
-121779333330
58577533900
-210744348983
13772977630
43528561910
22593553388
-19108481049
-168438895825
-142327009918
104972022589
-336765318718
-81028879252
80413555008
196793990268
22026481529
-91786926778
123800128113
11138809399
-97021725335
-66465436343
-99891807331
2399754349
-92371401143
103858535765
84792382897
65381302687
73085685960
-203849866646
72444541320
-124451261849
-131016342638
14996286407
-105658096983
2666739755
-42192592749
-111653266897
-90156543190
77869420157
79827530339
218638694187
-114023200119
-225599971212
46383692684
73474728128
-117410137585
211536747955
-215425417218
-33966891019
-89072355746
-77321502503
23206864862
-147575254988
-58013219031
-111799884096
-140047341993
75916385808
-135205874268
-161993969863
103873898
59470299982
-138833228434
67709996939
68319842909
25544123437
-66893121171
-196449058082
149906768791
-123019322099
112911905938
123546247463
-123992475208
-186887930389
-180391202967
161254968584
-23979687416
57138711070
-86868105144
10159006350
89932846636
72678872881
-130425066296
2227513915
-156120822516
-221924162028
163709168270
34397703966
-103067581283
-59443914977
-144710672861
-81571801882
32495669704
221371944279
67596908621
13736616905
-29573656506
63881225891
167319747287
-231987747342
-157121675957
-132913387983
125811304909
9312198354
91974945927
14891957781
-14647916698
-163075110123
81438124795
-123458245813
24901269308
33282608281
-100291221613
-87189181207
-109733585977
-207214478952
-28432430785
-111793486002
-254335585790
-84171419686
56044922686
170949038627
-113790388813
133753160462
100673531151
-56009031845
67380552149
-78904809471
-119209211469
39412145460
-19757091789
-127230491587
-78928540176
-143805298869
-79137032102
-117326983769
98421403483
-70258740367
4369176183
90477634415
214702168883
6456812416
25603253983
-85018537226
108857101152
-90749573633
-112195477027
-209756179059
6837795569
-39819862962
-164697073185
-117619925565
-83345086253
15810055662
-91240644656
-45248434188
147354035148
-15091202431
-120044126430
-108757085315
-92976794866
-42810119707
-113405234039
-145883608931
-137775059957
91097096819
172288908582
68553063564
82408430650
166695955098
-261093097334
-10322934613
91463775647
-17663724667
-155063158198
69419965732
-55577888457
157014572043
70777730316
89066636041
42969813009
-99592942770
-183720307931
-284539142999
-35833258737
62109846261
55487808168
-253889543613
159757623408
-50074788485
-3760996230
-85854095953
28393675537
-184822803486
56438752946
156123352614
70936557445
-141939235085
87374268009
91949800115
151369115886
-52620775848
-82898192787
157385179519
-18887256372
151759268147
101478721528
-67171324265
1901680003
133443222824
-145821305392
-242992100453
-79063507204
-40030996452
-45338525712
74177879840
153807233012
-108367808179
-99836379170
-12458421391
-169211489688
31802508448
20083547427
55906242544
200297070539
130800497517
-160285133091
-157721137059
163889895984
-182145563270
-42553139755
-134345011273
152730500001
-113420241702
228333299847
-113653355809
108782722018
208541585911
-182278868886
193069250826
17352068503
-59340116932
41258618683
-13839279766
-216865668383
-16369096745
40511094699
179704290450
66090348035
108204876641
27625036199
203624076566
-162896057715
-122852487098
-183323280780
-84924561279
151873363683
-101802591007
-101408405197
-18207851259
-111969425643
-137031856529
-64591040169
-282760098478
74806088460
-82351595400
-31249553986
-18795760371
-112906603988
96653077582
-31741579997
-12081606389
-21451414387
143015648683
11741148970
-32951351119
57185663507
-207660932641
53908490804
146409279650
161144481682
-82326524811
-7818513621
-240559272601
-54682788782
-110873103333
163572852339
27868598961
-20230314343
-198953371034
-165851114953
-50612275938
-71156003986
68966989509
18127908916
136792233461
63955905835
-234021076853
-97587946595
126366806321
-176080669807
-274328679575
145311960533
-76870324163
14550701287
105592304276
-70496526924
-204292761730
-78452826709
107419424375
-123787470514
-12131267873
147345545970
55054024289
41296257904
31549840913
-44825632664
-178058056756
-80127602879
23538273368
-51461103895
28184464560
100034898464
178153759305
-114860825470
-120074314764
32837856311
3564781190
50222030256
-113217110766
-200840279613
-81658377130
-213616535760
40973571133
-76074346547
-42203912234
10319127107
-81885785910
37528107621
126208941141
-144161210209
-171100590069
40866051517
-160633418177
102804472599
-136946098432
-283003653488
11857969669
-89898130395
53095751129
-158945192556
141565329518
-39273970655
-111055281285
-102929126623
-31982478523
56169085619
173367384729
356348763
-100812275951
185424715389
172958517561
-82540072865
92099566474
59162606399
35547997853
107868747734
-90254558907
129579016573
214663500497
-79663063367
-88716554447
-11367911564
203142938674
-181223659209
-193625212428
129073691537
162106343410
-111180599846
-114384518023
-264483008154
-266663101479
-86259570935
-231260383547
-197492374504
-274398771322
-123421286027
75490607747
-168915679978
53391458651
-53516126922
-39814575834
88254916595
-263324916712
-162469381640
-66203450917
24954020845
-98485848015
19146852122
73739065503
30248060824
-12820056046
-76058852274
-136738871240
124710941451
167371019344
90434758518
-247988168533
-174659275219
-40112505624
67874078718
-36953988211
-82301917127
-55418663831
-170525209741
-188320754121
-29251489056
86720964293
60772809071
-88195773719
-27160515243
-67565154180
103524198297
95276421025
-88474580918
-127835399870
-89379304293
154545177525
-162705981197
69467622921
-208582941274
-7147621300
18973227987
-153378951073
-15693810448
8712505702
-187273020224
31607249492
-98134531275
-91835497500
-242637593756
114363855641
-167544038758
14290776042
-71671672686
151698640235
-2787219467
-175995476496
78806374696
-247260388112
-207099870110
41917771649
60587669755
49304322904
66756671040
-144527797953
-141253861121
-159174442849
-206344340773
-105893028481
-270849154963
123713765735
-40671763077
16264352478
47429494753
-94729432287
-126091001364
125089693393
25320817366
-106607647453
18750854461
-8151322881
1023033655
159864472142
70327952276
10535200344
-118449934469
-140926307357
-106322279338
-95602346306
19309965721
51562231897
38027760366
-16876422421
-23685664280
-37528848894
58071740094
-76701458224
-48414801761
-238587423569
-197307518201
106742051751
112073072236
141341726612
84693864224
84841662926
-121481200730
-21127272076
-239325120165
75736160581
29331282436
52769195855
-185192535020
183469748047
124401333698
-35600024932
-161968084997
-53549761124
72650893444
-89552717654
138119854883
-109889110544
-97205290493
168508958383
-253058384936
-24374485285
-29217728119
222797139839
74169286920
-240860581428
-81777737828
-39191452691
29354625385
21210762140
10561109315
54273725763
-201079792503
-233408453406
-172756244371
-26629517046
162264375625
-217766430797
126114442150
-107741922802
-131251469578
-121691771557
-49363900909
-105115367590
71227353420
-81550601008
112424233549
166883291151
135708898528
-259001400511
-27177449394
-245537077059
-108379288742
160064429089
-81389936431
-165659883968
-52739955000
-50556545194
-73422925420
18030374078
-227942270284
170984437945
-76169175137
22389338749
-50905245789
-74030393341
-112475939618
-9434295919
-118768924349
-215320495511
-22934948706
59466233361
21264867439
-78577955158
34908399786
-143818388998
-258535603244
16891260224
150558086412
31899175822
53963298268
5187619629
-307556388729
147750415330
-121890447694
12126740374
131997447805
-240312995406
27863772414
-121282979415
-106235751246
-7891575684
-202886425371
5063461170
59601488104
-80468506529
-205648489009
12887564222
-45928643023
60214101725
-7945552717
31131278527
-269099824337
11017077669
-15051183703
-186578468182
-66210782305
-253697328532
160550466827
-168878117617
-15308146766
-58307648430
-100597421761
66753598712
125534697142
178128248611
-42810045253
80952316490
-14321541533
17602133201
-93259371038
-87111046483
27456704150
11993585177
-264698675083
-38037624571
23056702754
166235757636
89619985280
-101399872118
185706898453
-56269351343
-210927752226
-116762969163
-178267214516
11298191575
-42387631498
-128345974357
-104216164961
70840533448
-20177653780
12761601758
-210000679849
-49870852608
-220354868591
-72897776134
-80413067983
34348591994
83226490355
107384388365
-93496615166
-52077852774
-116854481809
38077956369
23550452146
-28634756933
180811061304
-82958120325
-10513041845
-149539723243
57318451202
-45164577476
-208515212671
-183364221167
-105454798901
102388679628
-258500212306
27130922577
-247072500072
16678204426
-4877732529
64625973765
-48700053127
178214343733
4457878285
101798279018
-104563580946
-972543198
110660742040
-189426680595
-181431369
6225253629
-144002058021
-80905972739
-252485128020
-17161657799
22736315526
-44541023886
96793205410
-85765127664
-254059310428
97410293269
75202221171
92385633653
-274546079426
122533248556
15732927684
3075056071
-234941201802
84039595148
-44983072023
99906739114
-104444498852
125223147487
155144925652
46085398766
167834366052
59771665293
-76133950705
100003809918
46090847667
12683997249
-66229932823
29465736241
-8733802805
72391025061
50882230060
41396082490
59450226043
87803611866
-101996666119
39126799033
70742516741
-75253146723
58919487546
133709215380
-97539173726
-44444484063
-102202744922
-170630009059
149806738720
15865341517
-46577250995
-12146614972
36271003481
-4728844237
154282334901
28308495118
111939138954
-41582153507
-3892662298
143189303802
57300793059
177904091896
3677675157
194614623475
231480323671
210824566787
-177712958224
67924135285
-96671722233
-69492491932
4062414748
-45791222560
-77648227258
-5901101898
-5526107614
170471687896
17721500631
161802411418
-237751526697
66826608882
-48174234987
-209561046147
-232964849625
89248502647
40587719497
51715717532
-137485725676
-90825745335
-108147806173
-42414101110
80730101280
59478352751
4850683378
-92527799445
144703736086
19081259761
-118380441015
-179996938869
71898405292
88841742983
-76854567824
-107139030165
-68686331745
-103944097469
135106506534
154859190219
22246516089
-157936053455
192378239530
55682340090
-268179627777
-145033845941
-98325549821
39968940802
-51976006513
-155364709338
-1323965360
19829737336
-72413601814
45359840656
-348687067146
-248000863065
-47047150201
-137863444606
38865429492
-106306692565
-149353088755
23687971538
-25612136627
-4623487134
-13268037015
64672566616
-3101486862
-231064785185
-222524874400
11496056773
-267619554353
55962943153
77718588125
170216792202
-143962038273
-85113541711
119737034829
-21757877917
176887694839
148583277447
-83384702300
-199196329148
-88280484974
68435140034
-84388117476
27969691183
80387498878
-97379484405
-102234898425
-147871377506
22280406987
-279798038949
-28370131284
-271681327009
-226692882538
172835980011
43843874842
-44977550228
-51506524935
113539557691
-43888528870
-119330599401
176702169790
-46410045966
183993973780
82815836758
-108534477024
149486037542
-96648598138
-264838552350
-40978630367
-96525618709
104769570232
-154619761976
169295138884
76042133477
151244535674
64205763817
111245745741
28595994188
-159069569934
59744360454
-166641356578
-48201356572
121878660911
89651343275
30570146336
72187845122
21154540011
-250451272866
190896654877
55795207008
21044790062
90604156916
36064085821
-73549695723
-213516397187
92884804348
178243280076
-244064837074
-171123193546
-48617393421
-67391903708
970816047
-118105499741
-46113711690
106745204303
-52155032859
-241349572060
-40258046942
-110233265980
-52214768948
89068757265
11616131387
75554518639
-111333009558
-117237514654
140000129464
-133676710770
-13935800291
-43360216717
170350605915
-91691436126
4810163053
-60790791334
-207815412108
-58927639024
-147773599641
-49101926257
-19795016269
-159199491089
71946330025
-112295223942
41834250700
73077766203
-252752491411
-12611637646
-71329766839
-68671335261
64024434705
16394555419
-50932478665
-203801048897
49168269030
-11851655931
68243064682
135056142160
-134808786076
-112236307618
-50612275938
-3822625467
-152859524840
217919462026
-11899672329
-118571388379
-5791188834
902855705
-54081260492
-1848879337
-218597186822
162797474570
160765681279
93143704744
-123350792567
7505957021
-163405353722
144681833970
-46851680056
-13392754374
-145749947590
-125549369328
-235603431476
-90018637364
46293391547
-9869198954
-203083333838
-246471976091
152568574905
-135474481051
-83224980149
-155213811162
90744511871
-177882132098
-24128935141
169326038539
57716427886
-6504156766
-157704502418
-227847307370
-289239123006
13698206361
14173396583
-87698712868
23198860906
139893213573
39803108699
-173361035367
-70476529649
-126890970212
-262065803857
-111431688179
-127087598452
-113501809921
74761741016
-90855816308
-299552001605
-40600729372
-97137146440
149872967041
88199675560
71129828373
-92425704740
186790909199
51521652478
12474663894
-97191807244
-125468474797
77007853867
-185958236409
-7269860493
-146586682245
-7416979755
-23069647895
124463632756
118901862747
-83201791852
-20641712647
-32951351119
76493938388
-221048922815
154274197680
41027362560
-33361485867
92353099755
-136926276334
-21221155559
51973147527
-214641280920
-90980410975
131481066615
83421416095
-104317862525
-54362794154
92648629769
29011228284
-96213099885
-112522696221
-12835422659
80039271033
-91507692097
84317193271
-48427141895
-125596470040
-267446592333
-73155605883
47192964639
68639226781
92180230817
-28788765783
11455414827
42799157709
-85885150775
-91197250451
16254316128
-248874804648
-26702004105
19059712192
-17390048228
67354469006
82071302651
-155340531561
47513922229
6569592147
216382129829
144545231894
-55547952561
201729147122
-146775293967
91632450718
78469608950
91856072060
-96718704989
-110883036072
54630314430
-46610518427
-22920612542
-19361910622
-146609794531
-144743083992
-5309603524
-58577433
5293404516
-134427792586
180505516885
118104614119
-120422911228
-120674576180
-11231484711
-75809773493
177770056142
-29508938205
106358991568
-212399934976
-63461497100
8604432789
-123863137654
-238016547897
11325867532
-1268266283
-63774935361
157252061165
-99198522082
78008211590
65623700405
161311361407
17491623285
27879052134
83313441811
-292589864370
-117415029731
-31739949602
7042341713
110579976836
27235825604
42055822842
176148829349
-184708213796
-105680305132
4494271615
-231326906343
-11553341129
32153599314
-93203519003
14202468443
207714524072
-118106459803
67864720790
-159445184157
-256387394535
-141144245953
-122022091306
-4646143286
13510361869
118482519334
-92303945000
189115110433
126248570605
-179493348765
-210314698580
74951453880
28954790582
6427114969
45528193408
-2455390946
61448912394
57291622819
21540112237
-9014238754
-247292429703
-75285613386
74915760592
-123218659257
82419834329
-149754758214
8107121926
190341560041
52256301227
-159348174710
-121320597828
-223670088437
-60859755885
98191143483
65450225792
124524715828
11198049866
-212464363830
5752214246
-127939455993
152071987982
-220382006802
-21999816877
-127932307700
56440898629
41733133389
-263775855771
-45776432802
-37062242997
189301847327
-130800373880
152801295266
128190565804
-164435132383
-43098644091
-105236696517
-113649094171
-173003803617
136993459762
-7064545943
51343261580
79544594167
-6288380998
-74891851327
22005430636
-208789592232
-192312033003
-233752315134
99852031571
19450174124
-96700059509
164055381541
51873559205
211456517352
21755289152
-136045996367
-146999443482
104536771741
86486852630
-65179231071
-171303823693
-19017307881
208248144461
71151077741
38772388362
-70109337142
19530524282
109373284999
63929919310
-220102580363
34300043926
-5508139979
223456414933
-230418085292
-13094776304
58071740094
-154293044250
43072983262
3392151130
40690611541
180267713888
53903804518
-168995357929
-229336650583
42336647620
26714480014
144112065621
206020157628
-233911454033
-75217007960
151747948893
-63843657554
146496486927
8387248766
212451632797
59623354941
164831054192
-116089754821
-160904057981
-27992845159
99029245436
57929897816
-119056525524
-145683204499
-4227766173
57869084583
-137726899943
-178747522567
62076291434
72314198872
112057302459
69912980793
190352918726
-85843052435
-252910513789
159956099212
-33866509959
-262015112973
121053620810
188920192594
83032683124
186182297593
-2791089533
-273660537272
150158439457
149839569731
-274263125756
-142411550097
-85998400468
61274983875
143577006619
119138044443
-154438284229
2743742403
138567369834
-83754307282
87624693859
42500782583
121452970417
-115589738054
-157055582414
-10050755063
36679655983
180876146940
-106999345287
186841971161
-41450136097
-136643376672
-92662498877
109304917515
84971088787
-30805601779
4058539306
39473485138
-227802551040
100102744953
44843087507
-147746477269
19333615644
-245762577803
51197624549
-92979837253
-167846455902
-6759789659
168070369322
67504438679
-47063770312
-29046459077
-154010047544
76697549677
59467570547
-147432227073
-76527857360
-184628821288
-175582695042
42654529207
-79843205667
-182980890482
-128524900467
126370743088
60654055119
59399767532
72458593387
-97512821588
-90732123407
-81490324804
1377809325
-90421906968
162309171602
11659540862
-82508669113
13993056409
61261492079
-192353216407
-197026519737
-149723479891
-86042497006
66019768948
3889534149
-129490001719
-5516205866
21762434928
103152472523
-46480456699
-59660172163
9373149468
214972572455
-152853102410
-8247072966
79419323479
-182831937499
-27523188601
-36834762203
147093227051
-135137197630
14908537117
-123081960776
194498733888
223742888581
85789623500
79799260772
-216875217141
46420139679
127859938534
-217889205982
-223207232252
61761965783
144053087369
-245822099555
167221685232
18230144175
56503628939
-99121328924
104162132791
-228808703315
103650507709
-71355520322
-112294726228
-165947130508
84879391733
156843694353
-107660808311
-160452503486
-253216977444
-252993216968
-101986793466
-129609628536
-105813474719
-64057895004
95102660958
-195986852652
36602102412
78040543449
-39347131679
-160575611037
-31482902037
-37865517253
93859818978
-45457384833
107523889739
67142888402
9809364791
148406106389
156297880324
-157777753727
-265440067838
136743506006
165518336199
-15923044621
-143642260521
-40768331537
25628101541
143618361864
-151653708097
-52614762889
109470516041
178721767448
48341701870
-1816316041
-188376096084
79071110014
-98997470411
59354222371
-9633719826
-105470742185
-3232912644
4004545554
-278059203464
89854979257
-187009407582
-55300593934
15126452483
74298810280
108539028629
112804475679
-109025170218
-63413919115
163453128987
50545669581
-132028069568
3286129899
80274237509
-253246256501
132501437761
99718792347
118066297569
9474674894
-259802777944
73094070511
60331946195
-253525445733
18573348748
94749416327
57402940176
-76135657830
179110178029
-19791064424
19698970891
-153916442354
-99383101686
-24996069964
79650353967
7497867433
-118448486458
65847032873
-83115538374
25421344200
72114835098
69836651209
32916674458
-290954361242
-70621397006
128432026237
-7318572199
-122390850102
99951200946
-150692265148
4157940411
26885360049
-23083463390
-121160524998
109660722794
-122414491243
-80598963895
-116087174242
-133669792502
-78874772867
37782679405
142240215316
-79334370768
10588845979
-42687953551
-18638567598
57334644967
136044625048
-3475107211
170362250540
-48562740345
25652858326
-46302213378
-111530738731
483092226
51881899151
92749435841
-263602787143
73702142313
188226771130
34546127161
62335610331
166539448137
-260775532948
65174100914
128540612711
31620752933
67073262939
-89873494722
17749169134
177674935258
-86327722275
75703700421
-37453154463
25810217886
-20615614851
168560900112
223524820699
74459017240
-12915271542
134149807765
-63484288885
33733228145
-39482376986
151822959891
40489149689
98226211516
-37358229745
36406338372
29152002456
-178823617506
-208626672421
-119056036296
29410427329
90242426945
56431731925
175282328705
-198822564766
-61254670758
45899876567
-62718124366
96912483798
-243261822017
-241816402605
25840165518
-83197890497
-17352096333
-81450906952
35740148393
7336571993
-6500337341
-256309977169
-89248315639
152987803839
119479639176
153718771279
-69854748028
20393012459
18261897381
141312495
-75320455929
-159797413090
-2450460063
212682276927
58210779362
19625703625
15530868635
-148906806723
-79884952948
-12499762483
11832243130
-233743041967
56961265929
67524919755
-17566712707
-207497972179
-120324579366
-222121781369
75421833528
222886836320
-152872015236
22507437382
-262344917077
-66211813206
-264085610215
149074200886
-48196908614
1878532516
63295944317
-169617241605
79497852060
-61755045631
193662860370
-135259562186
-10270768662
23878220488
41935101597
-10109732792
55230170047
159484105479
94347120173
-160328303352
144542930997
-117071725374
-85104833547
-258441496854
-76350078510
39922703337
-138460491057
-36080085795
54777750035
129372163442
-80328711105
154692634528
-126440575415
-190439115774
-10781339900
-17167050994
-65930972263
-17206449563
-236917103415
-248394380613
66026374207
-93567027921
88003737522
66633806118
-43237673297
58428960025
139371047287
1006579561
57698728242
65382297706
-256219988953
-32021943908
5299467485
37713244899
-200136069128
61282098635
-100994336315
149754485913
158787164505
-203736955090
-123004220121
-122940320253
-265585280063
-113901326179
175590398122
93048273183
-115062383671
198547964242
90646431336
-122976703252
76619952130
-78500089963
67948893205
141148589987
103795421679
67645968346
-5479645658
159632977690
-23406553585
58208163322
-351953898266
38234285069
-20662159486
21996890297
111819019907
179651014116
-220573751836
222198511298
-97546748146
-85283568088
-146929125338
80141252797
-51663122011
53671064536
-48047758810
-228969793663
76780821270
172691394550
-114880324824
-79617393349
132622038182
33909281214
182885770949
-126277243679
-208435039218
-75193558394
-190018531406
-84311423756
90780367390
-44885095836
-13677402359
36013173679
175108384057
64312440087
-115679976140
-4124668064
-204968762915
123826456826
33750722685
-155219822384
-60524050802
76086477779
72042396107
71565388549
23708635231
-24747680842
131558544151
-62619509356
35772971340
-132762146892
-50297513080
146150089947
-40086314380
-245632053632
77596248232
77515466014
-229578039266
-40408033024
-118486565206
-106820511453
99286973993
231229916258
-47373948077
-65618915798
26479612212
-83360764615
-79730318075
52763235673
-7072077748
75283064897
-79386740127
-85851300402
-84266024531
-79292796107
-223067414912
-144123553602
182477476882
150329433484
-187590604750
72702893951
-172313456325
-35308832500
-158178594599
-175707327805
72424953007
92961589692
-9692452986
-181421218864
-140011206571
-127331628845
-171641517766
-262573663333
-156950733168
27580208107
14196349140
49180354436
-92329691087
79998250357
-152743288878
-118024755362
37881756750
64551333435
-59471575443
-61743401998
102601931295
57136528446
46758126310
-189973884240
-13694137951
84285559943
14754167610
735057668
38274576132
-149711266020
145659733758
-5925331101
72086437813
-68746795836
-30565735251
-120646740244
-63941395433
-18365559138
-102109566582
-238219971138
98987097421
-94057932349
73831007029
122109352922
-246104022937
85223546869
-3740423422
-79238917750
11809650557
176464636130
62842436076
-291265887141
6079378748
-122769636860
155883193679
82552238805
85997734880
171815348426
8696693948
71222468419
51985513700
16473246973
135442932771
34675552698
-226648065800
-181444097083
-111099055873
-3754351170
-226189859010
-119891578024
-83469220874
-121566555376
-163497541709
57728355997
166550439014
140133739135
146651631905
119856287207
-33341536182
179651146967
20622211908
67394552123
-143202800580
66275712499
-46202269168
-243466352349
27286397024
128471765805
152056020555
-64208327115
52646866698
-90569446756
143495171017
-133187818084
-38565740589
-82910091637
-198853112104
29814804504
-124991678962
66638177706
65559453198
105291025944
20560692835
28608595449
-118251544805
-23458366078
52653845248
12621527674
-100571672528
36754003183
159702954364
-118871531229
-39577385386
-6860775969
83952916191
-34048457215
5452606740
-201488214553
-117026119346
24212814652
-108848033460
-116080333453
114579265491
173005027934
-157178070945
-141166003396
180835833697
34317602199
84277601659
-102802897434
206075811425
84469726272
-125148766072
-83138719574
-245621968524
-250942876047
-78002955464
-234756400769
-127458683817
-121628092946
149084651564
-58878793368
78796284094
-232827470482
-148404925938
-22988956717
93044279045
-79287439556
-7231032920
76396530284
46897025276
191992696534
12719007687
56029475307
56902319668
10028091241
-212112869816
40370893484
-76236097720
-69132002912
45651609196
35361552709
139341944663
114801396903
22914606198
-251891870158
42149290562
206096506084
21141468028
179142012765
-64987407536
-67459663626
200413867820
-149409318656
-111638677962
37642649806
-72680110161
-169434043882
-62504360915
200472590548
34052184974
168719889361
118709857194
-82872257833
-86157119872
169328263270
67606960387
82985944657
-13123475103
-121076510934
-10131383500
-116986964659
85324007932
-21082166493
123188156674
208264433360
69443985877
18951982272
-108660782471
-93551980483
-195175339844
38830472635
-394235411491
62771155096
52861062937
100542722546
82412533395
154907640614
-226866968049
-6973745469
124514607216
-200027849653
26555991661
-141351153264
105759670469
28571558964
-104792365032
-237089275822
-86119341800
47621464063
-196857684872
-164737149916
-212518604014
-79555071134
177148377787
-59111591516
-97338764228
-73373924885
-28449699437
-184021006577
19462481829
50412564393
84292470023
-29913928915
83452649005
117582416418
34614449850
-77930125984
-121159120367
-4778028794
197166026273
174614722686
31729396658
-64390072197
-135648687175
150983263738
143266251674
9777324261
47135671076
-316584496569
147384904656
-110448925701
-118613745314
-7617830027
26714326941
178368759550
-47546067572
156389728177
-39789788055
14750676886
128886540159
65337674433
-67755191963
-142384017111
58116416983
-141800509428
30734304616
162195486970
-185314762282
-80964991772
-16476204625
47667639992
44187016204
-287644646291
91775816413
-58281400942
-247518979797
160071992966
147564615945
93654535131
47754032529
33172608494
39764101897
190191573627
-74789792770
6578197879
208703885578
31505987310
-120410306790
-120390132788
9416313357
-199267585554
116581056694
-77199981040
73840714618
-187552031623
641653803
-199931496869
-7173918510
70264281340
59226685399
-203049852854
-10301812646
-5371179692
-52159467876
-76983041914
-67530165151
186724162315
55740443062
24883022683
-13782569544
-84344162196
128444527292
162345607225
-16747957933
40927312340
11057269425
-54247374481
-131442430101
-237350820909
-113963291939
87396730871
127250292286
-83302606682
149958432198
-177659715732
-48218518928
51041309022
-73498715075
192168818382
177767648201
87184561917
185660796058
68049950270
-66483642628
-195120372163
-140336170339
65418407989
-121735110466
-24911906533
94541342395
47961469487
-215997667896
142664774915
56487045106
-59620693668
13959345921
114922448176
48879086269
35255819760
174228710507
-61711844368
-21685018767
74725957702
-43132017101
-92998166198
-217075652533
-144500145062
39580270907
-243913838507
-78569697065
80478588413
20442976946
166221716808
63732639289
-117602844503
73705958456
-37033494519
142374779968
-111446276771
-250197279302
-249267301885
38708370839
79916049079
153151962074
65284031063
-187416979657
31736251351
-60780741798
29282173096
-5094832402
50001628580
-108567745300
5733152590
-278360448501
-10689844913
-96167945623
-136912004697
165949407083
-67678890743
-237714989938
85387717588
77585355657
-195358413042
2733712460
-157785437051
214001418614
-121447723962
-79730816184
18476716493
-62075940252
-70638090728
-148174869726
15919184240
-215455707123
-285863864436
-188601029858
29016284403
77570103351
-51107070730
-15413590261
-120729971164
-15357707079
-80785577182
27851869493
-41700304551
128597241405
36419337176
73296577813
90713983997
89418778886
-22901151959
189623587962
-78553621086
-138076762924
44740372240
-122608339674
-60274183314
34805635163
100644235240
-40862518225
25053754558
-21233504791
-51963681083
-126789807454
-174800626061
123662836397
-63582316361
56991387148
-24176491528
-127640208811
36601088364
-72547090108
-12433505337
-20412493258
-154760124113
-154529004957
42557198383
-114413328209
68088961949
153681130866
58008833790
222103318162
22818669479
-77705807585
95219656779
53307036101
7889513976
-256907517925
-21133947515
78255744904
-10891969686
-82707084870
-51422051520
-231737986057
62188373634
22998809204
16211625512
-113528016524
-91345727998
-217147229855
36804906143
-2106169385
-90607655440
-31572333652
46252758705
179822294597
-184700418281
16560611163
-145791331905
-93421297451
36005594643
63567732050
36346719903
-4289084338
-30395588780
-55242988754
56274252549
86066675224
-123911127226
-81203907958
132933016994
-119504514720
144757581405
-82434057719
-11450952230
53683367924
-151764128028
-195403378537
-24962598132
173075616341
-300323673697
-201976444539
-166310286553
-6673436661
-217524883175
-6548884243
26085334880
-20788500565
-113965768824
26168555869
-115237376954
-128087048763
-17330300831
-86111271692
-71054732747
120484478355
217362963306
-146451555401
-205525971588
-144941332876
-312323743856
40344308003
213451505925
73356540950
34450334341
-84538533264
-203847307209
22278772194
103375029667
-77922287515
-7945552717
82236030922
-202223389648
-251520550508
139988970693
-203282822132
-98202196333
-100049488875
54484431864
-57633507603
24167293969
-94083579149
-128350535726
110712181680
75064146879
-76694120492
-171916014213
223402877602
-82165747562
23702969941
2907141090
-81735401005
22316024684
-128462149230
86983132497
64227813739
-152030485931
34339620406
-204740976272
155828167466
153450961347
-22772907485
91144999236
45938948296
109162159734
-120900200742
-193571479748
-82513736209
-78973275953
35274887620
9329309393
-250754119151
-139070474657
-3012974740
-103438316109
-143982990367
173151492684
168223888836
-221400720917
-161879263415
165754922614
103311048914
178083849162
-29336260361
-150559191976
12405751554
-69633408165
87508547463
49273611702
-51007803261
86043675669
180639324439
174123823159
-256657874622
34155465716
111021525751
64196221001
63692717317
-53232940980
23476677311
75200191504
-69590974309
-141182299563
131258030258
66535850457
-118840925931
26198753090
28684008638
21865605951
195650725022
-10349835434
-244464065895
14064896985
-51246371165
72657453803
-87311136574
87377123804
40037750584
-125706964369
-229051789232
113514016277
-50018138778
162999161174
72725278002
-70636916506
49398255319
-225988725062
129880166893
-71985675684
144924593990
-10597368770
-139563103494
-250606568602
-314874713729
-34481151957
-105023019877
-52936338119
-58602512742
-161675135405
86497296393
149692967670
-13808396203
-86402822560
-217723483547
6869559717
15500880412
-82340095817
98999896570
45868923010
-18204469655
99616449619
-143520349769
40460014164
1834339688
-171365055629
-30579664731
190160955368
56807103033
27351497913
28545723574
192805934207
155313996181
167238757365
179268647888
-40415894979
-49769125399
132557463363
-82215540104
-171508028154
-264148415018
55142901630
-84927427886
-239309033479
-62933912120
-102614992628
-54175520423
-108835370470
-259428895092
-208819734795
-104713641761
-251750105077
-259561136937
-11048312762
-117242111772
-2436028780
179495897577
-19601111971
-130012465374
-10561339790
3717047523
142085584662
147041602968
-86517314749
-16108548280
25451191103
165418076290
-11228495856
-247861035480
-154909886742
-148889890611
-117087858683
107936168653
-101694711672
51270950133
26729244841
-219521320768
12307013416
37167575657
17592236426
-65927706739
-168383333341
202673771791
-184406638857
32201907749
-24842640517
134104030613
-2023976757
57749043904
-61883106014
82280190956
-30893680858
112596012393
-76158111295
49758519538
139534654300
55464748938
29733536949
-74680085567
172345840881
65338095127
-4572198905
106269340743
35311387020
20735919983
6666035061
128035103370
17232574576
135404366853
-102205038496
89896475544
162426027241
-152426090381
-151714830141
-70241232668
20716679474
42175379881
114049764406
-312232841417
-256910786983
-235254445560
-90683944035
162711157348
-171155364275
136924711156
29108375233
-149754075477
-202807668595
12054170721
-50479144856
-165819401486
79744018743
-33250880213
56043483014
-5511272178
-133321271336
114752014656
-10635612943
-23494950110
-232624321996
-187128140728
32972242392
85314211041
-80492129702
93978947597
-255792524376
166974609484
-164157960222
-76165973447
137814549325
-110394221247
78078914565
45146831152
23705165901
169670625989
37780893664
25294312571
68710944126
93097037374
90637243728
-219038083111
-15315726227
38746384026
-254253164952
82638137618
-40487730875
-110398220345
164192306050
17059829749
-190161878319
-20438627287
-137923156867
-61264621356
56637428294
-146871302516
-42788046437
-248857693401
47348727131
-98316244340
-82125459991
-53408501591
-119891754006
-202258904014
-129895909973
50217368211
-229561964709
-262333758551
-72239521892
38510728025
-216948859317
-38550229544
56974335046
-138096439785
-195414075468
78337056918
26951388404
-141337885850
-42811602436
-41524042551
-77925529023
-84522779501
38717237697
14975622901
-728589459
80125314230
166880322674
-252995172710
-247573670773
-91436270919
-130616591924
131019767195
32467234542
-164868942520
46457234478
167627891707
-71618219677
11115435234
37560770280
-5029096993
-10163795696
-158848359976
18510963475
138546092832
-222685531567
-114950713435
-65496825877
-229558758488
77443048550
-47202427408
-99751869010
-107525504561
-96330274257
-195996894616
-79342310640
-264586640640
141900256313
30161241154
7338391992
162619691918
44516207132
-26101084366
121763154407
42384607138
15864651530
46069737354
-32445805482
38691274671
17827742105
152150538355
-32613423823
9765194221
54905471841
94964678881
128555145773
-90316019004
-16972762640
27424694130
-85127310574
71010178138
124463632756
-119003770704
41163041117
-180320657143
-53760302932
-52599288904
15333353103
-27126516454
123263298531
-201713632206
448844673
43303622936
-3608354328
-148160672140
140690924065
199196629303
-104142164532
-88683436055
-63133227262
-28695721202
-327751047415
-79266031483
51026601773
82082346286
157091434793
3085576673
-102890135777
-61039090976
-105585805582
-26140739295
49702933054
-57815493126
139550412167
21903536946
65579051994
59674861951
4991900459
69583840294
-70782481502
-174774491723
-271938324879
-90146031448
-48126717371
91242053905
-161828001361
95360247510
25499242205
-148434354831
142426476338
-120523775321
-246950551853
-267534741106
-14017146825
55786297127
110803904926
187221952237
-243681221287
82198527187
-120657155153
-20861914821
41860264691
9903504933
162412685768
161862615338
-79829771598
-11727823730
142235807033
-49395079585
32512873490
-110583707309
-255939324407
-88524390677
150820057742
-97267415167
-19801109632
38386928230
-79662088707
-128277275225
-250900404711
-66785355026
-150128564090
-132835709141
111448775939
123290820309
-115261156241
5693512608
-231562012890
-256266865282
53749969624
56983103963
-136235072575
8359681058
-74668886288
205016606369
-108898213399
-53731335280
91912644219
-253797892121
-53847631854
25309959773
45773774416
164281459140
57622766523
197968501875
101828884252
-24881747923
28358879412
107724907755
-133017237371
-90621946682
5288525550
57954323625
196046768120
73702749638
127492730045
-159965693802
-267419475158
-56232827736
-189152829203
103730842776
-56681273035
-122769575592
-175261972138
170064648896
-64308180886
155032494416
-144598196438
143060184090
58492875979
196054783199
80183782504
-32264425892
-6500845334
-80418488307
91485311879
141917432290
-69750255030
-154417551312
84593528461
135984675397
26226734376
-119153758345
96029954800
28950589181
-107446369278
193395543759
-174751118668
-120975245568
18194415569
-183469698212
-86675633848
-78387444747
-112884528214
8821193535
34536184934
-41027463030
-153778498920
18817602307
-49476906835
-113486231389
148976448258
-244360317821
220436628083
-148849236197
-20638494731
33029190351
58813919018
-2530918075
-50918366284
-28860952866
185791146938
110257559831
73595236215
133003467934
26586138170
-67908325848
14873643610
58023995094
212223872585
-136251556208
145564089628
-273059354336
29268440981
-6553740447
35744516891
-1149075875
186739882355
97440527350
-127604920315
7179324901
109272006074
-235323294581
61073720286
23331281542
83152611242
229365767805
34381892011
151076759936
-55255028488
-201508203210
-13370465595
-174304675722
160365954689
-161567703112
146548258562
-174401797562
3562686358
133514412203
-99049162434
175935580641
210273745463
-79675550534
68090085366
-61336215717
-77229784605
-145493473114
38258835057
-107575661962
-24603604195
-80336592707
169015836637
147733247871
-97282969553
67582127847
2379331807
136519084106
24997381247
154699851344
-199370261688
-3689330367
-221925384666
-100787434763
-37346693871
34560897825
42716757815
134631807157
21499430012
27371483527
-20385789380
-223869361956
-16930376758
-125949357246
-58081842968
-46732014236
-157502735162
83566648263
-7301009515
28488258553
145711143613
-154390524436
-198907326257
-261711354406
134950157105
-192429112320
90934048890
74272719619
96336036466
-135487109434
79199712647
17990195188
22251489090
-107876181905
11089791066
-70190507456
162708748531
180639324439
50885166783
-151650378257
58027765444
-198274763782
-211450067406
-110097659499
-277481245915
-92671659747
73960225349
141974304567
-36324950926
102080749339
22250565159
52560331290
-21886003907
126596954043
-127408226236
45473566666
-184342513344
-113644067412
-68437030082
-242593071289
-159091978185
-46240591481
-49223998164
-187366080844
47937589995
149082950419
-210004922727
109540250904
55529324146
-196649864281
-246140202761
-70606408057
-69662838643
-113561600185
19485753600
-109708294575
-152720653080
-234482639495
-88364478271
-11224574720
-57373216491
145639347774
-107665784892
170448836702
80616357434
164491722865
-119539704015
63451395229
92715612849
-85952762219
39932907324
-220757168417
-47852643229
-266331611471
-117577700392
75156492510
-128334695412
22959389884
-27174898459
-220754479874
-226239203239
139642507745
-114256271669
59443387965
79974780063
-6209894191
167927697817
24573105260
-59511373603
-79159954825
55802096584
-141837836689
96489139543
67734872161
35125765801
82108873678
-111685918927
-137543521643
-67370039264
40513831421
-116277621326
-142679280022
-139063639399
213972823428
74145021489
158265740002
-80425900191
-106997215144
-56404981457
76266926988
142270683439
169728013662
-232254189705
98842563698
9315307843
123830638149
-27884152963
-73945779555
-11424092144
167787353990
47078877647
-238413199710
-274916105076
67479991815
73494221565
-128308548275
-79731708579
-77517110543
-81434611232
-65481422856
-16908489030
-199974949582
-79606857906
-11717516439
-146466756000
26870816025
87856946027
213694407944
-43042788627
100115886109
-231774424341
-84063344407
23651757361
78831910543
86075975291
-112406284762
-14108821498
29354269651
144620197395
-125092392001
-143790991970
97983394789
74581140101
149887014846
-259409250122
-5160578850
-61827954017
-63304431671
152123210637
67426899411
198543627321
66709154119
66730281236
30242096499
-102651538639
-140368211352
165080239476
-83501340035
192594436829
-93600209362
-5326726056
63398032799
-93408307850
5749733971
-27498788606
-19385498534
-52299752559
-84494231099
34555371992
53442280849
18373821592
-69165981665
-174099532322
146088407948
84375904909
-187631258485
14275725143
63881225891
-21958846421
-37161935319
-5074201148
80203511088
32556894359
-256374185552
1203358069
-128617160789
62042987539
57746460523
-78046510175
165973090354
145568810435
33611678986
212736414717
62367963970
-80119714786
-73528245470
175917769155
-206777479092
80971039432
-128479292339
8343882191
173565153898
140513725394
-73807303924
-152621501932
-114322692164
39534204
-247618215305
-185350903023
180565469688
-142122817693
-138884512241
-120271256165
59436976485
60289633104
-184242301997
178417778989
153080288367
-110658486093
-174586698715
-177305083506
155350070351
-34658709312
-251098177747
-167969344032
-93553040968
78541868117
6552861025
-25777668243
-54287695157
108856225357
-50375779227
-109024419898
-73071374676
153208427897
130475479348
-231910428137
-53117148044
-266132560219
70383326550
-35554329209
220872412802
113638219708
-73300337167
-151305936094
-69566133957
162011160395
-72908408301
-89812652946
224618242055
-26296656563
-43307756523
51934247412
-209852092711
156385476915
73098716459
-122591614566
65768951872
82756048620
62453210348
-150125932826
159986050459
-143454226709
-51685324143
-88364366290
-91812065159
150341483601
-88615098474
-155561628014
77686685213
-214568436735
112354005274
76719988508
-27701179041
115585496318
-141610616151
-123466854084
-123470870436
-79976466175
-20082854500
-261311010251
-80030120547
154546468128
-144877124427
-209075318619
34626211679
-191516352208
103904976910
-81589599161
-13314478926
138564957703
24040464239
37740200281
37752289735
-110674209482
42045753346
4627494261
-218613729155
-169404951897
-247335468489
46152280234
51898564386
53285317327
-173971436501
-548678172
-21191776007
143375052038
-104623562971
-49619038613
45855992353
-116407805219
48029537781
41497899899
-43069501176
182841943983
-46998336811
-241763857286
-7064545943
104457959779
160379507857
-7865302154
-106766677661
-29597708673
83362416628
96293108980
-17239845145
-170980986813
-159561663191
187281890724
-141632932103
49033251542
-213044594154
-80538739262
198735873417
-97120742766
-120154105834
-107491721336
-208229872479
128471765805
41321178436
54260595685
-93494372902
-156325739283
12023780986
-235365648477
-125917425162
141944469672
-90551675841
210175220115
4444632869
144017211816
134847239321
61824223688
-3543991963
-80433757181
176981709188
-10100133633
-33918819280
19186788042
-46680896365
45620924460
-295534026538
232229021989
-296046346873
-121116943120
54318992628
-124601519651
4793239257
18928191698
-1838434265
-201756507480
-121330902915
22161986989
-21148198211
-101551690667
-124124325959
147881586795
-102171175846
45152884348
10128342347
65261223593
-58081962044
178661514538
-89632495654
-96672831193
164042089775
-31345396792
60917288101
26503501430
-21531036706
157352170883
-20348723086
-121202943179
-135553199330
5336837790
-98381759180
91414926136
9993474928
-62319596686
-211454696159
-37300679121
-84955072498
170095488154
-288890584305
33580283611
-185652465965
-86447116457
-96617338816
44130912782
216625628389
-91085135560
65554517192
20449567250
34745479470
-85740920854
-117247037681
103772515880
83913961591
-147925633290
-92766203247
171201430115
161538687134
152342429076
22368957359
186844721436
68052294703
-87335845531
18067034268
-57363837714
-227884830577
58768019952
-37174033522
75195686138
-10045088878
-15663347236
-1935245285
-192349602853
-119725521285
56790078899
145592993219
8858477617
59335849747
-40381291255
-398899988663
-199261116510
43493862322
91847853613
17340432865
71256918409
19705550123
-81851757409
48972916903
159401941328
20475768775
167008321585
68679201276
-58166854237
11182576547
37987059716
15239795751
-185637696329
43571955977
157932243480
74139660639
-87855862300
-215727698151
82748470270
-46930357082
-101740330701
35125319352
11811146076
2157204125
-227637856964
-20902182997
-16447723301
-58018165033
-11987788498
-21631611396
-90905935920
-120536312386
-64417704763
-81363539486
138526957035
101501546161
78839068411
-165897472432
-214928318378
138889112527
-164676135905
-9725745015
54482763921
-45745311181
191887446762
-369317025768
69949571406
-165918395191
-134379125207
-77010404393
79335849007
-75453860252
160004846430
-218735760834
161763979347
-125936182704
85642481955
-92256085848
178515758294
-142112994438
-116137351254
-57363735383
48260028223
103014472635
-234502665042
-254458929983
125235990102
-18795760371
124466952383
-230113861965
210187292719
157621752574
-71432188401
55659410657
-50955730866
-258232093145
-25876845196
190558644667
144724352913
-101132433107
-274971841404
169367949989
-271832647536
15456253241
74737178984
-18550076793
-123342738789
-36902379774
-80170139820
-256972233990
-80429349242
140541280216
6266571889
136285733430
-135383427123
49795518888
26810940974
-57448174759
-53421584363
1954329566
24385292106
-133401301607
38199657609
16227861924
54724289542
-117896963519
144674343256
-85314754566
41960181536
-12237368356
35297324125
6554108187
-211529453118
-131657478599
-161080382179
-4281513888
-26533138385
16316343398
-64617321895
-171020296989
-178236632128
-54821401604
-251672723940
-120483259959
50573220913
-234721082316
44467918977
28596748785
28880360123
-34614765444
17019104384
-109286076924
-14868582399
22102682953
-212180725710
-106076902437
87248407253
-254520950974
47040040358
6342054558
46956967168
161431297232
26869848520
13019400198
184089782485
-52896260452
146454631633
40600553807
157082316971
93020580553
68913874753
1649316760
111785298118
-209371866071
-89445203267
147445044796
-218487358206
37974627778
18021617950
49230938124
41411240285
-98609794135
85490780760
-83838215388
-84274286776
188828242035
123709681405
-194942829170
87623870891
85290154030
-15200611879
45395352192
64631861688
-66461608927
139946399512
-227240631598
66158814688
-108786013024
-154686783164
168899998628
-5069368388
72119327271
3279687226
175734401844
-39560008194
-95493174133
146074346590
-74679876794
150399084025
173144517538
-12829622346
-70055408905
-213504078728
67716255726
-198759942921
-108523621932
-39731766277
50161994870
-81699442014
7272656844
82590839550
-188614298821
173889463911
52982901802
38913437747
-39732788387
30704278493
78944645343
210917436154
-238945411651
-51443173718
4480633233
-125997584973
-63573162803
43975801613
-35155627004
157076971279
-166333931343
179110277112
32266578974
8461873958
-93650995010
-35187160420
-77348079989
-179129951869
-50707015193
-122009104905
-129924816141
213233480117
-5462543296
-21488237327
87652950181
-221268277183
55397417202
-109311355508
-15322838680
-134993507644
-90015257233
-95112046381
354586028
154654313001
-60988885492
43209963063
77284725230
186608132625
3137189154
142788192144
-14512107705
54277887666
198802823045
154438130878
70976818763
-36732225908
124453528403
6402358168
7277701121
128064200108
161150015877
-110408944079
-90347254273
33315817561
-20446035465
29106226512
-257055943349
141273282497
-116811232147
-84939877900
177117514000
-210094426268
-8001481520
-205605407717
31979127763
-201367303415
158084928498
56262916294
83437406712
-176379033820
-115533799340
21898518248
-56846919451
-37481316080
-16435157352
-115278354829
-3396973694
-73609146790
-173318715549
143991118424
57385326574
75368634787
-159537479158
-79934642863
-21967514142
39576148704
27755388481
-81318718511
109147850676
-99082594511
59578977709
169679855848
-72050964941
-39366464633
92409956370
-198343604864
22741552890
-59388884622
-7057027285
32124723642
-141468872510
-12601210090
67527953803
-48593096416
-121539689859
68608246543
-49919664479
209166012204
120109482687
-47860703481
28960663305
-106845587272
-75087728845
172795340969
82917296046
39470979091
175717143636
10108511883
36565108380
63415293723
-49614555326
145069881884
103155554705
-159170918738
-62406818393
12832766049
-30720962724
-41408807052
-95412047854
-89189721805
-123534270133
-135628173258
-307023150637
-180773406837
-108743515879
-192187124511
-87427922413
52430414277
-225191092668
-242245850640
115419503361
-130391637333
198953216721
-23255437109
80903181402
-153909188828
-247072500072
-29113513230
-116029870572
72342373184
162512503271
-87394958195
160228680901
10658077724
-18529225212
-118081634363
180028416690
141846438087
-3115876255
-86639648900
-162156896493
88625541738
-226357828754
-213034163375
93745471788
-131682148892
-39075871416
23003026342
32577623244
-81261784741
-43643859900
-85816746139
-87813307906
55896373399
45137678252
-123842701116
174284999003
33225497252
-176611303465
-128174315913
109459517766
-12574199451
82759771379
-76714732517
-112372306916
-60872722359
60345976948
52786706624
-158087529126
-84039967428
-102201352575
-118695964429
63083712523
-75904617437
-229405851483
-15525004769
-126961923888
-76096478432
52758985630
-104284910838
161954090975
161312146361
160108803652
86572391073
8523524348
-54958284234
25440883943
-221085516415
23013895651
-91189624528
209601788214
-83165340270
-50718358638
115619517767
101616185862
-107061348287
-44203525537
62483827182
59674861951
185722918073
64698891806
-123012317241
139795904215
-133229453717
30137654065
9834637564
88427927142
-17900836352
-138811262694
113206661146
68273173862
-146124011045
156630855224
163804777313
13851378143
55960992049
54425126606
162088999822
-238639130455
-227836604303
-138506324922
152894300227
43733037153
151668106465
-75150717698
-82517948216
51220777406
160629306839
-227167804124
155807211266
-83960341240
-1754516008
66843645846
107343757903
-63758343250
90731316722
16398356310
62645381564
-97030634829
86775614175
-144394340929
-197634967596
-76512291529
-243081015544
54346704785
106053515043
49196110268
-154802149111
9163518305
-171051484820
89212209807
-118169989199
-241236136326
-231522469510
145597573665
108676524084
223687537555
74842388725
152118975308
32379633728
60962918786
45825771679
172339352049
-248579537949
14253867953
-38822283297
-285910682942
197747437206
-234570626240
-104843649760
17672745533
39370398444
22251489090
-243477707102
54832098233
-68166835452
-19485378236
-29464304981
-215037119813
7192842087
13337777812
-89148039013
-24696967653
-258728420945
62338406952
14097712682
151364895642
-109531814602
-245197448572
-143721486228
37155861560
36175093927
41653286444
131299245815
-100280860185
-134206471407
-201620798813
144511218861
-1091414931
-117123142269
89598808688
52024026701
139170178040
190659392823
-34447877452
-135128903610
89520043898
-14004112558
52770267797
171691949625
-73461305728
-253809689342
20160904329
52399160245
-64209330305
90889004725
67317361288
47199383016
-90268497059
15497725279
-95554498001
-286205969248
-106479763094
90113280806
16386033659
73335936785
-275047913174
-99827233799
75478892743
-230154378198
24871110825
-14600939584
59797039929
-269092117808
-87676971783
214411466660
-91098702861
23745322649
-22791012364
-228237138740
65661278860
-225307224714
-222597280026
80387513318
-30950264359
-304467041432
-175095508837
-27882370445
177968288723
-87532100885
70407285005
-35747877061
-80771480785
-129449215044
-32209356819
476589120
-155869697189
-159191181990
-98032054328
12265929556
159395734614
76151606470
-181131997411
-116708160521
34311460490
-21258366422
74165514512
39825727366
-98878488403
144967491861
-150328546870
124435284497
114130308153
40150423433
144574186213
-120949685401
-190129871860
165588328633
51781949467
-146527734519
195788928401
-267876831285
-87056671376
-144825560397
44211479598
164531716330
57480594046
-56454702502
156553694033
2363433279
55303226545
-141460315138
210296246318
-195979350611
17877869227
-112641953413
-228224638607
-75842530077
-136110820742
-100432228007
142168248079
172651758805
-176850468579
81612432373
-6430465100
175857612554
-90113197241
-148561891928
-10050106226
10651262481
96110428491
-146255618028
-67402980645
191075322894
-180285305632
8426120977
149172995623
-59282841254
-62309585931
-34160672747
101586169870
-123645250827
-20787390981
-33042783086
-65867682965
62100019643
-83024481792
-6845192756
-5131354581
-255809426130
30700322462
9678907787
-261815708965
-113756177960
66041419927
-141791353101
-59354723584
-89575812115
-80052793368
51981161905
-115886298434
38215972204
42830852003
191730902366
136403781280
24097963068
-181121245807
-84879616133
153928681942
-122896752644
67463787978
-27655809517
14009058232
-80707971031
-186684718786
150693445729
-267109302732
-157057314742
45180610148
-4842920338
24223768823
-42163069632
151396289687
56457971762
-62311993916
-135955255710
-222705409948
-86616801210
-160988764811
-15202936271
-31739949602
15454505319
-98479317946
53228885789
51767791166
62936637078
-275435300434
-104626560056
-60973551470
172241742933
-12284646639
-44774233341
132363244546
-278039961851
94000684500
5545048516
78389354289
25921956336
-40981092046
-59628452122
-249132232911
-97778241828
-121549472275
-95544328353
9801653684
-18005278359
-324561894372
-176649922709
15247755752
-176089432093
-205474018362
56106488716
-162989330211
39405967265
-77500789530
22492534802
-201246665015
-112742660403
-12340708987
-141486944942
-284842012374
89910898680
145202535368
9408867005
-38670415839
27929717966
-228667237630
-25576185279
-216898027285
138779428251
-38116795175
115263622923
19700429613
-108913873699
-89938142753
18603213986
107581752254
49214633237
191400639591
-129477230991
64832500601
-92183623207
-126214857739
-6810056467
-90101554785
-36560940851
92386224230
153667002112
98714411739
-128270581952
-91588668262
-146350180857
52432574311
29290847386
-172563492754
21073458477
37895473884
-25704750610
47900966524
-86426468923
114188207499
43989927913
41592516245
81881738492
86454077611
98404922234
72098694904
38927078082
-7345750434
65916917806
-266385584751
198619787962
-121535086818
-147825148740
56260603050
-86143842166
-47082858757
-47666568336
30186866542
-30536591218
61918073095
-79362722319
-131121480419
56802657440
-167793926722
581756802
177004005019
-27373777787
-74187523848
167960273228
-285083711391
134401768853
207055909573
-168335616822
-77677572199
54729930817
38813650836
14507345988
215202126895
52302624785
-193626013007
48576469912
90509491121
52984481790
147027789378
-101360943824
-11310947747
10506858685
-126920051607
65835637048
125940798579
-110768720402
18401782967
146554897280
-20403592957
3836322291
-103506340185
149972372663
-102496656162
-139652797679
-80354053962
-87595784919
-132714655840
65523898357
-229855367033
129199306221
-151930865756
-2895461378
-131040459453
-248949437789
-113744050011
181480554351
-138954047384
-190880968460
162860528473
-31550665621
-24037573409
144435380681
59395621211
-84952195156
-311465258451
-75085060009
155782907744
89201617377
7659677362
-86966300090
-111953081381
-269057193340
80428796800
-184591923789
80989680134
-191960029572
-142941361757
-49940508844
-255790997258
178738643339
-85749775504
173167819098
87503048526
-189435339346
-102055106668
10539854920
-78549428781
-91618642939
-98723841022
-219380224215
34569562198
-81795862252
-151659396080
54608871918
-128047776801
-55605147077
65141970562
-73135525061
55773942117
161270328295
-223341832572
-271170412014
-187636301152
-214630278483
-124157874480
5719076426
169385762425
6548706341
-72727757440
-141530412125
-130474443513
-111278180531
79653088681
15043263993
79509723803
-148258419839
-61339733321
-127874240167
19002840512
61564954593
-82693454062
-144294632417
23076468294
-255431915559
-9506211648
90741210642
18345220266
-170856586516
-77461984204
-2638186010
-23224976081
22385595596
87735574255
92719540350
-152817148114
-2646292481
-33979563816
38271509179
142975053016
96779635742
-107634619265
55426365444
139378757504
-157314895057
-76956838316
-48205821867
165697197098
-36978404986
222048126935
-21863005907
-109352954437
-132230905658
-208228229416
-43475627103
-157252397590
-3344969538
171773482596
-238451029079
-79380313233
68187162950
-171318748889
-209710932119
-68441924567
-152544418616
-199830001120
25770492963
111082726369
207260660534
-184975103373
-258954206732
49428078113
-248682817668
-53362731376
-88832186629
1870311840
-44580251000
113060442086
-133789633966
56790078899
-3874356687
211991413622
-224005865382
105525016555
-145925989864
32294519231
-150449607165
-178174028322
96446068516
133236795462
-15719003314
-257701818666
16918625829
-218390845593
52620688644
128135839266
-49415137683
90372199839
124682902978
-207079473704
156954355246
-13575840158
-30984566288
22925321296
-243918342799
-187822765646
-52095798332
119414303789
-124457868792
24337992621
110182352863
53744080892
-182403950832
-81858684019
144368726279
25677866911
-193341732365
-84096051594
-47038481162
-182238399547
134940486417
80590590613
30189901002
211128890097
-50321818009
194995714218
6789219457
-203931710609
86926955460
-214530310433
52548358753
-10555017242
-21998445992
-28270439957
-266607714132
-152086509572
47389714035
19479684065
-126201576701
-98225306632
-248754842775
-54924391902
47809308242
217178697141
-71621634327
-13209322605
-66896882297
145230417464
-109624221803
58761929647
-142026569069
-126878337679
-7836936469
123703738328
-82880081681
-184202956259
149574864685
7132622554
64418146872
-83702449013
-129530059111
-56542648890
-140867662103
60161982032
85844301987
-251082864269
-82452579816
-287624264389
22532964553
22386681038
67111906118
-144876715604
-230727840754
46090917556
-217642905881
-81274413643
131233640489
107459604143
-263326482152
50866980071
3605985260
-289249165781
-208876863010
-40773207702
-9030100679
-4702659679
88746626517
-91897083888
141573352416
58498984372
-120449109118
4590576235
-86659247539
81879154086
51274579411
156589737024
-18330106515
11247607487
-222350173942
-80610149939
24404044556
-2666861268
-110065995126
154551456184
8534867701
170792011143
-247344531053
20069788218
86438096636
-253370316719
-153479985925
-234115930018
84992084734
41013052692
54287289263
96156487954
2376603469
35599426225
-74619107670
56029844572
58564011075
-17944127964
57174120129
167372770908
18728635629
-94563516083
-169679892488
-331844027927
214366537539
-60661048849
169420710468
-293510549403
161595999381
-83202193058
-201354532687
153690682810
-39915944482
101821773658
-137894996138
144763777078
-86028305270
93915113831
-152200531866
-29217795711
-114915532722
-17595492823
-84272806622
-50196295524
-74826955737
17870097145
-26896195080
-188828959897
-14719605668
-25328129321
-215658739748
-118890555425
154378313129
-112067958202
-108144966319
76668958037
6791203673
-20987717179
-96344716255
36047021154
-5340269428
-138002404674
102429066818
109391155768
73476922466
74909126616
-231984524054
149587311730
-92345793847
-148549553061
77515309422
-218446622896
-199364589878
181217991852
-120715098688
-218328714099
-233344388364
161014366040
-88240979011
569005775
-247788297745
111443834307
-107609874543
-150211468848
-45834688682
-3717503589
33911671025
53389912364
-94221740074
102742797915
-58426376436
48689611696
-89978340446
-43879633956
168586572894
-111972880487
-118539849185
-190239136217
-310097198936
-241658940336
-104463096673
28531873976
-100994146291
-248659716963
84686090895
40750568653
50752590106
-99672043023
-143298014285
-147952595943
-259066222146
-19068906538
-26220246604
-17502088295
175443649658
-32241829271
213801209848
-91915722121
-248438087656
28127679027
-4694233611
65427119061
153661713262
128089437063
139153461385
-88613852834
-82148666966
-127881749619
16706540653
-58543055826
18951293745
-42750213636
159437698239
-16473070700
59244276368
-51877267821
27233338434
160823713612
-87264499961
78810072537
-148888306539
-84768249762
-243961147790
-134775172638
30700503463
-23655285338
-215701052303
199183463742
-215101741580
-80679127629
20036321822
26016615384
50670460707
-64928333795
8134520767
168873279858
182599921726
143224910051
162956921271
-138265180503
3230656888
100868487263
82175336530
97071321090
-92636227184
-118070521920
80825998139
86189495686
-63396384478
-39442702116
-200647414452
-92836631911
-30284538918
-22148540133
-150146566133
-182839505849
-148423149711
137764381468
-134875086275
78051282369
-41694448912
83815493071
211352134886
-60180190972
83420972868
2114654467
-92862205935
-118999850812
-190411116766
17764627770
-165583600463
-152914190152
-94724018298
-148354340132
156501932465
176510953062
-277827853088
-152257494105
86944821132
-80049053787
-105479309911
149079817643
-258802661366
-83892920471
100549093324
-174624651078
4730876950
-124064877081
-78343116264
102307014950
117307438974
-81887009101
-79056072984
19099155754
-127621297781
43768374166
-158301547205
-221744129199
-111660323985
51231441727
50744589719
-57903168480
-199247892573
-172438351770
46367523262
164795044975
-7272754754
-180093102237
-244377942441
179172872078
-247821801934
-123057960661
161951237349
55038401451
75764600575
81888984973
190684654637
-112810594689
-288978770588
-26055236093
-97944608948
-81386131720
-83973449501
155616301140
12298651029
-15128927461
-245255219949
-94729432287
-59626925555
-21645644860
145529109195
-137309641557
10001047321
-115034572733
-16005995494
110798829319
21054807660
-10378348573
160144048360
-190312808881
6907395997
-95266108705
60444433147
150195976760
32977756267
-59118892650
-256333978454
84045947159
-163478473765
55200463169
157857208530
-32136999357
-177642252862
10672868578
-5295194808
-78215008813
-45427509848
-262883706570
-78090471396
147424934491
-307228243215
-100111892224
53721265740
151768721537
127298255534
179490227539
166770161646
79604515884
-251828724789
-228565467040
21735107390
172477186185
-179878521004
-101209562662
-202624535629
-24031480909
-91287608556
-246868571139
-138855219315
-170215338142
-25605306842
143442855999
114147891547
-73144340563
-129098059222
30984922823
149780671662
84637080846
-9939482268
-8691792305
10316664641
94653896919
-80494267442
-238027420950
-81952219459
53588684277
43814351134
147703347978
33727898875
16434952939
161627329605
-112263191112
223174370952
-250184614164
-9838254989
66715860726
135381975407
-12028248071
149372193279
9157703814
186822841327
-26368549354
-59217784040
138062004397
-52285545947
-81443210778
26743290210
-113935852735
-2571332457
-81033567502
69844327012
-121584912638
155389300808
-48878120920
-36432934749
-215523178649
-123167960399
81368231208
15484270974
34541014702
-253668676477
-154066769735
-235119611118
-139801757622
2489554515
70879024738
-48117925229
-110352368601
-27072744236
28055772157
-6133534584
-231264587939
38500287523
-39746541111
92963818524
-37674701743
-128767516937
-390377142307
165966402925
-100095573913
-202673884932
61809938253
168974941013
-166406408708
-282240720562
-139043580440
33319014709
157955274807
27445285408
180419893925
-64204865524
-147262918501
-129241465971
19100091685
123835661251
174932256566
-86173968430
105575520460
79661975951
111753894778
-243978253096
107343108245
21853134651
-10140921350
123313972635
169817617064
-62081587790
-5388260535
-139349856956
-260923606718
-50253928693
-43006285528
81159386491
-143425267657
-48923859473
-61222512520
-195413161653
128763994441
-29494629441
-57441575908
158066884844
77652169365
-54040241036
-191774754198
91933420605
142461700827
-2638753319
-192315539678
-186230561398
-211590239302
-203895709780
-169741820727
-202792443491
-104834830830
-158354041373
-250834953383
-6562866912
-201750833056
-13781750312
-120714269153
148789457602
-146506019598
-54380791624
52207532933
-143550248150
-75541189208
-253662161124
-250627274218
49350382881
18800140238
-83700349731
162990012264
111677794265
146802849207
49003958645
-256982570895
-89511165975
171968717244
-74751415043
2409625023
-12292052656
82489749093
-106692785198
-142082724076
-57127163080
37271269545
23060927608
-277058423800
-224823005413
-152100005783
-167532362090
50373558918
50048098233
-62938504588
55460485446
-215546263237
58348786258
-117670324973
-161395881717
80921426181
-88433175561
-115864349546
117947951390
22041787706
-22103249285
-39434234354
-115988096721
-171390596485
-131578909823
-102543341762
-71618219677
-237739393813
-255817068411
58545081797
-110789289272
-169743481570
-175079902135
-89144568370
-176947460061
56130694162
168590447086
-219013603399
165069726407
-85860083732
-109889751324
108820302454
47553642894
-34363049763
-123946539379
-156710157498
83796914984
97355237039
-87409466854
85341848954
-73679993584
-256489439453
29730415772
108075852862
5094302270
110856438714
32060057794
59370268643
27255302776
87395313310
-101298832294
-250440062211
-89119869035
96836878282
-23139369066
176110181784
-102825513911
-191405030523
-185135582293
-59349675360
33826946084
-110930636051
-119661932453
-105192840295
-111345551234
-18243581285
-136728634064
153608772410
-85568556556
114083092547
20845564188
25641151347
-91836141684
-180727088174
-96760004404
-167988266740
18286917004
9704167604
-62819658614
142183963434
4201731338
-90524727523
-92222095587
-158751767914
-79451011863
-7344939602
-219834871367
-172780597483
108930230285
-222535028068
-173184430896
108560481518
99458613048
47313760456
76556240740
27885332020
22029034701
13276303443
211713575858
41029024713
-141592204516
84127064854
177044631117
-103387104069
40879371656
-220277128982
-248397050450
163500382988
-96249592718
-177682082550
-296304460268
39231494121
-113969715368
-92263753965
46680241265
82628191864
-249491021880
-119831826363
159702954364
-29053743863
-306776861661
93062195631
11044407714
-88655057808
21005584794
111502334378
74825809371
-88177635840
-255305135699
147567600823
-106602122423
71478316309
-147210384614
53000864936
-14230445031
-225362438721
61230462977
168138569220
-106219780345
-154194966314
-88247924707
-144806526600
82738599687
72345677762
66667837654
68767868855
29735094979
125190994693
-126170949173
127298255534
32359778717
-146416515682
-7983174264
32021502399
-56062977349
-220081868215
-111127269315
-157274167986
-129016269474
175397312275
-22099539554
-121478800334
164518287978
-2292310833
50520424610
36326331807
-121638004438
68374242902
-146838005240
-89908896228
-68757748144
-267255769770
116052688689
154507897112
-109291252907
213972078089
3712330240
-11863334805
27933642251
56708886340
143854923493
-148519704944
97701782659
-245897412380
-248061536698
-149839942983
-117970459351
-233495528528
59518618514
-164169820582
-127699011509
120451265586
-43157163702
89080084083
-136950457568
-1851470348
124244248622
161468302691
122917177630
101238694655
110433106387
-151396075614
-57724702934
75599910720
153434982853
139135817818
50044268916
-241575925985
180303259715
-8332335735
-78288958021
-14574554300
-23357745751
-138493109554
-101425670142
78188381998
-192865033056
113738350712
80127657179
31927390207
-75394463451
55692586022
-225869431050
63869961697
-3240952561
-12289352154
70381099807
76858229243
-119141026575
-103935438565
-156929665116
80350930401
-182783755733
-117658614558
-12607706783
186503677513
146220904347
-79985807490
115187106721
-208541672129
-66861428722
20048644126
-72425834608
86650245411
-30215158513
-235224971399
35626208024
-135993191004
-215516667425
-86577330604
143310007627
101169163054
-85368671163
-206671383804
113265647354
-74073164632
42801230888
-106081784863
20961407844
-196185560827
-39908115339
2539935403
-61684446277
110840139574
-77044055586
172551355860
-120215936154
-48180418562
46031832133
-134033802519
-62334344242
-196585878973
41261050777
52992560453
-212929675864
-2966323171
37571530035
-168701214217
-77292080320
-144119641218
-112533034749
-53090034099
-221363718888
-68298839091
161113251213
-65094068706
-121589527810
8595933979
-159977266070
-92418896617
-124882570391
61274744391
-129930132641
-104471737230
39176522599
110599626838
23586825432
-20391351835
-6783505675
30837880179
211062682111
-49637644487
-82030721120
-104533816045
-17283839267
-39499039342
-67557790837
-167952684456
-53581506
-108055270093
68023433840
-171959471138
-53614127988
-63624926873
11148572102
41939241370
17163702707
18201604228
29632961353
-48433391903
956440248
141877443873
95100936594
17701163471
-77526449969
27316940864
-30509326892
-207932710232
3677213213
219069008400
-86275137960
171535697042
14523133706
18987654753
47407464422
59728748922
-142705618826
177519713889
-114455781268
-69604891234
29770459879
-276282180073
-203658051020
-199145582180
56992264756
117650823807
-87127537336
-98274970963
-107398605178
59072104893
-243423836249
-189970639287
76331852489
-206493162191
-57368503423
-180097434263
-152309395984
145730845668
-142163742537
-134790250111
-58947923572
75265746265
-72468039286
31387083136
-77346149584
-121885272274
-7540810478
28598745834
102836047327
-196026619694
20700477510
-207831750301
79598329734
-74980590960
-72256357702
-148242436016
-205089472872
-215313120844
-27467788659
128743221044
134472321961
141279153837
77577295093
-94488509906
82134323816
-51112136599
15464488457
12026099589
211818679960
-112077061099
-213977288181
163146116954
-76080378707
169222426995
-8874759362
-214156564518
-115815367915
10085630898
168037311293
220776486535
65338592907
-75094899210
-87358970529
-77757395929
16495688533
-145442642551
154373217312
56677391223
-90238851838
-46649719526
-178756762366
44846373534
-54618934036
45972091994
-85925621012
-205141275853
96969905993
30267285641
162191699224
-161015576224
68250762566
-85463128779
21660358523
-52293410935
144097597745
-28613809329
96935517197
19487881379
-231840193525
44296179408
59235004332
89987299191
167465225584
-122890161925
71929129055
-96194847787
155734075458
-36110079531
149896994900
135751012640
116732313153
-119993223330
83653879717
169763919906
79210952134
18415867642
-260452283539
168613460072
16918625829
176321817315
14208014192
-78563595267
-17841206611
33666631579
107941513455
-221395253481
28267830953
-222344977373
-124353703004
-174378734416
-28380626418
-185322406599
-77849881278
-25582657859
32429235004
-110662179328
-65491023910
7358023547
-123975780284
47808049909
-33040913932
145202845686
-185035145132
167902927314
165344775141
23891387836
-95520312101
-153872045312
61347314293
26144223184
-69780289384
-117783715040
-31434328869
-40771058847
-17027963602
-245640063085
41398449512
17968435379
-110710458471
4534163932
-169039010400
-32938941471
37453747774
124999835257
-108310480940
-77219057498
56759631777
-206885910101
25417945227
166086381761
-25154256296
-56433501714
-74384350409
-18315438521
-104792193783
-87011951166
77949707503
-341804235156
190034840419
178531144470
-194156787439
16878300444
22102241887
-120239924216
-89342233888
27306714499
167395100949
-35119700833
-262683819083
-73650608044
-108963165126
37639348174
-246864442111
23888626909
83036957286
22947942530
145143172700
188294750351
-150992230091
91654377453
69421596029
7196728081
-233535647909
-96675695786
-13516584301
12290060293
-8088336995
-133454306388
-134141130915
199256181121
-31217897834
199706665235
-114043569816
168377851075
150654828663
55652829908
11855615480
-47242626348
59761202318
158458827341
-1203332175
71984193011
63775276960
-270721201182
-92543024029
-134412914150
-112417105371
-68668573778
163900107998
-3908937533
180890245469
147420991037
-114325808825
210944548262
23436473458
37502705105
-199981007455
146904078566
78006102193
53820874293
-222988637511
-23213340562
-109693783499
-70064921419
-113122260474
236789845130
-188013732286
67771645141
-82342655927
-113004717550
-78905642979
22054191461
80791728694
57033133953
92383906807
36815687890
-259996991075
35884224391
-17821309207
-184004167915
124773810317
-344015951057
89380039049
156636565661
101702745109
-246954674159
-80275857008
-143769692292
-120441819214
-35278155748
36554512000
54071882913
14300766525
49359280724
-62554016142
192415037767
-110554357758
-162409665169
-211573504796
-72150884645
-98221097725
111958006372
-113312580407
-119184352046
-256702094731
81709222398
80098238599
94942620904
40197620061
133029802755
16565992050
11418926693
146517507819
-9406763144
-87903610949
-180090106010
-94935220200
-174543570279
-39048231996
-329293145553
-149538591425
-11864040343
-54118120450
-93126728888
-82836097182
40541974614
176017069570
56965964721
-75953150630
206602284729
-84964478481
-89675071661
21062641333
35802875916
-92329370003
-197539191509
-171984143272
-179460503185
-256445184479
12491508406
-112141523183
-70748961827
-60759978095
-121565094925
183403891534
-95915288755
-123081960776
127854642288
81223473797
-84750125251
107404447564
-7035999639
-164512060974
-150688695872
53554074871
-58304839126
101805482137
-82301089876
-98389756119
-43898156587
-211906133062
182516873157
-57530981121
32333898537
152199174359
-78312186084
-175376392575
-38890196503
169919316909
52970015434
-76591636251
-253239650529
37235105619
-99022640278
47422043978
57979222259
8796448035
32887580197
59957981688
-35840245040
-40264022722
11378871150
105281989833
128195586851
-101824908507
-21416264214
71112338523
-32307078639
43991025998
-14134047322
-237625706833
102157566285
93327341933
159758993020
-62622592434
23581442558
-90839830539
41258618683
-72378878759
-42897363693
-179637847147
206417473314
-160241134449
-246368652068
135803435900
-75315234248
-173513948432
28543889324
154248904719
-8322077902
123430502606
17224946313
-36681612907
163470046703
-38818827009
31078190422
6033241373
157749870008
-250373913226
-109543646141
4052482648
-11055802225
43316863321
217145096558
-83227470261
124689225805
59076104147
51193174148
-102568645551
97593990165
-112501604608
131432007314
190158221226
-319918546659
219227359756
-80843336465
-71526550521
-15832451619
13521407634
16867999743
54161393086
123193060987
-202820889660
-249649510901
-166373047555
-218551694464
80911453389
-259316746367
16982356109
-58060396549
-27609928770
168888336339
60316558640
-244079621943
-172649227093
191796067795
65199595469
-319896857127
-19327850942
87153399090
8507452958
160350633438
-223408926943
-43093948999
-6585700168
-185376959621
-103787608587
-268752325322
26724897380
-95677963350
-102307990701
-179430230899
39116244300
71695980656
-62927234282
90810245868
33287231317
-28992720379
-60809185163
68368474462
-123933426698
50336244887
-105854679664
56152031524
-9424976186
28771368044
-31775448281
-54555881837
41803336422
-130925153490
-112292478537
214491242693
-27546749143
-238021521841
-92854106138
30218042684
-184572583222
34982100186
-160784449848
-64057989735
58363723032
-177918153043
35573689095
-49448940889
-210284362060
38610545903
-178663318277
33979629991
158887680917
15311585165
-260178797889
171252032458
-214964091064
88584264676
-63532855401
-105753738048
24855922154
-67277514871
-189984387603
47190412244
-125286983328
108596721887
-256253055341
-213396509186
-152114340759
102980470700
-149545829096
193137675426
-76114132453
-21420089555
-113396569511
-200057236932
-124351400860
176431194337
-82067563708
147248212267
-213601055915
152747112523
-27732406950
32587548048
159927343350
-86496878041
97079130653
-224902045541
76519823402
142098769691
-138141983977
113232745985
163516535060
-157356459080
-57655659955
73115912647
-90036689426
151458721663
158608862986
-174773469837
-257067493375
-148915174166
89279137702
-141054210949
-90853318901
-72088894990
-95873506888
-33889550583
-70419418979
-87454153017
29200886982
-20104922626
24293534993
-122940320253
-97800664845
77515187216
114868889636
-8176080500
86952237506
-85193290221
91631388883
-63516305068
80671148917
-74370283350
-284329910156
-227352851575
-145939818425
-167236602700
3333892078
172856315519
108633350140
58034625553
5373438049
-200297583347
55675078588
-233958622024
-130526714587
126630780366
208970854550
-167058279103
153663675970
168124480691
16727327474
169918626933
-105180802772
-187014713685
-45853881663
-198527300760
-101847781897
-69241163384
31713124452
163262050410
53628129059
-55873041627
115296097634
194710031841
21957881899
195416486649
117989429802
-81996367483
-84435662028
-48149281590
-85276691195
8655772754
-124133647168
-80226940746
-70352953047
-25394795517
-130539124517
69580091495
111340950453
109533255809
110393828282
-129199707482
-24470809460
57294303144
-15275718306
-17164414547
-233220695452
-215838064193
56750652606
174136818921
42469152815
-292016676419
-137302202975
-58645594195
-109717921486
14055682169
4928288812
24617094641
148717635303
-50191906648
93298588352
148750604509
81729239093
143665839945
10615624581
-89411828131
125162132147
-7743464698
-147803670576
154036019109
-149192627965
-127218710175
-120414114244
69933364093
-39553126341
86272611768
-33495474544
3910976087
71632675
-106754180536
-119814243098
41230163854
144143836032
25419848823
-149071262380
148853464136
96631449274
28543928733
168318852888
-133863639776
-83539215300
-52421999628
220214756658
50023364356
-208275300550
183815020856
-195804187586
23021585949
15723453420
215352535021
-232453593412
75237702579
72858072969
-190226706050
119923782076
37304576914
76080232808
94360630445
-22700943235
-99254970607
-143780149330
139655160521
-36398796086
44285487668
196340663778
-139092690761
-102640198338
-46295878945
-280653901206
-77443440769
-50330535987
-81730533391
-153220571118
35539995172
-250725683488
173797481983
2892537742
-102866332641
36487734305
-154168904953
8937531124
52629277477
47882769405
5209995648
25028745911
-246327654075
-324850965624
77778891503
75171119224
134415709059
-108757052214
17150166634
7601963868
18811863497
49472899095
-63381202420
178547293956
101804041105
13514530993
168962242439
-84557119376
56017905609
29764405702
-126778049267
-103843712247
-44857364715
-130575515143
-101886535395
-118121801608
-84871040341
-206400274054
-134107720490
-84796296336
142390268361
74946406311
-98008947054
196271600431
-132865018015
94591648343
170703591048
-209483716396
-16869789343
151719765705
-41262874442
-211978780644
66660227552
-14568609100
-102805404210
199087819985
27436766180
138188059880
188468589744
87905921227
95389598419
-252084162134
99014333972
-123909649850
55160296907
35164026112
-145752279583
-77808729941
-83720213494
29515170965
87623870891
184256938917
-33399131353
-65089966358
-108613535382
-90678401385
-4793803349
1107105789
-93586599657
-18440704117
-249046687192
-104637971720
158897480989
-146901172232
168614568384
-94165905764
-20589898009
-148008397747
-238319374088
91306828060
-102776179876
41878817326
1642906309
-47131005589
-204118788894
167001522714
-127649257281
-89882469141
-93411387395
77708380146
-115755179268
38199327796
-85287837317
-44158397893
-12026725868
-185079018832
11379700186
147321490015
-192562345243
-203248866232
-256961956072
-9213835823
-115685176459
15097523778
-129621527801
-95462702750
163667590840
20901041305
151190399244
-88367384919
-218684222515
-381726175785
158086290233
-114633958680
145981917187
67863845182
71642887119
-280932961297
179399586787
-239279439360
-135708295627
40710372118
25288153313
32357784482
-119506291600
-31603700755
38259162007
-114204582826
143359599852
-83485733621
-47436385752
-195769679059
-102467569766
-219637249553
174168200005
-194966676919
-199388085642
-152248027871
-274029493857
-148058020690
-160731089734
19446223616
-20414818233
-136405786049
-75377949812
-114201776765
81093602347
85490780760
202496254716
-38652079511
-95859915218
-115513027173
-23321668127
39747579530
42932594690
161767117917
-65244258688
51765963974
-157359138820
44978277516
-119043846430
-115071117321
-94508087750
-90428428008
119777920654
-61863771869
-247366837932
-176429011725
-2188698088
62332141004
-128433726584
187184495916
-52155838607
151213310383
14877386014
-148404507519
169314190528
-114465761756
-22216155614
-9354840545
-191544936943
68076570014
132608371951
-191652615
53262725790
-87389689186
-26448350944
151414127268
-88989142759
145460730130
-121418052297
106625759854
-96278119867
71830862017
208732662050
-182373744848
-279413764513
-43909217981
-80837017124
-178665295774
-15547915016
-108752436549
174870269695
150527536571
-193914882692
3863514249
-188947090203
125295166880
-105952609292
69860388122
156286081830
-6992503801
-25082352750
-80815236203
30893154492
191104955743
-9552774969
-51931840815
-141279726727
131645573691
87083600309
-141380406064
72907365052
-49793212701
57227479160
76826443635
-59973486073
-87052861897
-90196006878
42889025447
80760060014
-78640096295
-172385174341
-83984350986
-177828276434
-5882165911
-75309734292
-62892279527
-77154205306
101575060239
70334560796
-180497821607
38715299912
35092833673
-64314476786
-16513503985
6602852042
84913871831
-100865271825
80720540104
85197972036
-225289828403
8927617022
-146846694138
-155910982883
-82417382493
-214216306165
-6899085554
-277046394074
-65933555570
30337005213
-83757820256
4186598605
-77312739183
-168840182872
-135492296592
-115005762461
-235286324703
48219387433
33387897840
-50773807707
-91255617351
135137002779
-239232422702
-144998378192
179741833021
-89945926073
-37713248348
60193640584
-258640103093
-17185947577
-104663643684
-224622767361
-131486538805
147137894505
222309716435
-100223080828
-91066774756
50207118988
-103140832577
-79822707469
-14723217693
86541216787
169094655476
-140473062279
30969293106
-18723937416
50780032827
60148771033
160183468996
-206007461066
34125912789
36332754459
15886774387
129295726834
18519980537
-90305581536
74899730851
153325613043
8641073026
44087115314
-2025102571
-109261741497
-5401237103
63576893997
-136085380947
83447285836
-111661529436
99683977864
-112208976530
-208845352014
90423762661
87004546366
87763998271
-80027542554
134187783051
-80774994652
150897345347
62603478448
-225155990817
-181736203388
-119316074717
172157503044
16660806810
161191701631
80972045073
117061088855
-5531537251
-107638260627
-6334773523
-82058816535
-80657572761
200713868231
8873682683
-209338945989
-116983028333
-39923769743
-274638474314
-11466406720
31678259009
154183203352
125859473655
-222655737800
60010493411
-46268565824
-5093679794
57978022181
71296035944
-78012068671
-56142442805
-95072372071
145116501324
-72242046372
-223410354427
147701750943
-125827500390
31135051374
-28939938772
147424934491
-109522790166
105291318759
20224206419
-293083287242
86975830980
492167561
127723793114
-217338532971
-59171040272
12799939447
-141837836689
1597746318
-197128715469
-29977626354
-25276903749
21973125318
-19873922013
65966455119
-47399454129
-18852065030
-15045164571
-125399096003
-81148842585
164363381093
167599156119
137249975497
56510900379
-114754471703
50297263097
18796616674
-196438927998
-243837351766
26055469488
87836052800
17915804895
-47598612955
117266242257
-261347622577
-180010408560
61182717555
-29295829089
40397087849
-7683553310
188927568664
-10485664910
-207963367715
154581771978
-10270768662
111544367932
-163750334516
-68670151243
-191827608475
79314208160
-116819007919
-25123725238
-187952065588
-138008551486
-73622223102
-90476674378
-199280027493
-73684853441
116296731368
10440383102
-80626674069
-114548947746
-26069854514
-205206799705
122130748634
67227152339
56016228325
112037847474
-239767301346
71793468897
15313531804
-9464038306
-52537096179
44829703108
96958072425
-13412185624
-80405508012
26695227508
204508372824
-79398842842
-35706208468
178069449752
-125712144311
-78430666531
-83402982490
161633274228
-59851726487
-236556969397
-258175415295
109457536294
196075858680
142265981922
-84103502344
165863062587
-324189218112
-65519893060
-5106290299
-96199086346
-118202168940
96131226717
51441962426
13698473278
17532921783
289374419
53169611847
-60593408582
109786627399
-46609224092
-212048738806
128568816133
60812824894
-160527434242
111105027250
-490868249
52173882636
90470667331
199356717242
17997585218
150059843191
-134615223869
-70301344819
-59244046094
-52515194372
118017380859
-91324628795
-86328696739
64292668735
-89016060984
162823450037
-159233875145
153883791495
-218401158024
162319396092
15153765017
-205834707745
175413065723
-283352625508
-156190515565
11051212813
228782445520
-69201066267
186418193829
138473091098
-33142774625
208693313019
-21192298953
-174007130700
-144770724948
77136417183
-266398328862
-168600069403
-24867212610
-267228664407
-77715427428
152587662731
-160336922475
-98697223645
38319351160
68410024547
-16842433674
-263399434867
16784217445
18170498224
-83243670185
-201726845865
-14301750714
-45915189677
-85433509815
91545441912
-82502679717
-131370711930
57282184905
55587022788
-85064337232
140865240898
-32361342666
18728141523
-105516227937
-105925917498
-27926954683
201335750949
-204366974099
14501343967
153886308633
-6310696598
-31180078094
-213921595003
-38137164562
112989537199
-180761831146
69230203512
-70637083542
23277207494
33829012191
19268600104
118625368809
22509370910
-218406952949
-279681959899
-231804401513
85280880709
-37157515445
-137659349659
-9535013388
133011329774
-141154725797
-92778532064
13451112604
161580248194
-155155284386
-147392988215
167991139451
-110594450088
-62807124399
224163743692
-254895752542
-85246051922
150684936311
50984908821
32391456329
-49338028043
-157966732048
26123950378
79825366013
-81892066259
76737224207
-114638073443
-262508798330
-94171862982
191615415641
94486020315
-81598628279
-143790806761
40059296226
119119653954
-130632679154
-293762584926
33833693871
88817577357
42820064936
206798933567
20189083741
-57721337757
85967985616
80529572343
-14946302328
36029153484
5334303266
-228292460604
19130855784
-209271224319
167982976609
115985625895
-216813834411
73339335523
-136022449784
-78403781337
-60460923098
112927004020
202360772513
-219191467658
7032147253
-252167570627
44634625078
-58971115507
-144705504720
-163230410464
-57632757779
-68473200334
-256710258097
-63484878207
84341759115
-51068796608
145545915307
182647875619
88960953226
105028184737
-157045687197
-250926516937
-93004323038
-212093699168
-220712880193
-1076119192
-156647481091
-78918085437
-90349689484
185991569363
56662662922
17344964850
179789720269
-8097815756
124348445084
218883740104
-182450933650
115670118200
-208763794131
-218406554624
-97861490456
227507866480
-5435567736
-219501285631
10490790709
17293430333
-111277281184
49710976324
74180699584
-72803090812
-86045545828
-77632667882
71617811537
-117681544150
-77265247066
-37552659046
-184931750397
47578801710
-85912702311
67539737394
-31122739290
-111520659446
10904722366
-145950937029
136800040107
36605799077
86280789134
188163992827
-47295854165
-63520405371
-25935753208
226703702460
-78220251179
176573690083
16716733712
-49955221683
104767665259
-71502380731
56444497468
-270561082131
-64858113600
-188267447030
212210400925
-74055748277
-149100934817
154373422737
-189061806133
131874721881
-18336991767
-99938062400
-151693040167
-250834026797
21935772672
-118204665868
212387755343
-16996501174
-118951400443
-61163873995
66780842052
-8214314957
90615415998
44205032378
96790273725
212971042202
-203130127936
-102370615946
-129349916312
-240269596004
-79074782032
182995610677
-212518604014
212622900865
125622787793
78632859978
-4637267159
-107590670381
-169597587501
-144133039273
-111572157915
-91738567741
-51221401408
-48668160790
40269642167
20763972417
57388401421
-145002774764
162132623918
32383372759
-98830339035
-318710056725
170679348779
91119151494
-14858751549
-115396683729
122170581218
-111783634515
109487734697
193235358976
-197231809489
-41099282171
153412958345
387450566
-121888289458
-90995887970
2704830371
-111000776293
-101526672923
-4568185570
27944936920
17895657879
-216152651156
31891168143
110426590829
-28602743457
51518852440
29036478271
-75533407293
71153293974
-112043420349
-251709216840
4773112766
-189539943621
29065313406
-173383134550
-121160066131
73711834468
-103494572164
4918375662
56522408001
-4883184172
-56620983354
-82444181356
35020761091
-151578885392
96961217958
-94969301557
-215947545675
154296312268
-219365639110
-90918121990
-81529776217
211225697374
-264224731358
144618554006
-62935918184
75012967113
130908539324
206970562419
-50645427111
-210949741744
-134781230641
173790609868
-94916503240
33399717005
49730437319
74548027384
-119058508853
60128854415
-69467118393
-29133302729
-54057913101
57083643867
-59258155798
139575047693
-85961716122
170239982520
-112431820800
168377919904
51236540928
-190804114929
143659218240
-5916285649
-42866983562
-306828281844
-121791725151
-138720566126
-154965609017
-93524559629
-30244691654
13314246525
51777430684
167031790723
-103689827082
-3798537281
3264768995
-21804610267
203509059170
142853163001
77724004764
-26652892436
-9341008168
125701988170
-192968199781
-154681415712
78185981134
-33015674816
-261649054336
-24035917978
71784331051
168335447793
123703738328
110312168474
-64828271720
77876122926
189325677938
-90310887729
-80427048513
202969541003
-93062515278
-43592765103
105063627512
15144405759
-180287572270
762573371
-73680799998
76063627157
-80927478075
152126856745
127630663369
-9573675100
132573949627
75735786514
55907871853
125425238134
18194246152
-18264254883
77953858354
-52878388742
59590184216
-16642365335
-31958019146
-9819183202
-221553021498
-150801480439
173167819098
56125528152
77183345449
12523087706
16962102867
93410189304
-65329434134
95681249389
37803420338
-267966384145
-116202024876
198075196041
73914329513
-225033111320
5782271878
215943776489
-227884830577
165151089546
91018929820
52269227592
60320060495
-42014981696
90152884982
100710276516
54266601100
-129751329227
76552720951
-119771215121
154533166920
40834238252
-180330268227
44451831846
158270385917
53491360842
68800333782
13656465387
60590989960
53120208861
-2178123630
-125218354452
6632496797
-134345711743
-124332766863
100501845398
-72325523465
-68463405495
-213380745028
-274799087385
-92432755951
181029516853
180067499647
-28246948582
117467846569
-249181108485
-76623177998
-29838383612
38204943619
185110834377
138194091793
15113317608
-72410490523
47031537110
-166333425080
-25650027209
-101259580564
-265017149506
-100887937082
-185687867058
-181805391914
-184619024929
-36643934001
-129634503529
81985269267
-48560693342
165797627445
23276497584
181046868465
88912376601
-58877639891
110507461883
68596679403
-234890085218
-210862213316
-42309428720
-10669505436
-189931362799
154060942906
83699920210
145179869137
-115508703317
-118320266909
81857699548
-61304191914
-78533703178
-124630496159
-65708531650
220314820698
-147411619629
-93457604249
5536154276
-82592067383
-94073419411
-163526336288
-229778098696
3120922368
133128975664
150780886318
-91314733399
-232028169306
-179710478764
94857300675
-59682975014
-151559121362
189308486458
-52802454230
157312117906
100091359928
-101953673858
-112781023070
-8226121339
182516628788
-69868461418
20279337133
92122392506
162923774587
-262474620076
-29262800402
-87397004490
-24240992246
35851474892
-104908140925
164888042214
-110597711849
-65708568835
-54078290620
12657035515
20844120557
-65976150287
-119486429254
172761500712
-33158791153
-262635576765
-261379775153
9585998170
-109805647742
-135431780084
53798526804
-147517700064
155492208024
110649610367
-37275704955
-217838673292
-64787971972
222303192919
-47805567233
11104127309
-52669488595
-140730003714
101716649063
-107425310754
211938272676
-18671074884
-29645499011
1672528476
-77983484034
-6523142831
-57283843440
-239740211271
147456516416
-81251978942
-29512355771
-59614636890
-72431977342
-129988951051
-27181444009
5191190325
163114991597
-2514523999
-180231666739
62851544810
-114717915908
100263447298
-79477458382
-7762887895
-181413994656
-146562882816
88489369171
167615207133
-172721508430
74662130180
-134190968963
-29179121205
-224773932735
39296888670
-170662284730
-82233637301
53834609280
197700678254
-223893128782
-7788585750
-185303902469
-86618571351
144275286533
1401721479
57001583997
-169323829839
127249359104
-26379573519
17353210949
50020572500
-46270017920
-47877951878
-131067283349
67811048799
-13720237615
-196808050584
177146926158
162467375583
128195200472
-79938601956
63507103879
176089493548
68608382246
51920492457
75449868706
28418448009
-307983084100
-104141707980
198284041034
-19906819027
-152118340603
-252945539292
-48299504280
-61195386445
-25792869589
96409844052
172015645593
5798976124
-117460729933
221902027929
68189212201
-202500788560
171502476897
188381232696
84024690541
64163397945
-172218952337
-157463392420
-80243193156
120256944744
-223149679454
-18207036579
-252085444381
147989781545
172995573718
-333820514642
30659847784
-4297673339
-55776245426
75880357535
-9741968390
71646885838
110448748356
-114676035164
54702842744
95032003118
-247861080068
161497691093
-3311590833
3046164919
-196169841827
-119287674128
9617652611
-97124720833
-92121869904
-211954584343
76668249368
-34831782491
166789068944
101737718275
11543058227
42054160540
-104420261002
77764829697
61381464463
-234042377229
-74145135425
201042279054
-62897834752
-27354850678
165021170231
147295919365
69410710209
9218776566
-129042096797
48103322427
28210181426
77708380146
-201799321557
60367251296
-113574521731
-68618301163
-69812017032
-228599260324
-89500919264
-63349935829
1317865107
-186792784605
-252222639790
20622211908
-115341681241
-120435193588
22286223272
-42391086995
32854880585
-86008344368
140822619943
114552986721
-325424275316
52352824349
-29642934330
-233733932197
-216929585062
-43397749212
180469927677
-211211711482
-104509791317
-209479779704
68582633706
-194925178539
7280225316
-125684646012
-63184283060
-82450815048
-88245211211
54992901972
89039652888
101258234969
70969190967
222503646203
-15564190594
-97038479859
-103319702152
-166849010076
60957319716
92963936125
-114747601374
15665834415
165844084234
78948132030
-201661151086
-104092468684
94053227959
-67877630246
-88367365462
-212730055163
140309845893
-113041157230
18146897576
-92772612524
51846338967
99289061476
46219261211
-217065617570
-133459820897
-43482858034
73790072012
99087669940
14546110875
37433108722
-35804687725
-201525320731
61280042200
-65571827550
84907989586
-130569322461
-29140386496
87440207040
28540926583
-21078085221
-115568403663
176766825569
168440075670
-305210610804
60728575756
-85274761753
-159904925929
-281204565481
-108226907870
211006790952
-216097228531
151980098751
168572111549
-163386474263
-220930507094
4272130224
81082035779
-66490859637
-119688466404
3728316027
78933919573
172565149967
10649770078
-9498018719
-38719770905
-228502585167
124961475
130174673637
116680843664
27687896123
40905435316
-131156198285
-16419560400
-91820979570
156981640106
1686511606
110182790977
-79742291435
137885483190
-98249292324
-261439304549
9881535875
-261070019850
49940118982
-253199707238
-75701026161
174509071172
-179765898799
162520414267
69746010775
-149983992540
-151914535508
-216295957950
-60143080187
-82628648352
-201561131085
-48390126671
-87063382568
-277189237848
-9213366203
-244209561394
156031203808
-24290382497
-53820551850
-227664039030
-215607858736
-165796541895
-207103074276
116925785617
133031432334
-94241217617
35826535217
-127136411860
72880570018
-53232107383
52160468146
19222126375
66248048364
-54622008249
-254875903685
-91495559805
171473325258
132934074603
-214281918900
4420050527
-46276375807
99263597130
109612763217
58458209934
-120605340442
152788637634
113923526121
17480567822
-252868361531
-192378641242
16783070551
-114841229356
26139188796
211775778927
-18979224683
63672846281
54636474554
-172973656903
103554328504
70695368653
-50413174173
18043698582
-25658783873
201229004519
-175051673878
84464955497
-136524783585
155641162630
76800604741
-128136925264
155189938770
17888881613
35908011122
-18961808190
124096287674
-53363097751
87729945364
-4960917375
164794946929
40318291628
-79536063099
75743121760
-165980114881
-68890773722
177068565752
-177590397135
-45769902268
-120658876808
40563911695
82047461857
-3979608176
112612436292
4007739296
28800482149
-106716986420
-55660950575
-58214953726
69342167925
23850374386
-26587372679
84029339143
34449728520
5973178883
99472849367
-7158443199
168569944060
58303384749
76112297379
-113917665810
9139228712
168915676515
-101677369876
161731905733
-111080722735
-245289311377
-200072800843
-86092886741
-111370432500
-66548375756
-129230295781
-34002434191
-251723797944
95639720936
-198461670188
18994935377
-85680472742
194747135353
208995440237
19930403926
94287713596
-203250034516
118660695492
79367220689
107743216068
8885977684
-129153061598
-60708219243
73180043455
-144366663243
-103531010916
-126179378457
-64378992089
141291869990
113927359242
56929901425
55506203650
20100942462
23198307484
44574672693
25712725495
35904558962
154112704779
66585593087
-83018738021
-79245602675
-89353068832
195431376093
-116797105769
-90037390573
154841440902
-117046214452
-110832142673
52350862854
32701983685
-96725404399
24927988145
200013813359
72618311008
7767952136
828228241
-148591224784
71722526273
72183021762
32788435011
12510547615
156568456163
-64234266556
195362680201
-194405322145
-95346070739
109868306193
-19715933461
-190166073435
21144794010
-226086859738
70137308432
78244785606
151066557303
80055911216
-106346637935
-124996248664
-169094888490
-87238619193
-14330021388
-246048461865
-194383804504
221179097434
-69611581204
-126825071873
162413267337
14705176993
-146650484499
86592385398
194254307692
-20716460273
-18783573260
-1623302382
-109204794213
169422351648
15458112081
-90159331359
171159475229
-10023231053
51403795403
-29845321007
113955607109
44246285814
-201715829773
69168399372
53681193476
-192669662744
98762136496
74931816916
68037242980
205433064080
155524134619
-101789495232
-37528848894
155188745710
-92429081338
-26672782088
96400437776
-188813706265
-81300816825
31718229113
-131905557347
2243119530
132860978022
162172448885
-80994547289
68937679608
155452249438
37601223556
144148069571
86160013506
-94599444203
-23627881676
131246434389
-121167730573
-83563435051
-20771973669
-32359462051
27574463825
-61504226994
-148142986921
78252063318
55864280738
-92414901244
-187972430424
217552928783
-231608879024
123931527822
-129252326462
-119832567672
-139902042507
-21580131544
157893539218
13822239690
-18354996065
-8250002970
28878681384
68490069996
-90571421190
27452176261
-72588806935
-230089825810
125865904885
13461616044
168928950979
-248638957066
-210080638704
28666970977
-31827733723
-118125575291
209279329721
33580283611
-112933232871
69018101690
-158856825944
-134800218380
4927087729
85101304305
-50315681985
-258958542461
221717599022
-188395525508
-37473994200
-81809400036
-95158212850
-160472288010
122068235573
187833869585
145981917187
-147195880885
11050159072
17121978965
44107816602
3666295827
-22442337126
168462055630
57026937466
-30977874539
-88353745560
21742122970
-93921500539
-103119832949
50708524402
-144162324099
204529940374
-144203450875
158261361547
77241433631
-7133908866
41347712657
-88080265069
11566617321
-27580216276
141428567187
-46598884931
17309457298
-98020820250
84380020459
49199331923
-153150641534
36575773882
75937463809
84029339143
9181904251
18786452851
-173309693693
-274106055831
-18567567836
-223622382827
-88335753462
10430623954
-158671997954
-195854044540
53776657751
-265286438880
199498289931
-131674524907
-55062674001
100592195100
-64523702821
-286206900405
-275786848227
-100229769165
-17932521603
-41848410972
164671616409
-60456426157
-271081260773
103822109281
-88849452419
2590979160
-86067538808
-99710217447
-84292342354
63286796589
-147544641523
-60018514250
-141910897261
184449439094
-210175497163
70307274997
-8422232816
-262330204602
-78477330337
74957983355
22797680730
-108966766526
125478767906
138967503065
178426567227
127301369391
89881532502
-227006658130
-50291595241
24449339518
-249335577871
-134320063716
77386067171
-164989536720
-169964011142
-59231753695
-52649011572
-85607472788
-85305715552
-31251982789
-108101473308
-112524213970
-91877470767
82397261477
-81157039608
75368634787
-155886473982
-233801743811
54204814297
88617566061
3741325513
-48680821181
-138014659344
-22882097134
-68071795602
-43974563020
-241843929205
56541261124
184624100515
19218850292
-68292422894
88313145551
-16098823166
77208393362
-247081040073
-216857669449
43997587560
-65549246662
-123335594285
-83624563167
198250247799
90090747881
-46774496999
141441999794
-103729378301
105168272090
-87239373703
105153822686
193172285720
74958249419
78300452441
-202190329185
28538530509
-252673518586
-99923897654
-163856111108
-206064653532
83207543765
12177449190
-318007398306
57135214310
-149045139417
-15045719061
-220524794464
-2061938458
-79582691466
11674974643
105332233473
-141356863862
108439021425
74172170710
32634744038
81103170147
35425608906
74139660639
-200845596460
-25051558830
-23341854844
102106413140
-86940845374
-76343235113
-68406664694
139789586533
-193246591592
-66467570688
192295273271
-164769942312
-255208806806
-278022801528
-83752539833
163914351096
-190305458102
-170720394245
9961853496
48611701015
-107495407371
-105490662059
80026145719
-201150805973
132017497647
-149448145288
65995771079
-48525319609
148971642525
166415131833
-90656923183
-37437157416
26275658919
31745967741
-123038978620
-10042944109
-79546093358
-281922333020
5225122126
-136736201325
-98786905484
-272825223541
-203666589196
180875231068
186342550303
4754252622
29924154623
201930162862
-220868349173
90629855644
153858390593
-224503491655
-34901040204
161088351613
163684480758
-25507966331
-169925655350
94841194683
164349984736
28863800199
-115284823622
-96969839287
-19863899045
154206015005
-96696469511
-203836397484
4120070802
-11430284953
95158537285
144882903336
-118669328951
-129226913647
12798599302
-135897916205
62507262662
-120750392119
-39688952624
-21670743676
110272651151
116253533533
21101100788
65329534380
226383853091
22524387280
32885335734
-24947039105
-272453125571
78682629468
-16953520437
28034987799
68737319868
20321916431
34695135702
-10873753026
64237353562
-85584071930
176741519035
24621737238
-288139500575
-237228940341
191555492021
-124243196897
124427580578
-104289201029
82954562044
56747120693
56889380133
66765786257
53129581304
98764985841
-323119046038
-221128307951
211739259909
14259641886
-201791930804
29187742069
-53679906028
98212426823
36154742775
-6963082666
180793278208
130930527061
-50730625460
1753159038
-87577107172
15647084054
-64650129124
111005897076
-72798130589
28623728015
-264305555272
-131716988559
168211628177
132508895182
-243310836218
218872406887
14621819819
-92239452025
58156317202
175846259609
135839245427
76168244904
214123589815
7234662000
41001563847
29254976081
-19395525908
71022492824
49927753031
124748777811
54278331800
-96003227589
27111099027
-58923329379
50600946612
-43977381341
-92755630332
177945312766
107145543564
-82043964274
-40503571218
20062676060
-190876218695
28702142856
-202615750822
54904409016
-134031496000
-136562281255
-22811795297
-2686300618
75657206698
-30998005539
-103698919251
-114049466085
113537956418
47036175179
-217145261284
-122884972990
208280475917
-201116161830
-68700166468
90558999244
-25196779381
-44085184021
61767100336
-210596506247
-77209391032
19828741124
116583527751
27054928632
-48590538945
-60222686958
2738747152
111111047287
-11762764011
-5816375940
26031085990
43446185848
11778573385
-213028589358
-12153630969
-158514524738
-136764881433
146368432917
185853496263
28357730563
177968288723
-219740043167
-255955458321
-37657500315
-62987127755
-130204334682
32952882497
-149675232893
101420851733
-120884551971
40861786641
-52686675212
8537496321
-166642912995
-63530496944
121880687184
-21289766950
-90816592712
-202997091627
-153386820819
80348637574
-59633608085
-149448318114
57262902394
101813650485
-92589702851
58847432859
-113767846655
-247816786087
77558219445
-9878231720
80212967782
-190851239484
-89207481800
-145092411561
-210311144852
52142037085
-101470265311
127615663792
-80291663063
121013156243
85459358670
-25266335142
109062529491
-39872092404
62902306991
-93274206866
97888828811
184559256878
-137202605957
-173445151327
-43017731465
-170059131420
-284825985943
103074572653
79810361701
-46623647254
-57403456030
-112477811934
143691480458
-288236656809
-113201991487
105028184737
-86926858383
82116064303
50665246767
210523191669
69156748309
76523344705
-53824806013
-144165258236
-40244737711
-55805620412
150036335328
-84462073087
-209672719858
17584182124
131898595091
-128709200570
-24989657666
-167602464102
94341939476
33780751432
10997947601
-85351743020
49494798844
-280520583437
-123017663228
-20420122631
-100177313536
-94607810079
-250668159109
-98130950943
-76216850100
-162039110097
68800803002
-130825665046
146015716586
57928503424
-154005710804
58140811042
72109639883
78670619325
-11634915324
101169163054
8944155840
230045595159
36998391561
50531885239
-53411233631
219783266640
-43101565502
169008887125
-136142198464
95520947201
5634099931
152366120280
-225949152095
-231235318911
79203439154
-108899035653
-107712825720
82946394958
-165642616093
-60154190198
30971963907
201215726516
46702048120
-216016924797
-115251264659
66930200352
66562035933
-23715749776
59086731515
-49625435170
146214020251
117503017156
170098789117
14588229530
68138090288
139582887966
187762541932
13621992049
-117456824320
-82278990346
-49220354838
-1683716736
82635155205
7998974985
42173532292
-73155774339
-71791832159
54979295170
25118766835
38692743084
-192878212100
-113080472084
188234343299
-127269873053
-139558642109
-89536855698
215314303087
170055221465
-87293914109
46079000824
-67700735499
-11077631132
-148431703290
159568443100
22216853995
149938865151
21984573994
-160938614637
-147546618825
-156330135385
-155934405614
68040276659
-79386035090
19934075511
192916732582
57498980176
29528048297
168236957737
-122764353335
-241386163200
64650099747
-91274985621
17868654072
-190937470446
22925321296
-52207184127
20175789760
158051477061
-170248050153
-34811818823
-18361003004
-5355233322
73602417625
12958400723
-111656216488
-274778822664
-9061888212
80203284181
-99838707753
-95353308302
-23653911548
-110470852636
154698478729
84633107151
-112706719825
-215054200956
50772438282
50644952855
-124451095015
28031084434
17483197364
-30159457438
32024340861
-214583674101
-215752337537
-107123381727
-221499640406
38465791667
-129021932238
30311103692
63254664531
-92831645619
25070497105
167676201921
74900442707
-133686029265
-20354599261
73071856011
-215066096587
-125437587066
86533648192
-83434797568
20837227315
-135933551945
155037944958
56074479530
-122409405214
-126148429766
24941653269
-276128167191
150593424642
-135046004131
16923791752
21251993915
-158047410382
38595713263
38924252802
87467681282
-100419591476
57635936343
143910272014
181049660375
-9002592335
-138235888670
-91579754930
-90748238385
219445400772
-18653058630
11950613350
27442264916
-218517647132
20056543401
135787402855
196826258753
-66972196482
-10408852000
-58064480163
161488052711
-89365745258
-217037281100
72498235819
81594765704
-78741406248
50588162006
-64627915928
206952861981
45040611550
-157102626495
-230822576132
-111843303534
-117561928893
160722379996
-51536446229
59894448134
59478352751
-274410784846
168700262266
10213028933
-6282639485
-60858450504
28892014257
-132734690269
-117320273483
-222312594898
19487881379
-222690542546
-214598155242
-9989418434
-90636063898
-71369065759
-10763271664
150440866331
79603390152
84170185832
-78002134447
176874345995
-23611550126
-147581785388
153149115552
19179206089
-209742012573
109782609391
-112119668245
28158455637
-28493284253
47183447014
-160660846035
-28279765003
-128915004282
121749341746
188455148722
95198095050
-34926101487
158828949065
-72595893807
-98224458467
163919106110
-6379178435
195664963944
-108648455190
-133486568437
79364939592
-43946971887
6717795572
-137601860458
-211943972132
69224142217
-106527958478
-150195354268
170466762141
-80928782006
-83007059097
155734478800
-155283568805
137718478138
168276280758
-251410665936
-29890876426
-76720025225
4927026765
65481684967
51529903676
74145021489
-84795506824
-38381671524
100320274696
-4859574405
-41111041712
-43158356328
22260690470
-132719817441
-300441910738
-26662162810
-15925150142
184535413189
-201237410792
-203664416198
77963292628
11749653393
-76020885797
84871931076
-24624401740
-254204564578
90955749143
-35235467124
171125085437
-133642401975
141238732265
132348783052
-109032994273
66512862965
12799939447
216973724343
-146345947261
35941219709
-96067650571
-119290349736
24037033524
146856731598
96576743286
-211551573145
-112141001438
64811400521
-197390997884
-261905071880
-235707118677
13099761999
-35015035504
7131810272
-285063613636
9747294674
-242786150182
-65987632695
12772826681
49566990147
-61552169725
-154540530703
-178325251102
34214288876
-88811910036
-104183287550
-49663599503
-54880240832
-1732309689
32062579577
-104588423929
150780886318
102483355730
180392712220
-162504006521
-12065902695
-9598471777
-59363464891
20937327878
-88189972194
46096551208
-244385888733
-243961147790
43163737575
-7115091667
21592050577
158472932485
-124132896515
-159955585942
19355502605
-71402094021
-148405958525
97618598048
165182119236
3759979531
-74917317657
-126307169668
78440787245
-248537683033
180369560417
-79072273365
-40951991271
56302623999
31622422813
7707639740
-92670228367
-81664701744
-184278832470
-211801630339
81775324283
-213752862661
74493354361
119018454609
53762984285
195294539547
-20343725933
-142568115798
-94007890940
-105599583301
-253918786087
-277905516198
34536805881
190264658848
-143890523509
185391247114
53305925373
-197114010141
28660016343
-125934115099
159963478311
-165691148043
-8476509107
-358260514671
195375654968
-191085056646
-151615700500
-183462559514
12485189146
166235757636
-194897102395
70681000031
149527560843
108813835378
-78979221036
-82161829326
-54896831061
-231186859811
37407782163
-107424868659
-81094468023
-75771568087
-7971785299
55611034387
54042114916
76421002451
-157082834799
-82236274996
-36292518349
-212431123072
-218507479407
-14756311847
-202125086924
42254032817
119067686101
-152174382377
77867679248
-18221314127
152109896434
45095260436
178531708931
-7418327747
-92114389257
-103988412510
78684445498
12808071912
154160385790
73035985294
136543612175
54620598576
10654378298
-223973671194
-184429608837
42922966758
-124368264933
-65600867312
-102549033254
-46766828374
-98844129235
17924203002
162252526390
-172050881091
-4307562391
30906278325
-6177988651
-143120906137
-255497852881
-246689301298
-193979465439
34875255460
74019629575
-93121576914
-140429934192
35356742343
-40290911574
-100918305526
-109445575063
-191356569511
181023488782
3013214825
-74381362633
-101736130422
-13071797044
-18927307548
-107483950126
67540599021
-214189115678
87428354653
140810873081
-5640518020
168567236340
-50474417341
104159627148
-84432814529
67974305758
149153928754
-48134155005
84428772377
-197058435556
-33235437338
149669722723
-48689015072
-60541759870
177811939644
177325460446
40524160296
-281662089269
83018757137
129776271130
-202950562672
-123589893972
104466077198
75856616847
-185829502713
87093828265
-106872231518
-220813866039
82312487483
155011702140
-189652317370
14546110875
53024128401
19468405550
-236537821322
-17609292793
2214879688
-129717627481
-216336360389
32537664773
46742519295
-123785157018
95765313164
-56631269676
71321553943
115318248163
57473769454
179363714018
64246734309
-49712787446
-64280371830
24221929099
-113081269152
103233327429
164636003943
183040722139
165768682629
226383853091
31535759285
23659335495
73255319486
112106918779
-111853478392
-82101237028
140680788690
128577627443
29906430939
63567597323
193268260224
-251920412397
-161001976949
42461513504
-77448677962
-6089413286
17992428091
-81924684401
-57863483134
-151780813247
69184152712
-36623680513
80968401458
124683615520
-148888306539
166874288911
-41243151408
111514156331
-248956088073
-247619760765
102135197467
-110305543071
-94667138417
217029897673
-6813615004
-25318801784
45327992050
-13811630854
103253132178
74960710858
-146684897110
75818527654
-176161978684
19035969919
102351717998
156123352614
-115661597124
14732910005
-82494047969
-82149944882
54437793866
-88446960410
52522142737
17679790015
-205233737101
34158404849
223441366125
-151792480639
-218328995991
19506387854
165872659999
143847622868
82451559378
158380736755
-167509745570
-68741755098
189796177025
77312867794
-88644120586
180156710824
20571010996
-65496177149
-114189290989
41985112323
124053649111
2438721773
-183796813858
47935899122
-135481576110
45504692832
-111921479908
70445223758
-65446930346
-219288431658
52594741241
-236979879072
-263220230664
108930230285
-6739989007
11527518652
-252340524253
-122601727725
-254001724031
-241023112529
-234884462768
-157260347131
22953365016
190858360771
72218292173
-225765334088
-48513152534
4165116100
56613038918
-166108205318
-259710878138
126917578199
-248569527227
-110414554077
72717847067
46817101043
194547602860
-135444047516
16249604835
-140339551163
66416371127
112781867338
-59023305135
-151325339202
97458756191
-79561556610
-29227834146
132786030262
10889872523
-152735233721
-163474265643
-99979855529
174745654877
-180653341831
17962326102
145343237020
-155193326918
119244062914
-160875262049
167085255318
-167938909202
54072576507
-148448765246
-91720659014
-11847575884
85036013321
-89638487844
73454478741
-58969457264
-138374890447
-180382266541
24468394069
-153211496765
37988170363
90666616235
-242204247243
153716634307
-57320738646
100670172470
200769802001
73306253101
171970152695
114670951554
12548213994
200132852159
168726162613
15585218782
-1301774460
-11653083070
15263140389
115781983263
-149867131011
-277305490484
-121702202450
-138176596361
166064936793
36222740604
-158345448948
-234647124744
-252485896016
168326555782
-120095105447
-135490272384
-100055199578
132043559577
-60922244250
31038211482
-131747043268
-88829205495
54405347258
196322471413
184741752824
47503759514
136045037421
51004311607
-22494726970
161153036538
-263005298819
170010187777
-114010566434
167310551342
-147726166085
52141942917
-105636672987
38643180688
163366166980
53018179233
81308663471
35770288225
81795447537
-160225923677
-174973690099
65685244650
-96200032156
132260219961
-7958831239
-104724758311
83836034938
-79833269257
161307457924
3164799969
-39933279720
-214095528331
-179720847072
-23464274467
-6199335401
164212741748
-75732194035
122473127451
45033442368
-180795783943
19149534393
-40248728476
57533000073
-156074732696
-22865358265
5724229474
-29238579668
19927700918
20059282308
166203107780
-116182053040
88021414539
-96278119867
-91258429902
158253448702
54301439762
163852570251
45705907560
-113811450841
-160878250668
-5986271288
25183990707
-263670749539
-19039357343
-112565996845
90393734603
-217309388821
41554614149
-72864933666
45859290103
-71420218836
-84232714490
-68709883710
56179750958
56669253880
156885950046
21068159795
-220886038594
13697637476
-18397776145
50817138703
-114235058227
37649144562
72740465832
-96110581457
-186423599680
-149128158708
-193930531503
178430800253
-46477515014
90629710268
124404300037
209204525718
110905576623
-207778120060
-153323016047
12186881927
57733071105
114207504308
-73554448390
-34109298355
-59177649066
17734228835
-105284168486
164400041710
125486761759
74853162985
-153710695745
-80161030048
166333132181
37311102656
54514894507
-81822945309
-95455657716
-114235112161
-158895514379
203185074141
-161184268175
34102940807
37186613451
215090247430
-108829377950
80699431069
-30429280810
-75538400928
-100017978013
-120828198212
-5865527128
216336687401
24249774590
-77225430273
131754036050
43247847686
59580940187
-210823269869
-247385585450
-286727732718
-17230745483
-249608509634
-12444818440
18954116495
42441983792
-127758024867
180299266113
90637747221
-100588209657
78653378333
-99189632727
-80051142863
16493721783
-142306881226
169033141235
-107091962685
-190239226356
38837734212
66413532866
-102082406060
-237208905050
144596086694
-265254142700
-225788365791
-263309440720
-85029401086
39542027958
152822592150
-37027968711
179260256139
-94277753303
-93644552093
39343512021
-23071084634
162230234134
-177195226834
186642978514
161058150501
-136416606206
-280420513169
-69226203530
31348284626
51224941730
-192584529857
34447413360
-101260324398
-280181621876
185610793479
-81607146581
-98196479972
-31411325694
375458358
-63366096702
-68925666740
18255913358
-153154406353
-157197143853
-408094632630
-58987978133
-5049021546
-216994354081
15324510414
34056096673
-214573427189
-63147177371
-35152151913
-261163263942
96262983587
-148830230788
76499252483
-5223799474
-98967806165
36554225927
-163820978743
207653237274
135056142160
-30136644246
-232141478694
155654363543
-121586671861
201415786758
-246539445478
175442040634
104227406670
-115381626294
54961398302
-292336114746
164459131785
-44233900889
-97522282825
98748200680
-139702414269
-147897492968
-216611031882
45676344098
179819057479
101788355261
62718687170
176939498302
-22270161400
-130664990147
-81973924244
-114857697269
71196416434
-24954605222
-63063231985
-216721969357
141577986744
-265376551940
6739747351
-54397919795
-210696701527
24590440348
-14015217222
-43572721620
-230325482961
40972168237
81405328975
92000109977
-150476590356
15512438123
-125704358854
-117855722196
-87688624964
-205390142301
55224939060
56530900765
-103532918263
60191149347
-14058191013
-110101879288
-190019729918
-106826011060
-170387103841
78527187963
-201574827409
-253002654915
-207339839923
131924061508
54083865545
166484693634
-201482965275
141403457544
-62504360915
88791147627
151610489210
157599783741
-213250761850
-136449023176
58338634896
-181008151545
69232340024
-23116116885
-16898996037
-7097302308
174522576675
235567614036
21984573994
-169896260512
71438763209
195577578422
-180037990998
-82613176015
21573906082
69211331593
-16439265398
66434326
70015960017
-94176824537
36417702156
-213725841427
224505353986
76200533893
-78598909244
-90357285605
-11943302126
-79555656487
36852352046
43532770129
11831661551
166880889200
-113585507417
136374878006
79444767037
-249322941004
71211304726
156331546505
-7322771390
70726466617
-99443776814
75090157297
11125665306
58055740152
143823952980
-279925826454
-83433463938
-67626915811
-125335631228
-29056839379
48282230980
-249136938190
-158448504353
81628931891
34903488392
115086851851
-137501639290
235567614036
-60067850550
-6436106750
65390668396
-257348611142
-246471809332
89139964928
-70751063619
170181821769
82233889997
-95673478557
-151433169536
-136253817774
-55451985427
-31153072233
86190385029
-279048934529
-89231040203
-144799315156
82513758585
197942556638
-89248401260
-133474290677
-24524652172
-232321126956
155212497007
-80138911374
76533531094
26680272735
-147473122740
-238177147736
-137860541225
-16988961727
18249938579
-8808061373
-17156042987
-260059146453
135631893838
-52428008958
79067745177
139545294229
128943064052
-131449356861
-81745190197
-67690666483
-60031422810
79849853651
-28664705655
-191961997275
-115292869759
68546137607
-48683484284
-33532767945
84639864728
93178428120
-202512701778
199891390918
-215428783133
-129708030899
101715539254
-78757730308
-88792881597
-175450709885
-108676386881
163795116513
-184086086116
197676580448
24290354044
-56321948303
-160864502791
131178289223
-249640985080
-111449860640
-83576481292
63066017360
-149526995553
150986624236
-51935833915
-26051353446
21113075219
-245615402576
70367861776
-106927114934
73103197604
77000084473
-32099286194
10255609830
-165938196939
-77095926504
-16532873826
51221818660
205574828159
-125014440514
-125299136671
29559514905
155533393936
-102415302483
157188631834
149250096659
11972815
-71380882733
50461182186
-134374651698
108153489294
196990115865
-52084800940
54866024219
-36773802713
32698395612
89422337104
-73973360983
-43819011297
-284518720673
130145816765
-43320290262
-90622508470
-133195112873
-58538831132
186427001292
-159137815904
209356696779
-60854380494
53576923187
52364781386
62395561973
33179465828
-175385578942
8624940838
-4111363279
-108514746250
31354155365
88217710509
-50191906956
-86327934053
-124261008864
161532757645
33210419341
-67260716207
-112431820800
-243278290846
23022203813
-109921890575
-131565672705
20346623070
142960553003
-13618081112
-210059546755
155440649497
153639327344
-248416391699
-24407301767
84124652109
123686650050
150656701834
205824628516
-82718533561
-249101431998
-78195295438
155276321485
-208162025874
-51206842527
-49675074827
-88813912581
175558836304
-84547619521
-4299509772
160488132974
25904197542
191217661099
-161672193068
115824114716
175525662042
-231467604858
-146559678751
140579344305
-44465669243
190227806327
-128163621760
166567425141
212551182186
179042417935
90893430416
-64758387014
-180939332317
-21709542303
-115494604649
56458613971
-255333734872
38014636755
-109880365663
-255763273954
-35945295752
32340192920
158665086798
115685526978
-8628551826
-71912117784
147237299822
41020577775
212866885145
-1859667802
48478339574
108686112855
-64952353541
-119904647474
24107327952
84262112731
74518623412
25962284363
58079940593
-252147897586
64822785986
-75500948718
19261678636
-14601983098
-81130955935
-158278830830
53940141904
-110016577465
20231485881
-63272135152
-39625886057
-203797298661
50010710847
-5312291471
7770791944
-110505849246
29833235309
106713467396
-42218476717
-51404221604
-232306620933
-2282048684
98241933639
-82242819111
-199179842416
-103793933078
143636474695
165534508307
-123183076489
21461933357
-64859111554
-168294661591
-81900853486
-147764109756
-58068287645
17573907473
-88757360570
-265623409693
-85217159003
-315490268882
83053793118
76451414755
10897371903
-13893052607
132866562084
-97311058270
41280343279
18879706064
-222076044241
11790333581
-74163322634
19315196325
75282037264
212758791466
46248289838
-81131912855
-252628913128
-116516363891
-32519337786
23429066737
-156950786607
7750476408
165418349957
-95247883846
-30426168867
-16444917388
-4257003421
146379285856
-78458850576
137005895601
-23387953732
210823576591
-132152880599
166683571079
172395362162
-238549410762
52626093155
134970135253
-213218325331
25174625220
159068418019
-22404210515
-56112853508
-76743162703
-115487508584
23985027078
-101340102496
97539688348
-112476231799
-114742523364
93076159457
-79925599758
-143329641584
-243769443945
-155324316068
82932254340
111517775016
166507486311
-112340637633
-172146752691
-157062905370
-7782595313
113322928007
161880002065
24864604373
14925344113
71627213197
74494336510
-43093948999
122852694019
-21134951227
65943038835
34355349305
-246789607223
-239955810260
151710858840
1525004270
-69336993942
-274482237334
4843366135
-88748734791
-10897066586
-147754834351
167117207914
8783410159
-7706297156
-162574509279
159543589929
187676749610
-8352524590
155958939064
-51172015981
-10294833597
9748652420
-134823025823
164577165613
-12108253627
-186598507963
-232416757545
223915429321
-37742297301
-155252562573
-1056150669
63429157204
43556818467
-56714902747
-239794164266
-156524053778
161739988442
-125267345561
-97893800789
152202387013
45047706421
-102284184124
-13111631933
151595027689
-56901200590
-211870191013
-131679942233
53568775110
-248146764260
-3739796311
-210212212639
-91787453711
-106406631261
-154544285882
143054330633
-73464969364
-167286039682
173617619821
-204975061701
-39594030944
118409742934
-150161498128
44908041132
-257082826090
14362045627
17293709833
-135532083178
51196630772
-126042042836
16481435445
-58494356544
43069693877
147573331720
-189451654127
53143967686
43954025907
120314029507
-125841542247
80754489019
13965801090
-44809188424
-256747617747
-93318478397
18270324789
210315040806
163169968892
50075427196
81630845628
-31297268404
165221383096
49505648561
-207323797606
-210883069516
-133760784623
54909674995
-277485301745
-5247797183
64864108893
-76936742391
37145191828
108171645317
-105722424654
-29112816843
-51513320858
-276612121737
-214680884326
-137425477108
-18597494079
-80291915330
7763567721
-155778619532
-160539382742
-101017194224
-23948188437
35619368074
72888534472
-183171994423
-905247745
219671392442
46375118169
-4508490044
77358421165
-159497388819
-20449180528
44855712943
-270405720011
155266475288
63767921919
22983026938
-260034901061
-153339037871
-36837820951
-58195406860
112954003807
17242075209
-29316269881
-203187199158
-49788655099
-79038984750
41331956627
77617993716
-233278963932
74588576660
76745194244
67165434693
25491147318
101702745109
-90144422070
-156066034211
53483294018
-88893061924
-42469752697
-85503167904
100403400336
-46045946112
150130397267
97271109012
-144752114730
11687620370
30467799878
-111964956593
-141778956886
-264567807588
56929794103
-220927892064
-235293802530
-72389445070
14576853655
-6670134069
-941405824
-282636119286
-120743531536
-170989124343
-79538774003
124008607062
92067673046
33105127532
13227178307
38781692057
-89154611502
-26683652050
-189756319354
-136405786049
-6639102877
-84029025917
-109861814216
-27182378175
132963734079
-52091596628
-106409154818
3495660637
198996327896
-57009841870
162986665291
92359603369
-92556367118
171180641287
33980352306
-151559430179
21842718239
-127922278056
-75956345833
6609210638
102221986745
-16514883561
-201414790662
132490542878
38134216214
-84130824826
5752303867
215588759777
-12453580426
-88449508959
-248042008890
-49717884864
-19183166886
99450220873
-218245232702
-82115458892
80362433195
143377954881
75124549998
-728281212
-11466383426
-94354782860
69971841880
-131829869818
134163863512
-115686171917
-134857323671
-82367454343
224577686743
169356285875
-44062958328
-125261005841
-168113273160
-139148780019
50306407532
-147982197632
-37739816023
201995427015
38550468191
-38544359940
-114877092886
121099718257
-74410697114
-48544802790
-274843103709
68099037529
-119567049680
71369806870
-124425175666
-42646022947
-17968356841
-125503090128
156654867473
-144213037565
80866690143
146911273127
47734478860
-144208379496
-153065580672
-118311513732
-64985182383
68681478509
171040377730
44269377306
-5714340705
-85243899316
20160904329
-20806284250
-130735311767
72843141148
-18814617505
24523637950
-81429660934
11670309939
72097762885
14595852233
-119916764089
26883330676
127216971496
-88149271144
70361566648
113073253889
-143729632694
-121384760645
-89992906957
-125133819929
-155372562783
-103795339935
114623619069
68861038565
-92837663526
-89356762466
88188951991
5084357539
-179572203065
66268447037
-217560996449
151441992164
74709729745
193816937584
75880183658
-136633096909
-308626364481
-182459792645
-248980787253
109940513311
-104682770260
-258023261906
109376203154
-192148139812
151232357686
-2896088584
-47098552720
-100083268761
157901719380
145369139347
-88566760984
2839500536
28112655465
-157875640575
-96226051496
116752394819
84314148428
-240394882534
-152177739717
-240124912391
-243243305482
-163141240053
58109814126
78248300993
-187195941587
-161846931591
-101878028433
-106215735989
167703464467
-275477591616
90318091631
112656495957
20968706529
-173572576193
110579976836
127832615108
-160835958614
225480285767
-105469001163
26667500744
56384646416
181368057269
77728757721
-149209140322
157913490335
52467028240
-88271404638
-208372791077
80121039427
87814440699
100795642709
-193986238640
104157579025
187215353777
6325571746
-171814686062
2982454325
-256070140678
28684550717
-153349023525
124628420072
58235619864
-86530222775
95984838218
38752769937
21747423337
95572626821
30694356878
-50933006211
-129272056789
-77165249716
75377829991
68137224148
147743618855
20969733863
175676053147
-247232516980
-103050798584
169261247633
-31268702822
142251360465
13387009693
33262180717
217608494789
139709207120
-69930313112
153086283596
-69056944462
-7495390248
-180918082211
117198625289
-153615526558
-154159478271
-257428059140
41200567595
-14972769922
157230370453
49289076201
12616781557
-12679350297
34693732543
26562877408
-186175746469
133654328749
38515027359
-395996290908
22105200163
-150770728247
145798318394
-50556545194
52131186694
33437643610
-200510556244
10603516287
35713568993
-33113491365
-35481795555
-241016246819
36816325990
-321706889234
36031012543
-11262696927
-59512773869
78856385746
-120705727705
63518668526
-214619888582
24729280232
53490862880
33140850958
-33059478600
-180872203670
154914436143
-121014297949
-12492628958
-162979497162
183464639408
-251789663701
-103452159607
-141896456110
-209168632346
80003184044
52301136810
-150589471156
171145869463
163299123339
75154197102
57377636758
13685166053
-114754753522
21033660001
-85253707435
-26506207151
-158539367593
97877189799
105947462392
-84476777014
-158798907593
-119806460283
109896632439
-25479618135
-43739406737
62961857787
-57077423726
-85232560776
142540825372
50802487370
-35400598012
-4598273343
108607155161
-34965150044
-98748451324
25452205867
-71011090323
-77117272715
-54264940777
-87903324996
-161242589732
-112309763273
-248112936604
-8415340649
223406507218
-63385683587
-132864831156
-43275955995
31611338732
-20566068403
-88745223102
-258645684884
-14864596619
65941109770
-245771161157
-205410657179
-76324978348
113331084297
-88455558152
-20504977853
174248674869
-148590655028
-166060366500
-111661595404
-663401036
-85832474754
-103790413015
95761755644
50977600155
-218266532009
-8897895654
-71914948651
-76602407782
134935912297
-58010886839
-206162204866
-82941491729
-75304217007
198299556475
42093227990
120613525646
157007780375
10479120304
154846868574
63014234720
173587929754
-37789533829
53243131941
-81378474125
71450416716
47834288858
-168231887163
76851491815
158773161000
-145527995989
-84246957994
-177789822837
-205539634313
-144904169326
145758766072
-111565388472
-27201453956
170558574944
105334267011
-105828297490
67056195384
-80456578186
-71808147691
48989621599
172696984215
-122515256718
178590105813
-45749054290
51371493965
-191497024380
10007261273
63131118402
-15320436653
-193183766763
91373488612
65493755622
-218863120219
61549843806
-238271539241
84135472001
-95166836467
-81540474355
-131060309988
129266710310
199948886591
157821099374
20567808751
172386498219
76694507256
-94712402023
131014403115
-57525279838
73537421938
-215345815787
-19129293245
68247450252
-934921758
204451620699
-89842800691
140835343656
-92254597944
-42524847414
-210792948949
-130139495015
118822924169
4064695962
-116351137191
40688020904
34280556675
-196858395955
88050069413
-195011679837
23011376001
-198908273586
-109529580898
-85647198782
-143555068771
190431286156
-68722250818
67073262939
-211572474337
-77444625570
-46744240579
-84861554283
108216797921
-76408377867
-111979788904
-133587759392
-17667028836
165172768334
-198601558153
-61653628143
-26827698320
-83843544157
140221366895
-94006158596
123901454717
141289373093
142671129302
-107153476385
-148426676695
46260566592
-101617752224
-67846797491
-173452601526
-2074221208
-9788218510
-65304770027
-5548746126
13161325334
147260809144
-54318917906
228516620368
174523831549
-223028134032
184184194035
65357404328
-22247512741
42978784087
-232979893790
-116961300840
-106843700061
52321754137
-145599266082
130949664436
-128015480109
44034681954
-246900870171
177831363601
202219745112
-18411391851
-58570872187
59695673568
176602532084
-103664800214
-35926011992
98042083000
170246310233
15372646766
-43648704522
-361181448981
-79856513043
-129963588485
-221457232307
37340650424
142731670560
-278370580695
91146070958
-21638394876
-232607180921
-87801975696
-39603225499
166115334515
51661524962
97149151804
-110757668520
-97531952070
37223118731
83717435262
-97119145709
74408168439
144166759905
-1915202715
-135649256
117106545948
-250822912430
-146491556420
175358390793
-37259917666
101292604157
-9383628782
55521253255
-85972440571
-249878023594
-129582875131
-71690079696
89854230711
-114445862739
144597941908
-184636714033
53572998159
30939391782
-112296904467
171151047365
77709691215
-67766584352
74058065740
-182938322566
-219540023390
-165689746044
-97781082762
-16384013719
118057921559
62038233531
20428948922
56649276409
-84191767257
104981620254
-163191829234
54596284366
-82487372344
9271039
22148219380
44032381738
-582637221
31193723881
177584827561
166939935534
-243068727857
-125284872010
171957656195
80416458801
-109832984621
-12248618995
-69980893871
-123675023320
-112909557654
-73878388810
-116517974367
-72302717879
-47948329420
-47555704875
58959657409
-288655293485
-176681450144
56799108915
-219486863534
-64917240004
35376274070
-89068376438
82328257307
72659527955
-81974485790
80557348123
-12016583163
-185837633621
-127408802844
14248167694
-28761580041
-115207887084
220752244391
84348219432
-323817269122
55586050503
-185328124614
-109715168018
116936503246
101381474556
120871784181
82464463150
-93844719002
23924360041
-103099807796
211986945956
89414555940
-114967617841
8608055447
-125147454341
-127264950994
170719189839
-184685188855
1298161113
-68345743881
-81279455458
-15923130208
-83063777028
-199317755230
50009058657
54255259144
47682449378
169709287844
13548230167
-25581796216
-64808569079
-2339668626
197774293890
49887221535
49499275682
52588878345
93441859525
-84604531413
-3991093405
-257620210766
-232014623148
-8472102036
172696743592
14683211488
-32120068761
12526842201
-132043141555
12548040910
-96283809307
90302073478
-152585369289
13703187701
73658839344
-41007870627
-171357467386
89331152774
72412785738
111886658147
28735509399
-2755213434
148895184589
170170641577
56776518766
-54210949526
-93660976244
131420582854
76697549677
62827264687
-235833757221
163866568561
-204534456245
-3994311223
11597138802
26031978116
48674403057
-81414186498
83653879717
72548139604
-46278377155
62799022101
24362993259
10518438812
-138838906609
-42365703
-21141195615
-63126593570
32024147581
21655035673
149372193279
-197192929728
165922431216
23748045277
-49017232549
38838868819
-156801544931
148927931262
-256256971726
-25733476123
83151815883
143381874472
-214237286488
-181284206902
-156205345196
160181962395
-87637278372
-5552231266
47738313741
-145209430713
111375568631
-37121314928
-237153258620
-225822024387
-15284962293
-188317291948
-52516688731
-47148932684
-143707814990
-226204542058
-284153357577
-120836721032
57299372462
174964034452
-68722774546
115842441062
142400639962
-30156338047
-79090029744
160350633438
143386677068
-58254427612
-173942060064
32998307115
24162147206
-105318641001
156058325403
198254697370
10134448878
3712547688
-108236217025
-130424879328
40081772004
-148023997089
139610392370
197462479942
-20521728167
-41674618003
-214457914821
108145212252
-113023122271
43299264574
-78875559090
38277576136
59998424985
32253253244
36301505288
181793563342
51498905658
134750529150
-260116380209
-177875416099
206501790824
5588259125
-27122281741
-165307603967
-67294277637
-110350808292
-79750809563
-245054054150
-176375287397
107229322527
155554218515
68828762587
-117491839623
-217922132655
93027757093
-42651959499
-78741799144
104900321864
-133810371798
174477906713
-49300991159
75019424622
-153856515279
169675677588
-155609486842
21978467862
-81113735267
80967939832
56961265929
51296855922
96263085986
-18783573260
58065731943
-151336868473
-244993216032
143390640279
16718506956
-60507097525
-99701624494
-54372467813
-241197523094
131197192903
99314940208
-407392801
127331809320
-214575403851
-8980825316
-209405343895
31360269733
-99367489732
161059501050
130092126779
73897039137
-290191078555
113721560900
-240479036847
16933687970
-174307000241
54093496574
16585851365
-241929079734
83219752302
105298450733
-12744617857
-109502223187
17753053035
-69453716478
9670926686
-60376831490
36569980862
57040257981
-76451087386
-138648753153
-10708541402
16340131530
-288118162245
50992536868
-60134344236
11992578909
-117856656958
102670002283
81700692660
176464272943
-130554017601
15204360891
84527243581
-416728222592
33380586903
-32358399982
-63179734034
31596509769
-29122218504
-101267032797
89699258562
-158302572031
-120759534685
-82303348214
178453908144
60820979033
28555975132
163282895018
-118201590419
-88483669231
-120939857127
130721942733
-47915139465
84591694830
-108211539598
464235049
-76338350162
130866442108
-106038283145
53723433276
192777052743
84158033945
67142888402
-199149306079
-216761777960
1830865714
22316462287
105346102720
-162875444028
-13616936038
30280943001
-207671078664
87731179653
108148739794
-234127171413
-206231559352
163302062659
18496686009
41471659805
62640051969
-3664844404
-209631911011
-213295423353
2651302069
88300797317
-249718914851
38522665666
-158755078731
62337921964
108087218378
44496175081
87825550932
-100441937316
-182547369913
61333733142
12616926738
197255509835
-84992970868
-231340240143
17415208428
-60155227168
-113561600185
5476138487
-80019892283
6743796209
-244751281317
-81948462710
-282710301074
45156813922
200764346705
201894516126
224816981226
50423558602
-171567633080
-157917203287
99028964716
-8996277088
-16109284
208922738807
-196997039212
58259119097
89044568184
-96345030458
-82970755426
102459838390
181970115043
-28030002863
-117354109792
-99296040263
-88998382737
98680598449
31870249850
-113843219702
32018515997
68893393360
127948974177
-174025343945
-90832405467
-242396803522
-183775754095
148896654937
-32026923989
-110861002029
19170663156
-48798534271
15948856753
-93574939876
69502467234
-219685899328
-63400503940
112362904770
-83992894324
-114355958821
29878653341
-82395753744
72519256539
189830242377
-262786736962
-16859090898
-224354615184
-206805735727
-106151410546
195130536481
-26255272006
146069836069
-21001425037
-73487341668
-97887250807
164490014855
179049488002
-213439029635
-172839596367
-32278440097
22956704529
-96172879136
-52741180659
132970837486
94141637250
-142176594708
168913351438
-71268700546
-215004210987
-154804655503
-137361581300
-221530707649
-101010148762
82888537763
-138966410621
166254515497
-138291058241
-775511172
96731982060
-154182717179
-248654069484
74393964177
58761264866
-85742481260
153141267162
-42111679470
167462305257
101769623308
80698093927
54569166127
-147232579166
-151336751827
32844752530
-257353514610
-75283893923
-213981862981
108026693085
78049314359
-143322983879
-108131897859
71917748463
-90098457173
-24205774227
-78759640666
82459776420
-129118020622
95596033602
9568020604
59804671269
16311317419
96410632486
-143787440010
217633032958
28336190797
-7293683265
5230975842
-297513513923
-4052053251
-114159588040
-78089789016
142414949480
-67046940534
-147648312373
106179663549
1999863797
-20659859800
-183819925659
85889384262
-20142599005
140077210393
135651953732
-142403614411
-42596753654
-91318307418
11855615480
-53964094843
164085985281
69534168837
48170113931
13383808448
-123108265480
-127811892319
-32043423900
-6478819496
18872780424
-217610536475
-263358177807
-63829202744
58511633983
-75786843739
-17413615540
-39734746355
-149103417818
41170710430
-157382003139
-163888940871
141066879079
-34118685591
-191007434865
52239005621
79708096144
179290034379
187587005354
-223617159612
71670186902
-122136832766
15597470633
90021410969
45282531686
-213245904848
-129822055466
-91814783964
173366463436
52498075329
19262526570
-137850087688
-100805778812
6983513270
-32363648522
22125181280
-214817590705
-235020048998
-61467599699
-25981567302
89041722270
-14367472664
-253850234186
-82698403269
37598662562
-5778326540
-282771180273
58901141059
-247587238584
-133165674781
-172903895421
-218444682227
-93570527206
104889503414
175503288260
-130469949945
-161271779345
84396374904
-8521256510
168599746009
166619183893
-37377440055
77391645704
-242176838699
80757169381
57667843871
-105005423852
-233930438512
-78712551419
11011293897
60907688026
158579695450
158150190306
-67566417224
11069004395
4420050527
172394891435
-102180536066
-199430857916
-85077056122
40279212759
40472377383
-83856944933
74578048846
157019395555
-155587737602
-29180556555
-123141694693
-69117632489
91195588867
-47073455138
-20983566634
79539654527
-39880095588
157877856890
23865961949
-219257263762
-92223963356
-204770705410
-213626928045
165475348466
-147617845159
-26056821979
152839478092
-41244222526
33496589187
-27979532965
138276737561
48699267312
115158490719
-244029108306
136857170557
56422621968
194674965320
162739903087
-104766345223
-239650122849
53287373929
-86603546377
50122551250
67915498073
-95671877061
-151693040167
-195043683058
5714388649
-233941213347
111029308418
-239518353925
-112326543777
-253212486732
-125761403065
73359858121
-147495876247
40382325388
-76293954912
-91793612130
104870926392
-138167816055
-77252783957
125810102498
171022363193
26082208191
22794317056
2010920562
-118461862812
-131652041699
51636519912
-178693740958
-252924586878
78227015250
-90474995909
-16639920320
-10519850158
17251158493
198952008645
230611730839
-92668896201
76922748887
35867191431
146621625797
142855047120
23375133691
-90115817888
144573749337
180581472450
134058168362
55499974085
49202212118
20745104935
5002673546
-58153052143
-138423374526
-62545080905
77111228173
-14348926290
-97545407392
-208381165761
38910075367
20958214910
-5075998513
-96857576590
81201315607
-143252661997
84536579105
-56881533647
18696755207
-59162743415
-23640222897
95082508235
153744882198
190279201709
-108528307565
69264692257
15941718299
205111466161
65336865923
88617130018
37189653123
83258992409
54050738266
-64830640591
-97955175770
82937051949
-36165007247
-95376334203
-12275098447
-179057402566
47060367094
-81839950409
128897744605
139863348841
-273947198716
169542374878
-288248429305
168905829473
-28057638574
163518368087
44538423498
161501504475
-74466834046
113862560836
-97195010315
-153648827060
-35994959101
-28238847341
-271638409
-52340554145
-80962928215
58194655358
126405507174
131180679974
-80942844418
-46448357118
18792434323
-183040370941
-100134798469
80981415802
176243893794
155276166901
2725475656
-28544373965
-140002617937
50677409087
-66920982432
74397038524
51466585018
103628750666
-36831727013
-244878050309
166622212627
-123811800600
190337046109
-107099062033
-124795630853
182482849352
18127605783
-218886644873
156717772948
4812889173
-122654122668
-145578970567
16594685018
-163419708744
49889474481
-135070016788
-55061576282
80216691175
-29025449877
-79689599727
225136976167
36842959730
-6323487514
-248047209289
87576424881
209023473607
-108119071638
-3276464113
150876800022
8747876462
-274209389366
7106842861
64706565746
-266245790615
-48841127211
195165939935
-86163757084
-78745400684
-86814168364
35234614895
117196129947
-229855240291
-70468371728
136572455377
-50501318014
9816626146
159531722630
62846044741
75376825870
87093828265
78132823893
-102294420580
14095571338
92774065420
49527595971
-111032076026
-212207946660
-220909278383
45688289542
-129870799629
41685695897
-54960043920
53882119614
-42097621875
93974513204
-26082268035
-35026196512
-253940774732
-62942920123
156619993300
66126571168
-149304566733
582519116
-7752798749
-117244734693
-58627727412
-19476157044
-126969515306
-11574003266
-60624317675
91976282051
-115482990129
-65451259851
-159298448773
-172386612180
-208692689416
37261192526
155444722958
155162488471
113966292611
17797968535
64102075519
-82839474489
-21178856918
-19341052986
-125717227532
-179044791117
-233375863874
-566254187
115980357450
167700122627
-92645322243
-111760169812
72578510626
162348656346
163397137876
-80615666180
-147559852036
193057010660
-142495204243
-99897752157
-83599663636
67153850575
16407103323
207760673031
22382931661
-147753208417
157949537149
-77534054424
-4603657546
-53822332429
162853148916
80967108761
175141020597
-127158600949
-262772792726
-107646058068
56467269799
116471343054
-203121608483
-131361124024
-95000310564
-77885651285
-86517290407
-28189168070
-259547807735
-224526464497
-178556395040
-87337518772
84940696707
-81658246937
73893221589
83317205840
-122621013267
84017085758
39103088288
-9062994307
-11207975415
31324654613
-21275582294
101586169870
133931389768
-106764664024
21564880390
-164935246067
-257594106910
-151872884044
-99499716985
-218244371967
-4180823989
51567079344
71131057635
143894725111
81601118448
198569627069
-172765729708
-12723088350
-174290889204
-133672114678
-121420837446
-246078118431
-150011932124
163394263520
49259360348
11767876193
-236596950931
140297995195
16243616036
-10863292724
153966282343
32325490059
-75377331263
231278583402
-245185811440
6025162348
137940595794
13043804245
-256227032326
77670361354
182181180163
-217624124083
118906014693
152392592361
-172000748667
-164122458427
140363592090
75105795632
136106836612
61604518667
-25899308431
-42066741786
-96340459644
-87893261162
-113436188051
-253777345441
-6531662351
-129254016526
-105010901984
-143344926874
-137485559252
17990158167
-146042932348
192941750832
164262404666
58093210042
73122510401
-112495599859
35908011122
38656138649
-75937328032
140298044504
4661955459
-109652360924
-51689890471
3489568498
81148914518
-120974817836
-63319288773
-80946231317
-79155022886
-194698376553
72070898293
102234742971
-31234488504
22562513036
-245669297466
152102753613
38234285069
66681331104
-234403432353
-123408651721
-98157293272
-89182970630
12462625047
46300888178
22887576784
126464804444
-148749714416
-104070243775
-124225269322
-59923407897
87629820706
163908582917
-103320068963
-68830693017
164453412258
-119126227859
90359929258
172473684781
-141673509200
-13786463232
-146876034177
-232277258612
60077707514
-5631089894
188828870155
128818661187
-38722325438
21231242197
18832018651
-252934550275
-8591489779
71855430793
167241385572
-181647950005
119517590402
31064190221
91801199549
-53049134679
-133080413565
-22272136516
-192792729936
133162946825
-39989531381
-90030834508
-87470527595
30476975997
153644554698
203028242301
87984160481
111955421760
-67688255196
-146694587937
44960074092
224015227658
-77808749324
71583926835
145204715694
-75886416386
147041602968
-217176287187
57541448358
-265063660198
75245472021
17074256492
-82266639522
-56487226851
-239090411646
-666392103
-76405956401
-309563736433
-142218036570
-184654397507
40973644169
150379725499
81987602276
33560960014
49020644540
54386836564
202932897644
131702184366
40681028013
-127796395229
-264034542542
175285429859
-195285168054
27741151813
-266048686793
60967903674
20139863471
-76627689594
-270266970169
24731859437
-113556930409
9743126921
86130827716
212446341207
-57881437934
147661204293
50378540209
25055324904
229829868827
163978714311
56465238968
225706475096
-204715754189
-212207281253
-359919722416
-137743473560
-72548158729
-229852894038
-195426606719
-206563038584
222749259843
68955759511
27453439763
164595386145
-5624080131
-114584298945
36984057266
-187291907122
-10892758486
-146155209676
-258197831037
40510984162
67556815900
-110444210417
177264591435
-251495824768
-152241239991
83847399493
37837382745
-214899884455
-137077628765
173542172725
53661255518
156673430899
33866277166
-210341646411
-179680549188
-112264478575
107429578975
1096433739
15205928647
146938637637
-108546614801
126163739893
-226839093211
59281272923
83891390832
-93284383874
-65882777986
-137789767546
-12187804131
-77812244017
-97121741205
-88859181322
164856844821
-241746971308
85930927214
-128551814023
-101965780342
-133868423145
12728469286
68503150316
64318329247
48989575947
143704462425
44994690232
-121931435976
-121651332764
92382067768
59703000069
-22220381152
148992058114
-286268578969
-376649095984
49349862746
127942463111
-290729412773
21250816753
-86589466554
31036041644
184841349660
23076468294
132081784551
-59047860050
124002508179
81998748850
31244777666
-247332087758
14162173584
45559252913
-202000281270
53770626564
6227008393
-3142570003
-76788257577
-128556877225
157862549051
66015214763
-124171074127
-152675046895
-150279921779
-92737667104
221250532715
129335593723
-102219534491
-232908879734
-59085572726
56394919800
-75237263563
61025044311
-202964041715
-13130669259
32907374380
42387081044
37414883121
147890933878
-147612423222
-175003902674
-123272701926
-4517249850
-93196213538
-251658434769
59034494814
-70314984270
65008524515
-230846805449
-76591435425
150581599801
47544628939
104271014601
7720477665
74967059475
-911773305
90994331704
-160383850419
149845741586
-77483476974
-155935151368
13923086547
-84789322152
-139337053973
-28220309440
-8513916178
35142324581
-113760966795
-63686176609
-258914559674
-160368995396
-159009508312
9372701700
25066659907
-41333153274
-10023758194
-78610228409
33276795924
-109428696953
-137281829433
79967330690
22148503954
-8248557918
107710572575
148431800025
172568627016
-110464194150
-101791064456
22486270586
-170340501607
-59181323090
65932918967
25886329999
-73183453655
-187047944152
-105216276294
77281551951
-160123395442
-145791690035
18491029001
69291841285
-1220783313
88008458497
14485138744
112689250201
84368357894
71997933380
-2540695141
74522990130
179691369444
-194996615852
-89317491854
-289013224907
-118402432544
-172277142178
45282134044
-176757212234
-40016525887
5228685866
132723821736
11292394399
197605069789
66063202263
-209848326338
47366207629
-158412212376
80335067147
-87060612375
-118879013183
-102979576244
-18213650290
43657864696
-93790813876
-94063173597
54709477381
-154875274651
-135264028830
-284770395440
-18109772873
-82053663332
-145561396925
-19199373294
-111274298465
-261787209232
-35718132032
-94698747447
-121496640972
22380583788
-130263906331
-17539765891
-81405195081
-74845689290
35515559710
-12199526382
-228709121086
-215350402595
70089051806
86303107087
-115700557093
104575683351
-181986575987
-43301754368
-158347967232
41642050958
108439763902
154835933951
22593061201
38529716631
-2357050245
140499363461
32855994019
-111369655995
90415191689
223724155655
-57045930698
177666975545
34721032345
-204152194224
13049024063
122396542554
68149701023
-220911657595
-84039080034
129780969312
-109016791409
-171415807336
12646439768
-62551301642
19196635029
83456644803
47894958099
180341727716
-606935862
-2075403952
-251463313541
133023312823
-111635589924
31584028744
-13043232403
-60122853652
-6802446770
46659843486
-263264075355
-221819712007
121695487669
-88659594223
34324164808
-1510445748
12608237299
91031917097
-4456062958
-34885115888
-253613089925
25851719826
90842564375
-252371477148
190504241541
-146446263923
194703561208
-5762459471
-96851093559
-243103254345
-211450067406
-9095650565
-168587623387
-87513233043
-132116257939
-21133947515
-74090725486
200023834884
48992439368
33348955294
159211059669
-217256272783
-216097916652
6735761816
170999223178
-101158945349
107949408335
39491474002
6676151065
67293790841
108496592224
-32343587811
9061724139
-374101288533
112590563016
-137417287063
-50774591297
-81962633066
88287105095
-208271021936
-10969251623
-5724107610
99044209411
-21528367816
-56252705362
62062276543
-9970939054
16960415812
-102975841183
-43793466916
19166571600
153004524535
61464197212
-89134948031
120827061756
27800732165
11490756755
22069882455
-58765645939
-197012395622
-37249592617
-111893110008
-191147760666
74671493070
-135076442114
-22212201552
67991342177
-224044072761
39132135526
48350718433
-235141064685
-136756889179
49125041625
-64977557542
-113791800592
46425987697
-3114887009
95172070041
70110318780
42913606229
-52682413041
147696191153
-87569059661
133691348541
-123596256316
2137602270
-130569968948
-146229383326
148235264249
-83060991451
-47650642014
29794174628
-187364411441
-26038127776
-104377726526
-36361297583
19306147200
-232952983209
22045127713
-198620472653
213960597407
103089056769
6272835459
-233836410325
-149785432391
-173797873030
-165038510232
-136176574461
162653638495
-52254014555
9357093741
-261066033934
-259500712244
123047153347
-73287248876
-157491353868
-52773949161
56893198756
203203610226
-27219877272
-20547991944
-27981897415
-251920125297
56788115553
-86744302547
74094518796
-29798649753
99128461387
-81985107112
128832826510
-131340312066
126906134653
177088112827
107448322357
-61299042055
-33258294498
-235500170226
-237918851795
42721631595
138671947566
92741221069
-206922061889
149640592792
51034258653
-24166661798
-141478576295
49314149038
40073514675
-89610847281
155254047611
-136643988658
-101298935504
-187704817632
-17472799269
-88697551205
-147178553547
147890700571
-190397331282
175141725711
-241946312306
145015413451
14446834940
-140367640100
21820002286
-18074567249
145389147972
152742342073
40458221860
85814177621
-22543620815
162972935294
16238682410
108541631396
56173914816
24548979240
102899489425
-149483668874
-221966390404
32411729832
-87947027743
-189056923593
172193509637
-88632858308
-83709386275
16716733712
-30547093586
54538594038
9847978073
200028904858
151009886831
61581625470
-79415261215
-252257223247
175128178414
-256993642194
90280906728
-170829736672
-98894179374
160350633438
41859580003
-99871815050
72224346229
-63444905159
146653479891
-189201167708
-26541374011
-23892292815
-256378251304
8027702420
115419284130
-148505207734
-86059180433
-89749601079
8187800372
11353829395
-275464063651
-102102789564
-80672131195
-46380148010
-229247587120
39354227351
106244435956
17337432011
-274998391143
173373648120
-243168200349
65083784855
10637226323
-148492216958
-235559482108
61947710369
-59881296394
-206655474500
-18298017100
37470408862
77968126023
-94214388489
-95712259395
165867844956
-152446801296
92422171514
69531843403
117462829793
133890165707
-113542033195
93783177869
-21903872730
83872985000
-99987752267
-22055904785
-46436663765
-184546880230
135720366393
83295075987
40906811672
51354568095
152716540358
63453041247
-110742013816
126527518530
28123331023
89996589957
-78921573576
-8531914299
-241476833304
-38677158537
8124999220
64892385783
9329154777
-109033918636
-54646659878
-4679683610
-7432153120
34921599264
-30091817468
168793576371
-49101926257
72654449885
50274416412
-245184989972
129228419425
9930598488
18795120957
56695334590
-16336126822
-36431681824
19343165508
-96383712054
-218805900201
-29259136789
36127853311
-142816277224
-71749746709
-58703612017
17534730483
-9264894030
40891545270
-99929553116
-63926512230
-48068121016
-218234822011
22536279110
66101786656
-201772234352
3661269640
33559130908
-278221225049
-27161274739
61123061899
-137867631213
30401356132
201842133704
110365565586
-148737035288
56709359736
-288819222035
69887460514
73715497200
-208117409841
144913167679
32693652159
-81640594069
-279758821761
-139095924508
-34941870542
14127679945
-45481590907
81479575742
-9690532304
-78695104358
189689256339
-254028138121
-209508425401
169078506010
-257207825622
-155477574237
56642955277
-125562720094
-223250762540
-130594507571
-122296996296
-148838062891
194208872539
213241848240
10569008208
225645621555
-72162624341
68743578931
-153801112683
-191165006800
40988675030
161730380430
-252059621217
-77323238157
-51771702106
120853953261
91163133790
166086381761
-143700333275
-116325706108
-88258392397
-188918585062
53654161543
27448531304
93046704939
-292936989109
21440286093
-217900885084
24752033826
-138705863490
-60216351874
22127260842
24785350304
-20636281325
-121696666726
12702029434
141425189020
-25902851909
-246938985380
84104817161
-54025715006
49118551221
114339247651
68596454502
-85751137048
31659028727
-149283011090
-90524744762
91462418930
-98185344751
-33436752798
-5176502987
-20345842760
118481789535
-118869825759
-67026523048
95096387298
53600806365
78938781218
-124747569714
134721849186
58852129138
-217508273463
-49859493892
-173222826919
-176203018245
50625591132
215603686618
98719543391
68559955956
-102870392143
214804885767
19133380666
9302886179
182716583966
78704036685
-98912502096
16952705355
-22761173098
-208764815088
202003738074
-2043121589
118812246366
-66583559002
189974716686
-295533071272
75313973797
81601118448
163955880323
77813971899
-221805604794
-72652854871
20398102866
-154536637543
-38124309442
-36282131263
55355096337
-64424667565
220543979098
-5767783978
-97795546864
-125847185449
-130174264025
-92493624636
65418407989
81289894239
-129546948760
79691154398
114818339104
-272444856204
42861039450
-67680204896
-30039731791
-45704075102
218683077827
153955860060
43017344176
33826943291
75467635497
-131139633103
28173063527
38825783702
-106098290326
154391162382
23345955545
-69958694362
-114473733975
66547308625
21290911986
-197472284041
-265520249119
90964364501
-63669139317
29686952951
-80636071849
-75119293826
28159201794
195290291556
-148589400647
-2759347991
83947248131
-186394149889
-241711325075
38911069093
168557781595
854339098
-247634368679
58509480440
38841777388
-102130980919
-52325801984
-109609992423
-6581692793
-79094307996
-11497950855
-81133728314
-85669120438
-86886173859
-229570174207
70692027760
36622352801
-226682325488
-7929789336
152613110064
-57873668650
-89534516396
-235163091700
-148572583237
130806129084
165733539662
-153933468308
-156868166108
-29693475479
-154592740538
150940892243
-210930536140
81718514309
-104664536966
136139638226
83053839535
-205532960885
-56228018380
-225786084092
-190778947188
16509838966
-57643091887
-48978821318
-159464203390
95643971888
23254211229
-57881977952
-92198433514
-186288135796
-143662294317
-103761796028
42088616555
7335401008
136925865614
17478111432
74193986057
-42685628461
-53851292968
-47549369400
103761257766
171271780996
216182602215
-108384346786
-247304692705
-26265224169
44606409517
-8282370504
232408859668
-162728294791
-101232655844
-88042390270
68006237492
-233032432696
-11107341237
133102113998
17329252680
126607245415
135122833591
-116412145765
-211882524486
-55921213713
-230622372626
-112075523191
70142627324
149009019348
87567474762
36735341398
42148606026
1147978743
-82250833718
-66703024396
66746237988
-109568945462
167443098767
-222135664922
-58995802463
68099037529
-251501845554
-183743635610
-10265297636
-36733906708
-178028256073
164474078500
-5838252822
21266136704
90982578751
-144762412662
66392146271
139221082086
162096472454
56017522813
149427281352
192094929936
102221385209
19073573714
194734734676
18889368210
-94714466060
-82491005695
95927861488
-24221589352
206045006849
13410665817
112354371308
-86752005547
185927432285
-69034290125
-199137935216
102723385002
161572579881
168219893388
-10154729476
-87046454897
-234875575590
-104203040211
-4357648680
-129523012651
68792158513
-429662337102
54077243085
175005364804
135637120450
-163608747268
-207539223367
-23516366437
-104256679917
108832075067
-33546896023
19544314900
54998727519
84575850329
11127000572
-14574405109
-123582529648
14925109994
99620768500
-33644113713
-112739469175
-248907237477
-10695991502
-310569628907
51772875883
218099805388
71542632249
215372601166
17962979993
-4778281875
-113775465190
11310099192
-268181234632
-205077535742
21921648019
-73985882447
-137108062952
-92377042394
-157696314600
-158476491504
-59847185350
42618414080
-154875788338
-143568083558
-194340133043
-144629694273
-16313477595
205332970012
-80912260033
78871064304
-212374120145
97483573313
70928224337
76558363793
-110881291757
32184176525
-120246064763
-53134889193
-75851890810
158984912572
234592172789
-299224129938
5417263563
158633703425
-50233053675
-3917662917
-85652106437
-231455774039
32602615373
-111177924862
73283925580
91083555920
82628697353
47172535803
174859844487
-71134096552
-180525714192
-78177208403
-112964181900
126910244092
-102786121780
171705965745
-145352140057
6994639150
-157808913555
-4798058061
157782167347
107362059975
150972285301
8386862387
-58463693248
27604661006
-120805488609
-112143186724
-80564442152
-5662019774
-153070630957
-84191767257
57917703997
-40873352874
94118357147
-22632198966
-28686803608
-109861180194
49970237869
-257277616809
-24270915484
-196898129365
-49139887285
-223285927513
49624706390
-84322068590
37767261625
-83725484463
-13608558893
-110768839347
68088961949
-181636219127
-279320094722
-197307257867
-113918608691
126127138933
-24159065085
-204850765739
-31909938832
32205930857
-31545618040
3799870990
112253096727
143952603629
-107942049104
-103730078883
-290438852649
-140361505913
-184384555821
45497661853
-171691106919
-227847307370
-17614381208
152969004251
-66618618114
-137532482910
-25246416928
103126932061
-111804346586
89521523894
-194525674004
-114966691681
-1057698860
-167566295057
11569967727
86538011701
-61610915936
59994739840
-144155676813
-175749472458
-105602720389
-77804270848
9881629223
10536817873
-29587800331
-62631488726
23592071356
178140547752
178557822689
-108060079296
-80543861196
-64250566616
-88354731651
-176573437498
162253612429
-109482268425
-29467888093
184981101157
35342364669
201962630331
189473254182
20700343961
-51532496427
106088819203
-46830802138
217914033943
-161268621720
186089992742
-125448000350
-91352702337
-28982485566
54805060949
-61857041964
37119109863
-108525905283
70424890794
-152702924143
-126982516247
-147132995886
139319408339
-87754371355
-27877471917
-20115943169
-93001010096
-62366481017
-193092886045
-84582704555
-245319060661
-126588111424
157505930145
-258612162737
-27439708891
59329209691
94553726995
-82138078952
-213529194361
21433160629
145300156808
-39129640067
34989434730
172919695381
72900254000
82097865561
-56432663963
-78355442656
-209226176420
48987199260
110916215576
-149029262717
82531069601
22136740887
146141190725
-230675948143
-197338795530
-5174347101
-84031278556
211059328731
-50503829248
-304537202016
-80492571337
67907152204
-193343048570
212329557607
85262298959
46161404940
139935618620
60644172594
-118228031868
-81224603945
36458479182
59831347431
-114744284699
-209123209229
-71588910086
-269169137843
-126230033142
-18552916680
-93845088551
-243711178154
203084363500
-49825160882
47884003371
73589945913
5032200719
-87645780723
-255679108161
30804179471
-83591093289
215139720637
-116717323041
-83262611400
-79467804976
-10468390466
-82366881609
-279178272848
53849594050
-110408811754
-25007558115
-51504239312
111091997893
145254478936
106983770671
53913946702
66224960729
80662835159
27496449077
-114715596996
196149299241
-40995070348
21517591273
-54859192158
-48728672418
16923298233
94057955373
-217695498059
-209473922067
171126155740
14279644108
127444555686
81871170482
-51612380952
180300650948
-157926115123
-111719453124
-77465941951
-228539317625
-176300417479
200717126841
163471240918
75815767148
-32470037677
-45611964045
-102380344355
-90213192411
-66074109779
-67466210219
20919049061
47172599521
126353741396
34245685569
45536865054
-130886448166
-80031011626
-114039397638
13304208762
74397038524
-57852355913
74578580785
74162173898
55778399326
-68834369937
10099701917
-32313095666
68129450549
107774249744
-72548158729
21739335453
-96820711782
-146884649468
-4011139643
-92888092138
-264800609292
-233820998090
120534775442
148072930218
106277624772
79539654527
-16975282201
746996254
-54643226731
-27007831877
35514182959
-116837890881
164339292883
62293785754
42099356829
185445000604
147418522731
-118875326292
-239001412646
137182157053
49278925398
-268551296897
-112831912892
62413231195
-46118849068
68557305516
88507170332
-4478236713
71849344218
-185028204035
-173646305951
-87281863271
-88710766383
-262679099324
-131016782392
-3251925958
-31476276495
80125245394
210951851567
-215277711795
-98721345904
-15570724984
-84433298964
29584980783
50627687485
24018718515
-117141566567
132305698846
141647404658
-39132050739
-66780579490
-25087215487
-5525388004
75916192833
-86837595713
94803511110
15058429920
-4224979648
-120216662364
-57538471395
-221225287705
105168272090
-186763182231
13463249301
-116847431489
-83191053377
54942249721
-47817355287
93586260808
-11601610405
-105340200519
129868201093
88169509032
-114890327346
53684376762
-97223643389
78043025702
34004758100
-197116843622
-202243455503
173075616341
-111787626759
2437332593
-94150190620
-207389549025
150396124051
-82304735562
-251746474627
-305429947927
142230858347
-114087426016
155335394883
-158382251984
57624560913
-272156856545
105066311799
51689060812
103541590440
-69288669899
15251346784
-110912812810
59489928186
158616071804
67994426123
-59154838728
72166717560
-46736291226
-9149853328
-313323877097
-129515839453
-125178970430
-244562409442
30204997307
121777440815
-92242335865
180769994077
171712812383
-243557284180
-58567836760
-68380225195
-254897240649
-98196479972
46750139729
-102777177597
21217699121
62857059658
-196934437499
-243903749784
6607855410
-19308008867
-77457165178
102175129753
48905000109
-91974121193
-3684647385
172329147961
-151059022983
129148438531
-130564635409
29167643164
51371318135
-40149151632
2970442777
-168878117617
61875495187
12964494415
49743773870
-26373744396
7970697486
-31235637142
197792520065
-138376982144
-81401880072
-78238730543
31669843489
-14963097222
-199480643700
-110069844081
84383428241
195929808787
53419423454
-76421162334
-161931827095
24696672726
-122591526699
90004463445
-109510166981
102331414209
-149455314680
-56801992086
-70737171648
-45438716353
41209244230
136765318664
19120127313
92798638131
206846645480
172819780246
54664270115
202824965811
-1325115377
212210400925
75945374956
-246845312251
-6930613129
-141458671819
-187329137314
11568547246
-75640447281
-114957483720
51195731098
53341197589
-91390051287
-145987265651
10460062728
-208573052741
53511719103
-77019050502
159237593854
-118454947331
33259847740
-352092168841
-8588306572
-94457408758
187123479905
-181017609255
-29553800752
49510773984
107771229261
-6994582585
154282760479
-128548154635
-73983509466
147437783451
179371520215
-238280999949
-226969797244
-88420996293
2126478870
108231623498
33326586897
17819744484
-206794316706
-81290376880
-271458920443
-124129084303
-125393194824
146200023813
27381494063
105164195495
-93834028829
33559886327
108157385448
-150050591154
-216561995968
-152539808913
55489941714
180933840171
-155942563476
37556890345
-78306488305
91927825493
-85634532216
-236932927072
-135690708693
93933595332
-180775487747
18659829790
87620086008
-2265711394
33600166536
-211352064385
33105127532
-44662400706
149750919543
-84595456299
75471892862
183243170511
96403232378
-186080010182
15759710793
76888216486
-18619466568
-27823163046
-24553752685
114410479159
1685262784
-159688237659
109101904638
104311775793
-9871657706
72125697903
75570991733
-90173848918
-29880116725
31123206118
-61386872024
-119280682680
179715219124
58203901223
-128768110476
-100752211183
-148325069457
-122706428643
84172801960
-154135861398
-228509958093
-10072332666
191856717895
30479118306
49567411593
-93792081669
159264082687
148892430338
29247300952
-34603836329
212863339213
-28993387079
-99269890882
147004401493
-3912689055
-58201326303
-49678691894
81044518416
-79803060066
180050727979
-73806311531
27159918946
-306496401133
-249439294893
-190335480091
153916967148
-111642957098
-79820380413
166833243460
-234533639422
8930688701
51980544327
186309710086
74590268014
-45731002414
-48675050487
-73249268341
109626835989
138163611427
-147243670700
54737189890
-43154285524
130789158537
-158298067929
-229344594895
-87953194100
-51331555492
-210513980564
45498167909
99366714009
144520244970
147525380391
63500287951
-170227123487
9495431792
-36567203107
-134464862870
59993369082
38482078195
21062641333
13495637994
54777750035
-87112583084
-109421887485
42173532292
39595035489
105566948670
-119431701165
40503199679
60303986738
-137398283695
211675729413
-28193461774
56787465974
-17895975847
-64081571503
55095489558
106871477282
150276262713
-150267485026
722166117
111145005728
-96957623005
33046561988
60844024797
-237731619542
111788629024
-205655973215
151153839638
160360148714
-147959726046
-28838736267
-74679876794
194631646222
130866008222
-115578340705
58763503260
-3811730122
-218366058943
-128057537112
168786148499
55001244141
-24001791275
-193132039289
-155674447197
96653077582
-84711057902
-303793894456
-99663760444
12085704459
10666371925
-89796020222
-133809749577
-131203600893
-198242155813
26074981080
-147403707642
-189344884078
-267982549788
63734829425
-113030542090
-138949185174
194341190206
38929935835
73104700146
-52965035501
-45865938470
21106827914
33320874866
53369457996
-398987646494
127415405168
-143955071435
-90804268689
-195958211106
-23910149245
38381340462
-16239070826
-156442635752
138710501692
84666634414
-218873478673
-61955175470
17637852776
141950513067
-120246627177
-254531496977
-183934330479
-232955404899
75536775004
-123849437677
-88005764890
46182392398
82448269866
159598101501
-38724864542
180797151418
-12247699221
166023058468
128163969346
-41809106653
-93199109198
-191922037579
-47907786682
65860125318
-1210850073
26695227508
34167330121
-261934039156
-299425859427
52301136810
21192056621
-102382744732
-278803293109
-254848505895
172107002303
107991345219
23408452868
31894470963
27944339194
-17130657485
185735465045
-240331165223
17684279606
174428622423
32478529615
-139395034511
-207251754484
-8481892382
-6320398605
-46432823045
86840283494
-35421916958
163486602842
75840480939
17805424892
111578738261
-55561096956
178207889219
-277840581234
-271063957288
57197548118
-79696593156
-170686954043
15735323932
-32695900828
65355262876
36816325990
-50087374631
91840906670
180377136051
-254385035986
-96393743656
-371213192013
-111417034302
41520945795
-99082893432
139114531445
81174474249
-5797811004
-50945359443
-4452771040
76943470313
163240291911
173377180232
153400243020
61107455672
-69158196447
-76522137428
98039856246
138855274333
-251227477035
153422306291
39659815594
-84645222391
31842827536
22480321661
535539230
170485314614
-105206919013
148858967070
65852470562
-38767074682
-194359011300
-15346391999
-157569583573
82617352758
-39945952708
28990068792
29276591032
76111277355
-44214773775
-115410381067
18973227987
13537105332
48488864434
62750151173
-175750510417
-69079305321
54163142012
154082294171
-133367315214
85975522108
-62287441671
70299480766
-127448965161
-21736857814
178181536994
74104190552
179318295032
-143603353888
20475616173
-258000600454
-246396681617
150046141634
9739439794
-27136063720
-112966448227
-157809886933
-302000921874
-73567784716
-95423991164
146612911823
-90779591454
69924062608
-314502266048
115007337308
-130715931971
77969329975
34577251371
-238607440702
-66056355005
-223979600092
-47835089050
-63700835060
-40997400108
81376350717
-1851084878
-91248809479
-211734783058
-272182008863
-124390328668
37267418364
-81845255881
-191149196591
56317714268
93022417144
42723330564
10460451518
70535322091
-106807929481
-22402705925
179540421424
-269501741433
-212054498252
112619792952
-85434954489
-111399436185
18189488731
190771944324
48573434966
-67275303384
-73739366729
-132754774630
88620772827
-251715425056
7484168335
18839381489
152037779447
1470473738
-192286268250
43705051089
-246499992906
-251013769531
82878555167
-4699078814
168714654760
-123668664911
-78060703306
-250707964099
39938067699
46377074545
-240387360914
94842484321
-13663455736
151997664375
83029470973
-77373283015
-80180673855
110713923847
-135302279986
-23843015827
19207321929
-4326477355
9807600729
-69190743167
34115718060
-23638195170
77457594928
181856478249
21029653800
-213245904848
126166411997
-102938378968
91326021341
-116211772778
56825957131
164183455495
18697438913
-59984418326
-47022056156
-63259106890
84983995926
80080538300
-60337528641
114660689978
54758060185
92973338913
-105259399506
133792954416
-86699436221
171090173163
-151211371637
164924564721
78067343625
128265597126
157134998594
39866653865
98750175300
201895180962
-38074726923
64780836917
102861725542
-82340325643
74869302635
-102319036842
10233584898
-347435291771
93646757040
-71457354406
-5598794715
-198941844894
162304448102
-80649885431
81125997687
-75941250949
43506470392
59234848858
180270162357
54997306762
77621607707
-40115906728
-124011311258
-97521760022
167214901770
-54953030759
3986773127
146911273127
32232576075
41733809712
-271047735213
58919487546
-248938318834
24487467690
-127250755037
-40678398563
-138351818815
23990014805
-112043298189
42012143119
-79584370507
-283266090145
-215170470553
-338871957276
-240470375232
-245665508282
6234380321
57709693131
-230138683683
-115860581125
-82047223198
56842031989
74219420435
54843317073
-83090816172
101545711621
-247515926444
-166643625669
-89798053054
-202654627626
-80301761904
99506535736
-29134636119
-69711570749
40751886649
177753301269
-43608659547
101779157942
134637233132
96086198884
-223338645841
55978605202
-34393086308
24076953176
-86799635741
123733310418
37261966627
-139732490820
-67291348629
-242803431724
64778520594
-12739107565
-162536186129
133953343983
-120871714014
-163926914060
-134065043892
-4143184931
50247400569
-78580316092
-4986420762
-244144546430
-258736668148
-1045881168
60242447282
-125351138251
-113987937770
-28751920037
168368813514
-105875272604
-132407631310
-194140796879
127363756115
164546537495
-203080296513
-129353204863
-205812435344
51551720578
-99618638764
3043808844
110340347929
122742184918
-227949797417
-12783329976
11799399144
-79357703192
-76640032377
435714763
-39430329837
-212003492616
103851113344
-221139642211
-158387840841
71919086706
-89207230425
-37749296337
89573794739
10711041232
-109708465207
-48180976531
-116945999063
134136918548
-26379573519
123905028636
-51787463315
147027086166
138810652520
-18053131232
-73204523166
-10986348485
83576673153
125532253123
178863091775
111076745759
-137192297919
-64759701736
-1407414818
-75640447281
-117490468229
227127450928
120386809781
-89311990055
-23737374722
18491621909
-3842767052
41454454057
-33031664195
-146063111941
6617476883
-179713811713
-293494238848
-147468206910
-38239797916
163554961417
-153327424046
-122412125739
-106831599834
91061133422
-179076800336
-83841765911
-27102463602
-87594678924
79186679226
62490448712
-138506920103
-105309537228
-245665554298
142629163274
-124523150263
-12226473769
144967491861
-132178570924
34325016966
-276011202380
17394567002
74342326805
-26280286926
-65655535618
-35687858316
57617407260
-82177072128
115578196279
-232951770832
-129663419094
148016214418
76510973993
124359499472
38953997409
-92520302189
143924114222
-7179051161
-171357467386
118916595247
202668369448
-25832644939
163865583142
19079521435
-198315891111
-83165626494
-125911077191
187680749693
5965772646
145276836356
147065416666
-161663223516
183232383983
159702954364
180686540457
50643169469
78619932962
-192381194012
-169642538558
55677002693
-244529966263
58762340663
-135602269880
-59086257683
54051092614
-137629775832
-186521526556
-122615913722
142493873741
91687264441
-110821037722
-265179197244
-158375374405
144674325004
-137618298251
-76081520338
143751008300
-269915362228
-142878471177
-124081474852
908675694
-75031966803
-31533690083
-56270923767
-1885538934
80399713908
-234443171950
-78123528793
-3861264513
-56586200378
-6759789659
-127174706613
-277748514370
-147595890161
90574375721
-158206880981
-46705355903
173795395285
112651618636
164803992030
-120875689028
28225634483
154781857027
-106856072929
-132389038733
71533593123
-146428598160
132301913499
108848163365
81294912919
-231508703398
-59670565692
-24372692104
-212095416444
77342030505
-116449927601
141747534957
-744305015
117091799419
-75476370154
75408139692
82274708881
157449501853
-250216911845
-137214138118
81551327237
46196012032
179778910566
80166646521
53491402201
-84195441303
169635097644
-102922662915
211885654670
-36570240860
-256339806697
-116774581978
-276391826616
67134982505
6313716464
-223814928773
161112231367
51514360240
-89995958816
81015269903
-245881420320
-2726971255
42907043543
-157481854907
-29440481238
218608691488
77665330033
-73989569602
-155673506860
64919313751
-134760275752
-239156222796
139083007334
54860593535
-250394103275
77640139882
215837722092
86392684469
52998945727
-83692023130
-104841013926
-40637828240
78288069677
-8346830594
-190169217861
-156674183015
57130099270
-92941062271
-83106353005
73544103536
-17393979178
52645271217
-5945103586
-20831839644
-154678376888
-91168758994
-16415594649
-161614697563
48987385696
162261921281
-52834775052
31244691420
14052209253
167196144597
136689247865
-77161628036
-99971839102
-109890622568
173757555607
128098949606
131437028092
3890884947
61757206897
-120786559898
65789015688
-169667662990
-18122216239
-55144816629
213068265768
-57835761311
154163523780
-156823563513
65437479441
39270563936
117745291997
-1456856205
-43479143187
-151223804433
162350855702
-22598816585
-50267261557
-89907045651
-207244265041
-210928423069
-87413453558
64619655566
21722624209
-29334628964
165101783108
-109063638193
-247947815454
-59714177022
-82567685959
-101908655371
-255989304338
-15355538438
67148361502
17176979066
65151723420
-54817736205
128111597366
-86306743987
-25906645884
-268269112023
42517482018
-147498699591
82859226603
98017774766
-62484416950
-98316738394
-44212914756
150165951978
-138357141916
-85518683663
-75863644364
-170139170875
145151342904
3959779312
-115907156376
-213876717422
8591400887
-71456053002
-217215718532
-86746219261
68452766718
31990907031
-75356537241
87312577166
123213794837
58959352345
-237961408976
-214820137353
77825025640
53350670405
46188738986
-148074444816
74011234226
146413773317
49260818126
201410843435
26121570967
-73053722182
-86985451734
31518739049
-7883096377
-3331266348
-76801153415
42654529207
-32330370478
90825144111
-14056708009
83112457870
-97397356829
-54528959147
51555766144
1543365428
121094336165
-147950611487
187460718256
229123966699
-396317490495
-219718400860
46340640545
-244378591315
-102437247448
74077258180
72982103620
66220023657
65742841036
119800236177
79099568867
-59046422672
-217610174781
81711502400
-39985216933
-254324173267
30027463263
-54190004344
152328091750
6831111275
-106613514321
-25922785281
-184383446309
-133460839366
166161441383
-105211354376
4134482064
7407355928
-122636901981
50389555214
-140156163372
-88364606808
-110326117354
179086342730
-237671452425
-76560026268
-150929030946
169479139998
-85968721432
-59626020085
19102664889
-156973316487
35908011122
140331014918
-115983948796
158337445489
122808655889
10804403174
-32619293873
-51203604238
52119609061
68738708985
-69554948556
-123600885925
-285550239662
163099691803
-59860943694
-179549110382
-35709682154
-137053047564
-65960736656
-153940034487
-243676688585
11519997900
-32499480787
80501278387
105507933533
21161209489
-95508555482
-203046520958
99292134463
134631807157
16158240861
-104303976953
-164660906055
127961653020
189855878005
164444391846
-43475627103
-87154235948
165867085495
160295112043
165633253610
93245008121
35884151869
92108647149
-38707953901
-50260626822
175425492712
-43010171592
-94523390482
-81710601436
101251656005
-142317166288
10368569304
-215524051628
59763767897
-5486096175
-64003451751
43297413648
95791488533
-106442193272
-81737698190
8108584303
90336563066
35318910347
-228922033634
-86055441868
22298401936
53858624586
1641498022
-250802126679
-96638899638
29014233853
-26497879035
33130557753
-162203888728
40635215050
-142977238822
-128477498365
-183954371019
-147335923132
164069396717
79078080671
-6474349026
-239287307900
-49899148325
47606802530
-58265940786
-3565647456
66750988442
-33520918346
-69965462482
136765318664
143880237774
-40226818401
-84860893575
28931496876
192494295820
20175892248
-61319917771
395303577
58053514956
11823015209
63824890755
-138956405462
56233921543
-101694491818
180374613881
155917350551
-112396286846
113973237920
-94564503681
-211733494723
37248674877
156135884858
73098414415
42973094526
-234106224292
-92716561977
-115682890167
-104270063462
141687457285
3527669304
2435366558
-64857136262
5326306635
-125180246557
-221768669008
-216871088312
-93078871759
-135749574303
80522256960
150912999191
73537421938
168578275111
71701565177
-48120551701
75226447392
53203569570
-245047750378
-291861450219
35455556
-13146729154
-4546853205
15539034283
62144160192
-85875932407
92153549456
168351719064
89570319446
-40527264262
-45139569675
104238386852
-144990282195
-115780769101
84042792549
-2124912703
136026953570
-10495139362
-107052874760
-24721784899
18453145309
-30959500988
-148059363117
-74252061230
8367911324
-38144053084
52794423533
-205310466094
55431671547
-90968436705
11115694369
139343281873
86090726314
18717061762
-19187916601
57139595775
105302426326
-72286287308
-35692389009
162970031667
116111260398
-8579645942
116119391972
89746391993
-256976358115
-36102117076
58196783754
40560037205
-94046355650
73120383390
-232906894636
-72511137481
68064552434
-116647819492
-75509793874
101069164955
13993894821
58074250724
-6349736744
32474005020
95178119047
64498556855
-238317004437
-80262836090
-126781073993
-65534303072
-178951888765
30895835713
183966911720
2801924051
141440274121
11744713100
16885623238
40138541433
142518021126
129148570921
21461022289
-143651152113
-179359305716
-44276165605
114812496105
56367345186
16122645257
125552886373
-140974238034
4419345077
-100394242792
178734029811
171294777900
145133560489
-167669619519
67463983633
43509775829
34344172162
19174601100
-128603771593
-245353599419
44851572471
81089498877
120758561358
49889474481
150880835915
32105723278
-72658042397
-194755251600
42063325562
-193172752573
148116116043
-263901214576
-123285938812
-92199339708
-185899037690
-221477202786
-49711784033
-44820808870
20444763306
-15993882594
4746420069
-146296730788
170679348779
-174131166737
182291760171
38949980041
8019002723
-55524461792
-213979429788
63166421165
-271660249596
-102943647693
-135266432011
-58574603543
-257044696471
-213512042273
-113201772581
-9464038306
-5133233056
23973033657
161935853426
-187580000610
92396417186
40002393537
-117761121465
-256825121864
-149868087643
129743086477
-164090705685
-170049309715
-124878194857
-155205558814
-1649313254
-25724785798
-33645281592
159179697343
186769169266
-77010134722
-56382388336
52731378763
167920134157
-82498709356
19842110065
61474110813
-25446174938
-44429270881
-158934218902
-264293502835
-95294970687
-187722894248
-243081738010
-225562432469
161884881497
1145685556
-17950847748
-133063297115
23073870761
-90913275982
-199316419684
113991004664
-102147613733
106562612372
-126101249543
-87581896550
-89320078642
162223981459
-83150480252
-127043251084
-11600455574
-217893084104
-234909370070
-219618226918
-79523957665
-100437123059
141189963537
49258119425
39775940992
66446918574
-242940059212
-122380108504
131778487213
69701179555
-43127534962
-158197423273
-6906189747
72187541102
21442376133
73614353402
-237444158627
-122028429576
145600073512
-140690138409
38566987496
181419862721
-12757844704
-115206638500
-122461780547
-124000352842
-36508611608
168817617888
56967991504
218227891211
-185886025921
-258499106610
-153641133959
-94178319968
89236116964
-147400800159
-125121871905
2063351205
-50920276316
-231661693180
10136464053
-142311075852
53924257718
-173615894493
-9300796895
-49881170006
152376761261
14145931207
-21684730953
111998560766
-88461207350
69051654209
-128802793625
57907313685
-253138155740
-114735537773
80576073292
-234681846216
126114762359
-141666612821
37499264084
-54151615360
-191779526497
147071485514
-158913675723
176658489636
-99330707351
130041158325
183967035766
684105187
101237034394
93437701374
52813382278
131914048568
-205746004248
-34816694916
-10701675248
70151358022
-136358626658
109751748595
-40234398306
126062900650
-9797959167
-85598444883
168510736115
203141438090
117627118974
-94235117824
30686060244
-87160807343
-105719973108
-22979385332
-104852558170
19648567393
172351597934
-156828978204
-72289376462
15955708599
-33360716557
26635038430
12193209194
-112988068169
34885773734
-102652662238
-6877546887
-26472828902
173367384729
21295286198
170187043344
-185454519518
-18538040017
77424659148
46785378776
-108959712075
-173920937894
-265642971413
-192231244998
-104281688135
65717445917
-6771559500
136984602760
-64582590826
82839689776
1590258981
172386266447
-247057157872
24791614909
105812181283
46467976940
-73677914792
-210122167392
-94568535623
-148284998447
-104017870
190809738735
148468663247
-229407317495
50949830606
-91779242247
-370747728651
53243105312
7049104085
-173481216357
56652213192
-202780588694
45046089997
-25869902384
-72271623948
-82132785315
-128667891910
-135825913331
192517341685
-144799401511
-64954590477
37419550237
-98272101142
8891398140
-88021345315
-242427079973
-41715860827
14560665031
-167557293504
150390069994
145489528751
14842523733
23148605323
188679794893
16531788646
4420705946
108323654414
-151571735057
-84407329441
-128493086784
-194019336952
72625459297
52984481790
-55473188342
-100859464553
-265669356019
24067972048
-114578699878
14005556566
73292852184
208675883752
-22020419921
-66522075943
-87239257693
74435073269
-39149203933
-74554814465
-110006525556
-238879102999
-26172600751
-124018989583
192735208179
-29153391332
-268785114844
-164402352979
-150580204637
-104295129973
102520631861
80828064994
-141154725797
44794638934
215532288817
129176936441
-208714710394
-54215358711
71208348070
62834107955
11978563113
-159408904753
20659797986
123595705459
-211207532825
-43312719932
175108384057
21633239991
-63980012835
4020802614
-233952885330
33185326757
6966077427
54931146917
12425964484
37711689177
77794167935
84461305089
-235548567691
-225789767276
43546581782
54776046812
-201449034798
140153433915
-117165677527
-92484626867
168118510575
160985314212
23115219137
136703532253
-177155404363
-230037735116
-93699868843
-78063578460
-267646828309
4989155882
39689366018
-67003873972
133832631080
-224126694705
70259811203
101863195560
-209288569545
18635810157
31277834797
-85836195542
24782708969
-63654597827
78675486960
-121405823635
76362595590
4102116589
12629309267
3836624902
-60822813925
-134711676971
164735689946
69643775953
40775229127
-107583769665
-71813643002
-79721662721
173829928184
78348918380
-94926222856
-152894766762
90404315447
-121980818417
152004695519
-63475100743
178434130930
86772932101
-74675508940
-113363419594
-65545309522
-99155329068
-218009434898
69643488883
-233024207279
128123832716
-123887949718
32445612576
-150770280354
68775418546
5510218473
-5012390105
67964941719
207723348443
-219257263762
130335389864
-120544720537
-261108262997
-72612822314
60975561359
-24287988669
2925223496
-194927567613
-20240097389
-7124297002
25870339798
63068562781
82720240069
-122010217198
104985850154
-146028325015
82877734054
-45414386249
-69708088563
41750825814
-39918810314
-128775661379
-111130093404
12035190354
-203928796675
-80965956197
31587966267
-160884669000
1839088269
-136642540038
-104099134494
-202230011176
-99348019408
-110034594523
-43744207273
37445894551
-142735148385
101440754235
-220938054956
23937342698
-34413528520
60906344858
-69986206238
92330682791
167982218635
49591974800
17287159750
29221678046
-14048952757
-7159529490
22737493536
-159769300388
-82577727562
-174966891493
-83523784484
191673187752
-88506671166
-119881614500
-257701818666
49988047421
-130982436137
-168566679244
128867409211
50742855848
165952950385
44411443121
-88818159977
-115643857611
-223600514797
156673430899
-225052757575
-107209334744
27620564672
-241671896332
7935095441
-139768149429
-64616211697
12650828856
58855115888
-93790813876
-213751537432
173700616142
52760389069
68473963070
-129946695867
50570425666
-269105188905
27760155599
-17623054524
11355170950
27101781446
-203756623137
-138183125264
-114117174505
47444650090
38963430972
81914443849
151655577236
-6992503801
-69049653308
-84911418178
54025308421
125765506018
49963743871
45532460449
143659218240
-263115883737
-124056784399
-74574662399
-158990743249
-87332703688
39467308033
32675155029
-109207555593
-66772899594
-75614597229
-86229497039
-19461437986
-765106467
-58399590851
-67079198649
154918553198
52117142049
213224810275
-187544788774
-130280643317
-107897170868
63479270909
-28793747588
-37630836686
-86189697441
85401564170
23140548785
-239594668967
78150973680
-144402657046
39421598373
-134757636494
-215931604560
37574964821
-26840358712
17995624063
-259593266852
171812376224
82122464024
133078946615
-60540478435
-257126151216
164551528203
-189501647980
-132062547333
-40553117880
156985268312
-54566826511
-22887212014
-95109520265
-227030058289
117180812093
121011962772
-250603532731
-110704003416
10908208831
76346420752
-922212763
156236973457
191290786573
-70043156319
-140431719806
56767690343
56138318188
163226467152
-265476971672
-54413140014
-151448586519
176568127279
-89838614685
-16416996341
-98912502096
69388758124
-133793947745
-185788574364
-241268043
-253401233160
-95144852048
-93514626613
-15339514748
-198772572179
192117233248
-59762974954
-98664142674
-151266648765
-49955221683
-123490758635
-132447287022
-49925139242
160089580931
-137037810206
206021989115
8845516242
-24606760947
215677535455
204495157641
9954651122
53763148942
136194426883
-92596599032
179915981036
9978677822
89543363732
-287666160726
-66863631863
-266198672512
-78840126498
18040140523
-62648156716
34531757923
-37145331893
64590663783
73741333614
-98715084687
154665848649
171166137179
-140176115121
8484357849
-129825079036
-239294566611
-171128984811
105722822268
-275943564770
70613073669
-204547007513
-224579019403
-143037269305
-202455744837
51787543366
91551249641
33376706279
138761534137
145415354756
-53907993741
-25821087118
41429810961
-34104439993
55627700787
-76744319532
211032648819
78236155646
-79921608243
22051722634
-73708852297
108966436935
8156921679
76823064693
-84377201636
-162585795791
-102676932953
6350984052
44081150114
156738278258
192390941155
33599271619
38225629391
87457398506
112028368644
-252187248438
-79523176290
-5212099067
-167986727468
10344642885
155311073045
-17262852889
-145978485793
-150837032876
26126324325
23668132922
113804699755
-85072776206
53410254370
-46257344410
79163850108
-52493031187
-156868210514
61849034239
-21088010114
-62064147170
-140197301917
132123539027
142591494125
89992632053
128795730015
38125799627
30835587339
-115106509843
140680788690
175783023768
63697431712
6549687422
179425320736
168446860260
-180600722067
-229317861592
-23602465296
32749817054
101737752888
33757094744
27233739623
-12735033798
69836651209
-203148997999
77732075335
194908686561
-76799342376
98504634771
55348317097
50986877255
84050177272
-207800868208
-99393477680
159145781607
198497860383
75307165037
219519580673
49387425857
187294832796
-116407209493
165197164568
56262916294
2448946214
20956825062
28526345510
76934139271
21727582791
53189865236
105937449679
128298204554
126424405362
-23918874204
-83876286552
13394731102
-86791135922
115240081303
-47402370732
31854193431
30770421965
50777835874
25216075677
-93254774218
109948910093
82462042709
-119993699060
53703239659
21171204755
8991376831
111190566432
110526846763
63938396294
-124041434090
-31128880517
78960186072
-122579570273
21415554860
9754788707
-93228538631
-83968367380
153442165749
190215501127
20778086142
28601557634
39124061257
-190610650367
-4404007730
11337650494
145855182930
118480075939
60499286510
132792200565
81517720502
90335209129
44468505864
-216221742622
25582817312
167920827202
-49950555847
-83079709183
66815327420
-91590470275
52297494352
69013751091
-256227785016
22090715105
-138681670001
83197923760
-127357948487
104813109535
-37012356635
-83027207687
-311783993231
106134167569
79067486846
-198451798724
142587563781
87838256098
-163256785184
-225608993205
167623367069
-129477552748
-211548606888
1436759560
-110203490322
-244493302260
-42160869079
66750768574
83343443771
-3255702785
7033321374
-243238724100
-108110770144
-137687452799
155212497007
212377399908
193876945
-13322953927
-91257250605
-29644091676
-192188200378
-133986179067
-107298025789
213895264416
75880357535
-94822845343
17985189287
-141333683364
62833861879
172895189041
-248255274466
-242837164973
83622284379
-168271663483
-92452321708
156718824998
-51084258220
167255689313
-78388494361
145923825030
91959166964
-266554659929
89559262772
59333983865
-219030987612
-174040156376
112348373181
-33235370468
-160338076259
167179854350
-180256554622
91630555810
171307258170
101541941180
-244513747069
-28325251701
-53158301396
-110249265343
19101809115
-126309545459
159777449532
160603459751
23750434630
70161440644
-74879425971
29936817801
65006778964
145746558719
19733662913
125747460302
-121017465842
-95409214756
-122601728276
128015798371
1066255545
-217356305695
-258703510219
-38152235646
-22376704903
-38457622199
-115420637538
73711834468
-79486552277
-404918670162
139556559641
185106310489
36371545806
-87014633678
-219139808925
85622349346
-83116793172
-96779632551
-106313090554
168351486074
-87839125597
-216232662509
145409292882
167001799902
-45285867956
11413317418
-233641241416
17273418219
131770703620
-32839957024
171622299467
-188484047090
-121989128674
166838934198
-80792194175
103889772481
-146280202014
74398423313
-95842495295
-84195736086
-82594097646
105342056898
112175015187
-68088227222
140456774367
44656139464
-95281378438
-117350166813
111277455683
138691746012
-91131761135
13531109961
-129021120040
-66144042289
-201741242418
-139054886170
-345148890962
-220691718148
-217424853323
-139575306662
152771715665
9902168282
40581395274
-260866595902
-137656420642
90331905446
-156535418489
40529323685
-81757128480
9467111390
44695938471
111050300549
-4075605068
-84549888718
172734156112
157573793959
-175132624111
79641813598
-12631394805
152077583911
58321458989
-233700225336
-142437241320
-180023955655
108229473446
74476497764
-111304335375
-27812767572
-94216302364
74064299440
208779661487
25543243860
-61224589002
189887343255
-171835356023
-3942920882
89147954354
-100487019246
87377158191
36866018370
102573956659
15162649390
30258575928
53857677665
81916541320
-45342489726
33094246532
-131286838940
98730366874
73538825794
-75724175251
155014649910
52890497062
63377681082
31782452835
-87733676363
124806870788
-85141964944
64327167554
109969393122
169622776963
82932045358
37921040012
-106205020435
174284999003
-112951995217
-117575436556
-251720688964
217096002935
43102562577
-29658864538
70653434803
-52188433298
-52065728256
-12406718881
176441248761
49202342100
-127764274334
-464674991
-213499526909
-83040801992
12380276471
-434963494024
-171186505096
-225191106180
58697849601
7370977289
-201334138840
-238608044523
138903852257
-47586817305
160625444606
-47504768810
90828670815
177003370963
-260872264166
-99647917315
125720121693
120790408303
-164025536171
-78991568468
-227821660576
54788489919
-118415958971
-152793771051
36106810238
54846042977
-2707376926
111372150641
81769979084
-92385968961
189607314694
178131421047
69729504256
-129593960101
227669372496
-202436096451
124203163487
-209961791240
186744114861
32550337892
-83536469493
19006629751
147983920363
59527979744
78432649872
-199691527440
37483631315
-191417513801
-224584792330
83521711372
187645784794
101029340564
70597072638
-83251715323
33716369043
187521699391
-188566202656
183508594103
-218479282387
-55488276056
-9767229042
-91583918530
198876072649
17625098392
-261358527421
-160531225810
42882721582
-157354650045
84580989103
-23161380078
38670134964
106600150148
-98721603348
199583857990
68725811999
5632288191
214039855644
170876410848
-250678645006
167620405814
93791069731
-119617632575
-77857639724
-96797464392
70384678486
56976033154
73578883226
169282109051
215011596603
-152903819168
214599873233
167128885831
115371952092
-93172631194
-179546106035
-63672096868
52670503969
-126170261541
181309681600
-46278637530
70796083697
144548979381
105430958367
52382859618
147176422637
95788233688
-136495169637
139288252581
-89094628885
-184431235918
79753726433
82810261623
-141572366450
52554590984
-95671536267
-271709623891
116913783110
-77684467745
-20301943541
175156954667
-277741466256
67734872161
-8690843946
39126653032
171575486041
138147520331
-187279723338
130104491600
40782288932
-77316896986
-88615098474
-109290094845
-161079493285
-168513090766
18856178699
108503434115
-34959039370
80453302522
41331956627
89112742889
-5526107614
197467755106
71966986819
7810336074
134787768117
45306433363
162272279979
31796714336
154000804706
-202117071083
149048075399
92054771740
-29924822181
59724654249
63114540995
128379156147
-146827148852
-48698234593
29276591032
25415004414
-104110727487
23408456615
49134418605
48618076942
-148666057007
-64713218385
86964170318
191741852015
25302463582
53926455695
37041333885
46874467200
-28641254659
-62545465535
-30995111929
-124424781540
-231720270926
178164442513
52055085031
-183493678247
63049973721
-7665609413
-41119434334
-110073758459
-70421825101
18826198701
69047822487
-114879329695
38007637363
-47319191785
-128008105092
195091628958
-135506612231
-121160524998
84964483902
61855231045
-80243193156
32812019284
-101875198340
21655715008
-113005071470
197025154779
-81131957637
-54242551608
132459230439
86756295696
56180839691
138344104141
115841372148
-7959418346
-157884806074
-201512298468
10669824174
81077148023
-250315296696
41083748661
86982258926
-74129059163
-49297779216
-64741922110
114182765324
-99842062624
28350546894
146167953951
-190618781527
52435005692
75818446537
30058399549
-131948653115
126280400801
4719648229
75255009632
134804259205
189461106578
-84900563663
-115906382606
-93466341705
-8827246139
-102478594702
56593388051
-101918694795
81392760656
-85428072169
-109056205942
-1170993546
-71337902729
-170354312374
-75027949782
-249282496295
-150792171456
-31171163498
173755077044
-157005156400
-343832088616
65255460450
-94036498467
190024085038
-264368454685
-3388728525
145932505120
-132285810893
-206836222420
-160661633524
-147854334217
-155564596268
-45950722983
47162852576
-67549434589
63249562799
-18052853313
-111869311559
-67302997371
129073666272
-163185596275
-131430833285
104371556868
-31108116774
-30966872676
-15243725602
-218791292946
-137899639203
107695468302
12816768017
-64369595725
27393518341
132549450277
114339247651
-156198288109
170213148457
77567017125
18365594552
95046424002
56660177596
-250598804648
-67082860086
-251223503897
-120715030780
-75807084917
14902852993
-62212553203
154536036187
-199580536741
169838742830
-89618701407
-126044501378
-119600307348
52743578226
-114346375436
162923861537
13222654540
21021795289
-75947922635
148920091801
14978334902
59859694545
-135797951656
148672377978
164400041710
-111703058836
194407300179
82959736195
139202888146
-114596354037
49230938124
-269888077515
-242461840308
-34281310095
-65776899346
166190666920
72330952274
63867038305
27884596085
28436032918
106042864185
-31091244675
39812026301
70138046275
52351468528
-75400367859
-157541430614
82389004405
-88539963216
152664225141
-64888835512
56719602280
74178675317
-226777378974
-59348731348
173460645343
172085737401
80434788361
18316243223
-118829886317
75111352652
-327511963473
-134138588418
370408493
56357665481
-37239277658
167531391025
-13401470266
221788678240
-127403383490
-116242224036
-118137145170
-341803248553
-74396360433
30242964087
-105022502267
34705197890
-39195264018
195173452938
176538795310
125132580697
-117519573804
-186826847205
152771222359
115601909855
82377212601
-67513750001
45859290103
-121735110466
37381589478
152587311759
-121091091167
54590417356
78723611550
-48484682937
146175081273
52692580560
12753450001
-64511656698
-197037378103
-112499557131
-84534220840
80377850594
-86426851814
-52676830414
-94054357371
76736748117
-208012563413
-170623226716
-64958216860
78421143640
104311292158
14502270983
-69481602603
40853288423
51244100986
7366399062
167273629680
-31636073153
-124190392321
-107780122096
-2474454047
-31972310184
52956554077
-60692319737
9552257807
12450702544
127105579550
-23137619069
-51305152644
53195285807
46792396357
-55924999392
-245726349426
15262816766
-210773464913
23951340372
-12597162815
-13858136941
-19149948090
111602903803
-89988185938
-52195090824
-84493470554
-216161026931
25861506935
42342455026
144034871774
-296815632585
-43307785541
138918903779
-195619291565
106742051751
-84915907049
-58287185802
92176391613
-40424116161
-32958218399
-186528763325
155675713213
-201113373830
5472083601
-21150872873
155608399664
149999532141
189427145052
151314192592
-129819012305
-248976055212
12147510038
-132240150166
-218893280707
-98865079948
-116938644023
-83977925104
52679723803
54761896311
-191647088384
-159701727618
169073350860
5775673420
134942809200
52713781011
-7291185430
-212045351790
-73184408467
72243247489
-259490931669
147079825872
-7209663441
141180819983
-279661163915
-191082951634
104218313412
-108689615412
19823484925
46656402638
-133159671205
85998040866
-77675685231
91560931812
-82548207950
76922748887
-73370391089
-48289597929
-258898537699
-147032488746
-83254850581
-48055903332
20665286475
23026833862
-25926802645
-5199686688
132363523194
54554063138
65685518666
-260444377431
-43248921724
-46777405063
167226822252
13266703403
-192235743218
26691985777
-44112952305
-5094620512
-128876333168
91171204318
169201169061
-266911287339
161062037217
-110722864534
-116221912512
-246246853924
-122005149308
-27076098185
128945933548
16560079563
-81942013344
-189165326329
-237245469049
-16590172000
4642380120
58149206455
140241223535
-2923086937
15452454564
176678945111
192003222309
-38931831400
-262562526039
148009153064
20318763875
57138711070
-115101312686
-157871786831
151047315336
-20313613240
158380736755
23363358768
89004432895
-12470920972
-163606037184
52894235050
-78754113355
34517822298
-73368329241
-121279372552
76727004650
120156960121
46774687606
-222031043505
-98231530408
-331678239172
-83907023972
-97274119348
-98283742396
-194478185116
-49697092806
119345800789
-130113522251
68886191532
175234282676
-27658416765
6616950781
-19639328163
-77602303452
5814621996
-67801206634
-217287531159
-96344716255
-44182349750
-175854343193
84039703514
-389569217599
-84583657686
-199064581261
96572092525
-211886175785
-61552700961
24855922154
-52520306893
-98412813778
45225837354
-137288252154
52072006627
-108122412509
96412586742
-24636135920
-57861475024
91894367096
-31694073385
179133421204
-104629531300
-33432636441
-60626776242
-11242254625
-108070223663
-258624786026
31310991379
-78803309301
68996765666
-221381169012
26876517255
94130063437
203722485615
-46638971681
97904538468
38243933208
-37205123448
102861725542
-272768341651
36946582336
59079343178
-15814416422
-233374445885
41195369628
-77245764940
10173050142
-174988735170
-39909197137
-83968142647
126618267263
-133940844805
66780842052
-38703592229
-109494781379
51384536894
-65716738954
4050884768
-59683349801
-4257003421
-19672348510
92668377915
87233991383
24085707398
66080890699
-212096331543
157641428410
65671841988
-29809390606
40739040967
109552593425
118590016697
15594545786
35087095254
154319854029
-73130949226
52666131573
55428817723
-177028860582
31040586524
-112817802100
-47482286096
58867427396
-116762938880
161976665990
-85356861845
-3745111030
171519094754
150870367925
-1631591786
169498965731
40474780274
-176057787343
79328788160
-112629907788
232241740503
-250056904582
157086941035
91764411546
-7287207290
-72226416810
56113857867
202170901352
-144661626486
144691644669
-115529960216
-72234467020
72956982758
31729507129
6494181055
-89529658849
-141411792227
-38800651270
-244403174855
-123629905195
22789167420
-92242876744
69342579671
-223170978981
149111171414
-39317255922
28583351042
-9535013388
19961905219
-12747979877
48240144321
-238842932361
-57224170332
81960974226
-149310949765
-168342246481
25045182980
-13876460964
-79601297727
-11177406988
5245823876
83081682602
83744666092
57067724355
-18120802272
78568551189
59569729700
22212916958
-10571467531
-24984461020
186063972702
169752833381
74915244922
-153146344245
160233581762
-133776742463
-82819374675
28917248866
64388771871
-147900288658
130390457436
-65170698930
-87619168790
19936991832
-155188645377
-132643449455
83432034123
6439863233
109203679248
-63463390775
-75859897669
-85372482910
14381564458
-263453573156
-276030584478
-90053060912
-146078577089
-142676333185
141049884754
58342500536
-214596749445
-215886656804
154594691402
-67136654487
13807665043
25422112841
-77883731073
-261690245346
3681630593
3073981762
-282495408075
-82022730775
106705247859
141438893439
139370360578
-52889907818
-44852915399
166662919788
-11975398816
151433557451
67071707932
15153662544
-307115030659
-49000733577
-68196080613
143842950234
30133976935
144597941908
-16365410953
-64520848362
-95846476820
-156981983800
78152327382
185597682315
156084608456
-82989700126
-230726568028
18390385857
-2366071700
8982579789
-40668816971
6309776611
-97121750884
8874235715
16654990948
50129443777
200713476634
100710723365
6151051916
37615736484
-184330336937
182499683803
-329302801100
59161951825
-226405220912
-111046325525
206020969634
149248792614
43705051089
28794577800
56772350088
97249903307
111308060329
169520401771
-266372448076
-260114208727
-127527118711
-134108119833
-193469442241
73237297986
61010739925
39362289510
-8988516254
-102607188000
163205205841
22739426275
70482608213
-1116184613
-245152720620
-1387442584
58074250724
-4067403565
77874073941
163416802639
-153159612495
-30193328382
87263404603
-67450440305
-2742370980
-119552223781
-101828080867
10964653049
22263152307
-248735689448
-152050626345
-142436451249
-10282784484
7863612271
-113535917640
56890346970
-99081843412
-105175367967
21727396291
-103799979690
98049169088
-38507194172
-36824922808
-162745891102
-133697025502
150566378188
-46633128405
139709207120
56487494498
150034358636
-88250595506
28494734169
-48619027787
-120162602148
-134213554698
113334209990
-98496452871
-28220305521
-265033768116
88491255801
162948603227
186557390495
-64741922110
-82175095634
-74335205316
219853993187
31227151887
-92783958591
196534647366
-93121827656
90891533771
23748346573
91241787639
22971896243
-50677665579
-86853263053
-123107546315
-101367362361
-72148071436
-154506018021
-68483805403
140959975480
-164674715782
-83034162989
76333573589
-142984486521
171600688268
-24103152288
52162917998
-50734625135
-284904962661
-104324076389
-89972780584
50875953671
110195717214
-259940959809
21957881899
-19144772427
169481608068
-158412194004
-6230106511
-110779787007
154697841724
-41866590061
-15039489688
38801895557
83192056272
-6161692894
-129539601171
4753645239
-140192541838
-142765971506
-71550430246
-159334338971
-113286642549
-30613202741
-94482676378
-159514716068
-155307342610
-47903074948
-158223728180
110402153723
-88558032087
-45476026672
-2371347269
123218465495
-240697544402
-56919956530
-24570134442
178991626517
-2540695141
34642157325
25792475502
88562406668
13530296664
-179610546655
-5676019527
-183518856475
-308300614209
183715483018
173324877630
-275153473643
77358908703
52715210487
66516967124
-52859303331
-117236351719
-69749687504
-45102903071
75202221171
-40227587378
154409362748
-236247950169
184553708810
-30103971993
-215372287923
146074346590
68504414955
-164467164666
-144994368445
22090079854
65496402209
-121891062819
-40160447960
157236998900
-8679961899
-103812819512
166476099999
-99050841511
13923282819
-232919285371
174299246249
-83195577221
24697398875
-49318165765
-257819975722
-84805022744
149418380893
-209696561400
-9992075022
62716428995
134392111418
-84263237760
174518957157
75124986315
-118557951190
-83614946229
-293455555047
-254799136546
33309021759
82224854330
-82081843741
65319015109
107586064534
-61173632320
45900836242
-19210651539
-37463692693
76823873785
-265600376523
12168008098
-169781263510
14841875166
70598390578
206690106672
92906154709
-110856137122
-125495695755
17151304761
106664631796
167093761230
-1980373789
-232022898434
-124338367998
-80814733198
-234001448072
79402107337
-252704756256
31282908034
-131491634728
-222508393244
36052092201
-124390878802
73016479378
36634032326
-70691651173
42221885530
-80809077250
-22023786319
-88461600658
170448836702
-57472492429
-189492263401
213738184227
-48827998408
-72893773384
55682460560
-138055078339
154559901215
-135668950233
26383751624
9750333793
123834763023
217060839484
-23255437109
135345528162
150193811619
-76716577494
-18706289991
-48962985822
-77553657914
172543935248
20368218770
-104246930312
-197755465284
73164164375
-80016369478
-89375675278
9409687212
30747784494
195952958216
34530262266
-105839552824
54256090685
-79432685948
6009785186
-231404000570
183392223561
-80477605452
-150386404239
-210227600560
29180662537
159128765705
79231068320
62133493084
155666835337
22280406987
-78793905154
32037987170
83599350424
-69058443794
135074367331
62966201004
9438764617
-7743464698
-142198685382
-19981639628
-113450364840
-44681217453
-131415578217
-45601001840
76935519226
108127210453
66467767841
-111248535665
-10187070484
-86171749196
-161799664067
-102759327225
196445281371
183779856927
39590367524
20595860523
35919010593
-24402590485
-97409919326
-117122161367
103466448459
-253355423038
46391515731
169216562557
54959802679
-25612290874
8977693409
-36502203195
8834892446
-78903514882
10068208373
20996343377
157141857400
148775981417
-186689164962
-13400569068
-112832208227
12768624010
-83454726692
-6876229555
-208466706143
49202342100
-211323309727
-132419737775
-124094033294
-101844344417
-105132581133
-90888377692
-241464389589
143314405962
162881285857
66694613086
-214912238927
-114361041913
76952967434
-97093664653
51317322660
155629338711
-201541444945
-249526374684
162626703960
-3170998709
-124209825644
4863228160
-84132281932
18219535596
223220658597
45351086668
78985467880
-122303466297
75771275095
132595883822
-212537824523
24740428454
-113442467753
-4498673209
-134451325405
-26671030064
-4599054355
-240868364000
134487180270
113425740105
-184255676691
199934768550
-128205984084
-48450007010
-113761149663
57838887526
154364107848
10460930449
-14309165688
166242503384
-75634977231
-24180124704
-91223808802
111448775939
-45537667558
132369245063
219328521554
52594741241
-100968381047
-320176915909
-134419510970
47955775500
-83879390653
6891625767
69533292322
-210978424412
168360004921
-128277553765
-112141134289
154880268549
-79264786340
-82143179743
-92467271060
5471249974
-51251553474
-17349960491
81040314279
135852630576
-257492062974
-130262049112
-68925666740
-61564576773
147321490015
74272719619
38172901716
80309483406
46018955851
68327475642
-145250121450
37285517660
52239005621
38399648284
-63560252179
55685358471
-103083567635
-35230157649
-7780957428
44929416213
-107423641075
6474285074
-160825416136
-160524561133
-231967761572
138044158839
-144608923813
23300034322
-14584599967
-72472301486
-35831866110
-41229886765
156930006638
9601600118
83055597555
32047442931
15057994505
-178178409486
155426749143
-124564853630
-9383333789
-103294358212
-214990182964
-40486841123
74393964177
-179342519390
-159005631385
96164658754
157896395324
-112707922180
-87598517138
191697730761
-105889017967
11562004372
-8242463747
-49072118548
10121217938
70387649608
164159767782
-11336417521
-17827881820
107028324400
-124577292606
-81458928797
-11225677421
-85445834819
-88473999297
-35992826484
-96655856479
188075844464
-202478053281
-42125905602
51083977561
11322212029
74928857386
-93576760754
-50531338932
53751295369
99800795466
162886935524
-92128761628
-46920687456
156263690766
64347824211
-64220881099
-104722917612
-85002171487
-153215557213
-53849274569
-8465389999
-158276708645
-58177940971
-7966028952
42569829452
67520185156
-8538963207
53429916640
-109349404890
19517295438
205464426130
-143855073688
-71469181818
-310439144378
-84155942158
-155229442860
-186064942049
-77633320835
73074934161
-146481827808
-244617305596
-182203119339
-146667144523
5966199531
177244707710
43793822034
109113885195
176535393416
-77899137756
147872147308
3060521547
200465342048
80508784536
-56507136516
116182167520
-136526756528
58240851584
10564621222
45619222016
108567491961
54799824343
53749177425
93302087300
-17015283268
-212709299674
59801644867
-225860466288
-205042240821
78873781654
-164015070451
-3658054282
10922542341
-183414899443
72160616152
19239578498
92182236051
-119893052592
-124318935564
160226565619
19616192999
182797582405
68848185587
170562129113
68740518558
-86986301948
49601724876
38896151319
79262368210
-73501668881
-186033986522
-160246142689
-139919840924
36152047320
-145909169362
141086603104
-68149164906
71716404556
-81284575232
-253729890574
46630083410
5392697552
93357817747
-153017253795
-227567154
-203039215394
74562711951
71000167280
3050270021
-95184451154
195559427348
93149823475
-49902212708
-89991640974
173692460633
17586938649
3910976087
22365392113
171940792241
50194018413
-140344992855
-70852538066
-130526562121
-109213357714
60064756495
85804499573
75497282998
51981161905
-20396776402
186801496853
-79853491526
13070935658
-215467045514
-66438278340
-56644169532
22542074735
-149759479337
-176500304199
-246973812703
21771567545
-111518285385
-3533750285
-79328041349
-90969526304
121881416050
-124998235373
-98270004777
71809626818
70469980793
8806341485
148532878240
-1373376999
-37937696377
52643938310
-7680235012
75483833034
-82249400659
11085354590
-115574170252
-92466708524
71621461107
173322704984
-92045824580
-4986420762
-248065217817
-21204755430
16786199495
65481656891
91551249641
-134213578738
-206169373000
58127415021
-57227533579
-14208131384
-36526078129
4629583292
69049660698
-86767697849
-92162232104
-53383050234
-51951641938
-249611283392
173529899904
-289493462327
-98026156590
43097042721
7815777722
-165923151486
-82489019721
-42587264916
-116740680675
8786571497
40982687096
-24195774357
-82408784201
186515301687
-219272478976
-112267405985
-46876355520
-120935061137
-72313775679
42358280059
-259758421177
166943856771
-118738956037
-49933771708
-65533848505
39530958095
73367956769
136159086657
50658695114
-19699926782
192953661132
72154534285
151982264053
-38304912407
20626118984
2096272129
159720927602
222778360223
-111740536258
163511216284
-131084964368
7997927542
155907538116
-227205747630
-163990024479
14077489538
113345006450
15851666979
139043920004
-252141373258
-96081870833
48912999915
-163620452348
42612303010
-103811240497
-26717919139
17445526369
206536060721
76639553228
-19253799307
-155562258338
71957384545
216256325423
220404272259
54303324718
-97652621876
36652586756
-114485219315
-34818404067
-116270431649
21762523385
-26191769041
36460857406
83633153189
-107598807190
-284223048580
-30243390495
17849898554
-1682035126
-189270368975
-124790625691
207662230425
150320048427
89919331645
88412614057
-65734861601
150872156925
25861747483
-259109407702
-194931910787
-64721267325
-81016800206
-173206103177
-157236248790
-148425957393
-110276895856
14956333289
67382835275
-275059439663
-217351180258
-254989720432
-84027069734
-168452053749
36947792207
80698386432
60493602535
21731040236
15048494894
-24874657103
78806077461
7472133043
65158426101
-218279628864
-23137258915
-191885071119
122997751896
155704683720
138979995742
-134185862849
-29842047232
-133160974903
-25064140293
-46266037190
-265244270150
-158559904671
-50843286570
158310623867
-97091589766
-202614478269
13633616048
-82048571159
-82936692378
16041665481
737323144
-134856354161
81394594181
-120612135099
-15335011593
159523361288
-257306608868
57418325139
151426580702
24666249237
88923563238
171492679561
-6357842207
-34387599541
-229917980317
-218313692494
91862009770
-274736892562
-9601876537
5046156595
52817200687
-126822837685
-126671295193
-48819583215
-34728646192
-59938581766
-19786507552
-74258296690
-43102445090
32419817969
-137761822172
130872802497
174591199851
-1534045605
-114727739700
24139352596
24066569288
89390816095
-84820934767
-201739854220
-24330737625
-14601720033
-282259933118
133346774349
98698693310
-82093886962
54106800843
-184895126093
57765071942
-202773721883
43190662525
3412236168
-117633930682
180155124248
-225074460616
-264362629410
-276988036151
172332753697
-22483515696
-116359371944
83161666829
150191969957
148457021294
-244894623785
-84508364308
-100247574754
20409747237
115191489468
94585405000
71462347835
80771571239
-259295485722
-70084921709
-184210143512
-105769664715
131427493353
18015752965
28280944441
193264213069
-7782595313
-106583673295
89622508708
138512386267
163420377600
44029928758
-12065902695
8060344072
153439107237
166734309351
156078244643
-31187935668
-111450077654
-70292084610
59515106774
143933776332
82734020984
-154471939294
-137203102695
39977186408
-142041421738
-86029520513
49530077548
-92486291916
48712910356
130270157196
112489475152
-38080953040
37131708128
-5167368484
-299970266462
2241166346
18570977462
-92466815891
-37261112454
-298250524148
-61336387888
-218516952267
157197650293
-22601864400
31802831169
-55793201341
-185468994569
-550943332
-148165450295
-88971128291
93027757093
-20849028545
84032176457
-110229051423
148144247919
-89522567085
-64666609079
-260805447603
67481481931
-68434841126
43342129013
-106081124782
178699700881
-155393891415
35834989978
-200875575622
42556953937
-27368776928
-169608984437
16182459020
-210610101045
-201907441573
73703939188
-90970764601
196246500266
-129151014045
-109706906244
47185329389
-75924159188
-247663074178
-79310058799
-217140973537
-241593027650
83394459529
146644240373
-125866200892
171950512664
-30632716483
1173761764
-245588726371
31665984066
9257140969
-194075640471
-120914208531
18591897304
75614657845
-7526980119
146655577050
-56913325739
-147612390000
92845898487
-62940293130
-39967350072
-122538532527
209925880865
-189969648651
-32376569922
-16757386406
-149627668337
-121427638122
-45988723574
177916923737
-159065938891
-46693854676
203360196986
-46756756640
91241787639
162603754765
28458947355
-137996559402
-161596947792
143280327671
170930074844
-183365341036
22424829253
75234719601
-189557328276
23673539311
3389462291
-105698450051
-60012490970
36729047234
39596164418
-249569270
99875546662
202897312754
194418572818
13389984061
-77472344803
-105128076641
-38876708240
160522054233
-17552916145
137517546197
22042594640
144404236983
-104086236716
73152478800
-269202311833
-30677988264
-3887636150
-128534533706
-17559762954
129359256533
-84712862717
12670182867
-113325260571
78859480592
-141129774368
27340443341
54717701555
-4581155436
-244933018260
-128320432916
73798020784
-229732252327
-93852959620
-2019213142
-261551440525
-120519633345
-147335970250
-70629020966
171260807585
-142758584069
67764268706
25568965296
-150363146715
59587548654
-257542718961
21102688817
-328378666618
-96334686487
-241446793683
-69253433747
-253869543428
-19112482347
145822472667
-135583664
-144081916700
-252398407286
-98716437033
-230772436878
-31380527811
-44976205639
-225308877929
-42730194259
-18483469566
-169960027323
-125670197414
104170872374
-143920578195
-247900339782
-32109219132
-17219346836
-10382791345
-97339723128
96812244028
170151235015
136094568795
-250177640619
97587766781
44766239204
15574098867
152543003516
195065343185
-247123994145
93152771196
-100123763163
-51326338475
185629093645
133736693935
39421598373
-62348138925
173734282324
-246046522435
86656979827
146964298282
169651301161
210700559335
-162829097066
-121271086722
-82098415306
-125538111012
123480142263
-226725365090
87667368970
-79202381563
25193109385
-108723826736
82907381417
28159642227
87071013488
-185515603193
-23664592859
-241085728350
-16143574524
48268077318
-145632574941
-244805663368
33468563450
-83138355535
109109128600
-264829591592
-44384999529
61016593944
-248500024623
-52393491893
-172782273630
179208936503
20798143008
193400803272
-141331598759
-152436358773
-86383204957
-174219645035
-81644811196
79290585070
-16126277926
-7468442246
205970861300
-200907568
149718304193
27158470347
47011295240
172478399596
74865346043
-180701089284
-201281968641
18817602464
-134049054052
60971742191
-46914395639
-80262461442
-56432559701
-98501044196
186253100905
160484937576
93030714306
189104331373
129596409770
-124665174631
34271709757
76889336893
-160157929147
153403158276
166361754400
-17267749275
47717061479
44212246146
-50980259240
-46880889704
165191529334
24809866530
13118196669
110195717214
18527533107
191449586146
197685913865
-70047535659
85323819392
-168778261636
101619218530
80381812640
92961589692
20824409006
17860039681
1008998499
1458624976
-92251532040
-333699258043
102819028702
151219594607
77141181845
21848567063
126962142162
-192227714417
-103976653662
-112735650017
-67389427159
13093603881
-41809998326
51683528374
-60303710351
75707528068
-250081205954
218863543173
-14717719238
-109746568413
-68662757105
34919313061
-184083120870
19846415238
-156304446368
78233960053
31053423877
-89279777257
5640566117
6485709989
-83456857796
-61029575499
-45003860698
161112231367
107245392410
114623619069
-62126864730
210677977149
60917288101
33486251600
-225072748181
-29004182336
-114500179496
-104223645625
15386235138
140659777351
-116283448729
-139058196809
171069766197
60169444476
124141823199
135703270744
-31872337627
83397441962
41169586222
-7055768444
159571386748
-98111103830
-91521297291
-106971261612
214461728387
154355964468
-112180312241
61901062925
84974030532
85642943814
194035510374
-49047644348
79186018882
63906924723
-41853990778
-17246229522
31711888840
5391896705
47559184288
77293940131
159362071288
138330635887
54505451070
24941653269
-85964381751
8923508134
-221212491435
113265647354
39945647832
175487152974
-280346568707
148181461419
50752590106
-5402180605
24257479226
-293299302192
-217782523843
-121063502182
-137462394345
-144583201701
39371114015
-8483850577
36458479182
-117741506050
-143136028191
11618031127
173732526399
-244643062873
-202601875026
32066256545
-23199864989
-1450887020
-1610993913
-289489098186
-168702858722
-73381472837
-208512214203
-155817661011
-304553778192
91613760711
97432824933
15747075156
-225653263292
-311188439702
-2601836925
72914526343
-26576745423
-66763314643
32795491566
45537743404
169465150799
67262519604
200891414647
-52392414490
-17259344045
-27829242924
11188320749
-8416763590
14607456368
186541965800
-73261318356
189219802027
159883574261
-79138341107
-197662841306
165649695198
218346643443
-301413003443
112043575398
39945647832
38287446159
-122326770528
152968926162
-176439626301
-204945808019
-59598150301
13222654540
-37687081989
7370807477
23336463929
-229133932208
110878189966
66155606691
133281773982
-143156189999
-60467092129
18487767734
-277905516198
-103975071841
30289026390
39437242276
65676679874
167856077573
-43169802018
-240398876925
-31827307196
-94565123968
-282167489842
23997033512
206884178044
91490597320
-29094470822
-6777769898
-40543781327
-202077512245
218804298582
-58954745426
-300998539298
-177412362330
-121667837482
23109842270
-255535377295
20385916405
-214599201282
-56715846409
1063380621
45646957154
-68511399173
188565746553
17009322272
-264923615473
107175016642
-126368575156
10384835767
3542599449
102849649144
-271044617142
162534121110
-297553593233
-215753742727
88953898437
-225460550048
-80024152234
-324447459580
-59552755427
-188523937958
34535647137
94902180179
-133486875610
53703639822
91456148455
-5352838213
68382246847
-225208196450
64112874716
149133120280
-6397613737
136592931161
90729468578
-3795665137
-199186065582
-16473474856
68199325491
142047951521
-249481270316
214691131704
44295598554
-207114296261
-116449518223
-34810475829
-846288451
89518533508
-19711622719
77268956330
70236087336
68337689075
38635265284
-86176556186
6594417786
91310493774
-23235786418
23198876182
144684789921
-145823890482
-89816510836
34837719361
114521340109
-38391132917
-211448419629
-256057739810
54933897005
45146831152
31505503438
179948559193
-7973000051
-202846329597
114511408152
45493987529
77778891503
-30684262450
-72162954704
-170333624753
-78759931090
-221623681680
-144017378476
-131987866579
-129902524184
-90007255801
189100281095
45151725353
184684242499
51511274854
45536441464
-103420719765
-145700956158
-61904844664
63449319675
35386103468
-107441726090
71410040659
-2606725019
33120393841
-139794351047
126415205474
-245137462215
-12168052633
-73054418206
41390617891
-91015163006
-248505685352
-83281522410
-253997299805
81087997611
166036454583
-106640088888
68020416765
59446803727
167656012678
-79392633786
120491689834
-1342261991
-149459109081
53027768445
139921931235
-93006191302
93201170486
-4572198905
-123147898824
23503233540
16377930534
-41052361751
-221399261222
59148592748
180079700498
6068571512
21747972109
-101743734289
45472891152
174373726967
28274292145
-36868355219
-74384350409
75830636249
173935638548
-160125539510
-28100763449
45025527541
153942936675
-58380332055
179793006590
-137908371676
-35737474567
-159227275273
-270237437296
185202412671
53489778077
64564499917
82674442762
-92017044094
-18354996065
-250105039485
67972454340
35590147596
195804216924
-137694393808
-113584364221
39926080135
-183930668033
-5884510064
155192039367
-260776440881
-235312524733
-2325815988
28510174351
-149718571619
-89825316679
124147986827
86913056204
-239769113282
133971230376
-149014876970
108805359574
76613583546
-54537545064
18237321397
215166520645
156067672689
51926572885
-8247072966
-150840195836
-243499699604
-163290335592
-254360657905
-25702543136
-91043712796
52291834363
-99259562581
151131888288
162367452544
78979832237
-256226153170
-145771858051
162054064596
155013818893
-149943565481
127401272097
-134138198084
-18597494079
59542692231
-32708710904
-108394127550
-95661783664
-112520823003
-79274781551
-87386143489
-56465772562
-80492571337
-235794851850
-197921564540
-202411636025
-30357435167
134857658557
-294577820531
-122303003868
98570898916
181848801943
168636229797
-72610197774
104059937769
-196298058180
-80786240907
169355490829
108967130615
147850966202
-371032572959
-110688964217
42453372986
-214579783030
-79516532844
-153083760541
-162679712166
41635757531
22760897089
196159302234
175170395962
-115338180321
-25621815457
17655666092
-86755291864
31239821554
-40640725719
-18736120555
-160383879774
3322865681
-8409525699
28081660371
-193754566557
-49591079390
83891390832
-45139569675
-212349798100
-102887550073
-51677151483
-324875238620
-119466660821
63700150077
18670580846
-106810872726
107777496856
168296013285
-265906406412
-226162998167
107033381549
-113902819243
180091638060
-201282982773
-83321785395
-84221172559
57154026215
-148528070047
138794071683
51039496985
-75657472418
-218113101839
-52062747543
-135682110893
-255512128069
-274959893223
161084389200
-8131740887
-125513784004
69523956461
54298665712
27914813127
-212376284596
18147097888
-92489900595
12639062946
140599831749
49734013661
156882434281
42578762811
-17470344421
-53408535961
-83168878406
-149986103720
171519094754
-81605703055
-252055736590
-207457912256
36895708766
-60152023875
111690050785
-106623914719
-92057979241
-50027560305
-249035251881
-71855678816
163886684150
-186599563762
161987813996
93483182618
-121704445325
20131421113
82951270911
-56499678046
53540174639
-130598992011
104707863282
24477589401
165657989280
-33712468912
2672038358
81269304767
212144256269
40623274717
142468223959
78825991710
-280858708921
93640126656
62689914086
-141875441512
-56807312927
-43329547350
-175107557424
33802300097
-52970455374
-127523043707
223471519669
-87386017623
32509353691
7620229790
214760166781
93362917954
117906901098
-84436984609
-47098552720
-102616632694
-14309165688
-271999722114
-63582783273
106539755929
-128938451276
148927931262
10941661589
-9998283958
-12189206644
-38788126792
52030079288
86664502535
-58725197545
49562321330
103529834117
7929471133
-249603918305
23180801317
-272218656529
-116742550065
40794318676
-7063730492
108136393872
-186003916993
55573596700
125183547369
-11705307263
-234045576301
-19816029556
-79115252242
140377780614
127089158446
161746656313
-258895539128
-185721643684
73140792117
-319956844376
-192939623395
-54839314293
-2946448294
203092043090
135378526777
87113799520
54386494433
-5470286403
-93330001027
-132923382023
-18225606705
11518694031
-97380683382
-201010013328
-113677770148
201565264741
60868466221
-217175388441
-22540119898
-102512597729
53849594050
-10734632036
-53005850771
-118371482294
-86930386648
46059644765
-55910847638
171901045598
7793154240
-98325402809
-148057000529
18163476756
127388912437
-248380634558
105575832288
-53179884606
8865547779
156078244643
-253471813203
-128944115650
12924599993
12005505554
-249806649831
8672897172
-17794410131
-5840015034
-7862588941
47773581624
58946289288
61981477829
21504600774
78180646871
165269883962
165129513883
72983782060
62582880750
-1750670070
-56666477040
-169651678191
42721862440
-81023241311
161260671555
-233848587810
150078782215
-194925582690
22869991375
-229604552629
-243314402579
-45910399588
-221343288382
8507452958
-66156686127
-186529658982
-57635389172
34829726251
-214042952369
-90834818972
111147341273
-109707797714
-121352287343
-152525612545
19860132124
93657605100
-944322139
161862053679
23195536865
-149557553655
-11047031905
-31765124628
-9315358055
138760323884
144500834783
32655782698
-129704839384
-96810820141
-112720038885
-244232870693
37546716805
-152069567532
-134240517742
-29295829089
-51542066707
-123408183741
98128200775
-250542405962
-260515079887
-25361205652
-149598655056
43342129013
-286266541255
-99603814167
-81660410453
-227639260228
217925053149
-139440571375
-100535922105
201779085005
-219981404190
-231319863241
-104519690336
108365677149
-96572527133
-43790697540
14471837435
-100323962652
4933293812
-283272796187
-44306369048
88757381121
-137438033899
159189930204
-4633922038
-208085716405
-57250047668
134980599233
-3061777211
-228332053137
96028302110
-7588753701
119715257898
125481538068
-88196105910
92045432142
140963697770
90695683861
88330956888
-1415199963
-221422166337
-159869579467
18395896440
80271270815
6140021501
5291845584
172931998034
-151454217932
-79876643198
-121791725151
41889991090
167316883814
78648771767
-265908145124
-110744612736
146864389385
-101193062289
-130120413684
39401794155
-58667574059
-217936036493
31146561448
-4509784995
78592173195
-16580988233
31704409491
134276802757
78694388924
54635113321
-79930198928
-180348468302
-224902294494
-242901575927
165406068590
-332920931426
-247770868822
31155449577
38858343495
-1870934049
-21218841583
66406421098
93478021314
73744005986
-57205432036
15607727355
71449657076
182524117266
84297798126
47873686667
-72537828023
-80746806449
-150998662064
-107406649434
47795048900
-233675981057
-245738697854
77384097059
-143837517054
-186359357509
82092191133
3306255066
-36185786319
274129106
-19820405945
91122012898
-135360932334
-7991957103
-150714728448
-115184773374
124348445084
-144699221502
-56268289454
-47407408111
-9616500565
45597143723
-81545356529
175487152974
70438524343
-35336107074
66284416650
-294360292498
56064484182
-68801216456
-190915510889
-115288198271
-41451241901
-52767009473
164818493730
-131032908224
-133076466520
163934012726
-132510399763
-62348138925
-96397913746
78379529550
-53851480466
26401920979
-49444839853
-145866071059
-82507713022
205699621214
199080789522
126426947467
-107039101917
-229907938542
-54293020266
150231505089
32189211921
223337543092
61717189733
-143612279318
173560342006
-110229051423
158297767728
-143194913921
15737656322
-150694671006
-45816755793
-73231323535
-30977669805
-209644807386
-88828731938
-210881820764
-31217452236
-268539557166
-265172559114
223454094548
-64455343285
-130280643317
-248080365714
-6397613737
78520877005
68828895919
49220894013
-56044305105
-263452131014
95530672019
36894953201
114999698718
70160569235
135641597452
-109039980657
105046497759
-146536269964
-88404849676
17146328325
-17565288358
-170360743724
-110104255695
83313441811
-73756446953
-113856928890
15401305442
-94611966207
153995594671
-201234367974
57916625983
-224172768869
-134059463177
-109064234481
134386330989
188678484555
-120621190875
67279093680
100733410760
51904604056
149738600606
-162869544136
-60713341600
7421471352
138713656307
95276686848
-156271200529
86150951300
40315134871
55520741515
-25003620338
-171821355255
-81136247275
48639897985
72745744957
-225235617163
-110750937129
78531472520
-179415494923
24161597202
95487284254
-235225503865
-130552590260
167779348222
139147760870
-252209411161
-19554156198
-33292369923
-84476242572
192279284124
118788472776
53694341035
-79035830869
175843217756
158526866180
36320229487
-97369928046
54792729907
-223062579425
-107860724902
-61189727423
54195737181
46610557923
75846407031
-93500200656
-26581561326
-111700689938
56665527098
38385321484
-75936725076
113269290535
26539298569
-76194795943
-59447914926
169348779417
79657428862
-217044497693
82500091918
-192678719272
80104249150
103235773869
-140385852513
-21570617686
-56288133885
71745024028
75610392060
-131060477805
-48685529514
-31319386078
34715721146
-77198458514
-105875444803
82320825676
-23204977900
-139997034773
-218624088483
172410242942
62495276409
-212532508870
-53805242221
-23884569973
-127362356328
41828423642
-41290817553
86730885762
-68742747619
-134576822267
14437951137
-84767037201
135114327398
-50645682276
-149199395336
114650823660
-129002963425
47032133344
-108911840506
202713489002
10617061459
-55609927139
22412806236
19525075094
-217684973419
-6866120438
-61452685051
-23268093857
78585999794
58067661316
-193942229786
-84552750507
-126587767380
-140345374242
11064131757
68061558303
84416145570
7611539062
-18888111172
51377613215
15099826835
153466564498
-111011651465
151964124075
192464160992
11346117198
89239490568
-95057284433
102557683382
77457141294
169198285745
100402646417
-14027737062
-125709729496
-52955095462
-7759235420
-4708670680
3255146953
-1329472971
-111335175924
-98696443123
12277846244
31789527328
-128275231826
-25994516158
-230454914727
-28693231671
91260929621
33141925872
-133345597686
133464101472
101015952014
-208672334116
129331779876
29151121647
100698519253
12719007687
158531882365
-116666398283
-12328593922
-205366773297
10134448878
110933031728
-266232276249
-147452024860
163073131477
-52647663118
-75616110143
-124681173040
-232897982389
-24172073601
31212873264
-42086810876
-241245694880
-253900686870
84987016461
-17763396905
111854109997
-79094479739
-231885156312
-36289830061
47839412930
124902367792
28313166220
130731657774
-5256731994
378926388
-58038263608
30083489366
155696939264
-152390717118
-20403669917
91276300579
-41871504891
-114837873126
69836651209
-193064138720
-77478390785
-142871615903
55348244614
38384681428
-52591105116
-196710037782
191309232509
-92530778253
-124675570850
132492719579
5476052878
-95143109467
84686090895
33349101174
-210416262416
95592664797
1501766690
65826920508
-65955213484
91545438754
-202825905380
-118778415764
28657585418
-33542496021
82761076642
19662792110
-121812309866
-78383054205
-244575467161
-150796813734
-129921380260
124034179493
13915273981
-124678240625
-105860091182
196691524120
-23218337569
-100051200432
-49580595669
-61663824342
-140095135782
-256947295188
156408795078
17250604793
39781822475
-79687026188
-313890259207
-267584038193
-80589817220
-60933440956
-157307076563
-116280899749
76090556736
-167535799531
139410291181
4263388894
3095729287
-280554889867
11126677522
-8701440309
-18038977997
-67194597930
-174812281093
-90391727188
211379922527
-26449908694
50884785121
-94933043928
-5573205755
-63242141944
-48360214383
-130076966784
187373792366
145489528751
-54800741716
-176910290164
-226280613586
-297136882471
-229377920040
200814220035
-122226205525
-233241522337
27673492743
-93783862957
-153567411348
278126471
-114264211204
-59123240674
75848840740
-63412920726
91079913374
56232993256
-3873180153
77268956330
22616588108
122498965917
48138014365
-71478374721
-150957422189
-31567723729
134553756186
49935258451
-42772090677
-45911506319
-125951642252
-61606876837
-30141294786
-19829732022
-175249179316
83184288536
-100162675325
150766086444
-75587463997
27057490608
126046931150
157148954356
-212396665885
12372561835
137493369350
-33512469342
-118782694325
166102348788
-249582600918
-256365519111
-179526032378
-250594977614
-85972440571
145137365973
107774751066
84464955497
-369629692729
-105928290412
108068800755
42231938259
-92979837253
-188322629764
14962019396
-47496114960
-26781513294
51240356924
-124106975755
18393660796
-141851904951
-71780185688
-75011301967
-90108178449
72794662854
-87037630050
2835368600
174861453642
6826462054
123328977899
-53705518216
75852078207
-68183904746
148219997938
107102270768
-124341257390
-132899501741
446532944
-83938009292
181542200533
-227015429604
-86585799644
-59003364722
-121687291062
85082426532
-179854312962
215675527276
-252511705840
-201373150968
-22127178098
36686677375
176246055045
-204481084650
-259409983876
-5335321536
-116066425974
-177377161084
102191010398
-5773189978
-131444337677
-92837391689
80492846316
-126254172536
154630480976
-36162963026
-211906827442
64705895782
-171712698950
-263937629321
-117983737681
6914961539
51827282337
134328683187
-122843140496
-137863622602
41044166567
-65664892323
-93055007843
32560400479
-140023426868
-105650923583
-87670431211
70131001018
157161761386
-95415364520
-143232658963
57639626204
-85823279678
198080123
-6865672687
225356307884
-153165898878
78040543449
110995556249
98750175300
67941379374
-44434281109
-133206719204
-152151038965
37931236402
62448230064
120217618182
40731047222
-203590778333
132279159731
-223108881746
-195459096616
133036413370
126469114406
-13342297414
147292003343
41181008837
-195338531705
111738842002
-85189781220
-62006419892
-16621445311
-110540682199
89799718492
9703364228
-144660886227
70250675963
-380839414420
759662001
12455137658
-752216984
-151730393664
-30101628347
182512396902
134412699659
75474546037
45416990781
-314892377072
-45769902268
8522581517
196658415734
25737454422
-5109325901
-84185463234
-92823922805
-94549061613
74403878919
86523695143
-254199973336
166445913261
19541525625
5579089450
67293482511
-92667747347
46090917556
19978599681
20634059772
-140964379112
-46658797964
92081783632
-3078030678
5743419695
46492626427
-187760007333
76334970149
-145889480737
-301045370163
-35128897249
-148039377428
168757765323
-7448303842
-82078343172
48960507266
172266814703
56125235771
-23515870784
-88875205235
71267903452
94535485488
-133535929345
199061670529
170537633373
3447833769
71681485467
-107831457706
210127871799
-116023395275
67326292802
-258418023487
-218462278548
-49331799200
-224901454938
30665583393
-150833583447
-253369002502
-52162196688
-165586243687
19016389756
139636802052
168219355945
-3996645204
-110351087096
20933375630
-143786064437
-132959266169
118885964859
9975566230
47263300759
-128706035499
-152023551179
49374832533
24673847086
-146679532518
-349335899644
40894679288
157984346386
65188675493
59341242455
34826848759
86168935185
-79555140177
115999007306
59626207309
-21418845707
-219963483357
-146257288570
-22352381047
137351212055
-243346200750
-127981306279
-72126073808
25866094999
120934459146
169594697581
78214812727
46019564823
-54455579691
79463102956
15660698053
-62877515349
109511094676
119148542680
170326969171
-135038716654
-80423282161
29635116390
174920284132
-147310043218
-239798309243
77076734925
-74156231589
82169401049
81799504570
-48042145779
-49403411872
96479799631
50492635961
-233216823373
55059293871
-133841479869
93066735913
-159573130170
-28476183242
-125401776668
-128975312154
174143112393
-107414543957
163506325341
126019084102
69567090845
-117470971272
74840096546
-249575011846
149499445053
7199318712
-66490763828
-12207764076
-14382692676
-159208975268
110042137731
29135352422
163354427225
7334361732
19756583814
82318036042
-130428841335
-266880100686
-158964683505
142591952371
-187671802510
-205454509022
-130906147240
-82610644594
91834661780
132298444126
-23968662839
-266765666912
105525542313
9414365145
-76658896161
110196229461
-222632619400
-98717819626
-120259020521
212748753500
-192863213715
42725574865
146141476408
9497375566
21592050577
150917127921
-2184379185
55547729981
-238961058539
66732071613
48803061772
-36009218219
150785844270
46835294090
-137636640413
-34865535692
-108862947756
1244447431
123113546415
-135623093812
-129210647799
86316396196
154440874820
-9032851762
-163445346620
5717151889
154549473824
-95735572091
-26220394676
46615009194
55616074751
23467912230
58328062273
200840798013
16853214502
134617684627
-55715307386
-113604517821
47135671076
41850868485
66655773340
4453706504
-79759604446
11646727515
-9132772937
156993088841
152591531483
-26287223882
-178166778859
-104535449456
-155542046452
113936346301
50888829787
63068650488
-29870556415
50557688606
128112671920
-13392754374
-129934437727
49987305266
20748526212
-78229013504
51231736326
90633782805
-77915889690
-116808638330
130235675086
-174423589519
-42503923224
-33057201688
-198021569982
67108462784
-75119293826
-235586012998
-142353457759
-323178663059
-78212174822
-110241485969
81030355987
-107238368243
-253486478273
-14815613828
-76511033652
35305242187
-308766159733
-68847519052
-111900467367
-100106899209
23701506288
90126805547
-9738134290
10085195830
192493496012
161676524063
160256918512
155047681393
6110476375
232680543647
-93408580248
-41219950813
166282691370
-125269503049
-151562362371
73498067965
-152467803064
1063495783
-114919825102
178120255696
91036899077
84686447294
-168903356734
88954310706
-10581866945
24469485425
21332619539
-56317910178
-218868010379
-4333637660
-50444034497
105267751078
-52773861138
61907960002
56767481030
-278810278203
154282334901
33325957821
23507157272
-241645290769
71597909084
56133691542
-278622587366
54336282297
-93775241775
133906122572
-94947799489
-155528951079
-242608360667
32470866592
-115771928148
163226979414
-103381104392
-16694065952
226128164607
-13244964373
-180407102352
-17234919757
-155650054326
156377006674
-20120634571
163853954947
-279932857384
-54663025778
197030507100
-7447777661
-82363336125
57223407113
212200590980
-65212236398
-103277461849
-77126707222
-5660640452
-6391556970
-228712577841
-155422029975
179495889115
-97425313144
172775201233
57031264550
81544360592
-82516044901
127853625538
-6584628450
-93231265128
-38471265824
41294459080
9349568840
83166700318
79624791400
-111062490324
26882177173
-156749159070
-142445810987
-98042873725
-31661115082
8633963311
190636707124
76767636282
154712816804
47874735347
-9381301068
-73090960517
-181612836787
122545679850
105929390161
70134893575
167138950421
-110546835885
-92039253361
-137327352547
9012339058
167435297637
69451987261
171107529450
102183687609
-137214576183
-361491570907
23390115157
78394633356
-143666247222
-301844643916
-9642581564
-167566295057
75734383141
55282757575
48317241414
23631066883
158483947113
-233307368924
-161253494633
99334165741
76143741769
-17906555939
-14786878198
-4348068348
-129958721962
-250547485202
167759170399
-143441248824
176823591275
89789723632
85609864062
194242121571
106726856069
-1606236285
-78652906305
-64253976310
-154127419211
117815910508
81204820635
80704977329
102743562118
75191720365
138835332095
-139840739417
32403810391
65659418586
-43910397223
-117251021913
-187488089487
-130232595093
-55561402778
-18943894164
135812388703
-31222263296
-146728619579
-80734838934
-63532815942
-37742297301
68564915815
68574177635
-125833095370
18690419314
-32277349498
108411829883
169662159369
-129736256311
-64202762224
170681222760
53639594522
-37772954261
-183810330053
-151834840482
115882292306
-91330667712
63670383063
41815727740
30029327228
-215130612800
-22857939279
-87679584238
26934619520
-13971761309
-76845443146
-17261932456
-80013389952
-174733960352
-60689314777
92231058194
84410766182
-245311248275
-64754045049
-129300107110
-77872451181
20835261224
-28071951605
-177131938086
149994219291
21680333484
14305238677
-148630753629
17758474146
145168212647
-158632942759
23198307484
-5299660326
-96064648830
-227400385026
-189694977793
-144597153844
-72702830585
107055730006
-81017152710
-177269180821
-245137837586
32181877112
101687006164
-166666214858
-109509321356
188355801264
14698441149
-143187510390
35665743679
147917624752
-28658200590
59825403115
103876446951
220458438960
37326756210
-53790779846
174257678917
181376932706
175283880301
-109970896254
-257253971924
-58372551954
146046582808
91669203945
73930678755
100891379831
-13217128818
103197774648
39057654427
-58460952999
157401445574
-138450931082
-66030532015
-147352530208
-182863326101
-113026381317
-76422020603
-138362704031
-248294550565
88399831948
-176010516383
85355101520
-200117190858
-264009649801
30129235220
29899431528
47179949732
-83273898617
101481949434
-120281392148
-41872611127
159771639339
-96256347745
95058243559
69736114790
-80701780104
19132994991
-17930083144
-85485922092
-99121061073
113922609940
-70933796736
-302354656444
-96292506895
-230252124907
176385128818
-106090301734
-257726668262
-24235129129
-75305949721
-200401167124
152982280134
-266133628997
99586682447
-139971151663
177464668282
-125175441449
-83040801992
-86993586979
143173023566
-102748451304
-18942085122
-256505269583
-138760961815
23867246169
58489085545
21757518792
42663998642
107210217167
101281789295
20776560884
-230464920857
-7360029139
-21404653352
-52248863906
-254005683415
-203321299970
70355071103
-251207458537
47948696044
40899344861
-200633957033
-35923519755
-136519508985
-176592902875
76547408764
12472264020
-233524368235
42756169653
5895800347
87428537491
197613647970
-137941209687
-212790723611
-88342669252
74095353330
-77137600274
-10093341578
140456774367
137400193071
-210042603383
30563877893
-64486444096
47063806740
-78628959807
-131447370684
29888680083
-248156854874
84541007439
22497095048
129623953716
62511094081
140926207020
-80163998175
80213950271
200899118221
68326827304
130959140444
47483607249
72746069554
35194945857
125084945030
-86379051198
-5899751534
49705819165
1378857739
-86817357291
-65991454445
-113617067129
-78045541503
64892104429
175950819405
209175058487
-141882212343
-132826062350
21945423405
64878959263
-257559261046
-55460096884
-110714031640
-240401286739
-251427124472
-112682652912
46835852301
-37352043721
14195249220
34785102826
109300999508
19284290905
57189391749
34376623717
-2984146046
-114805344749
143035781400
-140780796216
-39499771363
150646919503
-92914518875
-142885217502
-163773253791
-236084217342
166230105682
-254826613802
47655412388
164236901313
-174489012172
-78237022173
71131057635
-27413879372
-88211207503
-54512854909
176290647822
-137301207042
-118079802107
-51887185178
71047613609
70653434803
216650480250
-58608590383
2951097101
60570296298
-119144855392
-95492606392
-221369059974
-72023496099
158480276042
-3718417788
-136827850163
-52288608903
68532280164
-171922988396
-105161594822
-9979703375
52815901065
-9587022041
-145734985775
-209530485050
-281485195449
120994649902
-2018638933
-52173700791
-1976526891
21360936920
18195120883
-107094422229
-96556276496
-250511219270
-15086483174
46572106044
137717715959
24657813362
83528464829
12783850611
32243651533
-28248127696
146767254097
-226712953379
81067739234
40812998904
-87453050553
126600869910
-58757759302
142688349633
-48800528490
-135515423135
-77863111289
148582348532
-123050631720
94808836695
81172648014
120925956374
-9875776387
146511102779
-258433074039
-104372847891
-68001356282
-117597228746
-84914056835
-25108864593
-229244899288
76142937453
-140220403823
57671370884
74621757126
-249013650535
174624399091
158078917344
-112302123349
-149045139417
-247819224362
-193983121631
-118884990183
6345766988
-115270780684
91061133422
-107691893713
-43033304801
87030667806
38261951854
35061204328
-80736834001
-66538887146
-267762901830
48859448079
34221017391
71909613536
-209159675744
3119945501
42975356942
54914879236
49795488173
-169682992092
90055934212
154268590317
-158951092501
106786981745
-160736323694
-156146089965
134682387044
-198460295217
33261896294
93301443312
106393627018
178496049065
142970810039
9975023738
-53331369962
-143442704617
-257080959031
46555891432
-153281271115
101963571300
32022140359
-58358836653
1669430408
-94734285275
-49167561214
-82648731595
23417691791
23593549838
98241497405
45643222279
39467455738
56528033886
-149746674681
6050624009
123752909118
-216592944517
34138314454
49644026126
50195546573
-19447758151
-23582794098
-221914188711
106009496406
77291355186
68416878231
159972993788
63002336072
-85596740205
74070128859
-258854097786
90246922786
187196600406
-24035221346
-127795080538
-199733338176
116630684963
43471379874
132699078846
-183379194844
17474890108
-112004184876
-174437273631
-5371179692
14944921248
-55910991360
98890342656
-171631496631
13290202506
-134914990187
186962063307
-126036869557
-122240940494
160090716102
40972125502
66600344284
-67191317957
-170222630305
18930917118
-84580287438
128271372676
81079464823
-201638291096
-48130115346
12328265909
69567638122
78264376896
-219293787831
139134606412
23244803384
107451529940
-87953497274
100830329654
-305920667393
-215248838706
20129669817
200009006773
-104391267725
-164833963097
-85043549091
-164231208407
163600276391
89668777873
-102690440125
-25998315701
-89527246766
-123623718076
6083784825
-28800244786
-127092164789
129477547728
95600090568
-245452209823
-107928873431
-180063526901
-29603766327
-98521093619
-18424955767
38614687166
-70230011829
80690466578
-164679366197
100826747618
107361763243
-96591085040
-104075197104
60703701953
55219441905
122861947369
176376446751
-147746121693
-21271673860
-154849543921
31599892600
18692496669
-125442883032
166403102869
107429578975
-31862657456
42318835029
-41027036110
-54727541307
-90720295662
-135077756277
72913842810
-124518743370
2704639533
176683510852
-205214417540
-85270515678
72003994463
73040262413
729175421
-8820027189
2148328364
74654987796
-10371822789
-155725468350
-201581382198
-3086199152
-153931043445
-141272684065
-74668036108
177443833092
-38828463061
-187099384771
-210141953641
-2018274023
213773778374
-217284975530
2403594056
15697900570
-6470741967
-190766959500
84439932289
8581629019
41291038661
86773560940
122859634876
33342561500
25388056526
-221579145611
170293327832
146511081133
17870511130
194170782894
-76402393694
140265320320
47134703527
-180187994695
11293013352
-89905268053
72896472765
-131866219177
-6065112504
9275042479
-9200558771
-214767605330
-96637472247
132667267399
49154212740
56046632434
-64667730579
102768329177
-127380785043
-116254635039
-231712453894
135902870041
42353964996
-157239572306
28002209702
-233844737378
192890552631
-207719905418
-261409295539
-119781465734
-148267074589
-85395084292
-112076324903
145666270382
-28763895382
-139849505605
9411056957
100661584431
90364531667
-311982053456
32513262123
158154489207
83556175919
20747807934
-87521004324
75923952014
33077900135
171354817853
-223184582788
118475066948
89855035433
-52699664099
-8810210163
-126601396399
-23200872399
176349040325
-206058602923
-52540525642
-103829444541
99973091772
-159228101025
-171712698950
53577036679
-161636412042
8397066920
-61470590585
14750951003
-252145766544
-212231627263
-250623892229
-255704969170
23636632147
-247923672305
93880770305
83627805508
6646043342
-90982129483
-160816258643
36112685843
47429059494
-172383419875
-131511177507
64690051604
-287156660103
-121740131108
157234599025
-216181772627
-240046365824
-192312347882
-230112984599
-14149477422
-25396525019
-62152311819
195003771252
-65400333077
80107439258
158389369628
-76951515274
50262327775
84072333741
21304009069
-16397532446
-32411257477
-256759359948
-117171096557
127045826187
-81716965830
58196783754
83110933793
-99488027832
-21810093439
98361590915
20741488598
-97554533632
-52248863906
-86688286867
199444592373
-291066256673
154495560418
-30519475782
-147235354049
40519939447
97342722242
-117544790993
209072984970
43866163039
-148891020614
8319624617
-15772967658
-159958728987
1156416040
-168345151
64005718049
143623346338
88239958476
-112800913352
4597762007
-94823391491
-158608076358
53572998159
36214266386
203221772255
89538695009
-136029755476
-153336243713
159683310964
-211761729821
9702693240
151190399244
6306295686
210387330961
-20362623153
60937459707
-80281870622
124311726568
-303419925095
-121600296082
41992316147
72167533798
84527574277
11428845351
152111873275
94572047112
75175270703
-33154818968
25442942657
-119117377786
-140840309664
-203503015168
127908654585
214970059033
152584490167
2584517300
41099900446
-68521724739
178700356428
-67302997371
-68924477687
-279091262613
-90163975645
110682706177
-57946916624
-233664699826
-61509965634
-224897978749
-82599610138
97464657437
147719979512
26657124648
89394145898
156952051265
167762728912
-103585510049
39453972273
-76948950687
-111501951846
-84398613889
-7210149107
-124277973843
23066310622
-109388767453
-98664482308
-228653615044
-24392896856
-46257763439
50126824495
92933619670
-1871937668
-26099159202
52515298108
7861993571
-13637702726
-207581330530
-80883354270
-105105001270
11902589830
80743567806
-52693502066
-59234831398
-250062627959
-246527360608
-112504989274
-57958606472
-58905401305
-73732262857
10871252355
-47750903542
23514291674
51628897756
-252912769222
56705824228
-38822057328
-174006504902
-48213331831
-138761725010
88266545461
-101089260464
-60621439291
-116085041762
-64148232391
-62889114868
20394503233
48579959617
164677582963
135807846281
-26063936221
-137210274649
135142112069
-104061378132
119389225838
152858698519
-73635568644
-57373202489
-75091456369
164813081255
-146004228009
109940298417
27166426104
75725116991
-253275566871
31438507449
73700110620
169268622020
-4085556576
-92887676836
78223776083
-260937803360
176333069418
-243530143433
-137292419552
30180079490
-5095123893
-115569263411
98039856246
43566516366
-103719574079
-70183478968
-206824648391
-17438570680
40978185198
12301966281
-15602486054
-148308385111
-84883572621
73407132038
-85566852538
2597303319
-94364824968
-156655425790
-178702283463
960912545
167385990067
35891796441
-140857949724
-15039032371
-258979085601
110705279562
156162846057
-237988954586
-83451976182
85260997096
111230209965
222137382288
-84712186321
59279246367
67662846789
-87047752003
-157400265527
182600672782
74687929392
-217428262198
111730452745
-206339946942
-102504057963
144008159453
-156173499314
42311283122
28672311026
196972453112
66953617104
122142081920
173460645343
-31995345707
35887298759
-170856757709
62526772469
-16036865179
-290311308677
140433692601
-75958546334
-104183287550
-105636346080
-140465637773
7820027402
-134228327778
23270746540
-92911217972
170874392340
189757496871
-93992089112
102033556640
54365121915
-83363009537
61241749930
-161136753645
73946362929
-106420207324
-118762152957
-200395737128
-82992709151
56633389473
-91639621226
-132186980243
67162753399
143346251164
-91281893365
109561577451
-208785539025
-196225173831
-69665505589
-76646457172
-56699323603
-143406473985
-72548158729
39758806408
-166008470536
-10568798681
-238375654813
-32624720063
54891203158
338903140
153518257131
14330005428
1879498266
52359659684
153251324360
-218896868391
-263230976964
42655498773
-48039262461
54351406909
81988247940
-262516362556
-1548358746
34443322812
-208479149381
-100034001943
-120602464070
-129037940630
3071730740
-94642804369
143923641546
17393044871
-66385196052
-68167250253
-96059938913
-22046048786
-98840953516
-94002879662
-98039235553
-143078342116
53329614997
15180831546
-228810246287
7830842435
23300034322
-149152002459
-11416112196
-76084899221
61485872311
-5884510064
-85205336195
-91002760709
-60908816098
150282945217
-25393459918
-202513765235
111502768464
-87448749633
33722088395
3688340440
184610361299
-145013950722
18177886766
40748125415
210898595554
-182896909579
-148041494363
41409268125
-169260491817
-39458915298
-135948671820
-703047252
91979018102
-129422516497
-83359956480
-102239600545
-224842660106
37093376070
119304689736
20795270211
-227733956315
125417549011
-91023125907
-64465235058
5307406151
-101027227377
75351010221
88174383626
9297343608
-37689871559
159133850561
-198194681862
24382340729
85313825229
134964800248
-117838868250
-109480448326
72907232913
165190058190
-225537231048
83389687422
79173019274
-106845811632
-233859967285
188396752374
116486491651
-125247968367
175806763471
156744914525
-8069545303
-278852330471
34962625828
7990855137
-30114196155
220445608077
-29364751086
-253007281353
-13578922185
52621115078
-63543726461
-82508669113
74609618250
-129471408475
-150275583927
-154757734355
-65798370558
-148712711977
-47142757108
-215573025191
-68000002745
41675783467
-115947483915
7968809754
-98140583200
-113503376291
-55755972377
70401785055
67752695206
-133756720592
-107552898773
-103830670467
-17903060058
167960273228
49804238738
-221204399741
37380853482
-21873275885
-62079979071
-264631822201
-6195193526
-39197881277
13242732515
79598202011
-143924178764
178651170906
53640011276
-48690712091
-156311867973
-76439192251
-146016298618
29436424001
3584871980
94828197265
-192799414095
-94978795898
537229069
12391715882
-225616878732
-338103805680
-85056348625
42759378922
-203210040310
160766128274
-139109248994
18779944564
-67924211207
36027593316
132810030929
-154513519086
-69099135870
-113023122271
-3634627782
82745452794
-41623521284
-112473500676
-140716688027
-101720252600
-83040859424
100723025079
13989403844
-277626691748
-124055555861
154844205060
-200790518319
-53552705187
15105982902
162626179570
201396741525
-29933406052
34645522856
50392596345
59488772583
102915063820
125414396315
-250035731819
-134774801035
-49886287168
-129329120233
-76847533761
105035469248
18030206338
-118882278510
-88669746117
145034442690
12544894784
102214527606
-252456783921
6611239620
154560964521
152285928966
-96082148505
217194400506
179948559193
-198261510321
76996911830
190365200527
110177496722
-94821704905
173181250753
82478048192
-190475016020
-289892610092
10476181893
-324764121796
171765502813
-179162092116
-193966768305
183297710102
164605791802
55885760834
20736443422
152982280134
78337056918
60673738582
-156694689582
33647344668
47828487307
-107820473221
-35717843633
70149411746
96685102140
-72877397223
-34881868701
28244528321
126544206388
-90073861798
-17042236595
48176899871
-79427678760
-263770706734
155179856565
192879721094
-241251643543
-211824929208
87949890215
-40063236491
49158641054
-270466285086
-75679149322
86210168181
57256780796
-263591245180
177128629112
-30269418699
-69710767619
91462418930
38369362020
57727026954
-11420700030
-14341707314
146883394656
128618559807
-57715739844
-133676572887
168288452997
178668401360
147086163562
-93345006128
-7672262994
-231536491642
-298724921843
123815353142
-136033123718
-255057145748
-174186214135
36743683913
-50250369597
90868253172
65024118988
-236449474360
109372417286
35967162696
16875125588
-242793486824
6886181505
3166110959
174949181127
-88835268466
44844100070
-109890187610
23070084395
-49310027607
55527757548
14006408185
172244965314
-68530596741
-53531145174
-106501743914
11242910527
-201881503925
93695403303
176307375109
-212026371125
-170228540519
-180962392130
-218793024656
-220306690662
-62114787251
72255423629
6146417835
11212316455
1006755731
102242289798
200136380866
9318313302
146311097908
210266834049
168551266981
11045667155
-288156519609
-112142015558
-98361630185
-89405189102
95337392575
130689944343
-139942659198
182875197828
32070829423
77533350521
22205738734
-146654745654
-226553686882
157992959101
-82564717757
-163614630351
57328298582
77782705479
143252620723
-100711550687
-213032153846
123889610149
-216273929116
87308843128
-230806600870
-208108907687
45231575695
-126953478212
-241697704573
-20031981138
58761264866
9300850694
149061664655
171412508885
-100673873425
-104569651767
-63732042135
124612130227
66766752655
-50117860726
-73260993427
83045157430
54257338586
-126092654135
-122802416586
96265678427
50772438282
39707384405
-19560330240
22380869768
-208795563553
-9649867333
16389704231
164056373692
39563992332
-127927367079
-261106749306
38166889253
-166783186995
-140090756388
71286588171
35495600953
125720121693
112920540532
-117207835754
-153786273796
-208922069805
95198833123
-95505781027
172631276835
-157409499503
-64908522511
-107857649770
-202148143657
36686854557
21225883486
-37347557881
-266216083481
-88859878507
151674843064
68761248743
839548788
55555008941
17179824696
69324292369
4446585239
75583084107
202453470703
-26207269194
144727066463
-203349540167
-258362632675
-241248353308
161598480963
81953064933
-9714438045
81901411602
161810899407
-91529331923
23962556269
53697645831
30765096463
-125208433169
-179248184987
-9413576187
-108008495879
-170844116120
-18569099079
-203697695163
-130075239610
182899918845
-216994623109
92939511246
33001948824
180527944620
-75556894967
91376070578
128334593285
-41340265788
74248975164
-97513469497
-145451629924
208457250102
175526293503
-95592531339
38484724309
-43372439561
-96744920845
184997913404
80341858925
64720328799
116454411070
92970245950
-95533529961
-88148683092
-63195993596
168771305852
-252929173356
135157663863
12760598231
91107254860
-72586432923
-266607714132
-251499159692
-6277657702
-63787823339
-258847005534
-44428229310
-137868443615
-78687931276
-90195855316
158713476611
59781555647
-107675310699
-216110667209
-47021307197
8644803857
-133973463655
73098893264
-217212452633
-6843195562
-33260595715
-157397919107
146146434596
-223661075186
168037195186
-2018868884
-253797892121
90555828496
10497681983
-144736031755
181941641945
-19936606237
120250582358
162089367287
19903033562
147447724896
-230149634838
22908829214
-278509310453
4209332715
-112033371388
-114899077731
31962908450
164071872810
-120396756897
89915384096
356348763
107033381549
-9028648070
15674810264
-57538471395
-89529081643
66502364331
-49335561556
145793898487
-37481835838
-85471335733
-171525196473
88673332426
-5266728149
-116677038867
117224370218
106613686920
180952018102
-70544332228
-29849508367
-157781598903
-82242196662
27361781706
-72606174006
-98929531555
-146859968132
126830848216
21838423986
64755376841
-51326255852
-162182824655
-246645337826
5735177738
-25725192011
-115938091612
-84759686119
5355845154
56926014122
-134240517742
-15084678975
-180589376905
73528517056
72137525537
-257013902163
-39618428383
103533139394
-124405230110
71206439970
-121792543959
-1344407197
-187129077475
73139031255
-5111145290
30137610531
9970033929
22914145455
-62619888262
-8228880621
-96556276496
64282935109
208026862307
-105385643433
-16590172000
-145487459534
-146141503687
31861556458
49766957577
-45331861048
50336892114
-123098326770
166040484830
-65600472836
178990055715
-191865200466
-58344014139
-63034069022
38336869687
9662273995
-241899513278
-227020161815
14456243381
197776809045
91012902234
11904621128
60865716265
-103083147079
188985445687
-260253221178
-4643659390
231013309603
191836516389
-44923241443
-65058265415
-104271716798
-103313250622
79229768768
-303216531029
75788930572
-98691980286
-36878455339
168610114259
20406628368
171326809238
55049741241
-28244603959
-144949816656
59993369082
-25557797265
-7853450461
-1290956416
-122921195025
26677640685
-89390670458
79159481094
167982976609
-253915017041
-41439552833
107812336579
133441368156
-119005264030
-247663738149
166599035155
30699832888
-90997538791
155785425533
14805873782
63717976513
168741957099
-91954151502
152004144605
-308688174722
-117329032883
212497539095
17368646474
-12475745341
-201040370721
26128568493
51796988667
-221165293636
33223001705
53195285807
-175151737907
155416367793
-120502582028
75430938911
105813598987
-138973626082
34684786618
-155223846057
-66181888939
80938685614
-35919432109
162135776908
-57165425345
111634564758
-781323334
58577533900
-16727656218
179208936503
-251666894667
75230260090
156461506760
-30303098446
-92316816034
79058425835
156981293643
-123043729053
-57703116519
2870077167
-111105153971
70242625880
-14226114376
-103765934087
-75957369119
74966528631
-115110816807
-89957963344
38400675757
-229219866528
59680427298
68511632073
-156737611499
-10039946533
-104361046902
149896994900
-146233175599
-75934319294
57425177947
-99334412070
-109515148699
-62916220511
-5425836148
-573991745
-86695818422
-33360598623
19345592076
-55133596343
-121879643482
-10347133213
114339247651
-275608974864
-133915717594
45941006498
-118575359622
14650709689
-225728494696
29983985055
-46851680056
37352683869
161581813074
8251034715
-134230295469
132844472736
-27907914684
200249247561
-139146025393
5727452777
-146093660912
96955045078
-17782164552
-223189989836
152871801290
9948474381
101537811954
-185479371913
-136441426983
-105452402768
10552556178
84008271101
-151436080455
-91094120983
505364509
-86124001783
-147713353682
98221049962
122598780784
164818003922
-110980224220
79349423227
87088533923
-81298097525
-89641928135
222458551190
-21735802453
53647271851
50430247474
-88571910279
63617335311
78353448765
-170102474217
197688882724
193004875715
147068161271
102839238923
-70779616484
-209848001278
164319314185
-11317654857
-78397873375
46157886119
-217097187733
-259320359843
38746384026
154952832448
-79131622285
-225309506184
-91773110407
69712434332
-256475360478
-37431234603
72761468804
-29053743863
59371718442
86656979827
13568876322
-96942646478
-27441866546
-10491810873
80324057283
-106290550383
-115514331651
113078788753
-99034666514
-187915251411
53225649946
16751925338
88337366137
-86325893528
-223229392826
-17330300831
-41161662241
-26352320575
101015952014
143436076184
168939473251
186031910636
-99292767523
120071269217
108601445299
-88334386805
-90942751270
-63607060758
-255573077024
101278043389
72145620425
-101220196775
75854374470
-104940336926
-86267896953
-242755587790
21592050577
198323356729
2256010001
-78466110460
124653556743
159179697343
35234614895
-160339061988
-131060309988
24163719098
-106046574380
-150374402262
166146444568
78264376896
-130921850757
-71341930122
239036011985
50277886037
-57777338946
166698712369
168186779740
-13377579516
-1375049423
-100789518644
-112636550677
47526544993
77120295391
-13174822779
-46217606188
-107299288052
59041729624
-59218184238
-50175020270
2166783745
96080969687
50338225805
193274153602
-108474197945
169405364013
21028210219
22190365086
-41717968924
1388009319
20593712918
-90767407853
-27757329909
163437859001
-234875575590
143402902855
-142510901466
108593731736
180684178262
-177933653939
-10278959244
-87444999378
66612453160
191768757368
-131050603365
2854700896
12303698823
-56574566124
130042676468
75962901163
-84229681228
44324613151
-91201037402
-103050798584
26930232462
8137008056
-92929786512
109612935407
-254598620337
-179546866451
-55577905183
50135736229
-46967944217
-18318104900
6766476362
129559003026
148034032040
-4944262174
137882889530
-199788031992
-21670743676
-83541716838
133329736112
-100877413152
78698738640
59780734297
-9859176954
-110204852165
-126991987868
-150827984153
-121167430692
-57340146093
-59504357232
-61169104035
-55653972347
63069252297
-237457167086
71393052680
-81148842585
-55740663328
-104791688666
159749795322
1264980180
143942573014
-161121858333
22166520788
214680579109
-183479723245
-49807278381
-24305989390
84527243581
-154001486874
-103864467238
-47787114672
42163496276
-9714677411
139251861863
145476745192
83894046282
40287876246
-262782546945
-107889871054
-90923102422
155518961503
107801616465
-181332993677
33017878552
-102102789564
-71135580703
143935211764
-71070997328
-122171118982
210223658838
-82174753045
-123960042343
-241819903634
-4051836174
92027389313
-42244813210
-214218162626
-15017527010
153880163544
-179637847147
-7737014581
-118207336323
59654365774
9670926686
-67189963416
-504826433
70681287031
22698852781
38645496064
9922541969
-103461912210
119863535134
-50141348196
-38854948734
146287881740
39893822221
-91564879456
159936023412
106922430812
-28534776047
-127159876499
-67739700417
-25029434712
-30481791767
-138574871161
105342418283
127584225141
24904374692
74823581138
99952238776
-131785359037
69214990037
-63329484956
712590164
-211424202328
-99112935847
-82061814678
129648875975
44952379160
17114467942
162957268239
8798104259
-105040304910
-190079855470
-105751575622
-271825340071
-113600710421
186449767976
-38493667210
57008502002
90888591425
-204331777466
-90722258817
-74892560745
116028016412
172665432442
-126314475138
97294872444
-22710415656
-106456441671
28964404059
37542309037
106850690622
182108072934
34018420362
65488943032
-142979972667
-92353170790
-121035401607
68222889702
-255408695783
102429787990
-31118409109
48008729109
201064922537
23629809102
-109884071503
-8832104265
24900898645
-15408146275
53410373886
68970196412
-81503911298
78420825415
41695023251
10221153290
13065275467
-84347007724
108664637426
27195646979
-68317164969
-67791994
-95509221236
-59357535035
-129008895079
56894678260
210451561053
-28185826518
50356797600
85866875628
-96964091340
-262419632676
19847260864
174682127031
-217440269000
-128275231826
98288061251
-92009435285
-93646476580
-19296282300
-262190593561
-45984973458
66035504912
-306385199847
57038466034
217248880749
-25083080637
-368566039499
-144887675178
163034991115
19437795568
204647776629
-12682726587
-87865882104
-185810658622
-97363418925
157790890600
-7729170111
-202374694679
-11671969417
-5691331098
88307815797
-45213720089
159703523280
138833368288
21974188471
6134795009
50338225805
142387963188
89359462680
-66667877366
25315911715
65248969484
-10307859680
79769611762
-18683638108
28625927172
-80886987704
110229837014
109760524883
-84520516311
68664127315
-243595494050
196332280890
-205670085801
89981235083
-49126372218
13933023549
-96243835543
-160168447425
-62894235896
65270458622
-254255871207
20457279710
-93074189614
-114096093283
-7693518891
199880108999
-82212133223
-68103415259
-31815493313
-87019377517
141884306581
43268280706
-240371343626
-146702428504
56177943731
37326287769
-120335951775
-39152151122
42277900269
59335526264
64236789314
74414495725
-256891999037
119258328932
-63946532578
-162581021687
61548595114
18707967977
-82963520567
-58403001879
-245378765074
-16966616873
29353755673
58786002887
147372859593
38960786093
168629482004
-119880236564
-125506344056
-200051305665
-177742383999
119437293945
86554164418
-146431591046
67704384715
10200297258
-19326365155
-86300046915
-70678138300
180459457833
-118025578132
-10416260316
35535013131
-141538414716
19445265886
-302144418206
9520381269
54001837709
63415293723
79906992438
49894439526
-79018093570
-69308558332
-104256404127
-98231471315
145901802888
77008061552
-141910819920
37753734590
79691154398
-96256984940
-84287878548
34245090712
-164865306968
17156129022
20762102139
-153891527764
200982739884
-128880437382
98825794172
65956651896
-35642026196
128247959224
83905586860
54155547187
-211094907192
56212785163
-242812218449
105723361158
-135867891922
72949610662
-61002279821
23858583978
175708897543
10882853168
11138809399
-153252731395
-122182816870
-92043528655
45579656494
110787667488
18303090120
85017435364
53558049955
-63918345243
-116289838006
-51343803998
159796814372
24866540043
142983836422
108068800755
5334303266
-23612759730
100773741578
137947044040
-20939816140
1945247243
79331880635
80329791513
57628119168
-56198210483
115654977278
51653923791
-84640339299
61472715066
-3766094547
-327796291
-171138583110
178367559163
74909126616
12327332110
-201814029334
152241598984
-110215835972
157381369971
-123223340600
-5801914551
115745100894
-154491423226
-127474220728
-104884543390
78674578861
-281955422776
-30735719488
52147513344
-96367214810
56525584555
-64263801819
186856860250
-7534204905
-253549008803
-2287126039
-207533235810
-155775230978
154536129984
94183807692
62072700408
86994327695
-239921457451
-213287468076
-200604243014
-1499011228
197782230355
59912936454
3966078147
6176206641
43111417566
103559630996
123563404691
34285906465
114673421462
-168258140300
39981188727
-13608784130
107879877646
103056761768
-112544764285
-176407188431
-4696629134
-272195926932
72151377457
48145467387
-128453039299
-88735190043
167671449194
-376501390916
38798682193
-71002750545
37948846370
76729958351
70295875764
-13273229889
181496259616
132566838926
180722697642
47118134882
-90297724036
-12673007849
-116124850191
90564853719
77605276057
132596718646
-38804373592
144130283116
-142662015330
-284964925415
-75150263236
-187355909048
89529332102
-92136523768
-92708252377
42892550988
-47484469091
-95933043808
205688840908
-92830425255
50142126929
197880669359
-60618712781
170208853806
86401826120
-101174236715
-62976771092
-104601709371
-78563704866
92840211312
-137023645757
154399273128
-173710305024
70624756463
-106192028436
-249713084112
-64541796612
-173524442518
-248747415426
-87228870466
75105265058
158599370632
-121701718659
-58656328400
-1453983211
-177354892167
14872982011
-127610841996
155895060280
-93284761289
-78159643272
-97967160819
23209962390
-178154570934
104676408852
-103654318589
24781385536
-84070430204
-195190658516
-63896200117
-19711256718
150758472001
-2818880325
150501257359
104052768732
-80964065988
139373794066
-16823240327
-1119928756
47685601694
65221376968
-88905914113
-74670078421
-101877975072
-59083314257
-118304406602
70204367634
68469118660
80341888193
-122753851551
-199221904505
-66386940007
-38031549206
218994964171
130306372219
-28620944263
-31605215506
-23994645985
-85929103661
18665838587
78434227498
71444021404
81711502400
-133322811616
-223531646768
-183614891128
-173764896823
-122019359806
-188818273358
166828845751
135807846281
18432364267
84049717959
-247652723736
61805195083
-88350920600
-9075008287
-203415635984
49035904121
84551726725
-149075194781
158465241861
-255115806753
58886812657
-106602907789
152197825994
106387044729
214429684117
168009498188
179459109693
21847138129
166849713652
101215093706
-73122418143
12033866654
58980139706
-234313333592
65687758926
61106451898
-67709997126
112055497164
108651860494
-170776304406
86828647631
-63479664216
-132583994922
-42357627801
-113479772286
-343222227477
187517606116
-221840293424
-122757880649
-144074952990
-55101881058
-89039299926
-137013268348
67641252758
-118888758518
46201499163
-29684718908
210867325682
-113518117593
-48397126411
-278176833248
-139862052256
-121170206596
-117347938826
-222837561691
173195401387
-159600580946
119847281467
37881756750
-112730394624
152890761259
22264001623
150695135874
46483662095
-62970370380
86648517050
111799910957
47075286377
146416442868
-111085038918
34437270365
-145538898968
-91011054967
114526882661
52354675581
-132386829422
-108087595659
-94273524475
43080070934
-101025807706
-92186647646
-191515049414
-5506277349
-102343376034
-218157673445
-8346830594
176056975981
-174834036366
-180550406650
95166342713
189274417447
40882527434
-80175963559
-171910280375
-102805404210
189581933710
125926732302
50907314369
-70725892429
-184056440394
20865053422
-68264471446
-194130433278
-37486530452
-140471978171
35425608906
-78397672308
-99504034276
-67860670279
170321683062
194685883246
-87213099815
-233859390570
129825073449
34152494526
-44452266052
-66671693526
20842819637
73567805001
1291760887
-95199538524
19251723052
28272409597
-83099418681
13150508931
18499406603
73642522665
-106353510420
145233651023
203968815856
-92994164877
-140435558771
-132992369366
-52393016493
-18336991767
-238348988949
-5188421160
3674967817
171345774653
-92464210861
14391965857
-86853252642
143179551961
145774919949
-23131833713
100961035829
-63082247015
-148904451941
4388080375
190431016359
-118807781002
-14289659836
-245239216490
-188714494082
39051953061
84205703629
-6415378903
-70055408905
206453781082
-30198076871
222946846635
-214199237
-86447653287
192556118585
-88084327932
-213571673581
16671075215
18866257052
147754254233
-90843316741
-20820120588
-149260969513
-146548305943
71430405684
-233116023984
8885440726
25809994443
-234118025607
-142349681870
-1688608020
-163524353333
-211569963909
159892528458
10846616274
-111613030035
15696424772
126507892903
-84814329344
-2511986
175145600398
-98202851084
224565173394
170506940481
-87137960406
-6372076516
-236714970455
3027569148
-246003305515
-91544693018
216459555592
166010974544
-74139622605
-83456857796
-345673522592
-114663771704
-242672349543
-135305638057
-18213407251
-75461836802
169307680361
-119830814239
-108034836136
-300743098145
-101992290826
-76920481017
-34735426456
-73981299600
-245141624649
147759608963
19203665019
-102622874761
-77104118381
-22950073917
-61527004878
138602321748
-53216987749
-27126768031
54203200869
99634940249
6094051752
155463811505
-49635666325
82810776870
112965347449
-16324605161
26264311678
-281539035839
4213187336
-170393546609
-53794274167
-206424723275
-171037240237
-8468721599
5994609016
-87677790553
78552704247
35540497349
34206189588
-67533947275
-79307025679
25469156960
-104101893213
-1070249532
84269942549
-72312330952
41481165273
-43911721864
135783347780
104791891341
55556785427
-10632912436
-10122062627
-3448620210
-8691588343
40138649978
95473898770
139878121033
-134333081777
-129646389556
-4282562369
-119265739361
110508420476
36124624318
47884003371
72013716596
32212433818
5022278434
153542261437
-167771142042
-110789289272
-278127464582
57720862178
-18338398827
-80521798259
-197323796187
58736731162
-51732919908
23396819729
164518287978
11605966780
-144841040387
-213728196802
61576418622
-9278997412
199163161661
-114933247302
-170160976070
-81182515185
-42485415507
40333831223
-142607373064
-130020485752
-153961691295
-3258558660
-94276422938
7837599677
213045144176
213677586236
-98611619406
52175733830
59783157795
-248425073233
-104460347273
211432364419
-68540184202
185238293948
11119268721
-1319960471
209306576445
-91420573893
58009158419
-276612628709
14194478439
-152982049716
-107278399198
50654681808
-68583370282
-130273930582
-8542686796
-2216586816
56529619958
58236064652
165562337862
107219305007
-140043760047
-156115417080
-181783830035
43572565152
-235865215620
54221488808
66214466957
48677694388
80928650809
170756108909
27123688926
-161295409988
-103068116491
91148599203
-119819970212
-65921293679
-6147856448
-31161751612
56625803836
-163094611234
59036261486
-216381042427
57045105168
16017509205
-90775578843
-257929896448
-57162385917
-61467241899
62078203388
-10491575813
-114065631836
193855584505
-32810200562
-26454581480
-49257033857
147874529314
39849200534
42968158135
16238682410
-6364381468
27275676798
-12639876232
-122264442742
-9371939915
-146406518184
126713050375
-135260363026
-199997051306
47610442
23153204166
26900735706
-103378604270
22098569212
128114533457
-148785984770
-12673994397
-15520897429
33304866278
-155236856866
30981738198
186363594232
90742949447
-19060399331
120161686992
53167456633
133435520710
-51085984949
-10201088364
-95753381255
161928513121
-31480455890
-230454914727
30264853214
-212953858049
-121694629360
-274479139435
74820884797
33349804394
49065878784
-121907481761
192837454336
172814197770
121127119843
11196798394
-16709510167
69506393795
-65537292961
-94532844962
37446435986
70361566648
-111070831564
69442815149
36101800358
209998020407
-252320461988
-3596896960
-80842171042
-121329062031
6903805822
25172959984
-71512126912
165824480768
12884515505
-95631919415
67513385743
-260964463298
14503108975
-264215357724
9383968796
179342704334
-226711897488
-157211838996
-182364512387
-107823779371
-12665075370
-124062296253
-85545226621
-72188424984
8118298532
-237010478300
-103108102161
-103768095777
129505442390
-26665441264
-139712210934
169513738589
-149659525308
-5636481861
46220732300
-28582784216
-2884779211
-115089064226
-222486854887
72405801800
-185947244367
108310110422
-136552321036
-84555619112
-143259936801
-77155162674
-147843060913
-170767570348
-1570796513
-116937485970
-137385535397
-175383698647
69470111679
97846628905
-215711652083
194331559035
-271743466606
-49769859146
166219534638
41916288839
49231807445
22218039974
-273014370231
-31551720176
30636581293
-110003826873
-115390575946
168880380347
-35381061876
-134812031974
2311215856
-32577684949
83392294719
84547626372
188629069205
112767806909
4379779556
-87262336627
157188914185
-111609557800
-87407894246
-49014107298
-82011683858
66481576275
-22245811208
-78166837269
-107003475935
162202590054
-204518338948
198442409798
-214000774549
-101260771514
-243670443943
37018363845
166493746877
-228774777432
111353729722
-115694351244
-199698761757
-118088824930
23199230034
-57707340337
-99904363313
-300394273715
-60352110966
-64135384710
-261426479478
-249413827394
102628660018
110183143827
-113787423389
-106715632361
-92708798504
17987231989
146743939166
68899476431
145684783415
81473130040
-222095402769
-102199765806
-72691561905
-65101101143
132792200565
109721321606
-42660066070
-191260036965
64076192924
-238290079953
-142988516296
-218944609800
85736638686
-87255860776
-2800602623
-135165785175
30616089285
82359480386
117325088341
-100708824445
-25853270966
-227391022668
-214942807495
-65464099332
137487270572
-150142876295
58327715771
42866007932
-98780692266
168333653785
-277360278450
75042738739
203132282014
60637332080
-113728057893
163445798321
51061440823
-11355333314
69213245023
48910281758
-127354043600
-91741002114
-6769649183
-235289513198
-217303822474
70310739775
54728967611
-245105834697
-50469537830
-156984600434
169728557202
-16358416858
-164157250155
-146669302838
27239331724
12710747075
-125712144311
30888364991
-203723733127
78552163622
-82792552275
-117016068688
-140373568633
35492020907
-257988968641
-33653888412
155891668133
-69020172261
36719908487
6733627111
172077553075
140269457411
-63540001692
39324598681
-169974443564
-244477532715
-237807168203
93974843267
-129312357626
142537620735
-53606426284
-57575224640
-222945800751
62387921099
-116027945814
56629124448
26427065368
-3782168391
-179325592070
29300122755
-142738077471
-80588733554
154570267765
11596733935
70355847049
33917177092
-22060238117
116166012256
-280788131871
-10268379474
118601290228
53506195547
-53365733103
134782469363
152163181361
8482865493
-157347534354
149213188769
-170462913966
-84090851483
-215821151751
-73660026472
28960501036
215352535021
-85288305086
-201932062310
58331218956
-200069674924
-250227240511
-191682881634
-218643854586
-222019607898
-200767700968
91234959499
-107797381080
67937228900
-86903350123
104123367932
-9735342148
-221400468912
29021679212
-82966911090
-73739847426
71942603146
-140407283756
46071172824
-70995510108
-56944115792
-165148433053
-55270424035
77981636987
-59868515817
-116522845487
76899614385
226200876896
36563208847
-83045863799
-203977402816
-162221688469
-8098786769
20904249559
67240290451
-15508781010
195695582080
-160113010206
-153036353632
37805969523
-168155768113
-40044386617
6804059689
-17752177732
-50987633752
94651345194
-254118937626
-193417453021
-53913707304
151897250144
-77828758379
-144347669334
336256502
158005194960
15578850533
175944654522
-152507559914
117437094448
23035234576
143952603629
-125426332147
150268665763
-102916195179
-155741116949
156792605972
79741550841
203542065773
-214361608244
-123419961631
-60630778594
91645978648
-79220979284
74581369788
171967951824
64643087054
-22473808948
-170962129343
-206831203092
63901967970
-121503704849
60617286954
-62656375089
162121336796
27561691154
-118331800867
127324091170
179197507640
-98253153356
-24353223915
-22171729567
-37946191362
-104882569342
103437451176
99667031796
-130981797578
28968847114
-253982500171
-97356662574
123140977651
-105695381586
-21105238267
-132816223628
-35016759269
102557683382
20108987411
154521458098
20259818251
34157461371
73597383623
76156514089
-44480818932
-166630935517
-20409257560
-21429440923
94716425552
75239316205
-104110163930
78283473801
25250652561
1462564192
-137621635733
20875049665
11576716818
85765476077
-247828508219
52627790509
-46279477072
-258482623616
93805366140
38972291928
-39271017528
16139975670
195915022819
-36559474931
-72133505420
64943103389
-147750162503
-114157844616
101878143011
-92254555350
35924987345
37023193716
-217840899886
-111628591489
154521884343
36777170706
-116710110532
204908705705
-108320668172
160356623863
153042211830
165990213995
162150302177
6502213452
-44165128881
152972994651
149461753673
-278810278203
-60476936494
196940870071
71330433131
-121626730867
-136395456368
-155934293913
133464920624
-103793731629
-65651920870
31328117395
-143933464852
-30632716483
9007103691
179867276359
32844920356
-43527227424
-234478951130
67864599041
43364147324
-50424500073
-93119888385
-172667292747
-62158093704
-127079591749
68343757247
59303223558
-128344735437
20075028415
127406971793
-141144175854
163657133201
-29747587873
38837734212
-197624579865
169170026374
134963282885
-118529449336
113018644097
83634571104
-5538517023
32453010957
12707472340
-85314754566
-51353421083
5042459419
-241387545728
-114681060948
48247776007
6846799594
-159932597816
73298525686
152167022149
-241118961341
-6804705073
173905590901
161994774875
98786412711
-136321865716
13899545454
-67369682833
-177418879357
117875529953
-34091616183
51649191131
52588647534
-147913745537
151476654467
60039499684
-271414497138
6024571036
25263247999
32106875733
11037388177
168117917234
85294325561
7933513098
-103064377739
108735318081
167715530369
152502493879
108156296913
-303608616540
72326036378
-162894898768
85630855639
-117352486144
153164307681
185991557952
-245922524370
93020138602
158652073406
-114117053254
8024130218
157274069119
-48687855110
9668564454
-177501092109
68447911161
30646668615
-60762705684
-21112017751
45802487494
18645179091
-124951929259
165149398453
200726208318
6964653358
-392273741968
-132955752000
-41654789483
-249649510901
-30146798830
85842137907
-4970844003
72202744386
155107203278
175091480735
35669055872
-181861537299
-132800274152
-125052366925
-221443394583
-169423197518
-112930172641
-130935544112
66462375148
39329697481
15638212276
90302383690
-91050834062
-35808849020
24762530659
32855875309
43657418339
145497255138
57039979368
-54835918147
138152620868
-97876145108
-214014956757
-101350823388
167767451730
173536969441
-36811236669
-72827077364
-8624329595
85170475520
-111272219859
60579398266
178886529045
-64967041653
-129378103238
-103358060883
68305063141
105119023502
-72628290436
-119146791784
-44613876847
-136835274191
24609066424
-215611223412
163206274283
-29626615480
49275238145
30410691356
46552931915
162419464937
-18635607313
50149711854
-85413796710
-246690777275
112419757684
81630845628
-68566097567
76699828344
-256871177816
8368489702
97526715025
59601488104
-88240045379
-10766301768
108077826496
163353093630
-51016544972
71199202436
-191960029572
79337192411
-35259917404
57241537678
-31492152190
-4853974415
53572609134
192823940985
34184629831
-96746492815
52530349462
-71260617548
87877076672
84426196817
-1760592513
-92509914200
-100883878482
33577108708
-21408675693
76414255783
-116067996196
-253812954293
-106948759165
-37172548730
53409317658
-6504296557
-33310831456
-133515574116
162273256305
-96297055798
-142975922852
7873961430
-239421768626
61034538031
32248272276
168653775924
41245602326
-85320806694
90853732290
-28252036196
99557967327
-37583935193
-101851075498
61949675781
113685653026
-144754814134
53161803780
-158136960529
218111348407
106143970629
-70360433937
-255392891354
-159571293058
-19802959251
-72735542833
6648221839
8865547779
123113546415
-80903880339
-100252601094
154432073523
27548495504
-155941277924
-24244082063
-106509897569
-234762141191
-67271922110
18566780147
143733772793
-247935546283
48992439368
177871224704
-126501151717
144542930997
80347727894
-7299078471
-25513321061
46525516682
56650747782
-49547430906
71865991874
-114788872764
-22726122961
-162947630555
117849040633
-6356090287
195247512253
-148686194543
-136756644082
25243904524
10255609830
-217822858103
68912273425
83686907744
-48812205190
22455300836
28319090389
-141702954414
-129711915853
16784160992
104348674189
28565908756
9219077186
-100600686357
-211490493053
-129850195485
6197250972
-200072800843
-68267487673
-127736416909
-280444889725
-160000116749
-71839937897
16018327168
147501509715
-78889597810
19225970065
-139912786577
88708928073
-344720350228
-61089148166
105575520460
45640492770
-106716543568
-35035824673
132449028309
157956949358
-93344682860
-47120320702
4382269853
-96030283746
-14406834072
81700028393
-219104297565
37539411672
30090338437
-237345425397
180403418265
223353458062
7138891264
27878720890
-47697612388
-254111386765
-56990254576
-125258131055
-124267767443
-182110177890
-22984413153
95705112464
-225255865546
81272370217
49120317232
-40606886415
-64828830358
-100436574801
217789813237
-323544547166
-112140033073
-89891149723
-111763290440
21350879984
-4719128227
-170535617111
-5525355258
94833590571
-111984074477
-80299138847
-252894257274
-36992833810
-175584674386
41439359317
-20811783036
132384121378
-96147508591
24802501587
93245241961
104380470465
86222110327
34441644420
-26921360890
-142425813759
-48305231233
46377559181
-51499970032
-272043728562
-17555813602
-14368741063
-69527284544
81040112905
-19042030466
9696877466
33929675025
60211903965
-94595268742
27576717452
-152192522677
-34865019403
163501051561
-118485592340
18315341781
-43917979770
-126653876962
146882769016
73944855987
-136450264512
-63516174055
-236150512852
120064862770
15404257708
-44040656072
155896166618
-197155538614
149957551108
-247214254862
-9748842714
-103095231686
-8276129803
-105819240676
-88262615567
126474495828
-89352744209
145431519104
-96006020471
21147705387
-138447404814
167811623264
247980095
57228935453
8270658507
-123226322415
-31346509024
93461098915
18078141148
15635857967
-57721337757
54933154887
-212876099598
43165477015
-168886907702
91106566737
126000958089
-162174595835
-58157307588
-38869272419
-256908547766
-218646727466
49795051817
137560586651
-3403149349
-48320521952
50411618668
-85933922963
-41648693837
-164866718461
115745100894
-107121176928
-145268238414
141903169310
133730248154
53728341936
93224849369
-184432036584
-222284168087
-193348167326
-125046405649
-49650492329
-26255826244
-65960652559
56089391672
-138176150131
-90118628594
48849905634
75384731424
609350992
-134674727425
175744309888
69323819366
-169201648900
75550433735
-263712253421
80539323190
98083045589
-222062383169
-136325417774
89965691590
-239306695268
-216483551666
-7016533762
-251848969429
41960190060
53899403819
-109483369273
103035527831
-236974414210
162079406308
-109701399720
-218499167995
-83105144394
128811599202
55252469062
153226967306
22059672464
-180964736674
-75006129741
145443058240
-83879643001
-337284252767
-188680403174
-5657870542
75648007231
-305508643654
-63566457003
-238923753426
-71121619259
64220639753
71731700363
19891268081
-53688007465
-1883155248
-225616878732
54973892637
-90012104976
127479914416
-253662685928
205861203261
60633373802
-97206897436
82597981712
-57999807024
3467503486
94295938320
71790738206
-93529762004
72518103892
124790578063
-137902682592
-77941612534
-65234242707
23204625186
56276337199
-155407122235
25855792439
170387312025
-63074623784
22232191468
20929884498
131410955039
1609990076
-267804119220
163241541718
19048626796
120205974530
-87437883153
15161972276
30548670991
-32735911288
129685029455
51138973520
-13327758234
62754562897
-266401913094
-25679186954
84395708030
-121194770163
-208193605410
-87074295779
25546519477
-18384621489
-21949768777
22849750093
-129143679764
-2548850054
-198258112654
2251984459
15647084054
36050487204
-212873012045
-149633550784
147559915026
-176347740287
-2785005877
-123466970138
-9638537668
178181536994
8077363872
-85141977179
169733213695
-138703808184
-131713820804
215500215670
-55717663224
-19230920540
46290473404
-236238106055
62053854435
146183968350
41367610377
-68389490441
-90497668266
80192970743
-53495743443
-56810782380
-65744464525
-58722533143
-6581963273
34806326395
92330595382
-5810906827
74107955505
-50132726262
-13450508311
217095576008
29729870374
-208698968198
-251406068813
58127142454
207182672049
12709164043
-256543181327
168673848661
-180836234660
-62812539031
66512092347
-25650787377
-183409735761
53589290052
-193576490584
170649845143
-151973992010
-26654622475
-199476548341
95801252157
-71980033210
-11061946455
-132847501244
-275806770969
36879106550
78701045118
-236385543366
82965211656
19350181091
86623682248
27208405006
67675514296
32078317632
71000167280
-88568674930
-117244393652
59755850918
-276487055361
112975397758
29649508408
19115100882
26267904663
99757020439
117503156222
-77245764940
132972918109
-85245617543
-61824910681
1614215465
-114903996205
82200322099
-65299717030
-155831997578
-70501878035
80402118926
18536975956
194244544231
-4134751053
-275625403568
-110642379798
-87701249086
-113294191788
216680924441
-249532151758
-181825855691
-18497186683
107053060564
1024180841
-88042390270
179026868826
170687725497
-198953871556
-85580568603
-102125801743
155849449693
-150764385660
-124528560146
-70125334053
102509808472
138478825642
-104165687426
140942400039
153655704896
18571781936
-18033823354
78938028422
-69471826020
148363814961
24451985612
95172098002
108189682546
-176238543919
130866008222
-69547499184
-32384505588
47388270958
8128261637
-158589597730
26922837444
6009648959
-122608354346
-135361178839
-98245634412
-16407634386
-291729346595
211141752745
73377720918
53587186326
-83523112630
50599824395
-199761105745
90955246567
-184033680110
57367591924
167699189625
-147348936238
-4440290826
-228988895268
-29468126983
-131132006916
-86943190221
-247337295313
-83903490370
43452660797
-62188100738
118512300334
107635436860
-264263135020
-52157391162
-68316952555
28008053664
109422195454
30857487836
-6850642993
-114483680730
-114496353242
58591780097
15968949546
26341058814
218246356429
168043258269
151796467954
153527750032
71910765815
-3198618186
159123193226
-199137566991
39416282624
8228223949
94259733345
-88518338268
-76433569204
3656920873
57832939515
53537301635
174007790396
-106653142391
-75558670493
-112479504484
88491269349
144848958843
-115102715311
146181983373
101104345914
21145455904
-958842749
26818394048
70260661667
-146817790563
-113039467439
208506871472
-21452438852
-70951423344
76913473132
-179332357885
-269549755948
-237926242963
-101877696152
-98755002670
15134622682
-247717511421
-269394382604
-73118368439
57774283318
82128074717
-142721558366
52865524655
139787062492
-158590332104
-85901560546
17646736442
-22212949866
131950348238
218374466514
9605818484
-99951460741
-56344474305
-69453716478
-254527358084
14993003496
165867462512
145183833860
117170550756
74177879840
197745883102
-14558306899
32898018584
-67218468439
9993474928
-212830940621
-152308883155
-158913675723
141295000659
-162466008704
43323971765
88586104458
-113917845095
-2023351330
76407976162
-145301147764
-89541690681
-9757607731
-73434282919
-243056355140
132233818389
-144743927813
-139844061591
160399158356
-127405849425
-190458164858
171333383528
-184354138035
166284138921
-84871230141
-162155768982
-205947394172
-64072282354
59114054943
-100818115232
-28216018514
26635038430
-276427694861
-13840607248
43721382724
-89021278096
-42676762288
-149175940104
75966185638
-15498135426
-195909357478
-26980024155
122620291298
-165348161265
81849643967
-59181323090
-30512839646
190905214911
24625482863
-71668773194
-49794913580
11016195527
197270836308
-130530634048
38570394370
58313541990
111969674652
44448439844
-273910690760
145864535983
18570130457
-50462978875
130329915064
51152682833
-138915967427
-15904913078
170583427645
-222771756931
-158414176911
-57338923588
-11736939750
-311821400444
-63784141256
-42714073758
72752253330
126297846002
-83396089601
77003264079
-121161308801
-227700786306
79621730644
-198552766555
135369854914
163207896574
-117771503873
-25218694265
-215899334101
-113425990835
175186714769
75103535548
39295034275
-214712498680
-69504294919
-130601432136
11579186543
43483786457
-220627389727
70362766416
-201004107903
-82897083850
-140717242372
-110271021929
-5314414546
-5385757806
-225784943295
80014138275
-111240215258
-117685593742
-132769003718
-262076827942
89959497829
19388066891
-123333957839
-176063968395
-260030102813
-238557630248
-123850680192
-46052566146
17984347816
-90210569535
9352538748
-267058680694
-265461143077
-31066639021
-292835629020
-182415922479
153510568412
-144142198675
-160191026361
42542769048
-100596569128
71852529201
-189941701071
30033108677
16125375855
-75132356207
171559079313
141588764983
14555918954
-16451704928
51499658804
-146875371018
-80140175417
66732606967
-233169629962
159767713536
-17826364091
36731073813
-107798631981
188709338422
49961538688
-1753503816
-16608845725
-204869640531
-42294874498
37172109062
52340965635
51180695639
-132192005924
-160618053308
210875937711
-74396526833
80668416944
56939008909
53856727057
-127718998309
-150644550759
-118983015030
38054968603
-283245690764
199831517880
22746001241
-278700213529
61450140573
69226557044
-239832471115
-201199348926
143629625332
-10713494762
153893480100
231659236862
-42100318285
22593061201
108786898710
-165628906192
-215502338696
26085538320
117177939119
126222041153
-247567208334
86374179652
-22270129458
31314363121
50159125720
-110502813760
54503075126
27087272122
146045996286
177200720195
-159632573607
-129495743370
145334851516
-179278903181
141356089069
4489608114
-49149432984
42989289716
154930990605
-71210474120
-109925002159
200036980171
15107795272
-54094893641
32163221327
116197394182
57632550211
175858355217
31165610560
14380107902
220977969397
-194096920908
107370867095
-218683939765
-217284188444
50973522848
-11071576629
134762671101
59327327980
37808784635
-103237240921
-213424953436
-37710659447
13508738012
-2485871632
-94764234624
46490900039
-52744929584
-15472712840
-264195281080
64468423881
-134772753710
-40475378155
35876743423
43454819418
-210522630832
-211509639524
40644573055
58979853127
-123667007098
68284197942
167991139451
-239454489408
154208527388
-47887279112
-24700441333
102661840005
28568637042
-219612118011
1975145300
127444349056
-154115361844
32018515997
18995564062
-52805064764
40555932178
81892240443
12998589056
-265034748253
-2615302588
106382207332
-99489687311
-145307551491
-46966090147
-134783989714
-178579499919
155828575829
10869414377
97149248898
-80478538943
176416237305
-265876327618
-171715075249
-8391661671
-6656341713
-125775692843
57110024306
-229312448819
-201835099025
-1251273087
-189870856961
-252913357093
155448409743
6619904102
-6776145158
159356986596
3679147459
-58273530983
157376940809
-51713274573
-52572149636
94269384843
-219636994393
-94529257547
-16204681462
-19689761309
-25596185136
109312043308
214663500497
-62383585112
-137301169405
-212638118531
133944337477
86398272002
47623032071
25580138339
53430995545
-31574258131
8619169773
-148256462826
-20374100852
72373496025
-141160541174
-23906149458
-28003068272
-108927934358
15224873940
-143968632678
-224503227744
107886032874
162378703742
-222006507234
-221392649959
49497544900
107652469615
7753455401
-258172198789
87126381259
65261837614
-35043200632
89443367081
165736163948
158679407264
127226862060
-49913651472
17687592600
1940035418
19800057472
-239512703472
89099705181
-71456297167
-88159337232
219873524963
95681249389
-146500515178
3208800008
142258365197
-8693277250
139844572440
76332000724
-160103731412
68139231562
10418152601
17026388414
-111055658217
-18772321462
-4513299908
-114590685418
58962039982
27146260540
29961785031
54419240816
6818741719
80842866441
84620061143
-253938397001
28634143759
-167833965210
-100969658725
-260116380209
16160472830
-66384236525
111670035607
-76278318814
-38296169281
146168143602
-59494824958
40533904346
14286127700
-214210553683
74783547901
36554225927
59183849099
153871821639
8383652298
-28565950181
-114286799114
-40306831138
11936409904
-193434672683
-91736550970
188693118623
41694941438
-79627052573
-112110670389
-88748978849
33946402817
-195041569507
165530322282
-97683754271
-134473994070
-111718060591
37047927075
198184156560
101138790435
-96796240981
-88179665293
80487233964
147387678745
65197270896
50281768925
-66968608123
23593256124
-254231386959
105862005239
-7489975397
24107214763
-99155329068
5731830130
-121656370356
25836543103
71372194699
-127306536358
-191330396829
-83883126640
45620666449
-132341555535
-175816079818
-118970775952
132806971320
-292926190975
103993977847
-64359822764
-5872514516
-167897953270
15437230222
62608714506
146851782305
-81342667771
164523850681
-121962637792
51132212450
-74847633920
17463796309
144772206114
160580589505
105214714767
59941254594
92078795721
-21521506592
169717009576
37072766615
-1716545485
-116099669911
-152986403248
-87368971734
-120764102767
-20376322460
-194077082814
-110209375342
165203873380
71320007425
17375942072
31205014166
53595936846
-22958212543
-75890460655
-78655229920
-37313522849
80155713451
-19656044195
-79514415647
81616731751
-237151028255
-168413566104
-205341394551
-117244764592
-85127494166
154323029739
-255584323343
-68540330951
-47704724426
29824846075
-167661539365
-89396664270
-80637357622
-207154752718
73581081205
28920791320
22077707555
9627662858
-38613183958
85312452839
-86106779070
74713386615
149906414420
-195697958219
116492650113
171277896716
64091765356
-185982454294
9299941642
10621875539
-18292221753
-214397608200
-253254737273
-84397845767
46911938628
162651961336
-237416177551
-241003595727
31888246791
-27835399870
28556806939
-177155404363
58956590858
-91181526641
47299909150
25932084563
-35713429661
64914375673
35031142527
41806656585
168990416261
-94938914926
-120492239917
16084932223
-217952342282
32656798394
-117432424212
-215654626120
-62625062138
-101445127257
147418522731
91652521673
-1379229865
69264692257
-7742741247
202681314353
-69773736956
-4357890904
-234310136004
-233448673726
-66970016950
-24223522931
-35517971563
90749220780
-194254109821
-97243950262
-12548384528
49220943486
-146851900116
-107267522587
-75040303048
-87034464926
-170519964356
8026762746
-159581526466
210449588062
168614732307
-184676513816
7961422055
-89214591058
140597934285
28902266523
-110223142093
-2572786429
-184725094786
-163989768528
-12388413477
-203989307971
-4496108750
69421882824
-138687679334
-179962177330
71811054395
-10092165367
-233825538074
-236349697360
55195100485
30008795698
84725759886
-30070336162
23882017803
33905201905
38095422977
21674530335
-74920144241
-145994949012
6105333931
14796153255
-135233166107
161595203638
-219092775126
119570388645
107990151795
-92233672074
73043850907
-123991656056
-75315343685
-14039934063
55133856101
-145019128427
-113525722985
-150330520579
118775600087
-126654745245
166742090843
120933960142
-120105535181
-113716120789
-1934952825
-82966911090
-217482240637
-210592145696
-63880467781
112789412935
7752596698
145571811388
132845863833
-39371554415
170066278447
69706201982
-61314085643
50058976938
44745523914
13953330913
-24701427306
194407300179
74162337564
-22238901098
18469695405
-124679520484
-213671297466
-24247954653
119513275426
181242176426
53171013468
-162738678847
-151354307606
33335795174
58520300131
159082790255
126052069446
-40961315382
-103337599722
-189146040012
-98968333215
-111056210322
41823336482
52293854074
-147815100382
202667916719
-91578848873
-167058634066
33564660127
148004223883
49156295748
187087041313
-107935562252
-50110090415
87651761716
-48332455473
-89589710460
-69289521289
76685578205
42749536158
68146203355
187152212897
-225735594748
-273794559144
-228961163810
-147806245967
-25835433931
127808353034
-130017489232
12580720629
25542685464
155783138594
-50363422071
-218667717341
65944455698
-130590171251
-74705782830
54971969141
-113780431648
183727060534
-157522994646
-233954656321
28657585418
156613855355
-76893870383
166215730850
212250795106
19096627670
157855059374
-256706199280
-12844064045
83716370515
42060655902
-63373646766
-63038932165
19371635095
-131058558040
73027737270
-108244607929
46515447907
16316343398
-43311704238
88704670753
-84878903950
115863008228
-81824521508
-91009062844
-137805486706
18064487762
109992341317
51606226761
170552716448
187066876822
65374257217
-559450100
-260288183184
-3956031911
59786325953
-112167385935
126981325211
90958116338
-150739593677
-8290828000
-35417508780
-142627916645
17322426246
-142112404325
96460904156
-233257478571
74151645251
-159054439273
101344837709
27699664378
-1626467927
-27730284964
54105072379
-116100729512
161162859477
-145253953265
20187634432
-28526065229
-80128039308
155858497812
80236336727
138703104596
36570037274
-161927045710
105091110359
93225954285
27224888024
23824961308
-84358382512
-208918486562
-157597214670
-8058827443
-65722926745
-128520333900
-81379283033
50492489091
-68836367823
-177845775002
159991806798
-250150793789
-65525584808
-166028761831
110948703477
-171164240816
-121192072454
86346258454
-125563488293
82748470270
108343601040
-134956465872
96776790691
2148638144
-78576027588
174272436793
163281119385
89907232771
112008437986
54461055389
28412412814
-86518119380
-264083831204
-6602878855
-163552449942
-109796048663
-72728919673
-185093813108
-3053992395
-201586976556
-186127178384
-147944079773
160264136664
56722496709
-10986348485
-116155361114
-115504757050
115170331850
143268375779
-103457676974
41715575486
23216593149
-142856228915
-122504834756
-40813885137
-246510915344
-117547520532
16238682410
-20319691808
-187358050033
-210638769814
89804236477
188126749356
102108565872
25037781650
-235370165363
-24874718435
199184032306
67613886084
91170034102
-77168946909
-119283140444
188281900465
66239581856
147668117055
-223609140157
-142615809840
-4137969818
-147734322360
-15421584511
-117841817111
-141331093714
7729636638
-41638851256
-50939623769
-255139480602
-307325772691
-85596668057
-98801838234
37146548444
188543923213
-131358183447
-98013553947
167981177427
173203136873
84016891744
-132352466300
164552095896
22770748638
-107851570034
67098087257
15908417122
-113742937648
-24706026181
35054879436
38657345871
142646805032
71348441034
164325435322
30898347257
-70806734379
-236845766984
140837562603
-18397776145
111377881957
-131807572648
84106139302
115083816676
-94484498400
-73523188527
64514851627
-255614831045
-154206128339
31450188389
25785431035
-117867353512
-120586458789
-94431214195
110188304288
-4574968511
151331882587
-93000399877
35671406992
-265494999342
77563544653
99600899942
-138983149724
67137083470
-95824712566
76069648653
20017991711
-149168507432
-71917302913
-118454612331
182297707953
-89315353525
119906369947
-66023545432
59171988303
-216699145152
-143351045100
-71269685945
5777660986
46826047343
168061240685
-52339248549
-54242551608
11744713100
-89914739430
-73495097634
-225647364990
-105205537996
-264540312975
-120544720004
-249325375434
56177622556
109957834051
-197586387064
76073487328
83566648263
-48617734013
67608705619
-152308538062
-59980374888
-32490183411
-165695416620
176507493411
74877297494
32020306289
16973404240
169950127198
-20937379840
158295650764
-85560770664
30985120600
-107011805449
122513398008
-16323339526
-154726340766
53200786846
98954283046
-103262747165
85622957898
71930356585
115851109195
-187116494712
-122803471885
-194200050189
149513074604
-17668740489
-46975292868
-269144067534
-176751368134
153053211842
64644947293
24727838229
-114705099538
-136009247809
109514216330
-62340418002
-171732370677
162180127185
-200973901476
207344509742
104734449146
-384528713170
60640800805
-51251553474
-84705415049
-37792901205
-141863848544
23503233540
25617926918
150423480507
-95791713633
-98165431824
119391541525
-50062070954
-3423023827
-97844474601
-45183761552
-66830682852
155144836810
43311143181
-236144333842
79803734984
37392403281
88254916595
-204485069892
55435188052
123418469905
-82677631150
-86139104381
-99497425951
99643140764
108850078240
-146435787482
-256874557496
55394472186
131860726244
-68349572859
-212098823027
170768595498
-179146367649
-227502204128
151540763261
32222427578
152313609496
40164170382
-77276664547
-285377741007
-23097397268
-63746870696
168980384025
66817330673
22915366860
30557362058
46119180440
114207504308
111878133339
-120746150431
-148874068220
131458783894
-154973531480
-65952918210
43915539308
-113930256005
-136674374233
30610337219
-46879985870
146591419197
128859043058
39427887686
134246960912
80188525843
-35734211359
-243996268409
65098913454
19778328643
134253750199
33124347578
-198976160076
-82594463768
-1507802416
80770526794
-121743182303
1609990076
-8474218577
-82928100180
148020255954
133569502238
-271993179846
-60800682179
-100978598686
-5569370091
25263303929
71163988893
-93289001464
-202076214768
10821683924
-327511259921
-194204863743
-79776311912
-122393112251
75063479716
61940221087
60184876143
-229747728868
36629704757
-132529907123
152964236597
182213428915
24760060532
161524517888
82527221040
-144451014008
-78218047078
66275774870
-97722545220
-68241857047
-88198171365
-85520336756
9223855107
46376038022
80570007300
-145785926076
-34329485042
-107505132465
-120137503161
209592987402
-83072607620
173207895160
128081018430
-104289106110
34049980685
-42125905602
-16707513390
134899315873
-105104066175
31947127273
-143515806565
70209508455
-249407721798
-104526725951
81336085872
180101423532
87501658224
116792989242
-84991620792
-98449217821
86756352742
-76192922364
76486078480
-123666144992
-189140484515
-95901170983
166983391742
-83939660230
87015476384
146340618197
142909021126
-110657572464
-129031899406
68911021442
124428407960
18940272454
152126856745
150053699473
50157399215
-105843529424
-150849715834
-147971231992
-125211883573
-17412423348
118180335146
68568631879
170918166063
-137437466950
59418569811
-192851118976
-77802374262
-91268965005
171395447637
-147743630141
-89859054532
52693660897
-153755811628
-168063590575
-126470353536
-74044800562
-151238044937
10501794772
145072144404
106800104737
-105751575622
76514762828
-290412642941
-95194778010
-59769146046
-6525877902
-23994174898
-111302801302
-84175674048
14468513606
63562673540
-41315494458
-199208682207
-12774201195
-179648403649
109359612732
201828208398
59308493928
129627837116
163085971886
86014598192
53908119222
19103894067
-85624958192
-121451308833
51747667914
215976242646
-261347012936
-101841276879
66950860010
94780866739
22583059972
-181430539561
-61444195738
29523602593
-123915876430
-194874131858
-86634744474
-81113738188
-134226755984
-213783176281
135879978353
52488335755
-80410713099
168351719064
172651758805
78873781654
172979575944
-31093955781
-57565599987
38737268266
-254033364701
-142470326535
213724492260
89492881746
49145817451
32645528384
-108129079576
-65167388691
95228651842
-134635705590
-23701013183
117225697407
-57535728723
168047521565
-64839530812
46974768881
59925383312
-95045179893
-124971178550
88243218002
179793006590
-113125928779
156309307845
62428199723
84392714581
76943616904
-64343658452
-75798034558
46204690516
-227847307370
50058944117
-112909557654
154271429300
-258057769248
70747481452
20618829373
9133188949
-76255881432
-53061915744
-110154020221
-269607340966
132546917020
-187675680757
-92963124587
-242098655410
17836032853
-251191872391
-162992502337
-213965541541
19187727712
57202698743
145167379318
157102870662
92901787575
-123903403095
-159037446849
-140507971759
24093016140
-264606626512
127832615108
130632250498
-97092892196
-138845119901
-92660100708
153631193507
-11364868085
76060221728
-109218059933
19371414613
-120446738616
-134785561956
-22060224962
-93303492445
88543525357
-227655353265
-210121164671
-244656876378
-95448502022
110686385226
-86128517999
-250123604317
58758741179
67142664354
73062706883
-74421605772
94883689841
39108123147
-311584563225
151329180210
154240371056
185119870693
-154198200
-264520622974
-85919037190
17177619556
-245558539081
-176989751640
5202964085
92007178254
-258891228438
-124743823761
101154937597
-158710846337
-109060967765
66861761324
123386809104
205062638732
147908899170
-100638211828
-40526566657
-33821396050
36746287144
56850187759
-29324794422
-45231760506
-198376992832
-99179599459
-279933145719
48418468784
-50234781004
193324128204
-36853825804
-210924544791
-110780278342
-104703392123
56886070672
85554033268
-71744990307
-25620500230
-147115295028
-126555453560
67892081570
-21112017751
97593990165
39945647832
22190896702
-15268406619
187985149985
155959842112
-197000198879
78764261719
12088259027
-50979897910
-82062351345
-222859843108
42491885708
-198167185355
90802140347
11092371835
27854105741
-162384049965
-18688299054
-141155835067
-63179437927
34571302321
163687516063
-232305643353
19552266632
-159012396393
-174839364504
-249823477381
143110680858
78156045513
-18063487794
-144050385516
-202097473220
-268610021905
-201614582528
53584579017
4650871713
185607697762
71483720301
-242804731792
-242260649324
27384926578
-216303143361
33855444871
58977345402
-81788832765
76296574607
145476745192
-167339354734
149500510003
24586606406
-127561697800
217175192771
42199475371
-202547560452
153298830009
-113860035177
-185313731945
83840222702
-66557073070
107732546638
-123709471731
115967051908
-111465618228
17906892184
63294885477
-64848756056
174319274203
22196172194
155390690167
-113813925189
61178724892
-119126227859
18541011553
-63216349811
17680197314
153051044274
172361096688
-219686420101
-187500412240
-147671717922
-261905071880
-161520971685
185450683770
-263600654655
-689651015
-213763770307
45005484896
122297383814
-177306711290
12772230578
-313910471468
-70788433029
68983918094
-124781954770
-15616544236
188563788873
-135960839995
43659410385
-74306710201
-10876322756
-156380855314
-139405748473
137872117105
46854403908
-80029104862
53219591822
85752993801
17398224955
-167637962546
-89021212647
12658638787
31106703475
171330337300
-35179184525
-100921053924
-305991648027
141616125389
-96265027684
-134700797455
-213160020985
-146775293967
-231852615230
-264161886171
-45443111667
-187820416972
-133249582947
74112772774
-203285248017
54991177433
-41117444105
-136925654638
18088043600
210631324631
-22045188280
-257852259959
-206939894952
-119370172805
-65736991652
183837823182
-81243052490
50937156062
-119171493325
-42495674848
-54943589727
-217380807672
-166135701602
-221112414051
44389351242
-189459260942
41529767181
164423317644
124364693339
25204014155
-140542220030
-273656136309
14103357750
80352168991
101314499545
45935418327
60234634417
-157005342892
-7767836830
-154378828597
-88226870774
106443018952
160661715757
-102001301649
-17920593325
-60344763869
-79367313045
44740018708
17153107789
-268240543182
-14938141210
-19337481307
78303899424
-202398147163
-172763152796
121110215996
-87619114388
34301969334
42100783262
-266346281001
-129422516497
-112836362800
-7658654254
119625249500
-11798465902
-229605878957
-230786907406
-3899664860
-100416723538
-71811346454
34565549543
25803807440
73234899431
90364332336
169557737628
158945042875
158903149293
122812270461
81261565864
68831395661
14157873350
192955830062
-78459685161
-234907181156
51144203595
-80922408600
2557592999
151322926424
-218113307206
-46398405518
-257205494561
-258254587250
-72496341558
88985712801
-92766847564
177988397270
-242452211149
-140095135782
139279152679
-237834471793
35524884654
-59076536080
-165817991064
21214730817
49075543222
71178804846
8647323186
-87027325703
-151093668044
-215796641008
-51460223625
-190892624972
-85639639386
154771715622
-268229467241
-190027319648
189609046857
2611137234
-225829212134
-64121567847
-51919859446
29426564883
-86667222881
-240953992817
45282820707
-252660866345
-21093952625
-5928945144
-78515991968
114439695783
24025719001
59518236291
-56677553237
-623749142
184623686330
171022461242
23526036370
20818218377
-193251082324
-84207490185
92371564742
52883585643
123368367397
187959837976
-238478125391
-58023276692
-298682873228
-256506538163
-22210000224
11052589884
-265492966771
131866078105
-89361889000
-23500049227
96768040604
7343377348
-256799567011
-1320180246
211328824164
-175554435644
-93782310054
157534830150
-1534045605
174349513454
-70892662711
119865609740
199750908882
-88693828053
-81588055073
76207246615
-146862529998
-222847102369
-141889807706
47614492321
153660913398
51117334023
51918785567
-35999778
-18310365090
-22929148262
-233828819782
-128183697331
114270268332
26578466320
177719802255
-250323433392
73615698278
-11976513899
5280958688
16570387288
-41329787586
176453217172
-7177990307
127504272384
-105901204227
133313110202
-25261551497
24601240746
-100885120175
-55626433407
-98796302404
163684480758
-76515065533
-56128705788
68442801433
-257010273977
-227801737374
-70412917238
152003282200
11043230895
84572213343
-124593955998
-150224627794
-101581153232
-170706763010
-106811875420
-54732086348
-11408638667
48990020786
-134485051940
-73222978765
79776536119
-105811323977
-135933551945
-247053580354
-98748451324
122282175772
-130972767691
18979075750
-64227052087
-22061834916
-111277625405
-82314333637
4998458549
-149697399483
160522576431
24210781195
-98975519692
-113460250801
-49589508487
-192218806698
196531622559
19816815551
13642543394
-61854937549
-276838501070
-98260732733
-160300584126
147700271455
57742452250
166895434457
-80561071094
-40920689099
6357109872
-90374667164
-102861697833
127253855883
50035119959
-128455958364
14381564458
43460881832
50353916682
158193127466
162693847042
47535278730
171988793793
-185479657573
-122284101672
86735430389
-108625480005
20141195163
-144274600149
-241208677278
75523538507
-213573258399
-155087187885
-105162438974
126523149956
-147493250263
50148522673
94900777878
19327510337
-172651817824
17070189711
-3451672336
-58856955702
-75138751095
225811688330
-99128945267
55144841892
30255538369
-28806059893
-125596470040
-79560832116
-154448791603
46259529790
25528525321
-208034076621
2157995668
52641637397
-233592511824
-100872234217
-222410229977
-68182063493
35562391161
-164691702725
-65809104401
29588685662
136134139724
-93550824542
161178869575
-44850394519
-90486254548
24196845696
56059552502
-122688452341
-125913161047
-10018310020
-221592991062
-212273371143
12696136971
191314332394
39864894307
-128374831022
38998226900
69859045113
24129501276
48757752457
65694970680
153733888451
-78339223372
32688610715
13168434741
-111548304902
-22680208809
58471847949
199861538430
-175606662385
11786247318
-187387663776
-8116338570
-78995397956
56464317038
-102542912287
-66385833703
-76226309469
-114511821666
200024862449
-32416189561
15560710283
103627366530
14215101715
-153952046430
-82966815470
29429702126
-1789941538
86773560940
-97024076839
117413858374
-43077828226
4921954666
56415963470
-253406404428
20238959313
-260543938046
-83061640188
-99849638813
77057686643
-34836784006
-218092954330
-190840632249
-52318788390
125225997991
-145242008025
42091242483
101978002157
-273021568897
-180684464155
-128419505894
-75888683048
-156762905418
151439449562
-7550712784
48486910014
-95216247022
-45934416054
20523987042
-17556193394
47205205992
44002113117
-192542826264
-88258065795
154609554656
-41168283788
-20455962945
31011634631
-43660615673
158582817328
-22166724151
83022737110
198670524028
19254832449
138344329123
149250027859
-48517367542
-137688664389
-252431350407
26961787516
-693846566
-38389776324
24047135281
-39843545503
50735572158
-77116203868
-1268475073
80225321252
-136644915218
-84603754650
-28062415377
79482096953
69818060078
-69549074894
6998193826
-71914405536
173339207821
146963802219
172866033229
-152094987952
-211984269562
208437576966
79866407489
124285332322
-22706522556
68296383294
58562738004
-46447252900
139789552717
-259433277170
-15568360418
99279953276
136139638226
142743229766
-82148302741
169355490829
164552530053
-100715622162
23926804272
26074852084
44199060110
-134657298328
-101970020777
-56890056096
-17658407167
-108235284214
-126614221852
-92721241605
-29742046795
-148509612041
-113953096121
-124943772372
-135157902439
129227230281
-155169064345
-94260278998
-156270081694
-80683725262
30005880900
147041602968
23769404356
-247073527812
-24257691234
-181655704473
-32209356819
-100884733324
54758060185
-78830420507
-205624492553
3426150717
-113007393706
-1244868944
80257592020
101975880894
83012307453
-272766063674
-123239640817
-219973604919
-133182106501
14012580072
68167811885
-185379350786
65481656891
-63520893819
-18320710526
54790094998
-147610041275
-20013486946
-50954131336
-158005335111
-223118313699
13958945705
-123610544639
-18778674908
55716282824
72784928844
-181864496840
-95870534166
37545729837
-113915131934
-353579417566
199894670131
-32867828789
-358772769849
-156043879148
158914267348
-36397707867
-158107086772
-65062387702
57907651981
-111504138954
-9665857135
-86251594187
26019161729
54633642998
145952610669
21854378739
35292897615
145392963708
42834795759
80393339775
-62391741170
-253347013285
-9283772124
-60832578138
-219204006735
-9090509861
162960640031
36141639823
166282691370
-52335197543
-188015915229
-90749703451
-248913116258
68813592348
408081751
53634142887
-215685204148
178307024365
-212460637967
-93125089602
-256054635349
-118743166296
27094828768
73560257183
-98420218769
-30000199677
-78546241966
-80134935733
-4207769247
60280478716
26427252167
-17529100282
175001195458
-127741959199
-59350159529
209668757730
-347124598234
39875205294
-137031561991
-105690127173
-28149731123
-77937888897
-185495915883
-147663788845
197961839082
137357572381
-115738096718
-29693078311
153711287054
-156956242889
167198281568
83955106422
-140651200684
-51019456743
221561111263
-126430596430
-203713659773
-64068763010
-119283140444
23360998078
-136225998900
-77521931388
-131096698975
-86868030088
24155388384
-25661092097
-113069957369
-24602029702
107847491479
-164861311050
-81591923800
-170741150605
-354444800898
63944028101
164703216031
10253393523
-158959360376
-92133759657
-244232777057
87867517642
-215495221562
-227656703709
27806038644
79814646375
-38935263803
48931864783
-12319850083
61931556617
69467065004
-197275856160
-151296087552
85001244076
75849155566
143327349455
157014858898
-169350378997
143920770899
-255434988796
-118515928596
-15867543376
-198434330658
11064131757
-43494264392
-114133011161
177882993339
-66939333500
-168648603427
83313441811
45206313702
90912852500
-81982774263
-77854621074
35150961090
-3452229529
108314087451
113471171520
-291713659149
-7691262320
21183415437
-76633011073
-198110261731
8273572186
48055163471
-5400962822
-82554664088
-122102428761
63333191760
-107128007316
-125859283562
181713682564
-31820492443
89477063132
-7007808256
-8251830490
-8382269957
75748888781
54316162018
28515183563
-142358654384
-236847481189
6850496664
-101055590370
-83372568395
-85020060822
-142545501495
-169379392846
161487110309
51163813777
-30193121884
-237576362697
140498845987
-129412847233
-244658128445
122552931425
-78605165931
-54041544973
-136204418955
-120305182762
47230909063
-115871498911
-107524429438
-95783555108
-259103229971
127602286217
-100416816381
-128536293595
-214817590705
-204821536291
43545636055
5467074098
153987088949
-77219289304
-148772245839
3852384436
91323974637
70879024738
89942843800
-79585584385
-68393204862
135008851998
72870420910
93831376805
-55853864585
78851817395
-149725985337
-248924855777
-148472158584
-49075470334
59235862237
55288041827
-115106573301
209409054203
-49303361181
-157403353976
-239160764902
-81308181833
-257573293777
131164018043
34520830935
48119668983
-124273721653
-12459454223
170911150910
83944212879
21979642199
-8926028845
-281602112197
19645709739
-35027308501
82218145904
73304926922
132233818389
39284646954
87238796778
-143474559834
81987539751
210436124887
-173541030805
-101627295931
180647430233
-26003205880
-136734745646
-108376378627
195269258304
-80519085061
-208973474011
-83074473573
84661588416
40285051817
142951684892
-260794277193
-44513998776
56109411518
86055954376
10808088753
-15024095181
-25740436754
211307363171
144514847685
150232383496
-34941381839
24261757055
170390271653
17824246233
173872706617
-26942242515
-152358247457
90027823153
139252573245
108350960545
-32848380891
-5347517610
-121831696083
-35709925513
159356113015
-121382570775
213570576712
-282488079148
-252435209385
-26057669174
-104965883687
172064643808
151753817517
-128896133348
105509352895
52389725618
-65485939105
-16384430959
197743978562
-46596287589
-73806311531
-92193475313
87502700410
21552827301
15935610993
-137748592857
192465704530
69301380905
-142951745055
150786535013
-158798907593
19123051731
190130116190
182429928102
-53917292182
14125342177
-154672050730
6885048735
42799274323
84145513624
128577627443
-195928564432
-77963837847
-137410920084
-247842562006
73772898580
-7439152603
10473727981
-104287790678
82261663355
6175167818
-115583453120
-272611425300
-80238477125
-151040840873
-137417396525
56322025715
76500417114
85453539490
-83839306231
-76432560611
27130535794
23736379274
83508116691
-86702962632
202981184361
46682186111
64559739373
-191730074550
649713937
168091497444
-129401106229
-25916284792
-88673223694
-312778773542
31388894496
-317592214497
-164774367478
68695790651
192701087178
-218316621581
-157522388319
42984718636
60779503653
152306236010
173247095295
80883039810
-225118366630
-74906175279
-118802854916
34268247696
-124532119751
-87384034171
-127158580513
10687713525
156401884966
-156904616211
11073482147
15200507379
58425911004
53446837589
-87903324996
144028359794
-106056562633
-114539375341
101480839004
30511825615
157875385811
172190188575
152596632358
27732513294
-152848400258
166745360098
-117519897264
83838223572
-244603640668
129285175266
-96833045062
-39840672646
146658646435
-45677579702
121053620810
-184661588136
68478295326
179955149245
157145442826
-125232678004
-152717151389
-260229624315
-16451642176
-218992449677
-198258112654
71570600562
162824203856
-56402058522
-235031673493
213473355038
47578801710
175846259609
37401668622
77350651770
-150999021115
171439426756
-91010982734
19968349129
-180350144544
113590482858
174673553738
-9455644801
111085863740
79766341425
-193050942253
-12283755888
-143212842634
33007856857
-213214532803
-81496221632
181447512153
36088562408
1562052894
-143908004778
47818435563
41136762923
84072529739
97535447933
43455523585
-255833853102
-10069659204
-243855858245
89151659247
31829703043
157666257347
173235869448
-10500730354
135960170265
180226838841
14084255187
-122854408887
-55005812701
-90619025844
-176259839866
9239149551
98894158290
-240762393669
-43249996678
199344018051
53070563801
-55119734099
93572498221
-75805174723
88198200933
131800231519
-221204355894
134823227571
-80963940344
150749524071
128112671920
-49691470661
180111071720
103414855618
60054906286
68808655043
-76273134624
43941311250
-165644037534
-83971163461
81670243352
25752261993
-8221667822
-183918186842
-116841618042
-76048665874
-251095141801
26399920787
23644124180
32350772166
62013721783
10747570478
-190931598995
-197872266098
-105367884574
-91118093596
-23302012034
-213482672171
-96435748917
28347179245
191626330950
173530361053
-14835093991
-282988520841
-31638901431
25154904191
-216843112239
180459407639
73800438669
-22717645375
73035695114
-121522431490
33414902520
-124512367647
-96879870889
-260229927815
-110298986013
-285327056957
16256228659
45563046417
122247780173
-60826005528
-224049833260
14763666965
-129210229981
-132125569946
106742051751
-105654093140
152062375280
-147460873450
-106958029010
48569279344
152262030275
28024606083
-4803599593
-173448166260
97573822042
30411398656
-84696098751
-17446145214
196797416304
73811136499
-191321303057
-62159980000
-231978452092
11819846752
81761338915
83325442262
-160979030789
93153423274
-3424947723
89845913581
-73121766120
3086320053
55965640394
-168932412136
73623175486
94941634837
-130980051184
-119716221785
56416846189
172734156112
153830542390
167039272530
47385934972
143498462609
144091007889
-202092540472
144987755575
186923158116
190729977506
204768494017
100460382174
-137345069496
-41227902099
79088205698
200242593188
-131698875559
74889987648
181845134641
-86381311412
-138362511581
74223059284
-34591113497
-44360247581
-112736918831
-18397776145
-211897450457
-82185293620
-53334216288
35714532240
-2983236405
74553406772
16158215005
-237184053450
-1746115765
-88741823802
92451266730
-96560709439
38270809931
190739439386
-86350855169
-79407090102
15401064294
-17857895575
-8178280107
23386809693
-80163612577
-42393089828
36697065460
-141311497159
-43842489520
-12974591446
173339199770
182429928102
149806738720
40178429340
43457874738
-69251618646
-119568143100
-76464028583
135029895925
152603638782
81952354027
162145262623
121277174162
918626863
-68752493606
-251218938576
-210005780102
-37538147670
-108527727021
-104051971499
-166896675603
94651345194
-106393805118
-237026901790
24925640499
14218981929
-19900692846
14629552816
80688517952
168847269345
-167642056855
-21950774774
12675067253
154434444911
-86130795497
103581303308
-20894610241
157042055406
-25538293385
153975522187
-227227705168
178962102024
22037492836
-18567675
-82671178371
63520463076
-141892593896
201368294470
30614080176
-85953237275
-103426085086
30757488129
-204486717546
-76841210841
71258123960
-4736734309
35794684942
36322389679
51566869672
168676064084
80856441452
30091550718
16198902207
-84462860937
178347213651
-100095573913
-202084499428
30743706948
10041285820
-71740609230
15395998181
75490695210
-154541259326
128074867117
16364043603
-85431618146
-159722872999
47053318535
-64534482089
18961752475
-225308326643
132890874727
-88391937525
-271691595353
6551632148
-182916617205
-57854157332
40887017876
-241123082976
141739477854
-158241478937
-83136214597
-127796012139
-108674559957
43235915765
211594552192
-263448156552
-191341134565
-50811818540
80968401458
-254999431886
-117507359324
-145021376324
139211379463
104348674189
-120969874710
-127231748172
-67094841682
-133225999903
34771923644
202896313210
-152956213866
186378939500
-27391212025
79886162306
72654511408
-99085472715
-59145438148
12277846244
53544634473
34311460490
33894795118
-91053604343
195735452
160030728929
181811374408
21729996848
-92892194799
-230423696088
-48025997360
-149904725350
-193233789196
-144403616724
57317886065
124895921611
79262368210
141184553871
-202639148881
-101699637963
-338791107998
6423963149
176824821658
-84101066678
-154974375209
-134902344093
54341550318
60779880444
-81193800720
-150593065609
215438167139
16877690211
-70696598135
33155556783
98401767918
-129612383836
-54945125783
-130764612647
-252764541717
-76255020012
36460857406
-45336215644
-40356029382
-48540798449
11228397963
138821574187
46201085105
-136677672218
23213119292
126075140436
139731763037
156447602221
-252304671179
-149621194280
40063801268
-121173249087
-29420344200
31251741990
61707786299
-104422897308
-170958514333
-83872248513
-103836275292
149647860562
-108094099267
126151304683
29659856911
155355343650
-53135010939
27487428961
98441839071
-149755420958
-151431449813
194074042163
7214127430
-101884131138
70268326116
47989890819
-93172631194
30403457357
-96239707871
84278500906
-54292421058
9589518757
107004127054
53338803180
13235335407
-119912016118
164716167789
-270165560057
70618986014
28159839045
15293367718
36816325990
86603117117
17750090082
35984643274
82716829786
-133671067603
100774521904
-99882451140
-180708352345
-171065164674
133765358961
29560417925
19077735912
56857405426
-103360716868
-130729048017
-40666532395
168290502936
153279424531
-264319089895
-132348831940
-115162195005
-304274020018
62925456138
-49177250097
-39734696407
-135379850599
144080509096
108704819805
105224730693
90496586216
-87635272273
-275080823313
57929210297
93640292504
-4492359120
215401825325
14614749357
-123760138493
-107158364699
-209687575560
-94341864381
-65011925580
-59207721655
-82516317363
-51681105343
196394460218
-82137017769
-300113565082
-187653578290
-95232206530
142416679560
3235017767
137171667162
27509375317
-96987076124
102602784611
-85028508117
45646957154
11111673950
37646815896
155324574344
177491873728
41608555529
73493399395
164344773626
13415798265
-148288353495
18920771636
15450842982
178083849162
-206526513869
29127031321
-140363848038
-281135603734
-22955395690
90571111524
86078886152
-134453962797
53084165492
107812198101
-48649134925
-38212433047
-109201969064
-113481082933
20012224525
214938147636
-103716906011
-247398717406
-153515995209
56397859177
-252160014246
-219445567263
-68413273363
-53994933924
-225193509005
-89219464876
27918554018
-229591765898
67610416557
58386524263
-89884611008
-74528388938
134962049489
-240637605908
-71460818773
83028070923
99064831224
-182446816187
109885512830
-47876388927
-20424411199
113950410579
68193318948
-220700679276
-23503337138
33638374743
-80561725941
59524914913
11466463147
-132582476686
21835468447
-137225388111
36446353552
-51868517139
31982547594
14386628580
-72020053424
-90569176192
-89788036746
-174847968549
-149332793072
85630855639
92129376901
-86023414856
22669036747
-15295300006
-137469641585
158378750832
26196477679
-106499969434
-53821790298
-180309797083
138188499993
210726807439
176034970469
13130835680
50658695114
7464663649
-231207438382
-99047696953
-12476006286
16610717962
-241022188227
188872798035
14162173584
129496063078
27604696385
89337375750
53325270693
-231152308624
36197243873
2917834284
-3208970640
21690874440
-76267588455
-48955899207
-87501042450
-45576101108
-27263290188
-110962768944
97713833183
-74793198414
-169875298294
52399858029
-137838218154
84151394057
-146699741855
36332754459
-110611664388
-76294115843
-164835253847
177282583441
-67488000608
13899545454
-29581827631
25343283041
160862793667
-106208224490
68467731556
-65232579843
-56213789193
-213126103655
-6971086622
-96947692598
-235621429225
105538837751
-246414011475
-143224173504
-53341815157
21323702265
33947765502
4261496701
-123711060444
60451821224
175810988211
-112188126196
54863227691
78819615701
157367246526
-164153894769
144094350911
199360118383
77477299882
64602962313
25737738177
-22903697171
161190716269
-216361367866
164649560811
72328408972
-101320654255
-125447174114
-322622681014
156605127391
-85783896285
-246802953535
58041183516
91625246371
-18206781289
-93313575007
-80885763331
72115022978
81303492740
-6193167527
-83903848257
-45428207237
16405959025
-24172073601
-26775091859
79266455722
135222126536
16210371386
79746692674
-128532200487
43716941944
-127947515870
-168459864950
-86125503707
38296623444
105977568910
-57434356067
20963044020
80674118115
-199738529592
147984610700
-22720610878
-80984984925
-64580934835
22195206989
-78189273862
-214576115128
84651778240
-36500864976
103910063573
-87676354506
-82658163460
-72783593392
106095471761
166027158514
107882596896
48727938774
-30410091079
165631779655
108163913409
-66646215362
96291719832
99665162537
12485189146
-58475727004
-76405961440
110933031728
-39241687257
-186913976649
-51221677892
-83847985812
-66921333420
-95598552392
-9693614285
-103993551356
9782410843
-110268774537
-95982681495
134637233132
-198104103272
-109836185715
125565736163
-11406064789
30659891387
151227861816
84440323315
-233933592169
-195065240215
-111539458630
-84833003412
138093840450
4063586570
164444391846
-84874737453
-13853046155
-80397920283
-162860896974
-122043663245
-224823005413
135046979966
2328647156
-80572988289
43611044383
-134255113442
-35017720797
64938235882
-78214269973
-67890420645
92241229334
-193205612734
77647603060
32412553684
-79421565167
-52399516279
-8010280678
-6547164180
-20007366025
17675835383
-8334882428
-21433648687
180753385062
-292336410646
-67277490367
158946138880
164623866427
7235382840
17632370173
144412485296
-83485914756
-218910686521
-61741510203
-122683125676
-85977428795
173810065480
49803304626
49435997049
87523374128
109781972364
230097837726
123245201534
81343766555
17818067356
-76383674127
152264488208
72390119176
-198456649549
106742051751
44816963074
111195264804
-187989112578
-184549292421
-78483074869
-34350904960
44853553686
-195401505331
52693660897
-160698572623
-64676721695
-81412470601
53260945942
-84500649434
64344081604
-121830738417
18162167048
-218910187768
27492515647
148496941408
-180491226930
-87221406708
-210603904953
-183603614102
-256694817732
157182380699
90703169771
-136611871605
-88509163933
166433643555
-12168052633
10450820602
-260080929343
-141746186326
-21118567746
46660934817
-16223532570
-140721447163
84682550429
-113923832424
172596514337
-91940011819
16060679986
52657298304
-15323058969
55688420384
-137590297752
-231995758002
20243449573
-268715921392
-72982707297
184204432344
-2820210749
-104275108966
25772731954
150419527130
160426565187
-246457649382
164234093565
-250879853374
-45796340616
31963873466
20035838515
-106554210575
88870129839
54203492860
19769745962
-148447379514
-67777543562
82133742318
165169773248
54005284377
52537047660
-10842380521
12440315434
-76869587088
185790661505
60343680646
-14290660109
-52074519694
-20729121160
-51429209690
-78296977794
14242525933
-203887958760
-131731662811
-124526978872
-111453587435
-114260486136
90555960332
-116313007846
14992482336
-76812869025
-189405482406
56189473010
83279845564
100476358643
196856928205
31266138773
8534275520
-130478827305
126642812682
10955201845
-147382104705
193488341394
76013851552
-113508368221
109942819630
-123731035493
190576126723
-238332839153
-21930805750
-4446690553
83346148442
-148173786541
139834204636
-235392889147
-90692980101
7919106161
-176163266985
76673692437
-110823774086
112973728866
154077709064
-106208127272
73925481538
55437062182
-143072221094
-185540711653
-113972249205
55023938634
-89499428421
9792544817
180967427916
-212925721415
154505458238
113774077599
-54562903614
-80168791449
-213888639493
17263764488
154399552618
-27631793464
5737525127
-325622125
-2774940943
56390428133
-58591749946
37392568153
-102553384275
106499127936
-140189668774
-232370436015
164573840921
146086072325
-3689089219
-126501151717
-93193928401
-137193457240
-74793779066
-74498135116
81001588117
189182487139
139793587824
10281418817
-93175201692
805511051
-5674438629
-87964122862
14882546962
-17856914989
167383523956
-168798157919
-32393870369
32600469651
152922552324
-149067187880
193492285355
38844334266
119829458420
-85849777194
-190199316301
68636101059
155190745109
147452989387
167293325832
-128150012762
-126104391239
-19331926207
20409747237
109594388462
-91831345771
-30030352999
141690446653
-82892249263
-52791469862
18154107853
-70969847860
-268176951234
47772124563
215455514096
-263814428574
135598289773
-39533827053
-134091531111
6350879449
-69650667093
189996204869
37217204207
-124623020218
-78570411142
-218024472192
-222499500985
-4117365063
-33645281592
74321705131
152895923260
50729066825
-66226693598
-77816306755
4593651789
-94698613629
211757338571
56272490759
176539538756
26179561665
53159696511
-70853640450
107801616465
-178212698800
157639812121
-113895195250
46298796200
-2725726335
15658351112
179321490609
-41005539456
-83112311326
-247460857969
139096337955
-204830179386
186549074069
-117221523599
-135685561467
-3912507781
71092748414
-21203456569
216034155574
-225833637804
-120276499664
91190979696
-92878919748
-60873955433
-197409199780
103334018091
170094758941
-52977893428
-199694485368
112851750962
-190405416667
-86171838480
82419298354
-33809672782
-40400330858
-98652376210
-66727209183
170369946170
-60224282269
-256173433363
71654769964
-38337579717
148554220844
25590191895
-67461197131
146444469179
-181063926370
-321620267732
224298198870
78295017739
137896732190
-287659051824
-79565851068
-155470150544
146636122317
-49891585979
63284450838
-26697341779
-244013772998
-251266671922
50071974021
-43142294798
57318497567
-77003345167
44132044040
15423838851
45718331358
27614656700
-64909751192
-85209293246
64999553647
-211552909616
-232884590856
-43602426308
89117851165
-184699904511
57193911533
-218021425391
-16973366573
49200502635
97315837883
-146485121544
90884349887
-2077179876
155223969708
42616975704
1672080378
37290852254
-18583953042
-170791454608
-77777961348
93467297883
-107726538577
25868229815
153818907584
-25683331295
-97786649970
48629346560
-238753513238
169951245154
15443981895
-46866553089
80561525705
158216623472
92476722864
-27849485561
8573892545
56546045148
-155432452872
193389584705
55113845700
24881055576
-27273199574
-111037647918
403053544
213108772074
88136430248
-191398342549
-316917383521
-134772752850
149566776905
81530147896
-283196503515
53841435101
-21972025674
-235740556780
-217205188024
-2280037583
-107569474193
-213058773875
-138838618973
-140316105027
161152873767
75480000573
193891412950
-61289661834
70423417490
163530220296
-111751837011
-138658350845
52752219427
-143191866111
26251851135
-79753611437
-26789011943
148848408296
-257223471215
88078554764
1766233463
212902694414
-179720847072
-260599656103
-92821459878
157162846148
169582417457
-78067090518
51306065405
-67124982760
-149158716125
-52301812374
154139907770
-84179774808
-35456642142
124310552994
102111466069
109144890751
40719224482
217837194993
2375569900
188230954698
11071468519
-85750183120
70408757569
125334353422
-234267588712
-231804797800
-84174141881
44683690738
47402166912
-52746414319
-50445119146
43576928818
-114783491529
51351362194
-26781513294
-77838575017
217557809226
-142758170064
4127309135
93315672653
-65699512140
-75803657201
-4198862253
-38224402964
-304418307524
150798394694
-118283000169
-111755778512
-84351307803
63646455912
51893575524
-81839438179
-193688321892
36014506778
-18089541296
33594741294
175294368940
-25075146592
67437665273
-112303726399
14923265364
80585630860
6878624255
60320060495
-204138523815
210512360913
-236138150144
-127071701791
140360442114
159375921394
111769374075
-181450235453
141031641249
92042361053
6756658020
-72078155845
12783850611
-177137153212
-246037340693
40194107386
96080094364
134992159044
-2449313561
-172498612284
159998452182
-214599910197
-141057490726
169629779418
-117733485915
-110864984535
-24249150384
154411941156
8630424912
173896889196
-124848452694
-165397747011
43951107144
-120513623885
163412937234
27265889518
166210556922
55962197036
860742362
-70620273361
-98579587475
79286591967
1111415828
152186627780
76941106630
42736246689
-165853802817
-87195640885
-106069230332
-168632762915
94270819393
-243377926161
-142414664551
98105451323
-119022559824
-19157481486
163965484026
59840994753
-6463087990
135601505959
151747948893
-97253361199
216453660679
-121349466197
25135145454
50494937086
139579159081
-13763614505
-28847689987
-117549818378
93789781074
-159285900115
191392709393
164509570234
-81222842717
-23700448087
-101818534411
151972699788
-133521508232
148427970269
-47485161840
-236894231689
-107860256612
23497680407
-138008849864
46090093338
-100779655788
17111500438
-125530674006
-227115842816
37763794110
133013756833
-244312602318
-177361126531
48309417608
175187411301
-91601257449
-126266061249
-146034326294
-93540809568
-181419296768
134675686877
-37029138150
-16726448166
-77359686510
36531313650
-84113197798
127547785184
-135415796183
130091120654
-14029808096
54727690380
19089681612
-113123097662
-97464786865
116607337803
-16988537953
-18768930757
50052873799
-124644343234
63855962005
-73870327975
28252419237
-93040974699
33916822092
-37700738368
17672745533
101682530389
-42982147092
-35210895845
-100465060997
-59031408091
13160177747
-92016602943
174383029187
50405500428
123265244836
51989904965
46953360074
-16229021166
90912357672
9556172535
128532913659
-162016911406
-124275683287
128196114021
51872127198
153571102424
-263589521616
128021380115
97166927195
20667469445
111930085040
-179259167912
-69186543741
73152598287
9186979561
49691740701
22007616537
104515503406
-155556902415
-57262894490
-141371507034
-50276390441
16826174515
-232110540328
-181330610358
-102288419515
222927791999
169921242601
-105061086954
-218185844685
-84060122370
-50299630785
1952499328
-244666455584
-242192510304
-90309780935
-93257445566
146068920088
141685108893
160622507058
20274531640
-135536474387
-11197914327
-155805385391
66276859499
-51981451304
-214693819924
-489368388
-119208835320
19743469483
-237332782800
-13470289102
105654504269
79193714743
-150837946286
-93450846155
65179946366
198742884715
-127580297934
54089110692
13136218449
-257564150633
6860274507
-142014127185
-65642361851
-270031221515
173211887687
-55994512593
-277612387174
162989924655
47861383455
43951114447
16540274389
-128300323769
-144379263143
31141587914
26767636283
199761428134
10584608657
62445953087
147255854378
-5560698472
104719139212
-215081137643
-110167248246
-168117781276
139740289831
34269842734
23629516404
97235509355
17181167993
-175737632976
-63532344746
26960473890
51876729201
-211008046895
-90573477293
73107925890
108157672070
-160190999095
148424535404
144557254536
115158498714
38108625373
-92669527348
-102073387701
-322312342762
53467146427
64344418782
134078644284
-62129033556
-73212300632
-77341852338
95588159861
-143522672114
-64229146663
85155562465
151313068752
-78730320279
-67313475401
-249750809690
-124082150939
-202827130102
-224570588630
167442712901
83653879717
162619691918
121445023067
-23019405446
-252375296157
-16639751947
96908481353
59763767897
-127466862855
-163986093031
13243489526
46964212101
-135189765317
-6748785812
-14870547063
-159972917259
25722029688
-61633264022
102449435516
-118591803894
-81175982081
-60395939890
-57351393788
-143430361207
108804592295
63105394889
-46913963330
-176145407523
90003546409
10460930449
-202812787284
162907634549
-558098428
-11416085109
5307131813
-219739878506
-96808618119
64970889552
-163628188473
-66688511838
23123811731
54674183320
74976823481
75478652454
-271226268680
186427001292
228965487373
176520832229
-94435007956
13091840174
-140936469745
70712388961
-51784470116
-120697977669
99499770570
18873402907
172386884745
-262969250800
89741583572
-34281310095
-89890745873
-260029294843
-65398409802
160290832081
181791140025
28207307016
-45598791363
65143012241
-113261003935
34658700509
-101139347808
-265750136475
24106346613
77143587862
129156448419
-212419914763
-284072887661
-125962800662
15085588550
73657541739
52481627006
140376478091
-390166107832
-80765101708
-16419562259
148403187387
103853651938
17527281066
41218312767
53628450752
-119425529052
133967070597
50587401363
153108438910
179674625217
106117100541
43531324688
136684035865
-154943233975
153863304670
80988324026
-75717046331
49261479068
-40515305220
-56739090508
-28037667034
23865697505
-98051805709
193259673358
-193109105001
278126471
-135525252409
-92805558530
-87884933738
8671863135
14280403537
115682920217
-103408824086
25926951913
130795966248
-258399310011
20354148671
-163732141899
168526516584
-125718487075
-243366745818
2314851632
108699511768
408349474
-69164656017
213074540006
-101022546821
-209526314100
141616125389
-118151098921
56307588564
55340100795
88491269349
33218288150
-84429318419
76006095575
-71232449662
27158470347
-45190024849
143380827881
-243437682914
39174865948
101935334058
66682202949
-117093561722
-351955950627
-91512337185
-75453860252
-216626407062
-176516239562
76457472145
100343045225
87270815815
-162458218964
73322093655
128114108997
-127729300133
40355086315
145834040458
-233081756812
-217102242498
-144289269804
85926489822
84257654529
-65855513627
162243937216
22988265730
-130404453788
104226537028
21583408184
19274943192
717048663
70802914177
122620291298
63136455645
-90977223008
27910043672
8686515728
-120503864648
166010974544
150607643329
-250533831455
31743873637
76278492933
50079775798
48699516476
25927534340
38536962718
-21881595794
-113556428473
-10657516680
-8993224665
65751889942
-165515418152
-112533877427
-215063285798
165285287270
1494325731
7350645843
-132558183214
29704016684
-120309060791
53833109222
-6316262976
-168687456868
-167529189391
-246684567390
-6779545876
155916592441
-78141687130
76937703930
-11711189240
138535142410
88119336535
178837548052
-256329313786
-70507692455
66644294480
141830039513
-105204202967
62346031449
164239250761
-88680507511
112057510303
-34627191161
-82346432047
-109398285387
-174391965609
-29134636119
134759179648
-97680418412
-26593767413
172931998034
28413586261
-169037292697
-135221911925
169956460394
171216272101
-79817405951
-117419665096
-81688699520
5206314771
13721470200
129758413095
142128648193
23291824138
-47777411477
1040463761
-218333184372
110863220398
12996040121
-50836793577
-23961249032
-118306395669
92821279495
53024325783
-110374504894
192133899662
-230221807094
204999724212
110916215576
105825017761
-78341887396
152348292209
-114841755880
-194086285552
-162431046786
36407888282
-57479181649
115104156124
-81356292358
166069121915
67314643130
-79920746334
-17351684636
-180836710813
92625418641
-98101108634
157391658150
27409787904
-66302308736
94453591224
57429808599
15260641541
29253790652
50571799313
-96525618709
59590209496
29749690884
-121093381948
37941790903
-46698852656
101157476707
19491281466
-98541096335
156975073225
-95566862650
-81864659000
58800473712
61419375141
28983880992
-34667949633
-19591354605
-140583100856
197158620148
22457762545
141169098337
-62901537697
-181486154684
54562071756
-88563252108
-172180615873
51518482654
180787700442
27460416151
-44941948435
163377193024
-60073431506
-253942542089
-34025361574
-278911440252
-5046935906
-93130865671
-81583656150
-227073776553
-143185779800
-11836751618
75143934461
-228304865205
-99270727721
49743929730
-59548220437
-47696375933
88543361667
127911576984
104710034349
55489941714
-23790151090
16148864851
-2576595105
209956736665
-183795447705
26217694534
97541257375
-263317286560
-20863558110
19856138698
-25422734405
69154481823
-156632250768
-109897278082
-93030437514
177526925389
-109877248426
115631460538
67133554708
86379847357
-215690759813
79272071942
129532971726
-60752259420
-47792498908
19926902320
95663578735
135250418828
-97873244262
167291324925
-3244172322
32692058379
165186836122
-9190583688
-85189674083
-78904010061
171671543526
158730987398
-130360450581
-86736905912
88014430873
1269557612
-207338041539
-141184021621
40459858194
156119437594
168060461480
145005592382
-90094413499
59354222371
58072713963
-39534879674
-19061974323
-139853861991
-128299563078
-138327309185
-40590468249
-54531279971
176068755792
-196815984114
36450232335
18270324789
1498085125
3820062103
-99214848160
-87432521931
-68434880908
-87685050428
171983366175
158020050410
83951520728
-151311517298
72345811237
-20713749158
66028185987
59569729700
-8195240992
-113683764718
-34382746291
61485556463
-174606769064
-121923678272
-142897818475
217872654573
-137872893568
199444346342
29136796986
-97351776675
-94922108694
4299209415
204059734187
8387248766
-196540732584
148313244699
5196940893
-112058565628
80981357785
7699377861
-144001975450
-62424408237
145203479383
54603695782
10684953677
-165145219640
-80825048022
-223740347107
-38448442064
-145354872975
-16171186233
193487036665
-6814067688
65479586331
-228255536462
215336036993
-74833688427
36605250164
32599238179
165555480669
154379098620
-86845791980
82060890633
-211778887204
101186618619
142047951521
-32342281154
61309635517
-63837269539
69459366706
-161463246645
-202132134902
-147041695849
84460757195
8768378275
-255847446717
-148122897436
-146518751414
-77190035181
29014632303
-121983715894
-160746163759
58654822549
-268787340811
168950363204
49816758496
98983762052
13172083423
124125038027
216775147784
23177604263
-19558971771
-115606381344
-11131346891
-177749633212
117182572517
-126387600027
29107563488
109969393122
-81836065094
-22897886631
-101880135997
-91122294978
-50675019132
-46771406846
185479057851
-38185571412
108855965147
-169179158250
5206738661
-94751341560
-155112132861
354376940
16306899357
-204443130982
-83486080779
146624096754
-248406361757
-138006675833
225243355729
222236084508
-89066941234
114086046144
-95122227404
-58914626748
61363787908
-12829622346
-182090463957
-330761935552
214047453563
7932283987
-98093573966
-50492385598
-16119650514
-117320598083
-94689119264
137773291454
-115797533638
-218076044791
12686968245
90762114827
42800785067
135350730262
123265244464
-78916212153
36162743514
181896155004
69849045371
185762391452
84599350346
-15318394035
125338027927
-129734057293
90404315447
-8821043451
-23219622523
19485753600
-241186725348
69253455306
-21932338194
-192248179971
-173336257647
153914329748
-161575313151
-15236932053
-78801890619
37280602825
-16581396230
36903027485
89290676270
-233945830371
-203911691705
216897381820
-177183612872
-135231905274
-19221748405
-16323339526
-150699013136
80785319527
-96657868116
68273965063
-6198330754
-244018267683
-87718297867
217872654573
104987418040
62419320221
-15502462983
-192381716776
-78865552405
173260791525
-8866040650
123109918667
54528358866
60582910638
-107386157670
66079273436
-2006894163
55575617517
41853746895
-98481370213
-73892698497
-12557932531
-220605787066
16454019716
-3260205380
65634294343
23599203539
-180762144189
-16231401226
192477515207
-4952183515
-67548468868
-6739942522
139178977458
-172905537454
212660755426
-62775958653
-190454515858
-11713632045
138419400000
-188317291948
-300559977755
13306397825
21118595176
-4510467447
-38220162371
-5504885282
-105235237902
11144289300
11133383945
-73283781694
-276893369687
-132565304
-226512721301
-32168924590
-93308400973
129539250548
-150681624500
131552252260
-259486299393
-146964526737
-80441569895
-37781535362
-88488134359
-82397018048
26595526512
-43953252
-139182159439
44080791457
160916529639
57680006388
-16543216360
-149656410243
19806523228
155270064814
-66782615524
170697835728
-108674278155
59463404720
-214014676679
-135579657198
-9154808993
-24194524768
-146871905340
137387945060
-12275106650
-215713631331
-244623809180
22756963901
-139443375479
-205735205157
169806453044
137197937959
-213810960144
-187546709088
-86656434739
-243999992885
-49835511106
-30901056422
-84966474171
49948160940
2310417020
-8419930483
-129672539575
-71613616528
10802388483
-156197246435
-116042660032
110234886369
-259846628557
-59831962374
-193605787399
52451635387
231915035138
25020690922
-168095857131
-141729138865
-207736033783
-58182155678
59015947101
149928880454
18355795282
-78677106152
7175488338
-249954652267
-218802792430
88097484127
-90180719954
39298842941
35037645416
-83126884041
-244924651092
-121318659647
-358421537635
75108507424
-90257421663
-143960905743
11344932570
-136639805659
-16758909144
-120168200651
-80734475833
-1635360956
-255028734616
33617867416
60054906286
-194140796879
122502415213
-116925728710
-89197520912
-53906734163
80053856212
-69346737784
-104435179672
61809293576
158301643118
-87458387761
73524122175
44100862656
-208758702142
-56419851762
-102416197413
106382207332
46420431040
55723610832
-70842462270
66388645836
-159084659893
-220769018146
-58593505275
-91818366639
83537255712
-50423423824
72551003904
34564162479
144098422848
79592032799
-114877645719
-295165982647
-80302438676
83362844904
-48096319110
-212654051387
105851386794
36005275651
-176664569581
-127400876132
-152998433704
56376228060
64658447675
20292238716
-73656523237
-1909742694
5697860534
-152559470090
39174891530
185870597265
-115601066526
25573408648
153130175221
6115252641
-88130687667
-206421324577
-139794204815
180761406081
-66799346503
-237939452948
25921187044
39840533254
-99394059750
-10259346214
70547420059
67599282058
4294528475
45345534198
-161657751128
-137502868338
-44348355701
58392475631
-187824255096
21492737552
71032125034
-54374873063
-154599169412
-130123070245
-89169974209
34019031588
-107546795601
154515522748
-33208280910
-49962536155
-209362596764
-144699665203
-102505098167
2180788219
-129546183481
19718289439
-59781267706
-173366439353
93783177869
163367422564
39556944596
35446347660
-13275798633
-101297842966
208061828381
-104600454893
-236233845343
107451090114
-31157537233
-157395937739
-122789422831
149565801864
182002100133
75332036136
5933980479
74470234022
123445121250
59736895195
-35313746658
-24237432166
14332104557
89973199680
156520755299
-142013718972
47884003371
-143335821059
-121611944328
27220208661
-238565333688
75276337892
-106213500469
35348812083
-1533561898
-275870256288
15378921738
13246569044
-124266254634
-9125013349
-7783193552
-7075935431
-25882564402
18142336450
-281975267269
-78250326922
39109697713
-52006752141
16399059927
-52980940075
91574387508
-91655555536
-90400662985
160526778230
10304128676
-27089341728
-247203913706
-145414766557
-63196919309
-89272863101
-5827724681
-161069598562
43803176058
54760442494
-117538322309
163279464785
-147575471832
-145747467592
-135136192713
-133478741896
-61953443015
38663437592
-297317312909
-109338881836
-257352926875
81524676724
-256296961477
75432474482
162056025966
-92176114836
160045716593
110490758535
-111573711142
-142016961725
-96459769985
-115256320276
-73095735938
85283376473
78693743017
-155816816897
-145577061170
-233438463648
-104805168679
155112326596
-88113109129
32393334907
-244031623318
-26769153359
50846440894
103734124109
-112789654065
81360707385
-117838490668
52720715019
117892118312
60704006109
-39922158236
64602962313
-134274761031
169641023520
2512983257
-70654112546
-93265774010
2873857371
101488469986
-67156825833
130950678946
146705723878
59816288838
-184159835338
-126639521878
86975830980
46640532747
58398515337
-119326425477
-124176660050
108930104113
95449070066
107868747734
-48863505409
-87748552027
68591309857
79522110799
-91815731374
187916915452
91025022730
-153521813382
-51985272202
-190342443265
-36251599385
-133019319957
-108549446804
26090252640
-19043375778
-195840342636
22252194622
70137877345
40727991024
22972618969
-89729865638
-211130996376
-138487924860
15983706906
30005880900
-170077506265
33918080884
-105218897224
26371876756
19016497033
42552949497
49682326449
-131300390400
72330822986
-47545269576
16362401974
74248645500
62380306607
-217338427394
59262731327
-137194237810
98933272486
-134596937247
131129102939
-41459347964
-278209506576
-9137330470
-41970062844
12995027131
-15689772407
23183322017
78091598677
196728351284
15055330384
-56093324792
46460707855
-125214104464
148207862926
11703131300
41535775309
166515944832
136744524984
-53178174999
56801979156
21513913549
46902922561
-9130284550
-235650583539
168951641362
-82858149253
26855590840
-241562915789
-71826768751
-14018606040
-154009524034
60544975752
-72150884645
40219980923
121125160826
-251323328357
-222062449109
63599907047
10034776234
-13709332360
-19424836004
171225992000
110570747175
12949822729
-206424306074
-81041643408
-144414441687
-40271414948
-245478669449
61100082872
116618465627
57045105168
-121293309190
136343716806
168011161548
20836389645
-43537993915
140650491565
67260136555
14701761359
73991765624
45478346614
-233668146766
55516609220
-170983304927
-10304288065
198069125354
4232898458
174710774268
-51282350950
-138421946051
-203103951337
78573507045
91856072060
102743299746
181162431552
68709335627
177028841192
132922759278
77516090006
-283954220794
167091460939
-157827200066
-73562728885
169153551769
-152994885162
-34173269243
-311512060242
-161134501072
-78269320116
509201287
72603547547
8703286773
-6439387541
-65957111830
-7272704537
179592690369
202140393554
-169741312374
-125141583739
171887998281
131531333824
-81893687147
-2360676014
74017358323
-250453045478
50518733456
-36251595063
24003191538
-95715948710
-29531921033
108786566262
-63792411597
-63899122540
-72887862109
-26345151894
83334933668
182680474476
-217395728645
73035201808
-49041048610
-220326886089
168471023484
-99234772715
30584916491
1010269390
-212204317716
131304915499
-861122812
-78859262889
170510600941
4632266190
67662846789
-92916841360
-158186375177
96454144077
42802124068
218750443340
-74923448854
-11957710555
-26164372956
-91306148145
76645473654
-134772018269
-236567112356
179246864940
-102818389835
-20813674287
-3588574128
162303332792
-145071457314
37327142433
-17668740489
109098654248
-189422429351
13600138769
-90187655780
-154570759909
162592325611
94031162266
11307710077
127401957273
91161013513
-275480638369
66170921798
143650346961
186675455611
-72402201154
-73748401219
-16839513533
-147813902169
-3819270562
-56395066286
11831661551
64480444703
150384254621
37391999237
126747294569
-157035538586
70724605449
-12255772718
-266007964088
169748485160
67665162842
-217952500416
-49488231843
33156042055
-70045060199
-100053831157
117110095799
-122230146120
-60452040878
2323549473
-229499815324
-58344014139
148791541327
-13754357911
218172678037
-49817761211
-119532513600
-47581301118
125278706938
30960845308
-193949399754
-119739572021
-84355413218
28478968023
-162067349327
-197795708183
166661728040
-87586832176
88459656805
34011406258
49065878784
-170787539789
-95740395403
-16465296459
153894291686
-128689648943
64031861465
-99421925167
10635982271
-81390165395
-114382986965
84867184137
48241800699
85104089681
45593706681
141784279813
-156549455676
-198251027886
83410300551
50955894550
-83398561184
41828566728
-101646518475
-80439282548
-3473866691
167683445414
143792807551
212496739067
117278704683
19027096635
-195703400722
-92942928899
21280985768
-82879219671
146114010766
-189168398912
47721007544
211456051094
-249828354137
82702999640
-246700668587
-258557869188
-22636623145
-74898825665
-74578631033
-91342606187
-133619706677
-59190599380
56868670694
98144370845
-218184987877
68345970546
-141437796999
218310701095
-93024899653
9435682751
48416873999
-194218980528
167090289429
152377186115
231369509040
164423750153
-119295840749
82453789404
-7214792735
43904111822
-81515653853
209041534596
-48673822404
-99722324602
-107890837739
-114678247097
-81178128138
37066878773
21080345185
16637351280
20051580234
102373699037
-104590138620
-116220428414
55584690871
-144756279617
-91136530893
36546486371
68672922072
-32344863321
-154167573590
45257776930
-125700320319
-131226128564
-115234167865
110076767518
84094842008
-77811150661
51967546372
140521144967
-116842355100
138819723552
-157800641598
-82307058598
-82259587356
-171357688570
108305634981
-86812759933
-222835335256
15291090180
192041568550
105512704686
-187668518766
35485518502
207867593199
20931423710
-289873448878
-132088817420
37073586110
-87093967325
-242702969839
26836565365
72557198933
167672003087
-30369632834
165418516717
-73090301999
174573302310
-20587622112
135231156556
173182419058
49838925551
162018016207
16815274520
192875577690
-18528603653
139941202848
-146689088896
-219218044764
5845011105
50784599709
-154314937154
-45101308038
212477248726
179833654201
161153199824
-9464038306
13925635736
-52752922088
90292350086
-237040482773
7564441848
-20087396102
-13877848903
-98356017255
-29123719193
148164705862
160519922046
-150883449278
-192252253786
-121915051444
67077296303
-21358037537
-47570813957
-157132103763
160011104599
-75722254217
-187257977632
173046429269
-62213130352
-116650789402
74910488144
36820460580
188525901213
57994855821
-135718002082
-81658309404
196401064730
33558849452
26597180480
41187744237
149083247644
-87375968169
-7176421602
19887310584
48531301672
-108391056524
-191585595729
-120103405390
153298830009
-123574671709
-158116125766
60831741072
-147193067557
-66289461212
118046537800
-59407739459
55986212502
187507330298
-107798056172
89974509040
-123805714218
85223992777
60329360730
82663179347
-97922313645
94624779854
-240036001561
64688746982
20455490086
12600824577
1958187935
-2080834427
-16132295
-120900920413
-85254612825
53739415939
-10756256878
-21106314995
-197585248013
-166026364759
-201676425349
-119291021779
13465241136
3002406629
-703834206
-96875927605
35598419325
-122533083255
-60541938743
-146779420853
158761407141
-110486464083
-138582324121
14386628580
-12484052294
-192860958176
24486559930
-112683906527
93835975155
10021723001
34363633742
49334215166
-161670524003
67760318126
-95313732786
-36644187277
-134834335312
-152910428253
181490674880
194346375716
-157470042480
31968343930
-7209663441
135426611281
-79014980889
172982207125
-93719993820
26974878373
-110973047366
168579840713
-92096084641
-5552158963
-9566785835
213455421187
-112594640765
179857748851
20517971049
44883774740
146982445528
-8107602350
-88853138021
-17711233294
84533139937
-24166152835
53205051509
-198537416520
-114420898775
-63656541742
-40626673299
-192525341482
-7674537233
-97838485788
4201006447
72734654448
21098239859
54072867626
-224764046399
-107328305258
-57093866526
52716711260
-135879911332
-261817909342
-226373013434
-256152902418
22046871367
144401708102
18634915669
48106025192
101521658871
10709291927
97289957355
-100441343553
-150771206612
-249667825667
-235636461393
-107719852530
820753029
20584528977
48953889645
56133676796
-52392414490
-6715714063
138408228012
70833438939
6942918594
40415845445
-148272924437
-36843967028
43745584553
196669443490
151704451504
59555621279
-278627554328
-117795837796
-16626994874
-12060851021
77346615525
-75377949812
128114108997
21860091200
155272639420
21010517707
-106156610305
-271632027609
10768295930
188395174947
68296687261
-87892916232
-115383745735
-264950651393
45280271276
23195969492
13918747039
40452907552
-114029263801
-590790995
67254171164
15006815940
59386626411
105591762110
46407613509
131751425498
-56669872292
-88878971019
179131544412
87575552468
161439724389
-99567220254
7181793398
60166443235
25280581584
-107828736377
-6713004002
162920723010
-132780177868
93938582074
43758299575
-117773886057
140956171052
222960408870
-64007961969
102742124707
-13482212788
-226087393620
159724959003
-63236536462
-99708646666
110796335049
-197416780533
10125843359
-54667435213
41169056441
-82677517075
-58029957180
-151147413859
15712335272
-12091806084
86852494265
-103580546755
-63784147651
-12506011457
89551089346
38640814268
-56160306657
-246689669476
57274552620
-101859514772
135935043035
-85029401086
-83211594997
-202566240365
128270964268
22386717851
-119608258085
211293548648
-28689397649
129074512503
-221372279854
119374070377
13149251432
92061425333
1459977770
76111277355
-186689164962
43565482530
7538642124
-55088424397
-38436295474
-90658708356
36329833
-87973136097
52976928839
122654714481
188102890366
126671094489
51582596442
112599622884
76933748732
4019487435
-82071504817
-53357978868
-241581832610
-187907360992
-35652809436
180761311024
122062792105
154232547899
-43740808353
67965399733
23027011122
84347782966
23331916551
14213602215
-49104414488
-105743425157
131556931879
153708282124
133852621514
72182870651
161390240985
134793826574
48007442970
163697257368
-37857511073
67065056752
79971489537
-153304502324
56025189034
6089609072
43445691595
-92989119572
3869044383
-184185889291
23069186531
123832117814
-131277742237
118773478098
172065870546
73740654605
-48310029879
216456546343
91632259682
-190879367540
173848482082
12591345313
-93080229268
-107354048532
-28792694183
54079671671
-94841022717
136492809436
204104186301
-228354352098
-129317746150
-6036430177
-27120808755
-65266206662
-210360033938
-207913196908
-86765434044
-279397833467
-246112857869
-91667023176
240848590
-203526302609
-34873172932
-154313473948
-182930239370
-196952450721
-95004885737
11637512025
91778945620
-65526432240
23250522255
47767161679
60372375298
113166674937
41368383165
212068392844
-131295185107
-111960920478
-211819321949
151947833019
-156592249004
-147780467170
-122047615011
-96386469813
-82312576009
146485860185
-4178043700
142012501860
2130632540
19118468295
134434763252
-118631341800
61862867894
-57297969895
-68505946283
151257698047
-130643306781
27065550477
71645393940
-217180902178
126501180802
-178796135261
37189116976
10204766406
-8322077902
-83045196890
-94736282326
-103138446037
82917296046
-50305268107
-267440034391
-171141457163
103687274183
-142443011268
-83180265935
106867660612
-174188687511
19765598979
20004832156
-137435788687
3333991209
42318835029
198758500694
172625706050
34888021694
-25154256296
104907847168
47880072308
-141131899844
-51486087352
-8802446611
-9317409176
202818160007
53424240327
88276665462
-4022427571
-17663689796
219701419139
-107947037878
-136630477421
138791971568
178711256122
142914729827
-127790061294
103902797084
-24509597261
67095675173
-82084824121
-40797049471
125976396558
125417549011
185962717489
52764974478
-86870295352
72903565353
55118177370
-48434273389
-80341745492
-39548949344
-79069824771
88866647487
-87461611171
-93282404060
89662575769
166568158138
35665743679
-178260694883
-110030357779
-125077847513
23784972922
-76019592278
29424296840
159627096676
-4954829031
25655561789
-63091538731
-19672929237
196735980879
-274673239662
-260061722918
-48954670975
151388283409
107321408862
160909911065
173249058158
-83396850759
224600658053
180764058660
7762544485
72318014892
-110098994203
-233880838749
93847427884
-182977275829
222731650137
-129452888596
145224422150
-29723572917
214346627255
-143807537705
-91955492429
138078571624
-42823485921
84977836634
37289085467
-156143240103
4821815015
-9780567950
151590886552
106898645214
-223346963931
-120378929892
21401065668
-79917841265
-204179017459
-169801454839
154362099969
161071470936
-116016094388
161683362187
142702095275
-20426047348
127829150767
-202678252108
-28013298093
8132041263
-54366247029
69447456093
-21754198830
82522779624
-111382891386
-90589756468
-4349723092
115536457747
81607084194
14851713815
69029971453
94608759724
43925193281
34387625778
39949474005
-86835449958
167191005628
16565992050
-7501421129
-42725094964
76988888680
34813865798
151861543109
1562210003
45309491560
-51277607284
-307141388132
204323950
-48476151893
113014154099
-238447020523
36779888113
-38039367980
52252901352
43345887703
35389621228
172246480696
-42041433843
58915638301
63121924236
101989393855
-17323742141
-81058158676
-145199690366
84979188764
161701231958
-82225361402
-132260852300
42844762682
-78792105402
68417350919
-22499415286
26788292564
24697882514
72600095533
165165312847
-108253775405
-64050448677
-121316636954
-120573830717
-22750550370
112997049564
67133554708
-19327317870
133877959559
-131739015950
68520404204
-9085836518
-47637626070
10286454833
4300738206
-62467546858
-79355709646
59089137535
-196566989523
-1059438261
-286708081532
-88543914281
-86631771507
45069110643
-290909814658
-167195800747
69677045143
-11948224863
-77498666694
-147123918596
-22248640196
74802387933
-209015559961
10686102946
43389600595
83555705771
-95574961601
159409260709
447952743
10215448501
29608751633
98460936105
-87896572059
-148317932642
22102682953
-94851045182
141035867874
-74745823154
69574050596
137198212606
-108609867291
12697836674
170715637471
213901699296
-242222835210
55405439636
132132579601
-84149840184
-85546465228
-152796330736
39876440807
110166081176
-18162945572
-257075950331
68376697089
-201927189006
139439171767
-136728469329
81954001301
56792443448
-87875953972
-47434141094
-153308226021
82664329462
72499703196
34104611100
-30396534539
-178678244337
170734481776
152217418304
-10021176337
-19227924061
-125829067110
-185321115824
-81037170147
165456575731
-216403244755
-143308148209
-125256086572
180409956952
-149758618757
-48392126597
85263527645
147533541405
-206354672769
-265994201704
-253529816456
49703993321
-17944539938
-178674238652
142518021126
157019829008
-87187087556
163714637925
-108546362541
93141637039
46827059089
191843676130
169034506488
-10756064094
-124954165717
135029895925
-156625027059
136333267319
-46792843394
-104607426863
145175208502
-47059226841
11580846216
107645142431
46875834735
139594625253
-95211085230
-242324923472
18249938579
126578344425
-51004707522
-10251937608
171711185606
92195514097
-108849067578
-19927415846
-261213529354
-84497312405
-100818115232
5336837790
-188131899273
75384011888
15015251453
-229256652322
153632658163
21771567545
150984584393
-157026699471
-232173544102
-96748568151
-279684049795
57966513335
155681532323
-241735609081
-65781513042
-270285153876
-179775079957
99952238776
-82129674772
-248526876037
-82272803396
-96967795561
-115433471155
-211151146677
-220662320032
2148638144
-54519870809
-126974830415
92634848490
-8142662803
-64438830826
168117003509
78556347404
-137435761260
14643810315
-97436446483
-170171473789
-130067468197
47759219675
-177534024488
150846705570
-157602115223
57130960452
-94178304514
82993958913
-112800388757
37868522200
161439724389
-115744051253
146102130666
2028514872
-207560080867
-143230157350
-198249935744
-112604249511
-116590816518
-170644260230
81908493009
13893222861
-184989205889
24835384139
-43947435906
205093240720
40247556830
178031181610
-234557284193
-353302936706
59721564866
-67169919767
167651976512
-81945779373
-236108894582
100587929342
-330725360678
127600785465
-201858743949
183554302583
75710574555
-124432690398
-88483781169
-104970601245
80465458513
-3178550597
49812868497
-5573367584
-47301361842
-94409732638
112241562850
193717543263
-21811155836
-95092177896
38021949918
-73238366895
-90849733027
5730965492
144080310082
-215564585825
103285110959
30881022221
17259177156
-182075185993
-8084592334
-183542656308
-99603594003
32322580201
85241616741
-49467743232
85746826009
40230865576
69823247557
-5390640977
146639957636
-23830854129
36535160563
47662478499
-150813387607
-199376506292
7842243776
35535823921
-115815443129
-115261156241
-84885368079
93682794567
-146543189643
9552670103
23099171284
-136552584763
-188349488763
-110607814476
-24207914169
1143166204
-19783311978
20859632033
-152675046895
-6172551501
-50444526490
71072181999
177941955201
-1393879517
68486071405
-11044914438
152878144298
49428078113
-1862186339
25121804485
-125794798746
-121194473768
-262171227846
-109309147951
-24959665453
9930598488
46454446574
-75553087286
62587227120
-106827875519
137351212055
-103315215932
200733348431
96415972227
-57831358831
-15888274175
9297321928
-85433382746
-73930671939
62322117227
35051607369
-248485440584
29891488044
-58912777797
-182658825226
141868475062
-153127265670
-202194895705
41960190060
-8165126181
-86606943995
112748106707
139911007199
-52886894982
-142642473407
22114219112
165320521755
194836996986
212460017458
54324285018
26691239439
102581584204
-254553665075
47549735670
-234964910876
135640426052
-91684192374
-58277624229
49160024743
148203608384
-223330641866
-147059846996
114722784967
66865819913
-51896616539
-214708081644
153871282588
68760701031
101215093706
53440670817
-264287868280
60437323163
-51451579805
70864867376
-88965076317
-27943959211
163205205841
-55079076802
-92560411798
16080281999
79610519430
155671350234
-89796880869
-87591737508
124349783972
27111590139
-194778331849
-64049659963
-122827924444
215615136938
47427438020
150512395999
-35226895916
59672224490
125057276460
-201059410291
-112141001438
25935502142
196476073334
51161841552
38952590056
105146331206
7339676017
51398667300
198557690433
39061827078
35527839071
-262498575481
141829896986
-159883251423
-20992738469
130717992383
86079884304
-152781483130
-221927141431
63659125548
83229936635
106317011804
-239681308893
20238414658
-209677397334
96536631965
213688981482
11736786861
44756441340
-126642513623
-173957804205
-127015822834
-3203196811
-255699680804
-250420840250
1508087489
69090509439
-111018764654
47700696684
-84680953058
174200905098
81535614461
43247971190
-186627979678
-62877253177
-68235942048
27186390607
40791355063
-56106857398
45772468170
80399643860
-252303145881
109763892139
22412861879
-67798311225
13198179612
17239803888
-96000540222
165646679311
-251181324108
-129923984526
-67578375684
27811825938
-114810741306
98420117347
161350180812
132046328639
11660622050
33172998822
-22272943789
31399632744
-21350326439
85852060894
-121791725151
138863816312
70805626264
-185397861460
-2780267044
-37220406485
72373496025
-8477560119
-33116358216
56657405123
75103130991
-51548794681
199563651314
-141081722484
-42524847414
-16109638698
-222479982885
-120387689455
-16126543821
-112095675661
-96242607614
-105088600675
-218336701653
-78836255730
-113548216437
121581931774
7354035803
997073755
-270621243826
105110079841
121329062321
32064611941
82014878149
52152532371
-84017481399
7829971623
-108459194338
13449580300
138367473436
4734003314
31113734475
-249971899967
118872084924
-65567088151
24459068871
-130775070198
-31367202888
65311851925
156171447997
-218399194246
-97492484703
-106817296003
611940830
-7852581326
19658558614
100707883621
165050576942
-195528500894
-91064491513
-3214799056
-179142785917
75157368273
60702784935
-212087402739
88297217577
-40134350348
215641474011
-40613140074
-198786992793
-213417960267
-225010466820
-35976030727
-242029106694
49488291029
-66344106325
50322766790
146962149749
-24797705715
-136167267318
107419424375
118660695492
76641375108
154979020138
-75723943166
-88951441372
-216507808996
-157220145412
-45861180722
-94976220359
-159292123824
-137878507531
22338375262
2311215856
-50000941117
152390916669
23179729336
154502499018
-76480677614
10923956823
-195494403845
-58501903303
45731957091
88437176323
-43971608647
15065318076
109771987140
-196351268192
6177533257
32134579785
163723362755
-116086930292
215634836979
133911728545
-81573061958
154666000995
-78388984547
39959610587
-12015758619
-238667123862
62649793393
77473991104
-40134768913
-218581328951
40096167306
122414516418
-88721657743
-202492378857
49309974559
-108232464516
99506949914
-241261017706
28489897636
-105143967724
-96937997210
-35166570514
151608322809
175888279076
-115386090950
-173251107178
138666533601
-196370809134
-132778142247
-154819661968
-151000774812
-134919233020
39622910812
-261161419156
214490476559
-85338354645
-200516621327
52561449911
-58492950927
-51420967982
-205471019154
-84042070150
68633521679
75772830061
338134957
-141785295651
214037450707
71869282567
88821738347
-53233820026
-36534770586
-183202316802
54278331800
130147822609
-37204067466
-8935709324
-236112871798
-46009762255
-219158952622
-8857947002
166851572429
43034740121
178943627024
-87175898597
85337698992
-198301386960
102894248842
117644002445
91349870788
169969829911
3446131767
24226908464
30460535263
28264437576
84422866456
-171449674963
84400896268
-45741966203
23832533377
110229472627
-53124443778
198819001389
20694283611
-109099427061
132093055030
-16304912304
-248150727618
35709758341
86960862476
-22175941932
-253722296488
-93362084724
17367433119
-102188035255
58112546191
-18393807459
-45559509218
160963120019
-44472918829
1752508055
109422470768
-261196066209
84579867164
-282593499554
-266465517076
-232128809935
-2923029802
-53815527589
10123453486
-70728660985
137563816093
-54332722923
-69751616230
146752074702
-60375420238
126061708053
-29676018415
-168751115604
142680759295
-255944434799
-4653079085
-149220250751
-5603012218
154109310043
-48965658413
148129927659
89789723632
127564996555
-248432866330
-114367718490
-94091009552
-14856288882
8310274187
-8178280107
-294773586952
-12764037652
141061240357
10320739079
25929678817
57382202522
-151031926353
117229711283
79090269309
5252137471
76517635617
208195794821
79892868711
148608541389
-81486981429
850899568
24815055678
135889805254
87638992337
24094648312
-116370824813
12620900167
-45953490037
127217119337
63630865917
164498777287
-94117061930
65627906878
-87694553857
-146699812451
-115671262696
-11791356059
-133594318294
10269271792
-214422903705
50137197996
-66592021732
180092162304
-106157380859
193437120577
-189133652864
168873279858
-147202069113
-132339730066
145223280094
150330753072
102458951063
-25521610051
-17062989241
47715438607
21430416092
-234169697348
185323113916
-644477586
31364123364
33436449751
-55176709266
170215416734
40739040967
-104621997473
-243308232918
-109251899712
-104857163167
-34761904530
-17251225366
92150189191
-125075775981
-48765012103
24180768696
-9253576597
50665246767
-56468539238
104839726013
31533705373
76761694014
135772856086
-20031653463
-72902912834
13948530406
5671743884
5837165626
-81512682093
-173434850913
54699185358
-7434861304
75736836927
13906826249
-11055802225
40347146825
-105017545586
19221396023
-61288262977
118232674949
34687621192
50703559641
101483809426
107100331450
-94976380074
156637398248
-11640415329
62266582064
165731827257
-125543484767
-17241252
-55114278104
136705037167
46956967168
159333889254
-86974728436
-135958302392
69934529343
-108989570114
154859498710
10811891036
-99066252488
30908556931
58540452285
-119081093482
93069455094
-26621864812
62783229052
110572994508
11042236613
126884943904
76518714790
23828128605
-134623895062
-16036072849
17000430764
-29301233037
-220426067296
93682794567
29516624448
-86119897841
-160558548839
81036952618
-66977860722
6830904507
-55710379758
138721770431
117998709470
-221400108899
-110398557760
215745089052
81594549707
97523070004
29854677488
-254349935309
-211646132915
-111058561431
53398371945
-130129597367
-270424081266
-137639977658
157764188325
-49159987500
-46699012989
94350617049
182564766935
162419464937
37890047381
111434195589
-245462568476
-85504998462
108590886394
-29559909375
-225446511318
145945574868
23158620839
5196455372
30145771465
-79547160638
139147760870
144310861603
-147127733276
50873783363
-29939652899
143042229635
-76445223653
220173928728
1447984694
-159678641817
166457259100
-13544503138
9098976726
-196494246189
-171254864113
-94550799860
48176836922
-44773310900
-222931937757
137694243662
60428654302
-106710589062
105292435801
-32476814681
75351490266
186840544642
60225420539
-115227305941
-262870459779
-112454036804
189230400381
-25477962824
59107803004
74478142448
64635036613
-150986345600
10743871151
165939341871
-99057663545
-112804959147
85966903692
4621440203
-248282970988
-240128936079
57890443886
-58376872340
-194603100708
-243597656755
-151384219964
173118058656
105063627512
-300796842826
133111404397
96407281490
-58524467785
32990901115
-88353345629
-105142436150
4435419330
-386486285194
-153666999351
72499703196
118526497305
-65808111740
3000395206
-81285802761
-174515084628
31261453183
-40473241253
-68035229178
43751421288
9668571780
-94917617358
73315858600
-103684700078
-125967667637
-164571707564
-61400002820
-94962126211
-119983747248
-277851943323
54121761251
58958601493
-12583669754
-99362289142
-23656280394
22767449225
-115664883595
-101342327092
-251983301207
140197359173
14064896985
-86938375861
83904959535
74197187826
200545487675
-1635432050
-28187191724
-179660505221
152143661156
353830638
-136963450550
-65681593328
-63879104695
192783338845
-58322983464
10146119312
26810940974
175226955765
44469743817
-204468958659
169288645601
-76398654258
131267587272
17398224955
-148075774713
46240794412
134153821386
-225583452325
152634523154
122386503826
-50941472815
-45506587691
-101121747964
-48189792446
-191358288685
100645942163
-40278617567
66516967124
-79024800025
-8183844738
4198501641
-181912053933
-126454754570
110714157
33364933863
145777476704
146803746903
214079968169
214470452903
-36355529709
-90828720458
-89419998823
31977760483
152280254202
-154103621852
-2746299701
7000969080
21254516690
-69036586547
57436904558
95605231816
-92316664482
108498969447
144520244970
-66343163776
-5840815532
33626296111
-250201091732
107764607732
-300659753478
19221656060
76668572330
11607262949
55883245663
172307009824
66962956628
129367768452
-192791849016
95617645792
-262617389358
-48220759880
21445363512
-22636415618
-229227838334
11564948717
-67652148140
-76867608728
-103919092986
58505151632
-45245794732
126019084102
-85197598119
-119835478716
-192177084467
-178995941590
168470300046
54113718819
146003535191
-63808645811
15972285121
-107184381886
-7030441843
12759513470
-6959597097
56369206981
-67010803311
-58109065213
110275784989
-132347635218
25697420049
-61344104756
-174985328261
73901574682
-5538517023
164251489799
-4472504814
-95104743368
-228106266484
-15488075111
75613968157
79535325396
-44151911794
-253051051301
-28128690653
-190765007857
-214344551732
111662442476
78902537859
37910743905
70383326550
10722375003
-265347126567
-59557380696
-25647338232
-215214140997
-43020296416
-68560882987
117719910789
59506447542
-79386740127
-100007227053
113217579938
160864057656
-49981725293
67431713228
-248934051069
33946875918
-27992981030
-139404109295
96604399714
-6138505158
-283871815400
22282356629
-170975579631
-170953674415
-251200797631
137595925645
198026367211
87032435095
-79482905481
-158206426222
-22413100333
-153220571118
-96867538765
184703041982
-77463076486
119357706260
-37429250985
31503726381
144061969742
-123859561170
-164485729468
131702184366
-155153577845
-232129482178
52025856761
73212787547
17682120594
15894004127
-66693226279
173485752736
10640807334
-109721764908
50932172491
-85386605231
122345003612
73186381086
-264266212561
-78273979262
-92739458281
94275465794
-214407173288
-143387827663
22200554842
-115353381823
-82868648893
22789167420
42799157709
114171987974
18182434306
40740316073
153590100621
40758344090
-2490011837
-117386380715
149495737156
135723516551
73524976965
145794191566
-32244829230
162710823362
75370427731
82084227948
-246471449478
-209979523406
43732031608
117579600710
194737705014
-125694742718
90092379406
-49144403722
-72280838336
-7176433371
104575683351
-213938650561
-85975804527
-130143368189
-119611454254
-139659154558
116677827984
35938562733
-217596898924
-105815347446
-148188022525
-218794372415
35921783640
-85311015224
73456175337
37330067232
184624643750
171090173163
25303127800
55580115030
171013635452
37267764462
26094514022
-154651553387
-119179157433
213044819361
135499550763
-43014549393
-20100202195
110599783338
126815080954
-84314819233
-174996094532
19451118684
-74009784604
-115561081896
110487005831
-202618990588
10910525403
24328131185
-166843476051
-233550992155
20816545923
78003911571
-200423895784
-132643325758
112187496126
57573017576
162093629469
-111547878427
-129259032650
36618854055
-73028802249
-11423296275
-23965060266
74941204902
-79876643198
75784922134
169702671661
-136409209077
-34989413660
-260730069563
-254532067096
90072816194
-121126762765
61018285620
-152189780240
144094378700
-25759979883
-210259786719
-195767957314
-37484936434
-124816907396
62267933124
-229148353274
6010389889
32559527520
-13388413237
159622044002
140599831749
180461073727
-263093112095
-106674017168
40960301924
22542437880
162694586063
-97206297093
89321093781
84590943607
-35643313928
-121705444252
185110840216
-53332478538
111010215630
-49870967878
-54253182936
-259413617359
30436315926
-262849538560
-143848633064
222712659997
88524030049
-19432021130
33941403270
-244964591519
-240470375232
-191596725992
139093400634
-69481602603
-269169137843
-43753949991
82453789404
107878547129
-100464919186
-89713662681
230332454686
37843478599
155703989262
-128106646347
43680255302
63135293392
237517170168
33586848077
79677810299
75244214566
-35736201663
-26271265976
-123280576441
130750509998
-76701458224
75497988152
-250905018139
14403168023
107477667063
64374107815
107198207811
94512253363
49074738234
38372515240
157992959101
-156987812463
119834676100
194011381362
41538432340
78027424694
-98874969442
-113139877873
-243450645897
68887829013
-144906420360
-96654844991
61549089478
67714308747
21742122970
5844336756
-68082419910
184357515313
-5942597019
60239479460
-160486707242
-89287033822
-58942884605
86371897864
26646870306
121130547159
-214353098194
-153747673407
-140746221496
9585227677
-38566615117
187465725027
-231208452116
176252137541
-96796434187
12853711585
-41093546286
-6542976111
-120631357917
13189148209
148515174670
42110064229
-29575439714
-121681136543
77440080880
-91670064978
-159710676474
-61827505015
-134720743410
68155144960
38680627819
120676100846
-178157284827
-168883006917
99964754626
-89390268034
-219430160632
-133492923656
224308466484
-42244851211
-36363526517
-120723545806
80193686129
-15163982958
-86186078762
-6269148497
-6481773623
-30266202380
14167740747
-142259409149
155313331765
-23966283590
62649972874
47216140607
114760405648
85109615783
115238614919
75076038079
-68352153188
151401969859
-9849896671
73482784227
142929188284
-123210021213
-137047436641
-221689511494
-214492732484
-19553578102
-115970149213
77509898933
-42294874498
-109876816844
-122071358585
120464198507
87295714858
191312978449
36835071539
-61486615734
-52364489134
-257355117898
62499141588
176529946099
207122785490
-63462821761
209524947525
-119699060737
-252875274728
92241229334
161924792432
52722565611
9241796622
55983928026
-106972170256
147194327511
86477808939
-185192301569
-279282458660
-191697369750
-183099563965
-88421588093
-190326507999
-266517619822
192314456125
-121101015923
112611003742
-151517400369
-127949515033
-257643258966
-92603678307
-73361472271
63093802475
-231998142554
-21144577376
11805603742
38567545661
-88749436367
-222347569749
-189944332379
74234399143
25801239744
-114155883718
191948412106
-243680954291
209279155970
-137186198572
-125528423831
-303850514464
-257172243973
-112938543209
-28646442364
77027878122
89378971481
-240695239724
-102012610051
-53602815733
-206800762592
-11912030597
-98636037011
-187050078675
84761805462
61824562798
149919887008
169803317779
102703980217
-29235292842
-151463528482
-260984040430
-61017858220
153988542083
66446918574
167518736041
69941467092
76562107253
-203101048193
-45849672179
-88422336909
-101940894726
170349587291
-23134575338
-98759807785
119277936534
104791891341
-275233345539
-180438252672
13016138912
-38593396260
-35816172045
-6367513943
-262605137091
40772242231
78952925721
12614932336
34490913591
151431890329
152408074104
147858581129
-6513908800
-255979616298
-77751207146
-144759668957
-231217200342
-7403670817
-93323765445
86703569867
-233249041773
189576930957
-121424290771
-186063636680
-52922155712
102944690180
37401166540
11000150356
170532283441
26616614777
429365500
25885575328
-97031189268
71967225169
-135228311377
46797747060
128237275868
-179680767071
-139111217077
-86972937740
-74933025458
77990964313
-248914989829
42278301168
49023162553
25748314537
-220698960444
37975480536
-47147096955
23586825432
12937451471
-277680387805
105324959549
94343689657
-205680165951
-192187124511
-98272101142
-84497452618
26986079212
-70131511178
147710156024
90894115030
158380736755
-6125594124
-219430301327
-22613293597
-248104852795
17548253991
-255169060481
-55691287380
68922862765
-112021647570
-112323470940
51890505220
209995465749
-80300520923
-166035807272
141294786391
-5523727216
169538362692
-108630936467
-120095105447
-79820669113
-232253930461
-6255753908
-258952649796
-129654502697
84428772377
170621045729
-291891950160
-219102602775
-50566383990
-85335996084
39031312885
150554845841
-47936660337
-251606923633
-109716561387
-255847446717
70146316676
45186473415
-45098062991
-105976297362
4593240971
-96863156806
-89010046408
61222987625
-35333693558
73397308158
-224414875804
-248152875554
-115987337411
80027514838
128255861825
-122777556193
64074787643
89854979257
34108167317
208714072987
194254294427
-179297074222
-201833988373
-154716234331
40633561333
-116987178690
-246958847712
89872239848
-129986020653
19257756290
152906238270
101094854489
4843581323
-102817866465
-81935357456
-77911313191
-119735350864
31220346394
-81471696109
-178383011235
-155765174914
-41520990402
-148583765252
171194805811
-62142748907
1516688349
171069662797
154561735551
20330778711
4319529698
-13335536699
49088810019
-151530680481
-152344641281
54064336148
-112745605424
18341383217
15293907423
-626645980
157007780375
36183026104
-140428020722
-149104317831
116315037168
50707654380
110188304288
-128638276668
-97526950639
-58867073531
-49002889686
197951481939
-45901246074
171321125008
177677733156
-11960337626
-27661777301
22404855159
214574768868
-61718031773
-171206936311
25988819905
13525953260
10848941624
158358280820
-155091871068
22017831755
88729637438
-25773258736
-122679480426
61476235789
60971254564
175431456304
24630476737
-201097185236
28035158226
-31406281615
-75784840095
82462042709
-150478122861
146074846884
-314148582084
-21411457107
27282451137
79480839890
-128956922019
113250311154
-89189721805
206897456527
140778703145
54996890190
45540700361
-228926308703
152958499266
56179709669
-70249826444
139003054448
152884002868
-51537552461
-191172636791
-52154368759
41296801027
-113351953847
-97067978717
-115214423839
-28195244847
-136157699702
-154492130030
-108112610519
144204351363
181809141679
-256986107579
147452989387
127328010740
-44630279619
-256176659272
-20960453255
-251891870158
-90733263577
-261190811300
-51412312378
178198948503
-90883008920
-109937659820
25772333964
-9331552311
59623914657
-51714976230
-31172835109
-98469278514
106473483742
158648364218
50178486020
7443927594
47061953247
-117875932947
56994352716
-129648128090
-46666600702
198249889346
-26922038661
-116592200682
-35257715990
130505408109
-66707510065
106470527194
51754684481
-83358207109
82272576627
100347516151
60558274785
79265060815
-32286054483
-108991687429
-285328588455
-157305374288
-254974015811
-8985851805
159897631868
189826369325
-949868554
-21114382385
123224106376
-125733952526
-18630160891
16214543936
161354977578
154781790279
166276191013
17013882766
-98132864694
16893353273
-30790904538
168669094071
-155669118877
18992640407
76954007119
-143002432958
155731001008
-100533341757
-75363373207
10971585458
170375502783
19303894532
-12199526382
-92435128487
-114995558650
-88659449287
128123832716
101522726555
17996780283
45923842624
-101841771275
-76189048054
-51578387171
134386330989
-100507302662
17178888981
-106668070518
-232112388367
61949209187
103493407021
-33969967540
-81107281118
73361871647
-239533721082
-182262708434
13455512938
-86956362315
24077396777
-92070305759
113376728293
66786826866
-7462677392
112720350536
-17685820095
74616854562
160522054233
-207917063148
-126975830431
-99803596096
-117511980536
-80930843865
-1896232234
-78651062820
114631809837
-69681363107
126915692759
-123430877220
-118839708705
-9825367156
84866059717
71147789401
-48016643846
-30926124274
-140375283401
13219907202
-157206807372
60800472603
-34161242803
-52106036922
149363505694
47046858657
112603010804
-59174121273
31509191156
6375066286
82915281041
74368940623
-18217305673
-231343555174
-117699125786
5877937670
-155091871068
-79328923758
74742583819
179141438237
176431194337
-102769131467
-94028416309
82733663163
173429841068
-195414893238
35886589840
-106819812838
12020480102
-223674173238
85893408096
178524430820
134840896675
-115363606566
-3300286896
20671047173
-252389990533
28356347600
115068851198
-77974629939
-71117326781
-230495742075
-53256109214
172739019662
-134896921012
75293970410
-203748070403
-25184860838
-271350182320
-52181297202
12220484210
-95065977194
40046544569
-77155603270
-291773314210
-14549840322
-3881129607
1833592520
-64190621605
-113058638484
-88446407014
-98549683783
-32657657199
15398152292
-82706815978
-117940226733
70938437563
-91002591108
-131516768823
39456584483
-221109995629
-221882929168
-145024403144
3211250905
-127658072557
-148471488871
-9589387748
-172353985861
-26753197713
-254195364474
19564760636
-46804154160
51733579644
-161245179998
-120673429684
76872532363
87514076683
48126654694
81467862516
85679413913
-126017367470
176193666753
41227230638
104044443896
-140083888581
-241888884324
15271139532
-275078575820
171958172958
167489468097
110654218072
-7396714968
-10769331738
-17266381609
-89196987361
-48478702100
162839543089
-113050936349
-127944447320
65535576889
17416353260
29049671512
-259190272172
-202027577167
75203417989
141329774310
-26637209596
-101147239834
49134418605
-42524456088
-129740549326
-209386920563
48702202742
23930408239
69798335243
-274584799846
70714455866
-391457572120
-192786393979
-96086520870
13058941957
-151385049571
-75729882521
-50122246684
37788737176
219913933285
-282470362775
-27880952034
28613867487
68766531060
-150605152191
-215822347105
-49291404205
201680710409
-248174984943
28870158828
33265124498
-55869976686
-101986793466
183817179668
-8823535804
35323130583
-63276131221
-219005504736
-248518207085
-219870014511
25409729763
-214765394355
-47217379607
-238976639189
136518488011
-54191180745
55882147449
-9719945056
-146081175352
25258820648
-23134575338
-163426725655
79917947901
-78137989824
902855705
-161113134029
-58299799717
-39206911206
167662287227
28939384813
-58247339987
-117179770238
105082044813
-203191686225
-137742625938
175852840511
58878250716
220444528301
-164061342363
-215884233419
93818855286
-122071777152
-15524661930
57204752045
-78000256120
119161496923
180561624699
-144199898609
-118909176221
111339734704
160030728929
153685110210
-142365406968
49874100757
83649144947
-54530544190
196237970606
-129526814324
-73346030880
166097154696
-117308403683
-91976169279
102135197467
74497684830
-27926542524
87706197534
85762233900
-81176298318
-220085072376
-261100388428
-103281438090
-64862615202
-10032144139
-27878097040
176336796030
-111672221818
5650565177
96737731005
33143159083
-11046471732
53084165492
74607723727
90409223074
-107008546607
-272356045420
185146347300
163446451487
-54641191681
-45958590511
158787164505
153718510906
45652811339
67559073264
-118815764329
28464697479
206855983170
-238408122907
5694936147
-180412608520
-65126905431
25582576471
17582616876
127301857736
43250820673
-118399671860
63475733961
75657006671
-149041519944
2967827495
96004671402
75815884739
78993457054
215154980866
-41550258291
29533384370
-81428261644
-7762124755
113415819037
163326579795
75695244750
37449375452
-182068253138
-111098603162
-144034180327
171643086933
-109597001474
64545121366
142810700884
103008521511
17530211548
15459115229
-1068457517
-96102830753
-221856169825
53390984288
-199882708782
-60278035266
-152986443768
-333762878495
-76285181892
54927170604
166298570351
-114097276241
77705001208
-244941035221
172317805846
161268196065
77925570156
225995008945
-103426712884
-86647724505
-9459103704
-77633993202
-147897966607
-34933224124
-95363538600
122498530818
60963297971
-95503419994
-108938978161
56573494784
-85733574872
-178261941713
-13755289550
-170767716134
-187039520641
114980730438
-138123816096
-171400040639
-10828684375
195462204995
-174064487175
68234329072
181506703437
118381971555
-163178724620
159611214239
12835425753
-41898528676
-114132099148
93988561894
54276161447
-84441888313
27659180868
163479804843
-94639810313
-171332836912
49687423232
24881599493
-86291310273
153065619959
33257293303
7131810272
44727377676
-30318994451
-147003417078
-137467157144
-73015957440
-264223879322
165364080622
7067105636
1782282861
-79578218360
-196995580144
170466762141
-18625945225
-113983336607
-89373970368
50469976128
102884809710
66142806474
-230823914431
163515866134
52694808050
31154519059
-205129766126
-84059859580
-255073840430
44394168711
139356373327
28144578127
90952296997
146918968472
-137784087683
12326854977
42148640641
182202925424
-87114233956
-123570694691
178743960374
80221623316
-102107935386
209515536976
36894447283
-139812469485
-7290461547
25589921470
94739441972
-62258099454
-4496412952
-79303267542
-236560477172
-201651053175
92773148105
-168210090480
50725760865
-57185391688
-76623238378
159384147487
103007589657
163198648665
108068800755
-136403837815
91272124971
-152075722643
162180127185
-80199856507
-60449246801
-192258720537
38079190658
-241531340815
-46777023701
-71206795032
170455852792
12576006950
-133646207571
-134803846890
86944821132
-110804029257
28211161654
-7398490028
-216442553111
93421819851
-227047309235
-43575169456
192539232016
-64534219249
121871617854
-175178246070
-114252931256
100135423121
26961652404
-147789300174
44748868037
91950501536
16815274520
203689050584
-53198972582
-128056249396
97184679497
-200043682615
-52411466935
118414265172
-21826307518
-98567122244
-16261879985
91294227327
100506257008
-86631467562
122018410060
86396812677
87505354697
-275505488479
-81801217971
62144577104
24540962609
-139333200069
-113286520558
-80037359375
-147465924902
-126451681933
185147911002
-82341732462
-52688281572
76355081457
71477839223
-113022085610
-220514027061
-23651866152
-186035251197
178344530255
-106592006014
-104576533939
-172301386267
72108515089
98008928148
225433923982
193843124571
-53688007465
21316946133
-5846600166
-24482828118
-61321604305
17108471404
97133691953
-49362564727
-86674242334
169906140122
-48804627281
-17882560263
179673527329
164573840921
56755330678
-79845387319
-32056857324
63654591424
-172917693859
41770373474
-128381955212
-314172761407
-54292430407
32187067384
-113753128254
15568264921
100303913309
155485984651
-51780327838
-13540478759
50027116972
-284005279367
52301465082
-8897737962
84854800020
-116067581818
-57794941018
-7383922941
39724609262
-102257920430
-62253683489
194789434022
-48312620032
-205440628522
103748966185
-155499813310
9297321928
-119248161810
-235488991950
-70211219880
-225924947949
-218456217916
197103350262
933024265
-10920734919
10625727973
35967162696
-2346259421
175606233877
-75968195916
15990638029
-4268509614
-115415940708
-54749070602
-122161135675
-168465758635
90850553228
5393088535
190838969196
109643031202
56518983268
-35840245040
-227053343410
124268313302
124394316009
188920192594
-121998771029
12887854531
76333403625
1735855221
-18243971497
34018420362
159081403418
-150514854295
-7971538234
-306229056824
-167371707535
-110518575793
-253493174104
-80083690711
-117045770858
-114810973955
71073230790
-126669575041
-192069758966
100259199488
-42757058711
18596133039
-206930014075
-256164449785
89457801658
-149460272314
-88184735463
173810065480
23372619076
-47555158485
-59666251784
-193919604611
-54078695726
38522859867
33967111833
168831288083
-139344436863
-255472667321
63005380515
42327991005
-338100482219
67216784677
62764349553
7427311255
-156026040580
31891437070
47385893674
-143954884506
-85807040726
-19718930960
-25605913500
174086940913
-80338350466
-104509791317
-124581376151
60387732097
-140855234445
51653366486
161135338636
49418136494
51715717532
-93932797880
-238000657174
28460107608
191214728437
156614339227
93697047925
-103185868373
132436444006
-80239467652
-83853863527
39566180394
130308853594
-113045589005
162817428054
-1857151529
194751004504
161467389409
-103515951081
9948474381
83178631856
56457491823
-138184058731
38339385035
-91260727453
74813336244
79248366330
108349684275
-265452180681
150108200860
-229468095914
-91764213017
-147453243011
-57791263545
-22608319739
-188815690737
21747856778
-115541900815
-89985705417
-62912591413
-26587499118
-81710132602
-10826650318
19027096635
63934756100
42280932247
36769186470
-271901379951
44523286675
-110576229830
89260608066
149906516207
39087480912
69781148740
-115769369823
-8182434839
54490902050
5797950838
78349598723
-27070927657
87453074140
-80660491662
195904556944
-263405697198
17666079179
-102272996302
46039688593
77053196919
8264755052
-115216063850
-12900154205
-85305715552
-157497976186
-31424201711
-82390019828
-140162085362
16734952378
51062674021
172726232655
-204998144694
54848197504
-109227269286
-53551880145
21069419423
95449070066
-41626789456
4989155882
-94273560949
20574813414
22705000703
-47802849288
-96364992163
-65965351903
228036145487
-144584078850
-103371131554
-96684515973
-58166805437
42219833336
-79280402922
-87599039211
-48664480566
-145316648233
-189254454434
-102329726724
-67107425839
108321241669
17193100711
156769943960
34170455214
76401712510
84043089305
-5506187192
202131271136
58781910972
105889724214
-230906931943
-153435692931
-170336006133
66469720568
-129371741095
23263037493
-142906335268
113140043579
-72477690091
82197146000
56301318551
158329843451
-44668919968
209397077573
158882297848
-65004185181
153986351483
-288411696581
-171343886714
-218184359269
123886462
-75320312570
-75515474989
13657338728
115368481189
198867052218
89382495795
112226041691
13385923401
188850068869
-182475337106
42893482065
-78331568873
-89757937162
15958817943
30817417387
-78346070886
78367699027
-251715208035
7956906227
-89955905915
48285364106
-100160694506
-156829899030
-93182024366
82456459125
125314882236
18711450266
10636568138
221455184619
142871444851
-78548048150
-87301279918
48178714241
-27776749403
-225808248773
17788929023
-150576794783
-101310844573
-208990379836
52696649310
-209708343285
-224902294494
-65201012047
-64299836884
189371185275
76797923674
27996771725
86426385838
-159439692653
-6727731390
95360247510
41329553672
-217208453199
-194337934445
147748803654
-147548338236
-18409096035
-152118340603
218658788175
166457398336
83513044982
77920721949
-94793695041
11348327911
-48996054361
-198571903572
-122673197819
-134725235714
-232134713492
-140885370382
162001823216
-146520650611
-68050512994
-76164220073
-12792445685
-45406161524
-93099609233
-88562848591
-62587556201
73178050948
-52476548649
-190374055487
-115029352257
64770065519
113932094893
27590613499
-45546865214
-196079642173
-50654689205
54577781980
-46027333029
-202400325278
53818320846
-201973417810
-79312205680
40694554988
-175044652764
-69157150617
24060094812
128772425308
-77997085288
-147534852753
79081867851
162002543811
-80846452906
156747674786
27187957806
-100817725767
-105153725739
-118809588274
-219779152245
-252553207555
127401272097
147129491496
53671064536
34012764610
-74291290329
10101072008
-101320015281
136384934529
85263179260
176788061611
-259560390331
17436519385
-273637678175
133329736112
-130019986230
156526059827
-60494138408
172262728592
46981503168
173467238966
30248060824
-100554901514
176634895371
-162957409846
-59105226065
52763235673
152862163765
60717743748
141519329102
-210833151708
70078248859
6390277914
-13076370119
-92277879602
2120019345
201206285450
158416383314
112514140037
-149698261360
169192988854
-150560837589
-51693335237
-165463429635
45424249471
38453350888
20765396258
-268892195742
-53050493561
-83446330338
-120008979332
-149700736525
-94663176213
-177356825374
60242447282
16419328063
-77346377338
-94033249761
-37586045406
3012654946
227174516495
20988846143
-258915535697
-80758153887
6121339274
40467267478
4199604100
188884061547
143849148502
15841854875
-69498917311
-256405648883
-75654320262
41669009493
214217497060
55543266047
125878683628
-179076549737
-97873139889
-229472895840
154768049142
3997031475
-101196009149
-135587306239
92090163894
19778641210
217873776100
171184802369
-100277411832
-163761710036
-23797147146
-261858837087
175928691854
-74194840273
-81679358951
144977039323
-33836710753
163176795694
25502075215
-151290128103
-149571897941
27404402894
-169211777509
153995594671
51044350270
78003093296
-136818790215
225166770065
-215462228080
-31480714634
-159088987042
-150702406041
-164811296425
189488905863
19136801747
-82353655136
-104175229785
-22669458014
119102686587
-196528748413
-177597038494
-133407683102
38470885152
-176717670586
-88341486617
-53394092596
34177909448
-262839370278
172009821906
-98439614142
34110067379
-6000194872
-139907559084
226894453323
5745300234
180417298225
-61981220735
161143518605
-99071245327
-88648425527
-96623638731
19471178930
21315062171
12512795584
123440362930
186007089199
4855130715
-22351795197
-96432429393
-47876077068
-204532490893
-196335463706
-223010980811
-64086742911
163856055007
-79849828098
70783566651
185549866681
229441089081
54190052772
3684395927
-145471499003
-50608892160
-162919295543
-94671844338
40141897732
-9471178749
193960259461
69792336865
138526957035
-115539602959
31020487815
17362126600
62970823450
-59298963120
152269116640
-85717832957
167577731
31777267732
-20906733647
41215458101
-83232182090
16249423616
90706321674
-159592678925
-188992630337
-94190448550
-87613145216
-95317994261
-68722225456
27026682734
-113756229405
-26704833778
-112299875651
90084369329
-89875353726
165380381674
-161331575635
73331287290
-38319012197
-243967049672
-139276095153
80217740890
65661278860
85964715957
120943932511
-2541923740
99839378493
12675972216
-239685186306
-126680329912
-172535379203
157073180840
-74098410352
31034687428
128237004499
-192652046590
-250721548269
1089751146
-219737218910
-247217446677
12674470222
182838265372
-236877088375
-16190894900
-145736997997
-115543710337
25354215413
-116270427043
-77225019585
-132884886820
218794472452
83659325732
164844081978
-164467775429
-109246903891
-7628681945
46532443813
182278444785
138929804530
-110316143041
-88449884542
127028411957
104809503658
-13131085994
111419335578
26045611722
-17529916280
-267690531595
-81164869160
-164396999999
-85768572304
-139209024477
-19112205672
-133274743150
-208585062699
38066766117
-110719281084
-59246308897
-22903191684
206416816405
-113550992072
42830290638
-76678897825
-236695772554
-20266190663
-202301628569
-21446525330
-136441278413
161552343569
60270730723
-60461680436
-2038963741
84022488932
-156833148054
-76163772424
-143077416971
49458529300
-38731209659
26090252640
175091624152
30928679714
-115962015901
-116032647139
-266184175769
-205384070163
-87719640162
-123362384391
50354475687
1370538808
-256784615793
128180114201
94741422280
159096662511
48508296318
-141054282898
-79647488244
-111718905635
87872904083
-82518301080
-116528805923
110848461716
163163987991
6997186830
35900638438
93677192209
-243479548405
-32879411959
-55198178118
143970146821
-6311164419
78706584742
-117835603748
220363643723
159311405987
-276478260189
16311317419
90620965566
-80249119805
-99948471866
178492687997
-97906357354
86661565546
-57991002171
-92350823811
-129921389421
76354478366
133277841001
22753734687
10874696536
1086754853
-207140647476
-225835136709
64523855869
157189226438
-23434439689
102687690917
10608372923
-95524137307
57135214310
-215734726119
-81148831212
-146440866554
-135850746849
58987424265
-230243402175
-35066310995
146645822380
-54025193662
171636475557
50639970007
44253738576
41124054086
-33060999645
91937985119
-7841215508
32877595165
106167341375
-44528656960
-257178425974
42620328147
89883791054
-232376734714
-50700887456
-218776300475
44448496395
22760897089
37360394719
92002485523
-219581659307
41083905076
19288318998
3267187214
-22932736750
-114336564831
-128932246704
-180052105827
8160305319
-111171540782
-246942668467
47378572661
95373156198
171114726882
-207582842705
-239041285690
-122022501839
-105970815478
-29410719262
85447807632
-119574258797
13136218449
-157488842810
14077567801
-340449399335
128153674395
49732989873
-15375003002
-89268610880
-24980951715
-77859685286
-88745814252
-35179480793
-2266265139
-313690846715
-33880274507
-78414002206
150644886400
26972698900
198219601511
-81996367483
-75426218811
75684505092
-144460174827
82115573882
-61203421269
168439588163
-362002766008
-148328212490
-108132234480
-248383821439
-117432163871
13080492462
-90302025756
-10132562433
-31287153718
-36386088703
38400675757
-111843589212
23768433834
-9401502238
-190220357256
23067254797
22958361388
36708286360
-13170643162
-44233900889
84428772377
170317512894
-152491597555
37073888464
135429730919
-61575850583
-123581035595
-131420016973
-141786369952
-50736589433
-100826926018
78487381793
-135227817618
-85169570011
58638181344
-216442916421
140433569859
-120499691008
-127592594452
-89525457491
-249410964224
26697679835
131000082845
124403499574
22347268339
118061005844
-242835634690
-96744920845
82325115908
-159023375637
-109368323014
154665347255
-13889180160
-147401593466
18331239589
-185868244480
-90151331176
38515382742
20512245573
60199645586
163474800065
-103932256802
6857749410
18550186162
-141538414716
-37986231923
76649022
-31561647360
-108267392387
-110085982868
64194595171
46779082708
-3791970083
175431684531
97726392369
32976973515
-59002449427
10022111688
-306032251445
79629572887
-112431808719
144882903336
49160312712
13047291322
86661076552
-189653024527
-157497153383
24263752822
168894186006
-49560915482
-72102491052
162178399665
-120341865842
180561624699
-187981157570
-177424032906
-33490230382
71097705784
2493362525
-173359562960
-145677346404
89754862121
52444747022
-75677928214
-91646430464
-32467401868
180552816334
149933724958
-78447181346
133401845070
53317255540
-64679749017
118989019704
-61676793752
-140190389963
-235879473205
57118073086
-131507050027
18940272454
-115549128269
151013759047
145777176813
124206771287
93687215592
-52730545259
-68590749691
193962917473
-69657431682
163050434375
205713938141
-81202155183
-17139137896
-75291262355
-205545416926
17629656090
119199899515
-284566431225
26746458476
-251471203561
175397293994
127201659434
-249141169823
37964262704
-209817795739
-52657178757
-69504515451
15996182710
-143825881300
154790454217
-148094886280
-19544096348
-38581587906
83367150251
157840859682
-182258679751
41391604752
192209954800
-162230573294
124743727878
-42292140167
-102488377439
150375819755
131348282709
-62040856981
131175774153
-27746609743
-44710718826
217533851715
18157071656
-63028108109
-89085427884
151160911686
-18527938698
99815393075
-88839895716
5484201095
115563099531
88658425343
-27952760227
-120557716425
-158745866558
-48468032982
-87427922413
44210731667
121875132263
187192440120
166650256574
59851043764
117726725398
-152738105018
78372497028
18319785184
-14891325310
150158439457
-117744948085
54727575629
-256017968095
93439498007
-11155497803
-250844373115
28103496561
-188333246593
-105542365593
-82218326231
106111228942
-52808090948
-240889342578
-257768634229
-284125829384
-111114788906
21425904362
-27959200637
54023952612
-55495592937
30660570190
127247550522
-147718923344
-74090522726
-1243352330
-9847105814
-75275248360
-68302142494
-101885519953
-69599352529
79205411602
-174838362743
12317931977
55266448060
-64158448137
-62325002480
-123108105202
71177291423
-169143707
25607473254
-233357175769
39962955959
69442729053
52194136557
-260094523797
109514280781
32883957855
-250988569934
49151458663
39060669256
13398817052
-158233811112
53762984285
-98922432590
5300572290
68759186226
51271995567
88337366137
-248659972382
67981232919
9692627652
198008896237
35196637278
-59381529556
163132805388
-148608762871
-68373459081
-55165623518
-99683979500
8840144351
-37171103393
-62195136213
-78800294632
-20056175167
-202876601351
-169833167790
-244214184391
75314930822
-2523315604
-216554685841
100833538385
-63417380344
71362338176
20652488636
-98898155337
9411606346
-97158012760
142146069935
-28318729945
-266305777379
-196010388626
-213561047277
106848669516
-2438495213
-2329454774
-58238899938
23823005577
-185809697284
161710903999
-43371727043
-84249701359
-54628157609
-96197158416
-159654568278
-264083207300
-23880602688
-119130118322
-235878054345
201982241818
68287987157
139729384474
1347975316
-92425658809
43337871357
162393181767
-151764128028
14551054335
-160693424292
209278359930
-220861806009
-155372562783
73082337150
49120317232
-84849588272
91200686464
205885694793
92155844859
142350141013
83903630394
-89624309307
130908539324
-43607755226
65872710891
170109246140
-88244227250
-242278704793
140906664016
-168460678521
-231780287265
-262806298668
38765824821
117343394485
102123867666
21369599892
192714339223
-139108055496
77285305695
111085863740
-86105724437
-31342608335
-39945847055
-2459095739
-144967164696
55490879522
160499318644
15029854676
-108821499877
-204382469075
67438068903
112377883825
-136310790874
49045399837
34361572038
68031258192
-6606467353
101440754235
118486603597
57698728242
152290513621
-69544850677
-111935704443
-1015598684
-61299581033
18086034914
50719826050
-64584998949
127440716827
-81801592693
-111180731614
-259445910458
-147262333394
-59098836925
111077987798
-162123790386
-54992563154
-22169129523
88904506073
-3897218595
-285479543149
53502775100
158094031385
-138983282176
212141378769
-192352521199
170970320687
-80633437734
65197643419
-208506904310
-78348470715
-62735484804
-229220446316
-94024886529
-79913535882
34012764610
-82904702099
-42364453396
63669606136
73875587951
-33437541040
67522733385
-190852851918
39049252250
-170288291618
-58293419993
-35905673524
-109100249691
73365435808
-300925979709
-302733095906
157365822180
43747638050
-335987340974
39376750518
23857014756
53467081864
-67472507440
-66515274097
12440650015
-94232001486
-207038103855
-74231375269
38413023402
-12895522935
-121998458206
-179422626779
-20147147757
-374723840370
-103726453949
106713467396
-51047395448
-96219102531
-168227945056
174040105243
14627373959
175940448465
19162840544
21121416524
60489569708
-133218354513
62590602986
-111296369942
-67165802909
-121455922259
30383458907
-110151358022
53934525121
71469502939
-139065144650
-128532200487
141770568920
-8568851477
148371409601
-237322287637
219486396488
-275684217078
-214544719188
191930266189
-111107974557
-77993267396
163701977164
-237055821845
205911425938
-69406595927
169817261701
-128350535726
-146102471805
-19722642801
-21666074165
-59688463265
-22799349127
139477484658
-259256554631
-29608843825
170836469131
41810872534
-267212008109
165119243017
-249107884446
-94944663908
34728801436
-279652247035
-245113500408
12632789347
-109843040784
-54788111781
-264710742367
66756364895
63312793492
163977157501
228592188386
-158209841531
69917354572
-124273979566
-9981189271
69958134978
1309476896
197255509721
-230527482169
16330648922
53600806365
-87705038085
-82022774556
-159389894828
-122477957877
-100297452950
9223425187
33600778575
31899175822
-5735638445
-3633274061
-12991994729
222512076283
172192922377
-104309888998
192777085841
48371660063
-76223398458
-90559087240
-101846187901
-44000304149
45585036494
-92834332661
2714974667
55974803998
-74235758655
139703835931
60275619944
-218040910703
-43314714491
-92924517741
-220589200391
79746692674
-48817541832
142725541324
60516814719
13119914867
-62780894969
-102435921814
143405108183
56720481977
161382293097
-270598489281
-32495101170
-180304181502
-31702234991
70718574438
23693727177
170677039970
18690238106
40903640922
72900482164
-134206699033
-151293788118
-87676975887
56313957733
47645439691
125586305464
-102464439614
82924502820
153006972549
-82814600414
-109060292984
68939856173
-164737149916
199819778795
82585547758
136640298216
-56906756911
46713506471
21286269810
225173185436
-89539910567
-216839997252
-99088918944
77241433631
94217293928
-104992352673
-161711345429
-206749046554
-134596207090
-205886609030
83352620357
-200634887009
59422737424
72309737538
38986410384
17248335308
154692634528
70938142565
-32521575927
-213292410937
69533292322
100878005531
-115855433153
88278459606
-121934094601
216947395289
-24205347920
32344416948
-127568062694
26742193839
69979626459
68182197711
-63632024524
-83261524827
-25896750327
-263103307465
132087420360
-206522324587
94378601827
-136613833061
-20677030053
108963559767
104663869348
82080430907
-22971673701
-15536655911
-296754512351
-24615053575
67343891866
26909749733
7758893120
36447054254
-84163054127
29947557011
-11397905360
118031748549
19875323512
187995822209
-202227812955
-220936489811
-92018094445
158418700097
33381259439
-134750883129
73797623771
25755602635
6631492281
-120602465797
-381779005535
-204412959363
3166051807
47716294806
-213174823262
124898777788
101104345914
-83783375497
16718506956
33620251704
-22107001036
-108838542188
172907942088
105544964118
214561389085
94509108678
-17894948465
45126632313
58380401672
51177176075
-87075511528
-136694946343
-26762911808
4221425477
-244495219575
-80016063619
-14059695426
-60207350817
74431355289
85870975513
-15746479886
59152167992
-128834932111
-5122915816
-122258785649
-172245416916
78576280453
-137739201870
-80762646890
49369004973
-75552086964
88196762154
-85483682475
-169019573550
-79161322017
-118315844649
132850030845
148606368605
-138198377833
10118782585
57699207105
-115829851763
180678350892
9974417621
-259940205799
45214699150
-84151736354
-45674796754
128977421860
-160847674785
147660730427
20146689197
4343099452
34657735025
-129736077483
51371419236
32251702179
108557642416
50985283473
61181286434
-211410492979
71656088496
145881842395
-65189094397
-275749065752
-252531713696
74518366468
-75683618204
-86829953312
-207677958289
8029583912
-282229653288
-95777796049
72499475984
-36683303921
71561699180
-30685964231
138935275987
129950384291
-165862702652
-154879436243
-153391643583
33853820383
-104515326991
-275747413700
43801149555
54899670823
184343724944
-83983271590
-119840220401
124916491235
130710721002
-176124148895
-16392947531
16484474735
36390601939
171400845532
140444226862
-1834778916
-117974920992
14871038355
-112339389485
110987981751
-60827327782
-148968950641
171567901004
-11730139743
-42326200512
-255082133858
-83384720277
103763095884
-97182592233
138511735599
86460849294
-148704116165
-74549404940
67912301727
-244429568268
91368674158
38925153886
160581758893
169513979185
83698045031
-86358998610
-136840259598
64368872352
53087364053
-35044549619
-293993277291
-31762321504
-267599742470
144637109091
-110027211965
96276242957
156603346755
71416130256
-119210028837
-150417930870
-167512623682
-186072917974
-84636744589
-81801592693
23001516765
37349912574
34637827977
18426711431
-102720377995
-6727443933
-26249019349
-124146079764
-108082566686
94025508798
870099334
-22178994868
-3601268764
34925418939
-138516370777
4326418751
77412045710
-253838202069
-114670727100
147889125841
-106759621285
-206618021075
-54438821956
123365890140
20210833453
-91234704672
-59648410443
-8480013895
47410000798
134058168362
158315929557
48953239129
-60340645058
-103734283380
-164597563581
-74469276648
85632108919
-116493624833
-175988239429
-48243232777
13228249486
-262520390642
-237241363382
-15024693544
3532792581
164853990751
51556728710
-45188373624
-57372390956
102623618420
-145289142708
-93222805093
-7752144023
-316204832896
-209112653194
29479091664
63305978473
-89958363339
82370475361
-100935114275
-172825241258
-110060356858
115724912074
111942772489
49192086508
59971701449
-278177623450
17678203467
-254753172926
-186061026334
-255741832692
-45186026692
-282069094287
58412862474
-143473414391
158527776616
-170783179086
107642037204
32906927421
-141555680171
-8603953804
48310297990
58143231801
52297494352
-205646670691
-156034606501
60506930753
182005331666
109180614837
124860594269
170918173436
-82849719286
77828378557
-244243402964
-66376272949
9790205571
-355363884199
137680775084
-252201443593
128986624628
201377780917
56528512171
19737197674
132051988399
-20952623316
-252929074313
164025661860
52451172068
-180532934228
-166214245969
-53037177071
-207596991040
-383198854468
85786104526
182137700835
-117246429364
-51336963804
18063313433
-109962817345
101694324201
1423031467
74291278983
53371819897
-88952539579
91448272992
175267984273
22066639501
114924070516
72907232913
16958645193
56512165656
-40399737980
63486393639
-142642473407
-115880599999
142374779968
35440847461
-41473823655
-90619344461
-86143553572
198980694070
72390119176
4765525739
-159108176361
-13347465372
-161469835302
83936602049
196846881422
-176218559428
-185826723948
-20907411966
-828823270
185960615674
-27075913636
17878416493
-246482200590
172277677591
-71888004554
-208181683932
220435331041
-42811578684
156686752129
-103958910515
-243730895798
-10986348485
-103079150378
-108774119995
-146760535521
-175338460353
-232666164939
-267695735740
-211924254072
158195302906
-84716448272
102374575777
-71826768751
-47914048891
-78240411463
-175940010488
-210532373018
-216544604185
-45147013889
80024740363
-177338410325
-16785061141
-125979861816
-17688023976
151743334027
-49752523780
33750232381
159036862243
-4882313214
-73356681216
8084316284
-215697782534
53726677072
-65021709086
-257467936463
-47004986929
52619193410
-110602821704
-4855532057
-8498455822
-2333784188
99568948845
-127007531324
-110481121123
-182345850607
-68404810903
-128368183964
-301741540903
-28333003344
-169746810959
40726671644
22250565159
19408906674
21984588680
82241030316
127126966200
-20999407710
-40522529992
-57698741820
-208078062968
18481568783
213808664371
-11703287766
-9618976723
147795201223
68866042177
111466290030
-106638774838
-167834665732
41072783681
-97800664845
-6562254991
-33175671634
51552024818
86110280097
141189963537
30155352761
-29902695669
56991387148
136314242604
-63895893893
-144630276955
56877986839
-224159766592
102024380876
-8044483325
143120395251
-14784266892
37701651142
15923953651
-252340926524
-7386660498
-62811562628
3651631950
34298045154
-65489081736
173224415010
88977470134
-252193672953
-14001390671
41159061013
-2357532414
85275851070
20680981520
-183599355368
-56890020232
176770672677
-124044018354
49289076201
-109643031364
-132062502357
203407798198
-83746239689
-72839692190
139319408339
185261151497
143231283344
1366714922
-244575809167
167310266484
2893962926
-256294296088
-3160612793
56219041757
-145608707578
72674604345
157965872450
-37332030336
23037446251
36229617967
150283371458
-72098283886
-30373593374
-51936527014
14839124699
-66159233222
105571311526
52465145433
-239795717892
-33089941659
39755663893
-122795905295
59599931691
156535351004
-153668891937
93874122445
-101904868551
-9362909279
24418466736
24513352740
-292800697946
-127621643060
176516419163
111447822831
10824258468
15353640837
-128474090172
-148856834487
-99561257339
135206349470
-143569847285
-233584215721
-100477907162
202843207983
181270213889
174913674817
169184166878
-30561183319
48358364845
-65280332358
-98679961548
-192588241689
47325532296
42715213714
20150476339
121037876523
-215020964820
-102715122485
66777776140
-18219244564
-264521836441
54386494433
-125657776053
-133576695579
63018332276
179110178029
-140200823550
88416736922
-98301457298
139870297566
-270289833799
-11794579305
-80874668856
49339505307
-253226357383
27537012382
-1350951288
31015403139
70465987156
17850630593
-98901913229
50773030713
87014335355
-207635506813
-116842355100
59196509790
-198614527141
-82096655559
108238917438
82406882222
-1008880217
-257734851242
22169500823
67169846219
-186702435193
-107572175811
-20471654389
133299506419
-111046261540
-139638316286
-3026337462
53120208861
129133747836
6911433336
-161597081213
13930436427
-94643365158
80707375924
55250144041
-342145647455
-87861909902
-20776343667
136331190070
-57467536803
-20702183065
-219417319886
31478279997
-81889801666
90246922786
-44384999529
144762643044
148393187936
-125955188906
159781377100
-254956532175
142722475150
-164597169538
-66413735900
215099287021
17436274552
-38258149564
153955860060
-13977329304
179949433104
126935987855
-90928588061
-248623092953
-104520212878
21412923899
88661095966
59076104147
-53520532392
50627664284
45445442706
15493007558
-190409592214
13130922063
6144481451
54548831535
25904573985
-143963083253
97011669921
48698854882
-94634836675
-65274007050
-215553796893
-32096219042
8278618309
2599863767
28159642227
-112149547964
119371167989
-258923231738
-96846417822
175519517260
-158462621929
25030115952
-45231875728
-247832467011
32678769915
-66233063352
56527396155
3273229244
-224626988066
-115164673231
132956383270
-111454266355
54877196806
154373217312
172613649750
-242512080772
-21483747739
-85593045556
-130337751645
170768595498
-112567392558
-21094445347
-77362811403
8734827954
-142588164789
198006628436
84170273781
201046210837
-92749934094
22572538858
84770148642
218496218898
107796824602
59359923820
59877384695
-106467234879
171957656195
-124667200679
22541524024
-108927476391
17163089417
-204199781643
-140326647414
-112566039419
36223850982
-48649333797
169078506010
58855212077
-1015794990
-138516370777
-97275485571
160057284945
-154553055167
54116705692
-201577150455
82302736214
-88250232494
-108160453064
171776925570
149152914040
-140582568545
86943710124
93572498221
-21517390009
-166746413447
-233003481478
78643336961
-21774049349
149642151593
-230303838550
147564583962
62203958223
-166311661325
88255992906
56217482991
137970172201
-184306763654
69474671522
161519076362
-168579038743
-133595507117
21402270899
57619586742
-210161649480
127832615108
-81344816565
-127075756662
-51742946003
-167091413409
13998042713
120173889743
-190923072978
-91310465085
-149201282299
40222802563
43449629478
18182436246
19981066821
197399955261
32160615225
186993217321
32343867429
76723426075
81878773344
-6133534584
-66605818798
139703835931
167492074870
-8689732597
78972603473
165679881196
-134587599074
-173880411260
-37758485853
172059517190
68133379464
163752194631
-2338132809
70446458695
-116458961261
-126332554362
48717943194
65063515339
102945927916
-124493919758
49110249611
154086867021
-85886447189
-111191648623
-181111358473
163501051561
142881190064
79183750604
-141978796029
-6850642993
107894791330
28903992813
142682244457
40121514840
-212868437876
33630419353
-90640762268
-91099028412
61548595114
-163159542785
-41364406938
-46040882135
-88477982338
-68916814626
-249406946813
70374932431
-52000858722
2871928422
83259795242
-83492966100
-46986267418
16363971235
84104817161
-99241246377
-141102549648
211751384303
18500634273
-81146653525
170213231441
-174237433944
-106980653965
26749378190
113578389282
-46776163215
-176529292458
16944134171
20333062487
-48244689563
163938503570
85129803528
-57694875827
-176598428201
54291645658
-75435908510
105758072377
-51333537691
-102180173061
-81813809341
159782580333
-272719228653
-97624652910
-35083230862
12083049360
-136317911560
49303475453
125993529067
-9234052528
89065301276
-92565449000
-112746578663
-46061714891
-172160365372
-7524812246
-50431191320
-17743273855
51983965403
86475619886
-49355262875
61717189733
-79961100419
1156035302
-140711320678
-87466465522
23869417755
4257109584
145697436739
-138132547322
-68746008076
-260518783181
53189504296
-134506055637
-5256111210
-123863835158
-110786497729
29922485785
-40339085489
-143688527402
-56631269676
-8656522558
-249994014149
163775047705
-55651145682
28848396294
46933307813
-154249629810
-122279425651
121920322340
-78397873375
24727189741
-129101457087
-53191989943
-139938313275
104117471344
-83161186308
-5635134392
20812523782
77132356983
63826762545
-99536783982
86588172126
89310939424
16938902080
-102319036842
24306263865
64915837401
162319863319
-165273322858
-35469661697
60246829325
-77300593418
-59382023922
-112697260649
6769891038
21454288836
22282718822
139594796408
105157192850
9115854623
49202342100
68892893285
87787213668
142579631003
110732098188
-50188187035
-39574167033
161128158705
-53137347449
-75438791444
188846495405
-123483042966
-87835278706
-46846700944
113047978268
59941254594
33321019011
-244317233449
59024947116
136994929443
-147222174060
-224291756111
-139593145059
63185558560
163892701037
1668267825
-114158998875
-14938122789
-249874586381
28617813940
-79895737843
-51057570629
-252877690777
187798243548
49696294486
187592197583
-68629924086
151400911952
21018080834
51735432951
212154466953
5792384888
77496382302
43938201158
-83793043976
27295267548
79823799278
-302348316463
61169884695
19210866109
55923742252
199663680453
20890366392
-121549070043
-64114246373
67271221334
-85013844696
174761070646
-51536272790
-6826035731
141595940130
-161231751109
-154341919128
166143116106
69154263880
-254567460670
-19445713793
132453778075
84666237727
-10687018462
56216041851
-228990566903
-291541811376
-74794564749
-191680865290
-45813255840
86795470911
-152664207508
164159311196
-90385278769
-93527066595
200183416632
43657827471
126052069446
-111299485909
-66735259514
6766476362
-59465771073
20583845659
-967304336
25968518103
7579556665
72220166575
-58900128446
-38227293823
-88401099416
-3717077128
145385307622
109804216762
18720995912
-258726233217
6573588117
129025777677
-60200802952
-171364544672
-148916834510
120850281254
-87367847756
-63646466082
42982585084
79135132599
52006887022
-108231342398
-59269325363
-215643584123
16533971335
-23395124533
-59022693950
-72827767467
58149206455
-95647439281
76667794363
9597762496
-79664980386
-145987727190
71893335812
126421979175
-219965851281
-193600322875
-96300478022
74651381642
-84119332995
14596895180
537229069
-168801511693
-163803233082
102111466069
-59819273768
-142690707842
-171752928978
-81647932098
-47090249073
-15525107209
25067059069
-171159565292
54876962985
-255205130279
-251154643904
140798878334
45503982146
131751425498
35180073618
64440384203
52498563381
-88974904150
93774913678
-50727711719
-63155833896
-118264802982
69829403693
28802050546
-14501922737
103180713113
-133219179696
-77564725465
56637428294
-148658814134
43508882401
49268229913
-97944929250
53169611847
20806101035
-123747675020
137885483190
-212730514317
-123842334089
84041696745
218563266073
-282523873387
30811279210
56354906682
16801496073
11851387111
-9970939054
-250041946133
-122926053712
-91943244313
-3918699509
6272835459
70217769392
-266215862439
19240809309
-130789649510
162777048807
174885452021
210902119947
-73260523008
-291720928489
33085090360
14642309048
-3761147917
-217653380498
-8795355602
93796675868
52986967230
72267146010
184363826551
65315945459
178496049065
-28184459188
-126076658245
22993669627
5773713439
88078046307
-77003345167
33630419353
-196934020808
76598092795
42080284842
64406895317
-173068229874
-121223673261
-3630682557
-262503184249
46681747864
-9419412280
-172402089573
30944421031
20061917647
-178156574005
22164537975
373767718
69150404245
84723018940
79462532828
-75176177159
75520136079
-117430399592
18658604773
-56898922620
-31376687466
-221486754318
231579193256
-226085152680
-102067741869
108736340909
158740574228
-5699111792
7199506409
-78334042738
-171201697825
91789824489
-90709122782
168496580827
-85562355831
55134714912
146137434866
77156712130
-45922486599
-173839195596
-223428592940
65614876404
-84805393233
-67376622208
45393510988
95193392420
-55077258012
17685289735
36062377488
59062967202
-165090136406
117987935966
-205539634313
-39745754564
-82636660951
43635232539
-83057815580
-91739507572
122710814460
60090637507
13253715941
39396958729
57784093644
-77238228393
-307985634829
-1610863321
76146907063
3965441186
-170025119655
27743689849
37961026716
-15376691629
52253077855
95709071487
12410951110
-52435084406
-86985192341
-17997897316
160985314212
201481638820
142181567247
28184758000
-77677766643
4232898458
-113420316351
-149599087581
-168386645628
-16524030641
-92794183676
-44992835005
89566723192
88558339948
71888391053
67391683947
-224225483399
-105055207449
54187104732
64811400521
60898414053
-4845435645
-139907559084
178306473302
25184747509
15502229433
192854010722
124289986158
-90307972124
-38677158537
134471244353
-140604708669
52147945044
-176880302736
174040596110
46377559181
-81428775293
194221381902
-146490186517
-51927682236
-167676471242
157818134246
168627891411
34592848371
-65509716128
-284513597863
180686540457
-183119580438
-1385374332
4285064813
-149979752036
53311917574
-123330487556
130744676865
-134148333688
128265597126
2616089637
-43478456039
171676900375
93930739418
33452838976
-20003748579
-132378716576
34581489521
38522859867
-101781012923
78954170192
-45522457290
81438124795
74294524807
-45958789880
-24779941939
-93714934421
-141665884682
24567689057
-21133230871
-226849497748
43749337964
-18644462779
102060800352
-132464567423
-350635582869
-80528363388
-25714267223
-90718316591
83250777006
-81148296770
27447333287
211431118159
-17427890231
-18049428035
-166925783150
-178114489260
129954930617
167285584311
-47062263450
-64548505986
25994369605
161299188772
-152590825109
110278624706
-249223497757
135753308380
46486128552
-12857933185
19244490316
48450819390
-64908572437
-47248237582
22869596741
-171910683869
85937745557
150356988022
-11576108759
12649549153
-127269571562
-105270777157
-110567077481
44103575352
-79397628036
-234635899173
76090556736
72867310122
59064415851
-131058558040
32047442931
-100225862679
154245404007
97316955004
-33753458111
158725840777
-18835366997
-99186701249
-79631318739
83555701595
36780186003
27290334310
-2032353197
-189581040400
15156103148
19529290756
79907966475
-132463307316
223343782041
196419948613
123200199286
73499205373
-192365758204
65842928368
-8820027189
177074232497
153735145681
-226158717864
130480514337
-220717077622
168407664573
169624564794
-77470527709
7998826259
-117491839623
-36451758955
-146740524607
-41697881344
83744588454
64039312369
51331289576
-210278880830
65107271078
16352344503
60593986833
-104477047150
-152044436151
-53550967655
87498392591
-85223475991
162810004688
157746225981
66265099893
-85197717309
-39643237900
57182299722
-48046637725
-63020552624
24263142975
75541215677
-138770111837
-93234698493
-181480825931
-49724510334
-46025056264
67689150122
-134413673222
-177689285353
-285704274527
51095832319
-286436003337
-8135901518
-18650974647
-124451889722
21234212879
-14963301973
152687736512
109630453714
84684602078
14173922347
-152937672748
80233763519
13082712801
-215073737697
144126446979
-50373775314
49714204706
-114615155851
102234703358
201566063659
217237362604
-172473687798
173889793215
-118777481259
133566952106
-384481556853
-104863053714
12432280739
23564629750
-8174136034
172307009824
-100919365879
81368116456
211798855078
159876485314
-69364204241
-237439999778
23348364681
21367864669
76548866900
-4317678785
169235279154
143297827174
-71152450405
152105824441
-87314296684
-22018455510
116071806067
165661389788
33334357345
47439369455
-4250723152
-169468749557
-255352400952
43151303925
66312987127
21029653800
-115677711386
-55466885357
-77872451181
-6679615719
-782086250
165196633476
142784308770
150411437790
-119304082030
-209243148219
73316504648
-185924139484
142468492684
-217784058229
21053393379
-2953472857
47943470508
57072868488
-236664422188
-38437057271
73065161446
24242598365
-103001994092
-262034987557
-229835452799
-147419776972
79269924265
-168226810086
-100397229281
-83071441140
147588907623
51337097538
-124965697126
-123605987383
62952769628
66667837654
-160361641565
-126002340370
124427580578
82064726005
57172855371
-156547395171
-247655663415
23053024256
37172226245
-188750469525
-47434065834
26268144385
115240081303
165787993414
-64758603742
95001407593
-95794568701
-11619517961
-51977919864
-170941290568
126243171505
-76370998214
-9390743813
128345533959
-186878337074
36764135589
-28918204717
174264368712
31970428933
61980237657
80640652991
-95914525563
222344005892
156967249747
-228451032020
-48860263940
-313575513654
-122469483765
105512704686
-43863269082
-201359902079
-28835113442
120192063070
-125761403065
-91431791469
-128170949860
-93583621523
128868674863
-64738335863
-113264414223
-64959063540
-220719109410
31936743260
-220434789961
49768206696
-48958109232
-36821577815
-83803289974
57342258063
228491932937
14057905551
-157492595619
-38579363761
-101187485488
91726380671
168877194015
-6236331465
-54469103904
149592696085
50804932856
104350099166
-48220666554
154437578088
-4257003421
-8453733246
69213702640
-90816316880
116407080586
-136263314538
-144542207891
45813486438
165149398453
167813205153
-83486172560
-79478057571
121009626091
-256960566764
-105690304112
59524954597
129130720092
-147014477154
63920362351
-8481595569
-189400552044
-71802560014
-139841768395
51279053528
-240390079403
43581059617
-108697179196
-159725833707
22046631371
-96344526904
-6087931045
15369946667
-8927867012
48626831192
-78629219217
-127242582969
-83294717460
66483209788
81469649971
-162374720338
-160513129821
-89510013829
5328472999
140297995195
-8956829551
8618831034
23850585451
-46826468024
87775900525
-259459830859
90407674763
52670308320
132368741710
-18448909760
-29438325045
9799003013
-330292943
-182810443427
42012160467
61796289973
205418744126
-142548229528
70724704864
72259097720
-92708798504
27591358736
103535153661
48874892148
-9260344084
-150236509034
8573892545
723752455
81925144083
5198311190
-96973795140
-17668610659
-42943711914
-101779595484
-159978055009
-52214209397
11866737848
-29666196846
-44281254524
-17433854987
221586570933
57660400241
128355678178
82560476837
-236862491481
-83465844802
-95982210668
-49901013575
-92268644265
-107679788278
23340040089
20844129335
-177171314914
147556318264
-391314158374
64030449355
5450683502
40815689480
993506317
97196298120
100953497318
216648093674
55975215116
-85123248917
70135714463
-65938492003
79893241848
-29471594519
174715165166
-265848136757
-255251838691
128588823701
116619020842
-134883998310
-95063912198
-238295601800
-240938700734
76363437105
17498224043
69004180944
-156503330805
45160019553
19733009679
-60019127737
-56367816911
-25221279313
67839496934
170485314614
67178762469
-24492112849
2413434178
-219472026804
-76735861250
45113886958
-97111717004
-68944303238
44587646417
-60451912244
134002483302
-98525645664
-234468124935
-96543095610
85370381804
-144272602866
86401715904
-114525865320
19236906962
-123388490067
-76457243893
-43891119564
67205283603
-171691310842
69630562525
-71645797983
78428455007
-110935912507
79203210146
-67827117170
171517707015
67849985532
25584589703
133770079262
74447808372
19416663421
-112196977589
67859262142
-136875462187
-81385515390
10970622401
-9312180136
-33280844968
-131726912727
-38020207101
85032101713
70131554805
178700356428
-87922241378
93839256843
27133934905
-40701593567
-137009493015
18818307794
-70652720372
151086377648
-126967102282
-73254084801
205883836685
-167041750271
-79663063367
-248119790360
-25132858505
-145306632815
30287261591
98815357735
73167066250
-164922452247
-2679643334
-67254068313
133958725289
131625560398
125067144947
-108088911614
-93790212993
-327854670178
-94559635825
148772332501
-130745314380
32532015009
-202693055076
-109711105154
-132253502250
136024219373
48460827944
66763003662
38672006423
76550457201
-5804407604
164110744389
-37966401533
56217593473
-220023032856
21290911986
-183573165804
-93326374925
-224235644909
128343146342
160591043241
-249003261426
195870759084
-191259213151
-109290054123
63529358980
-3040571092
157135805724
82247481671
-15842992222
4390023716
-126974830415
4180895190
49828212397
-258643007321
168335447793
-26012821529
114270268332
-139694770502
166624920697
-198253887921
-135563075236
118647803316
58987424265
-85094457096
-92582187379
-202585898572
122730673109
189153684178
6368359060
135121376682
-5209908381
223939391123
43127818814
198592924087
-141258844332
-94020571571
123505163339
-80927845473
-5210871076
47883383926
80102390341
-232497612314
-189000180892
-78846695359
-105367884574
-112879423734
-73742388324
81150189533
38449802964
-59733685520
19489883703
-55115868124
-28420074218
76025263648
102603615539
-215449208427
37411994110
-68878411685
-231736885296
-188391226007
22875038162
87071013488
22992090953
17361060990
22593553388
-35602595121
63357014669
-85242663621
39635428998
-78921718749
214043667503
-12483424380
40771040526
112927004020
83772446443
63278128737
104710934200
-32467401868
-143872775947
115909327757
11027735795
-97978058168
-112111518245
71350321928
101715539254
195208064203
166960310680
-122140696864
-151805390503
-279668047961
162922879098
-88223990762
-242346107394
-125458188498
192718796717
-69892669932
-8263512456
-79005527829
-62096531064
-223884356141
35530622682
150232383496
-62707101937
-2530918075
-214420488012
-77736890170
28510174351
-91144873341
-58583574276
83907527260
-59918348029
36963653213
-179576355123
-219348289108
-263070576229
70354303537
69164981472
-104731298775
28195129972
-52741463575
162681280491
-41031625079
-85578173500
-140463603171
-239273646399
-262254072590
4199472029
-161216430566
75783476142
7438270974
72916319535
72436133514
177919036105
-96894398562
-8863343136
-19331926207
-6201411407
-65580721710
183342261551
113719707640
168991822567
175658286478
128792988597
57727269753
-78482266149
76965082729
128870417677
-129355168888
-95146406329
-28693231671
-233030005587
-197151056486
37103469190
24429093676
-190394906697
9328992011
65574912012
83918540601
16016352922
-6497495337
-95178046479
4879742904
67256720254
-125671219255
20126243983
-92094160809
-175097589951
76308005974
71587041880
-87450591551
177299941064
145871017417
10407626472
-116898552722
-256205019428
71083717957
22788330837
121416931298
-184679578218
74840877508
122412598893
-198053591790
-91377264055
111730452745
-97677879607
-18682909514
-62564572105
5869655632
-267425273414
155652989930
-128713251983
-128244902194
-155957678398
-123163869236
154361523413
-2177797340
177131041897
16833380211
-5448049900
-11534160212
48198354165
24298828083
-242835634690
52897062017
-157224397330
-6230106511
-129032680842
133610800571
56334044989
142015374908
158546391367
169910190352
74500137485
-121512571905
-99520489638
6175023940
66052004334
-59320849382
-249974955472
42056179948
-92987878325
151792564102
146830584537
-78397873375
-177721917129
132114241094
-255959264763
30966771723
68881941097
-79624051410
-169854288699
95505571244
-83411320670
-208743410179
-258302742939
-72964643107
161552684316
25351257002
-20405294187
75054302359
176519210327
113490278185
153815464788
161179350759
-29766056145
87424080998
-202751591502
-115569736253
-121065741986
191855867585
-219896558641
-82576693732
183454831405
-54812041806
-259244268897
135281620179
-208822938278
64658447675
-152713191888
23208223792
-109033795067
42176489554
-91899413989
206922945462
-181745187067
89063543613
-237971640284
-293223297245
-20237567127
40617894601
-188987929897
-192279242507
-135377706977
167982889956
153401867750
-15587218480
188351184971
12423667363
-150722130632
-22461356686
-88931577580
55284895393
-215973421033
194612608368
-178012508028
-109917077585
134928364534
91358395748
77782705479
-63303825130
-82939991173
148037287430
-249626613831
78553663280
94129119193
192769528136
-109977643586
-54087087852
-85573147845
79652643355
2254707232
55677002693
-82008655539
-297362876533
-12589106626
-133292831617
-93437234297
47598465678
-213751666524
-20839486187
63954984159
-55241971305
-107810265092
-95164676445
-234093058642
-101495543697
58655279853
-56617967314
56889380133
-44916029079
-215878606459
-3461422172
5149124874
-230786467930
54160134821
-99094052012
-248288135932
-248363148367
28035474023
-167126887416
71828134236
-102356209954
-127864863646
99940943749
-113397167215
47236350765
-220124115478
-281845420708
-4329090958
-41476912167
333106504
-168077657161
-191958992708
56281190680
16550109933
45388941756
-189481410783
-94461667818
-25727176238
-131212953005
-68878092136
231593039395
-215528075903
-187494251619
-236661482662
40762465130
197743978562
164163427094
27312471197
181278043262
28560428266
-82742528673
-95763102244
214885930023
170350605915
-110077833076
-27999825106
-250812995629
-160426774507
171389974778
-112099616274
40116437916
39196612313
7049104085
-88220701255
128005336885
-116187848787
19817772037
-56873933454
-148384694717
66129221635
12838696983
103729644954
80119359855
-81615734856
-218404998883
-140825577583
-109301934482
-25843360208
-272835962958
-128912332039
167702900842
54658798555
-20581678522
38735111483
154535682316
108283923966
-76633011073
-28074164864
-224477717516
3338818382
88544072521
-84722337664
-33718405453
-208169942174
17592650951
-5401278278
8935817462
-102412458977
169958445795
153306183820
-50982343772
-87269768654
152982280134
-129482637629
206649563605
-75409598344
-28886061325
29242201691
-140609690779
14790379728
-112857366125
6937045890
-27819745011
-141986993900
218606033705
-26162522204
58443662625
-89036835869
-16192007122
-47485659525
49872977767
188435531188
135024813154
51421201845
81331694118
100935645064
-119212537158
-258355865354
-140063434602
79291697594
-200002323916
-33228775556
140462179426
153660913398
-237594354313
-98918550651
43700417163
76350452697
78051282369
18884652311
-183774895146
53618002383
-54605614084
-114776342447
26569306284
-124132694465
-10529805733
-101320015281
120852206762
-110225601278
-261707165582
-190292640582
-86303891561
-107006837799
-48698060780
180797151418
156109386293
-11576108759
191837898672
154875520049
-139592577093
21360820602
-145089991769
-219176783321
51357302987
91723123613
48102757397
-134576206738
-102007907360
-27237906034
-143096552028
17500522189
-222828263844
-212939870743
30656232315
51522196499
-129301401537
-24637097935
-249243578985
-105900547000
30256449172
-244634770360
-214773534689
112211585128
68347473136
-170150060348
-162985019067
92069778824
-45744882664
-121706395493
-21434713637
-155976576316
82109449346
-24396204992
-53297037455
-103052368518
97153283731
47524055922
-25127150736
86481910761
126655642325
-87259843532
-115667581163
-476009492
213516225180
-26641611087
-233687906856
88919791989
187322290402
-62112765052
-79620121915
78202537128
-218189216943
30782067105
-261934039156
-93063928485
18554658902
-27712177842
-113395915972
202967854810
-117874785575
191973675032
65491471444
83005177045
-113917926678
-81797188377
-21560672044
-85439603374
110834812664
-40281023193
95600691104
-26448350944
-85876648537
167384874385
-233638500229
-219995620938
18137997360
20584373556
148731260844
154729319207
-70951171668
-20937724157
70794749646
81901411602
84907747321
169661732670
33962382131
71445183878
1148664263
-76820109466
-140635007291
-63308652618
-218346146260
75846389619
58489085545
-168382329070
-155037391163
-243990923931
106191142754
-218533886602
-68392204865
19396597196
-165703881951
-171071574119
-249488746435
-74058210751
149416276706
-41109242069
-192641203634
8884723271
200787719727
-10315079457
-186106679448
-58660637768
-81136280381
-55424814899
-151215040946
-112031058665
-315532856469
23687971538
113018644097
-57926599677
21955080782
-31011938913
6508125004
-21189078558
-157223358457
146223310211
35689715688
177132098226
-145986868276
92361002507
19283699079
-163884110882
194239699803
-14715681129
35495723816
-55609174957
34885678464
49955340395
52712828343
67092472652
15751979428
52734881421
-43934405045
-119392073872
231243855294
-72381662353
-92484444932
210250379835
-40748443880
51376369119
-79049643382
-20272387904
-130006882333
37823042149
179864571323
-130815838719
-113341667342
-238910476983
-159034259270
44503974765
15100543485
149074200886
-81756148402
-1598379075
17597305665
-140055158720
-6793231474
-40755633835
59809528928
-28924172219
14852951266
-39874453676
-194526823797
26018682170
78139729242
5709579225
15218941072
-221842876268
-179648403649
-236504554559
-88601731283
-146372916641
-12187914547
-253497023881
-75983459956
140962671631
67645968346
-137452985833
-123639387621
-29220244768
126412163884
-84077536152
-127374962819
-77337780523
-160230169541
-36935296359
160315874221
11831661551
13292476092
155749456647
65294782930
128733874516
6453672794
128357280678
-79734996667
-181498859585
-137069637439
71568396709
156116894769
139135817818
187092188362
-91585703275
69500769288
-13625677589
122385966272
-146858274999
148482093481
-230496584348
-8607019649
63665575833
-33146238601
-33228040830
82958162691
49868294049
-10264575790
-152503781696
163679405993
-210518498509
24751166332
-40973720536
-87303022717
7631544476
-226515122884
151838532293
147867969641
41864955585
-49854053779
-111930366822
22965604099
-6103311084
-150010145314
-256277709680
12974754710
-124222323546
17675403599
47917493678
145125443651
-211084531789
-256243780762
-175488944544
67617585965
-15696170238
-151187157126
82022672641
-180574271670
111048124450
33710495712
-48154615806
35107873993
-248746753600
26410106293
-229445571023
-1233719171
128045961223
170552425262
19813438327
24990551140
-48128247425
54313207694
27298545270
-106100569876
-15970581448
-131119114029
-3955797680
-99906574118
-21880321164
210845089979
-246071107229
-153051079718
27944461371
-77114012123
120269361071
-8758155866
7789616587
-188946438847
163441686221
-99752050602
-219066557818
107392856161
-124870883107
-98107240890
223858513440
101858570278
-32297799884
-271890779811
127337361368
210774991994
47889382212
-26623476204
-182418647271
-48544802790
154347968804
65432517224
-130801935707
36715777138
-200191958421
78726169100
12494906238
84071603340
196464580690
-263287536016
-155842425024
-137856060510
-35230684457
30751446750
17565491951
133112120100
39055212174
381533727
-14974227876
-87259793364
45825653851
97349974615
-76100847530
-108376410713
-83806313113
-106407859221
-220311791788
177264591435
177798515561
32022140359
60732526047
170616226256
-179433921721
-8389191625
6496092790
203354680424
-155377898704
196530919393
30695914318
-84132571545
-29252217913
61766462240
60680222656
-22023786319
-137981073708
165058130501
-32113091153
8195389665
158010905165
-227624577054
-239615181141
-113133195109
-270070952075
-268776417070
42995723355
139211706790
107483758716
-80654442507
-49254732499
-16083764912
193053948451
95360247510
79706838496
187905350693
175565807238
-28746652233
44911521643
-84583657686
-16571332228
-37632843145
-185727902473
-85818202600
-235014981690
167622984847
-2077179876
-212689147187
24467294606
55425725765
-182906670758
85101304305
2802480254
63746546174
128069901493
154683174552
17556854977
-7027602662
74586296343
-59654409791
32850774951
-1234094194
71482993859
105895597962
-189185441822
39284267280
-105539023137
-113449719207
58548884795
-80146757007
183368587212
24529349591
-144297694997
-80470268380
211006621369
111567408939
94181891046
-89033471035
21061722365
41506128636
206206046924
32683439229
-1528206770
-119779695917
62460445011
-220162389004
33320482798
69750987011
-4734408659
-249536711925
7979325684
-126582359175
-58202872215
-125396526720
-23908725153
-97329523175
-104398758757
78310269685
-121271230219
-60852649113
-13257956303
177706282717
-108819305549
-154313452255
-78685137546
192352556786
-210316243518
-277126043055
-95332726477
161226384794
187139753909
553418590
75017226779
65868552020
139035113455
-87699258768
17116851543
-107180011357
-185024127084
-209612523304
-101773312495
6423963149
38803402456
-123184700317
-136034624768
-189123261338
-203622957733
111637570786
32906927421
-76595998885
9739968821
70532330201
-82809665890
-26535306430
6027819172
-77222339131
73892363310
76170388971
-172594605299
7469436098
-9289888389
127001352496
-120043519817
-114928597808
230865307594
-241373621758
-15749856930
-147177740334
57028972217
-109429278460
-116817740865
31065137042
-5916285649
-165704674827
231771868419
-59344152784
159435446357
162500433764
178327144994
160941909756
146691912130
137110937213
141841089304
-182397461277
-51978257834
-30375580928
-42254006311
110603411612
-82831597927
-222083945571
-76701458224
159549839218
111669304667
-90798124978
-8758242656
-92835515116
221337244971
160875543777
-122467227390
-248752435820
62416383179
-37753045336
-260633677956
29817507566
-76439574794
-76356357483
82416714064
-140793191213
-166323263537
164151939594
55864280738
-80160431193
-36228592874
24720903315
-47786648394
-116459122502
222080753692
-26526911946
-13332313350
129911627303
-61114283004
-145220965000
133886448894
159842384450
-181766405193
-27401451926
-282371624337
53391901945
-85305715552
131550087314
-4795769139
-171764575407
30811561885
25066160110
16927847721
-107430483977
26539298569
-15006382879
-357078103439
-128945109114
7642068548
14381564458
-35790462983
-113788384253
-83775992635
53740021178
80209278374
-104405266115
-9376281129
58325923386
-104887152633
26134416691
52715583619
67252963915
-90136413119
48327611783
219525249835
154572601887
-132014712476
-4190790816
-144938005290
-252095872459
-205212272274
23007212125
-121313963166
-101796946537
-74583829961
-114053342804
-46764493771
-107448880876
-57979140193
60242447282
-23137136635
-154559501201
-83572803162
42778833171
-70219837868
-28647234890
111677794265
-218505360951
17471627949
215566441335
-42414844787
106353554550
14479458695
130327740012
-256297534545
-131569680262
61128840765
24156153287
-59941046382
27362823220
-124498580928
-82517726173
-146778709765
-25236879066
50197739562
-26779110373
-104705107092
-111928572012
-21752864939
33313650646
52982514687
143358571787
-117373388357
-30132537118
9663808873
149261164198
-67214286252
-76876254817
163325019836
125187537873
154193179644
-24139283315
-58776222322
-20359216073
184119844458
-157011436788
-246614869404
32540286689
-129892921354
15546189067
33051162488
-54072867746
67713968462
26234704875
-214742162232
33543020871
-137730753065
217160860384
112562713925
88535624930
50281163953
-81524679419
12799517288
-40659183947
-121733274199
45100310934
176284714794
-147101943156
136820205145
-1805311783
-237321420244
-27327345443
-75504330857
26903543473
-110497240997
-141555147713
-97894383416
34551168459
-209199355911
66483189534
155309897297
-75845817204
38625121372
-6936904557
80592277854
6693824551
50036974649
-204248134656
24144450741
41239564310
206585361800
-113659794389
-317201143664
-161918285836
-241034078115
-68374225729
178939089196
146908766662
166610907035
22166251186
132509390201
-24874657103
159351495877
-218752464926
-59653723203
-150004067896
85720934607
111803971572
-246378693327
-50328290558
162293954855
-177540459999
137879157231
-35786979059
-156674066228
47180653920
-8107602350
-327493108948
64079890466
-197329961222
-171098762686
22650546261
-21259589744
39932926457
-5113599428
147837823166
-114387884519
-127608029452
154387882895
-141610616151
-120238919596
-5912448103
18110962596
57811578343
-96681704288
51484244271
-179827720004
-167684708328
185901162325
64008128244
-14984808446
2085882468
-82319306287
56985180877
67825186320
146920359504
172085232075
91914118450
32346318831
163703169725
-206645651102
-81401880072
170697631446
82123162788
48711699906
126797479449
-83185163337
-108359946735
-69295269183
-197989621925
8954315644
16955234866
-246614294234
-5110718790
59360758037
89791911170
-41947842926
-98394007059
-80658229403
16260481473
-7839375294
-72237201777
-82463340617
-91980836281
-184876815808
127910663237
160263378332
-125713850633
-138466402946
-93736762713
-193002780857
2826297197
-107116373418
148769860896
195189067473
-127744030364
48547260720
74248645500
88030771769
-55989730540
72283859200
80547232011
40382323316
-259061923075
146571718926
26239874054
-206897044503
159176066407
-102713308137
6197250972
84529904090
-123352986526
34212049511
197126022788
108686112855
130094415029
48766449432
184553558858
107556225113
147188488854
-29642232780
-21654464925
142933412533
-267127540648
-133553914222
-144160290588
-78756548489
62391026601
-5493798989
-186813162077
-328432982304
11823693928
78454279729
143833916352
194284500370
142606543559
43710394153
167413549836
77928062117
142394665565
-270485722412
47406045382
-203651460881
-63550099775
91306828060
-53290151891
165170991326
-43301041970
-197793150186
-50129853746
-179568735114
118774509233
40677981555
-57411370836
-220534107147
59522953031
52355126654
137041796969
64958927930
44882843720
64939581792
-118177313261
-24338897071
63429716079
20727876839
187478988945
172192922377
84484761695
-156944979338
-45887187115
88048241629
-68807237474
35164116678
-171153072122
-86218754666
59363087483
-255825353428
-116702057862
142183640470
-204085576410
-202106429377
8069270683
169517273118
-125566142097
-79200461486
-113574075286
78924307822
-69310874104
-44860427772
-260966975061
-199298033876
-10541703371
84111028358
22609791045
33514725168
34204346319
204770348728
166301104759
198711540860
-17003142393
26074109569
-80831173422
162264375625
26315360724
67615479876
-243800531137
97803698579
-74654639524
159104133672
-77918013985
-88639570198
46323420854
-254779547987
-13300990624
12453906872
91129514532
85779086746
-248740842217
-219710840921
-128670262095
-71598026793
17370731903
139260872864
-116585134232
-121654689802
-2724810937
51855074827
25107050977
-220391627126
-95329174755
-108628691481
-13042704004
-91476479103
70196583091
-79598849857
-100218655132
-117093302224
184334418677
-81483219756
24542109324
85354313080
12553834449
68829686456
-21286603654
-108570900272
-71492121060
-251715270404
-238366819771
-137264727349
27105610891
86534969139
3925735685
-44100678178
-120998044978
-257723146107
-138124656909
116753191014
-264247935634
-176477594744
-141759490969
201249541441
-112724775434
183916238130
74076689203
48115384613
95871085617
-100396632109
70926883314
-79684675414
-238033832324
216579919995
-214093751901
-125432924435
-114774685115
-230802628007
-122284101672
-130634346367
-87357881678
-89758563017
124033007978
54224669441
12888064544
149080442316
-151167818683
-161506200439
14753242307
-62934673708
51364849579
-12376979614
146687135368
-201595413285
43397210173
14723576658
-122123449889
19062429227
2437251636
-282745061009
136757530264
102738512606
-304362965442
122592624322
43462394434
-146472956213
-115012608317
90666562747
209047023862
-175787909271
224361232216
-89200681995
120948927659
175701352571
-20425552064
67367282813
156854923233
69965764278
164243011331
163549068216
-150817035283
-217229931035
137004472266
-85059533870
2154388154
-143566695851
-157621795411
-23972294150
-68715036454
39531692648
42667677033
-233456637832
118689278217
31950019033
-73795366116
-172061343571
-46405693021
-40833287943
230618857483
179636546594
54755876505
102346049341
-220717077622
-47345561911
-201802290422
-151506277844
95082508235
-178567537716
86648674096
24756707976
-187366734053
38708477535
89886357462
-239617856929
-6110559220
127758829612
53613773750
80953594560
-107771958168
-37002686395
19157927823
86636974378
-36146580254
-152443994760
85729223406
-128134883872
150326145420
51235182138
57280768240
-32698969942
-101667998245
15187672607
-247696284537
-256198456486
-314225368999
-79841891171
57498720835
-26480680965
-5370134053
16717388560
-219709345763
-234208099115
11104312419
67980752185
54905188381
22750766838
-31417846335
-227797860187
-107413979402
-162326965059
68319842909
-76605422730
44850624923
609253110
157583398943
17130364485
-183044014342
-148297582594
21375803107
-6229071323
-231341086878
-217137980349
55687513882
69031482133
-56946814856
-85391116740
107980236045
-171040394427
73937089474
-52409458526
146351327315
172754168051
-113638692955
-50862881087
23621355087
8445233059
100587929342
53266694514
75049897027
-263279838891
-115499087695
56191126652
177010986346
-109978190671
2744864304
-117940780939
-250129143027
129983993043
-49185803758
-216606081819
12043546491
-93324828764
-93140743300
-257055665859
20547426644
114688636357
-1937328388
102138836052
66910709112
-160402770746
51180958565
-36763471841
153430430500
62223570784
-44429270881
-103630346255
137671556235
-108060079296
-139578958340
-194688879069
42114018693
-182916617205
70641832188
67091299715
-111510704083
136797349399
59382049326
-32313095666
74145274320
-136152610040
-161422571582
-108832780046
167864058337
-40064491638
-56547287862
166835364835
76746502261
-73646477565
139996723313
-41418981183
-150724576591
37720353277
-80684225623
-62495696857
-249979636510
-182863326101
-57721250314
-157666264435
-202418873507
192336607376
78869996624
-73133894681
98822622263
-90571001526
-258548078590
-57058526776
-13319409990
27264140145
164451246196
-106811875420
93387700386
-137031228588
-118777639573
-221770942136
-127544964975
-253920570869
-71882039377
47973917482
196913225165
-106042906415
163473666947
-97961733758
-3316297838
67683530006
-56424561588
-119983732424
6977367102
48639558327
136123574957
-114737584256
24526772870
-188511091734
-6622697725
-148146791112
-217068022615
-113214680937
-126487701785
-42749762660
170052152995
-18906266158
-92190282115
5404609912
-137675373864
37881558489
-38454939834
110147222073
155348577578
-159432690028
-14068321778
-288505044137
-47408271670
37564921195
35939276590
-62870320147
36815687890
-18702622674
148809479947
-259526417462
56031317534
-126362836512
90313522130
-141702650773
5490761346
78295017739
-19042028042
163299123339
57282184905
160041149116
-3641793350
-199631177179
98542643184
71073230790
22306596415
119993870058
2160792737
34801783594
-216783360328
81350919143
134315593105
-83177079686
-141912976746
70777730316
-241046826807
-17641273261
-250991576233
-210812053998
-19152860407
50905949548
225459606561
14194865229
-106459688872
-236219469777
-71673710707
-55867404754
168575784732
95605231816
-232564168499
-55370464875
199060040572
88810616287
-148314690740
-59633271672
-37428711262
-117569579834
-4744284291
198372662169
139655551308
-153435692931
41791503763
17851797870
-97586262402
17336613991
-55308332092
151443198380
190061616854
13171616926
222644252454
28366684695
-81209610143
-113760966795
-94757988005
-157883851591
108838660924
55644928406
-148591496381
109314503478
84319360073
-46779875233
54790094998
9289652591
-92968137367
-16126543821
84679621837
-184992758280
-225415424396
-24254715124
52059557480
-29545778902
-261323762201
-190771976839
37101848181
22932519481
-113821873574
-80318960538
34830307777
187760305871
-147200944951
-124482804499
-94004602560
-128990291702
-107060468897
75283064897
50153003851
2125608375
-49727682329
-37870529993
68337389488
14126994472
-133138090404
-212235512441
-26981135551
168724289352
49857968871
-97137259831
109261403694
-184595310427
-2026602732
95142376904
-261395079690
9451216352
70003159935
86685576019
-58012984386
14874415268
-132178502451
-23662135217
156606821903
-173206802776
-190892624972
-34039765450
170216937974
49158786177
-85218392276
173779860237
-76724868029
-180946179900
133858908322
-143676515392
-123912382332
-250166973764
53168783502
58484423845
-149518803958
-29636086141
83092134064
-50987525509
104809503658
-73785707721
-25191679623
169192988854
-89756342326
-43818871963
37289085467
38744470044
-68293753021
71155755435
-102567892501
145183474689
-217866776860
30879227902
-222857350428
-35546031476
134764768288
-16457423772
170402570161
101466024786
-149830444021
93201170486
-98597216736
182598474543
170097207961
37443450268
102773640562
-137727549153
-80057830670
-269356316724
-254741230670
136504369435
-166009934801
107904742530
-784769012
29682422326
-179451709082
170756520448
-219952505240
-128832889586
4837779764
168282680092
-258780907035
-99222362607
58975960264
78414997284
-221106846652
78017833719
-118369062669
148453351954
-13424531424
517252379
49682208152
60004688312
86942459957
-72960095801
-115880851579
5153201352
56767690343
22304447962
105628671040
-117995964721
-2466001934
-128938148966
69762382708
104946315951
-6553076723
-28521665102
216113511137
184715556776
135864567745
-164204409697
-42653022251
147371581075
190628758260
19307038339
119204099100
-18825126848
170961522268
50738639334
-20853032017
151092410205
-228565520417
-131883231348
-97849186264
42618924141
-263823907993
-300845547501
115532498215
1933751516
199531315977
148605778256
97870263498
-80927591211
-213004122886
72243171230
107764607732
177028841192
15746247685
-33379853095
21698771755
-172683490232
23429335399
154477971530
93858079060
22192968573
124803367543
-51107631604
-231991383550
22008980650
76521007089
-21812779948
-72024520955
-29306739191
15411520854
11062261504
140122321263
24792888136
40988675030
43102562577
49292348374
-195965390210
84964081512
-277553977413
-83474599558
-134187027227
-111740557066
106653499289
-9343920658
181211538464
31821152524
78904919917
122820844284
232279374536
123834276670
24739718661
-224132044600
-87076725867
25609398364
148932589528
40186353575
8081690015
18351605186
149074351264
-41016667507
-156268556029
111904890959
-98469454026
80197695602
41650922609
-121972879967
-43427902068
-249374488334
-163560596652
-231499760241
57367963028
134860510272
-122795905295
149308205517
-39617431633
227207234251
24724264661
-183661492710
191918383614
58509799092
83043599751
-120322240158
-96235386416
-182639276710
-72957484582
22220839216
-108297377432
-75882814344
25278269645
-145266075832
29624245915
-85970576437
-45055137514
196235784205
869559534
-90542786040
160910104651
166687895157
-120447438248
-275101224192
173744383961
-45709809354
-11946630696
-82610732127
53521763574
-53316193472
154610972522
118427093301
176273506307
29076863698
-215738252904
167255712652
-81097072804
-61377597567
41287528438
-51294754738
-37401357295
58457287099
-18452796803
-114505638255
-205088169905
-53276790661
52816944167
-16356457212
-81165392887
-233196535877
-97574227800
87131969757
17447698916
202145396470
-2318730776
-103932998412
-99883210583
-68244571575
82255828235
-84124479774
-50435452126
-145818081201
-66726357134
-263230976964
50712964048
31333313880
-92440819019
70379729487
87346795348
129134372123
153072376716
-19065334741
-14107910009
23511287940
-162042533515
20061083929
-113613288389
-101870851470
-99996419015
16426828978
83265295233
27106917809
-140868220853
134611565819
22055262507
-17716019569
19625003552
-220093721223
-56361576801
1450222934
-3236119157
61428139360
-153656124516
-72533025788
-118021073858
-76868823001
59420417321
171844483104
-115522097273
184958637835
-106029588724
20864359974
31547618451
-106329207478
-81014054877
-265767318547
28592503375
-80384635898
-143430790617
-217412787351
-156626408839
-31624466242
-17905042682
-66878446128
145955483897
-12505738949
133607751359
109998020157
-143055545489
-114917943702
-139813139392
-24200621327
37587734835
-254831839444
139947979236
-133343354518
150000883133
-29043279378
-237099052117
22725410109
138140764847
134292895320
72086437813
27521843260
-45361505629
-93525380077
57144151979
78368700929
38129513985
-80685105181
65011974474
14821740889
-10034060143
35422688003
-250419802922
-99747905060
51382045306
-11341477514
-41131067498
10767348600
22767449225
80691118342
-191055583774
-154405690814
50142121249
48320682947
13805656542
-248592834007
32877738763
121509687007
38151137919
-248119384778
-246290481770
19655100647
-209077545059
-177600818997
103235773869
-83250280978
-3294770299
-5278683702
-6601586195
67498654339
-29396360393
101032682398
-310110038456
38543561857
-190384513008
17479727584
-143061365818
24326873885
-92178766282
-103200579204
210090947284
84566834415
91603414323
42030563507
-77394214572
-255075538623
-295430537365
-155391301015
188039054010
20514504124
-85349837166
-113620386714
-256886386587
119803134598
149692967670
-139679990907
95085683611
-2450911479
-91848411779
-109532050872
29764305986
-160605192916
-98976381267
-111026085006
-87645322315
-2077854591
-225507098758
-64285506867
37387397629
-201716243247
24695400467
-103353900282
80484765277
126168674488
-230424273738
14777443879
-88013333719
156012787787
-7528302204
73837639727
-5603012218
61323855915
-15381369770
-62570110001
80083929709
55047857429
-76540465040
-70204875628
-158843041384
-140700262181
-214550714774
-96920832698
29036354367
179256201726
147756384091
108884296366
147142197195
148998331609
-8323705810
19207321929
24212957001
-129041909794
99470147265
6230168475
43746952209
109554704757
84468305353
80835473000
-155820198012
-144945928145
82797345948
-123951881352
206868184050
-1755703825
-10320088942
90931335808
183229512325
25613945582
168317161859
-111526698857
-83975001857
-137041567620
200830935926
-181833892292
-14119514488
70368321382
38810550545
128070231223
-102096340
-131918095028
43330232686
155141065893
62290508707
36061001972
-88213751947
75854129120
20326006688
-115944974999
43151303925
-37881426249
-125562421157
28489990835
99214996318
35026243160
-100459235668
-223770832231
62078506045
5402685964
-103096427113
-175739248702
-83824531035
-159444489925
231814450168
50973522848
134178351227
18184687623
123631361544
77834304327
-51323420368
-212353450562
50387306488
-261138366769
-123963254199
-33903278181
-29753724836
37238062397
-96838285766
73733829712
10449802173
-46143977689
-46503483505
57352445370
68319842909
51517441758
-118530332216
-93874313562
144313002437
-121629409895
65480607903
-218011057166
-185582553830
-50291626121
-12379341916
-164520775186
80777859583
78721336870
108886800685
-130586154862
-191377023598
-64003451751
-198879475405
164566516198
85665379843
54526888964
-80449158013
107877588991
25046317213
132690869909
-60748396840
18475848439
119758970412
-151773820782
30609964243
-134071075548
-101997618219
127182217274
141192274118
41146519280
155826678796
152894207470
57213002956
-38907184421
52611772436
-111290443820
83541666353
-178275262689
64995105305
200292991820
39687443288
-145641131864
-6749833642
-121333969801
-125073337507
68039688823
-105853935640
-74128884125
-73559255510
-56154525031
-51082734564
-3684972162
-78555602965
75100162032
-62397571144
20469852252
27378957319
-3675438998
-19091641136
-155108487313
6456812416
36513658740
65329620385
23441031850
-9747583938
7680517752
5222601297
-82088040262
83553646116
-242290258195
-145608707578
-119947813275
-241197523094
-80289358262
144432850969
-86032005053
149664404077
153278995200
4968882100
45440428582
96105740396
9486710070
-119575560330
105192211197
36083018684
-130841149473
9465718663
-21018756495
-81133733252
176877289626
-194190097450
-215336288374
4904087274
-102508893786
-99622121371
-259844952536
152004144605
127360125043
-156965539920
97427752967
220385345571
21685484040
151712829428
60325658724
127347005260
-112159607675
-54536707389
-237041905800
98589446101
37046470198
34774377709
10569008208
-40298646692
34617076531
68190172452
-31219383015
-46926955691
125932453266
-85521957128
169804487087
-137272336187
-113646006162
17732284027
-269641376815
-38317327014
-74545583520
-41630258618
-39887106455
-19094606336
-68796575928
161084389200
-9471178749
-76384338321
-49294513920
84984440298
169011694789
70664267358
-94289784733
45160797509
110682706177
23016980556
172138129766
-119405263660
125047045276
172386884745
-118265802051
7607730273
-241713688591
-77785537524
-82697229648
-84663078596
-243743436391
113208300596
105214904501
70748932428
39099112259
21488318077
176879516760
81168217706
113701174033
103262322329
-97058534953
163397137876
-242844104338
9581571000
-47061198509
-219092775126
-184141312831
-70578376044
-71068127853
-74717493663
-93658349811
191452372161
30926281136
-56811057441
-8629563725
-243602459151
-139783749459
-117974867904
-115343490395
-7222482772
-179719360422
45260755914
-147113150202
89076129558
-161426445076
63665575833
185055655034
60157996403
68743578931
-173511660630
-135593619008
74127707393
141189963537
-749880653
-73623360622
37305734400
-95550055823
21225883486
-65602967367
175163193845
-54170728994
-46540311734
35220665921
91326768080
-264133698385
-203057864842
-101681298614
202918022041
-99100692333
-70014447020
-24264013442
-63555944640
123317737470
-61525977871
152894300227
-74095130495
-63239167743
466824598
19530524282
95309893866
147840262897
-21017664541
20361646746
140549248424
-46044299476
-108126908299
66319421855
-233822801007
111678683117
-124593955998
137479682114
-133633358275
89290561922
53407817880
149129965460
-260566908756
-240051937707
-28863654569
9902991859
26708180178
74533108247
-103053385069
-27788661601
-207819327261
220046822043
92782268518
-4645802030
137362769382
-248910367333
41811872145
63958221890
-142898428634
-34553516443
229977387937
86718758360
-136669874892
17990195188
-132929000269
-9716302154
55049741241
-23400822768
91344489813
201786502575
90933864688
194145533613
28014234220
-33912326094
41564176363
-124702919580
-48075536320
-6320937539
-26472739218
14590180472
-164814639471
-274091549138
-87628262880
-67133637462
-155170154442
64208177192
-6331182154
-187313052694
-83570737543
116387834786
75645342044
-149552177932
211005452192
190317820522
96115831655
-109669603355
69760123823
172530246407
-91022109383
22335205802
195173736796
-183326822083
44497456147
-126727918985
-247516599713
-12515093047
-94353729915
150211833472
27823786771
-12668534961
25670300149
-49733965276
179978166367
-46238058967
75314930822
155816676391
219658498950
-9123431419
30331378185
44725043930
26858707407
-44650123857
-81651108915
40755475696
-170773225168
-103274073762
1635779539
14591043865
-124809156373
80034627542
82121608226
-237646904100
-118804355743
131519574667
-231477848984
36038561479
-609003628
-215689079868
-212447403521
30969396313
-212010716341
-30010981772
-121180369146
17447178240
29535063641
106830318935
-113566313219
97974855462
73816678567
87019177245
-94460829747
-249135490114
-141837306448
65483439389
-272114649256
-253400047018
31388894496
-104725271583
67852493534
-113392263548
172357882218
-225071808129
-86810368721
170958257845
159796773190
-92411245915
-210799895533
-207329628578
-174048407994
-127356012980
-81269783701
52684377436
-52051910414
20707674877
53491434320
144375145829
155017852766
5367412209
74846185822
157485146162
77277218759
76111685479
-95203274245
111872225908
-43465759410
-100861069242
88887430443
-75687889317
-117024327006
43680289336
72465509838
-67533547206
-289863111829
-62762411082
105265777848
13144424219
1719089657
157308254941
-226406830244
107405725594
-52148843699
-37759943476
-127052313097
-74510533935
-250709200152
-12564765734
-113969119595
168422346497
-248214891706
-221025885766
69771309906
39772835682
-123932245260
-106217145799
14890924875
-117181617820
17838580237
-17129243910
-220580140583
182492622492
24612048700
-109301934482
153418841735
67384606149
-4709643231
54982916730
51934247412
-130349245598
-171869744367
-86020901735
-82142797512
132631875306
-52639576150
24347436475
28358879412
-173248999755
-115902308773
-19263248791
77726809838
-68740961666
216034155574
-324639024125
77894802340
-80455306232
-121288549611
-17998474280
-14962681822
48591590861
-119478641608
177373938240
-195679479352
68371918701
41058526134
-103511589730
157989885895
-230968380058
8316888261
44850624923
-140265482868
62274151674
-1799609743
14371583697
155283282994
74152162304
-23427496973
-647651701
81668616182
-203043030818
-103196475359
-6317995375
-19877683810
-105786983176
-316066003211
-212532589169
-150008045633
-84881637745
-92395980101
54831044170
-267034772451
-116862037356
-21968070075
72491729385
-123368403503
-231749897784
-35193196549
73979338022
33091358916
144189389208
-75805174723
-5115692662
23446192185
132191567459
-158718958727
59080151170
-149251125640
59889995248
33219129229
189672023892
-71117109608
-124597174460
-129448019390
-95027226389
-13334813439
50355541456
87793930240
-154420108642
186940567538
-322224522128
146249454187
-186462234941
-155953519245
-196809862781
-107065944191
175406276020
-133923017536
-226394630969
83383333877
20268340929
3805527772
-219632822771
-32756225474
88973257555
-89858038956
-90637594290
34849483841
-41615408173
32429235004
-18207223276
-67571697831
128570123902
-14314410711
-51280039983
-135677122381
64177506936
62181542269
108937067787
3808050366
-95206998888
-53611518366
164516759052
-63812624762
-55471736260
-158904922340
-168190633313
138543413649
-181970082272
-91891949431
68828762587
-976898462
39305881615
-104356149008
-38417012272
-88530608379
3367718728
-8016665212
168923943912
66810198553
13383611857
-128740123281
-66906314869
157683795104
-104166844894
-86719196508
19213322624
-56905801695
14177542288
-77341051270
107660999619
-54819882529
119831664710
187029149291
30931491074
74329879379
187129077640
-203906595475
54405347258
4726382917
92718440724
-122735918855
74522730795
191665121633
222321539007
-198667807355
107378598235
47584702482
50172736149
-78878839499
167624641182
-83568348888
13510361869
-254091222441
-131909777783
-113242127772
-306627775844
-231969850400
149418206141
36824169871
-40424087079
-220763637898
64798559797
-137980793878
76988888680
-131918554454
82748568494
5422643878
119378289565
194142569479
-77805015168
-238937443465
86847854155
-61861667461
-19624259711
-33947977430
59450673849
107613822276
73459210875
-66225057
-7078604396
-235096068144
59572977741
74326407027
-246174213226
165195605509
171968717244
140298505449
19766910633
78805272557
-35328630900
50430068551
52832483524
98557073298
1727444032
37752074653
92825209041
79293396900
-242996812944
-95773211477
-80488197413
-143876370509
138663520768
26768740814
41636126196
-148823551737
-162823700862
-71092294148
-79079078742
2050096305
-74702249752
17900648431
-51278369303
-238841706402
-64029942013
-15668949102
-219304409142
-233037488315
87331390509
-236821778525
-281257574259
-54078693920
172545729597
2618682242
-179037924188
-148341391802
-74557585779
-276976603809
-206072389878
-115726181128
-4860348336
-211110983507
-10536528298
36988203070
54827359075
-96752540795
-156199511694
124205672809
-104835007903
-120052036149
-102365780768
612246699
110742996
217816554052
3688340440
100153908610
-151877014489
86416651308
-182323388915
-76425084278
-36820609505
142404231158
117914941600
168208437468
-39738818990
22220394471
-15419420254
21631406864
-44651999855
134379242837
14196951308
-136177059930
38066766117
-54122482166
18303570391
204704749354
158100272632
73538159018
-250265077166
158522960393
47165523521
75566793485
-147049564084
79848318660
78763862237
-121133804020
-219616463953
1883697470
162967219022
-75203691917
205770508980
-86618571351
41504810087
63973015113
79581311238
114688636357
80269467342
53015860817
-48363176437
42671630337
-99784477687
-185522035001
39915321843
-191041170212
-256122668622
39307420653
-183515251172
-9733629724
-247857377915
40972125502
-82679242811
-147857695314
144705957759
-104005762850
-90436010444
-215553556481
-28274020851
-92782572557
56047197470
46085398766
-63076503982
-17224385246
-261667912255
-310541663978
-341360372779
11597872904
173711672018
20922518010
324217170
-18541458968
29551797365
158902577413
-268081070109
19065973026
-201958628307
-44386076023
-141475098563
-87967534229
36161649576
40499635555
-230626522263
-98873278163
100284907226
-48587889651
36157734824
28585518921
871853032
-244476061952
55194161595
107984108302
-289561051866
107533688036
356459848
192559625343
-117085192720
-17707998121
-166671680538
-93175697879
3432483289
-16098646181
38752840033
151443198380
-50057319166
-202066545911
105659475352
59710197752
-220557236518
60036660060
40529323685
-92612006008
-152504180955
10168011535
-81019818740
-233804749893
54404581202
148178645633
29371683645
-70692649831
81937702934
-48638633687
-161459659138
213218272849
55488499570
121542441757
173270924506
-119790187365
-61207339837
151430731491
179385975791
-291185086146
-248851719330
152165311130
-4464235231
-119448117469
-201748683392
-62714498345
-229385366101
-20880447611
-232878797367
61664908180
136839059710
168351486074
51076637440
-102642455248
-17417222300
-51984325181
-112326464361
-79678047677
-300643219193
-16775082705
54828921054
-12511626388
-90752990257
-9585734449
-60684749367
-254052713679
38866530082
-153111875638
-227170255092
-6958010824
-124852095068
138148606128
51377910286
-136052102800
189707912227
-81424109237
17487995287
-121305761728
156183546314
-280485749450
-128708514513
207221383495
76339634066
160800692850
28149844795
-238896761872
-109817612851
100777014401
-170457048071
32383289066
-34613726197
-265686523246
-140657722869
-84658118085
-78420155934
-89272109592
31254207275
110674749355
110808423675
46908725947
-25145820954
-31461717989
62830969132
-11897429619
-175275417701
-196426045751
-330632319941
-175260753381
130137076877
32714948282
42634024396
87609082495
-85772548384
-70772221022
190585481199
173754094551
-253041913963
3463887521
87882741236
21923058846
100637722076
75353722547
985253661
-126226676837
53843397120
-66797730380
-111510704083
83128003783
19209414635
67389363372
51843443602
183000481763
-2193201756
-145527492431
13018357530
-103815023770
22797352546
-254730869409
52270258884
-58504160401
153537815193
-9502246457
25284774137
6757704353
-117156262808
83865651023
-118973058870
181812991432
372199949
19379328168
61155400094
67916439371
-91389548828
-150765380168
38456633727
173953314106
-14500332499
43640417397
30050356744
-17878989185
1926921359
12142091546
161608043677
-111171651847
46717596881
-98751713947
-123630588468
-29162771444
-182967416667
-115973439908
-29142602494
-78563595267
-147185524153
-97968116070
79380178366
131399176079
-264296163217
47327346615
-216655653371
-82939205983
202211569497
69121858387
20010607795
-225070419084
168091497444
76738957044
125206530438
-86808765197
-85502640529
-145683204499
187729052369
-175247907557
145268315284
-102960079582
-20887647001
-49444091280
-49167730000
144102423038
-75907632414
-47420644381
-219056299923
-75160401218
231215362950
80954799947
-6346810910
-73511768493
153328853356
78919930690
114003748558
-96509806608
-27655796368
5951953723
61703582881
-18645087875
176939230101
-125401825080
80179897994
65083697670
172349025982
-305603074002
18975609844
42936563981
-161240927365
-241700540015
-5021179952
-182638903517
-78956991034
206577188883
150812191073
-148317047626
56688441199
-59399235163
-250481089496
-127778445860
19526309058
-93027853962
-33546191634
-10602754931
-92027796786
-137018613860
-162531707533
17759979315
-151002753617
-75707184104
133002054797
95507290832
-7272704537
-120970474190
112192143842
-234617100589
22579828957
168616252253
191107944323
158610198387
-144595106576
-71701188601
8798384849
64105292235
125941201884
21653796323
21829317685
-212725872765
-139684406403
-27059928521
-79806948577
16348888580
-183417154991
78476451488
-102237529559
10096236795
-114401813492
-192545202001
59916650092
-214755590966
-69251401148
-12065433656
32798357872
54710947179
38773348295
20287022585
-221830502804
16992719083
-305902513015
55487808168
31784724326
84194302762
-233893158982
-141458671819
37209491766
-46598088888
-102078714049
-139425815912
68231948883
25016681690
160057186367
30534662757
-200122645550
141035823338
105316649623
96961162024
37311102656
-79438798602
169117989439
94113432304
86127182587
-89241790634
115524198024
-143486543681
-83201855664
-231311557313
106233546781
-276493314082
179796180977
62626836939
55191428757
-150453200481
-119904066952
-50798306820
-211915489926
-85977288174
14813923207
-27969125196
-79896420986
-32999182655
146595463721
-88428870715
-220654841338
-235247977346
99103486739
131565166986
-167447753365
-148608272315
-201814029334
-48800266896
-51849120804
125283506042
-12207764076
129908537065
20194602823
12203316915
3331021047
92877777242
-189782874131
-88341286184
82181966626
-108370275471
8147300152
-61630641130
69721426373
-148604463538
161407874392
135073775027
-93798254199
-51834326965
130525025362
-105044665066
-252404507032
-99906055917
-101827394860
-8550221378
-81043883721
-179544583933
-123491704800
-196957677592
-56403285232
79083386549
51824317488
200292991820
-33668085214
-97719739873
51552024818
-195533192528
-82877683832
-196477696364
-4228555150
146234225982
157255469491
22278772194
-100593135577
181480768670
77265145376
-293663712212
-55851859344
5731830130
-92268244765
35557649013
-270713216265
-136452235708
19153748463
-221071012851
-24052175688
18998937510
-114880625631
58011037595
67198781935
-115284552682
10818075379
203194030826
-109489522507
-270070952075
140310903660
4681710851
-161223621439
142135146705
-49180549141
-98639951565
114902529644
-96250202955
-131447527956
-76012043378
52370156097
-75679600386
70425018145
-111025236635
69023695176
-245972523659
-129228079235
-372871353559
-227577766155
-232343490671
424260363
-261198730585
-113480452167
-81475447801
-147035510089
169802016983
179230917577
26602368824
-85888459041
174444022758
-70394628939
-239175620109
216072309004
-127696672226
-178837867885
-155762027873
-193039778569
11893502706
-41181541429
13314246525
-35653850612
-66946392678
-236399661694
53270875717
20439163468
23614783497
-137736943794
-8295177594
-194707604548
75043769053
-28407340521
82716031923
32354512569
68217951122
-156672064612
98554241079
17927767306
119260848988
-126321554058
-28757601989
-198928540248
-98110953743
9154221031
66573641747
-97140774081
-31677785402
-33493001653
47081009371
86148001831
-40020812499
157639812121
74080709958
8769861955
-58224512679
-210541906094
78888647448
-77547369284
-62984285519
-112610393721
-98340427903
17213318100
106062793082
-145377508259
171904700419
155265941727
-201421869511
86833204169
189761132857
126886474481
77432103948
113684806494
25440883943
-101257809471
69736245432
-108395232077
-34184422418
1711111739
-153200813104
-37096800984
-49539515485
66214483237
-129147681370
-276947987245
9491178780
76957949298
151224134739
-24466561129
140387342908
-130568043007
-59545176717
-65469810526
-80377926478
-25196779381
51822885877
111319217090
-219621192036
7989127443
-30296921516
52327691814
-106325699387
-173498743955
-45675605997
147145625911
28556076053
-78943571767
-93647667221
-242271618544
119075558296
212308750217
-52515390343
-27668160102
6206700431
143167180691
-4143681551
-83535311818
142444443068
66355159426
-134002316032
203890932082
-125846170302
20884301835
-146368732928
66092413440
152616689017
-88060434124
-248362598
-215041688421
-148272924437
-118988992952
115057159101
-88307305612
-217797397043
102181684754
-96516266591
-78431416080
-151922197822
-9893068912
-308580295843
-81758385119
-90472710413
-66728533124
62769394574
116005249966
-263252485491
-211995996702
15317729044
-112705186065
-119168695709
63703837809
902855705
154737755725
-5245636157
80630688000
-108304186524
-103455654546
-98031510350
154526551174
44940669977
7757379760
201031576638
-145863152880
-198101077635
106649545628
45303710273
63696993036
-166011456731
11512589270
-51742946003
76311895120
167498995393
-231928082535
117964914000
54099341069
-115050629743
171147549343
-76162063770
167286301402
-39078383153
-258874905374
-239648205700
-299970281345
7169003413
-91579051822
-96615339631
70146651282
7230091378
194554412865
186411569558
-48214329221
38530907308
12592675456
-96759258919
-151318239746
163288273110
-137505196761
-124215819333
-254004604346
26360135669
-92967192088
173829247196
149735490820
58602726220
-131244270640
9438199218
46792159817
-129606587185
-13794061651
209158239661
-11688488365
164240552588
103077066325
22890305870
-265661557920
78721336870
-261334808062
-79237877888
-233286538862
-245957235793
-73978488156
-29418109261
-88699337648
-234456880449
-30675752934
-146847352039
-271452627451
83616132859
-206108337796
6190158188
-252303715741
-13585464639
-81947845308
-170728051551
68597188080
-2190381108
200061869907
110408607560
212769057983
-104279156347
136868951994
-28672798590
-118851525706
158698502592
125039473669
-32190907733
-98991909478
19867100761
-34117082084
-252076875512
133033745900
68577638108
-64133253938
-111770258103
-112815194799
-58743813881
12635675524
22102484122
15883698264
-24758790685
-112540972674
-82983159043
19485753600
-106353510420
11022867774
-236388556418
-101548870971
-178045251407
-323240255097
25349564268
-136109072714
142853100359
-117220918248
-80162885286
-164082233782
66543876907
129670049152
73908515361
-102919176687
180388542299
-50221413508
-171482931070
214791592680
-120273222977
-125769995300
13780953915
-75636019103
-101990248979
-82966070535
-22820235131
-140915559699
-238140227002
-22228889047
57531459425
-47694384624
159174244476
-10096033031
-246608965674
-102354430521
14056627601
-181009512499
-227956365460
-17686715160
-8696902117
-147999981648
143322744950
-95178046479
-216639346663
53251403314
-93408927422
21436725175
86677852559
-231854372628
112758189323
-56125958202
170934771712
30529864299
9628154822
71097705784
-255316969
-222713463776
-113886662500
-44360247581
146274740390
-153715134448
-129240226985
10569008208
-10057833820
-190550144982
157607247500
-204487468319
40978354521
10826605719
-19136485189
-68091937841
-27714593988
150855665709
-158534011130
86885063676
10319127107
-84409035227
-14880777149
146806456949
-110473227494
-230765662713
-173828546757
27537012382
40926003523
-111472425115
-94616231365
21281888251
-50152185956
-88293235619
182688249686
-76223518675
122170667948
-112005429223
75178372504
-113923832424
-20127384810
136472797788
-63560252179
-40715970419
129339370674
3859586484
-94641927778
145173506062
-40843047414
-34893745263
-229412311929
15825706362
118955810875
123945697284
-59207117992
150342395118
-208587245259
-206726032034
-82913467999
75811130638
-110800969667
-123594007767
-219613841919
-8726527270
-141140660179
93137087472
12993988457
112587051986
118162664927
148770774507
-60728151514
-33482952513
210529232363
-40182049297
114885745065
9808258542
-141536039553
159265755118
-46423739391
62691837324
-38510899963
5119389209
-51202808985
-107952882465
14633757746
45012326398
106197890437
211444219853
-84452280606
-229140015347
-152536697395
226693014895
-2121806967
-9603068417
167051372243
27156948473
-80401693233
73043761681
-194251892922
121103216646
-115749490117
59436976485
-9235955775
-92853310833
48220640632
-82106373701
101060885608
-248454761835
132198243057
-82487372344
-63537704140
-109409623794
-20993344190
-85850395275
112235660799
-104331537458
-94675586548
-265767998811
85036180296
148332828392
-252301745444
-77066773076
151747948893
146935363192
-94265072950
-216051716165
-62019388068
-27226697759
-163122348436
-87533546504
-25538254400
214283209472
-47931506895
82812409951
54837863876
-60818234718
-112369041849
-41106250615
30001545883
10507383160
-162355967528
138500619269
-218810081110
-147397271336
63916456452
146851782305
-109155423881
-185526227367
56335836505
104049732213
-100531415589
-21774049349
-143519359528
-127693602644
101450122326
55727629610
70967393952
-5352838213
-254997110645
75265746265
105150268278
126756781635
-8014348612
153921816299
-23259829543
136242652292
-11625467925
-247889015830
-133040193479
-48967587341
128867409211
-273916617401
-117703110580
-71813726161
-234452775777
-177110586041
-212324966208
-73750881503
76941121106
36165087825
-114309308133
-73937448794
-92345041289
-51005646927
150014367600
97995705208
-17855126570
-42033874879
-77526606258
-36084619650
89437082201
18230075977
-156780461633
48187732421
-217591048925
-142499081536
25774140197
-98872462339
9122647385
-172278665107
-250239604457
197358591174
40926423559
-227996744906
-295013724545
-44728146190
29203241696
64477963625
210419701619
150437166503
146851782305
-200699108798
-9904838533
10915025073
-78628777882
200194487060
-125806903195
-25198377573
199550679258
143401346103
50975191077
-65710706085
-111399513862
-40577512563
136996710839
208141114892
-175170120596
-84878903950
56407238618
-140364310821
53003762479
147460899987
-73998615756
-111179509539
-83253184722
105660686535
29927259912
18696630241
-23315780443
49288889681
-10414095487
-21355312881
-7658321435
78020805276
-181578739390
-120682579400
-141454270188
106969024120
55681715816
-4174193516
52746321718
161076216434
105903480096
66790724781
-187406055310
31420764952
50209684725
-80114177933
-13650724063
-61780255072
29297282596
-176280518501
5690335507
-92074227525
-254867229568
78747579293
-56846919451
95360464467
-206917257009
79066156570
172747894764
-150367658198
14284135523
228993988532
35774115640
-32420732299
15660698053
-190027319648
15333088995
48266633318
-255472607485
25252747794
-129016269474
103948960108
157481671706
51822660073
76426082456
4070013124
92315801965
134265469170
-28088900020
128326772401
-77916595597
12666393144
-130586824728
-61867069487
-39106212491
85707209302
48836086336
-256431271204
-142761659282
18734000189
-23059015183
-144033653815
-249311242871
-45251538589
-82625248411
21858230331
-133333820546
75852078207
-193149082763
57351896880
-209711102692
-92441960141
-60419231131
-247483691119
-39215433067
81480363589
-82272405412
30120899152
-124673692084
-88896817682
73838808817
196714935048
-261304412717
108914047173
-91654561286
50932652419
-141475098563
-115720120068
-203107938483
206471693332
-38077928443
10048305940
-100424607120
-131196262373
206478546329
207034699169
126635258
-142609433294
-81745311609
-148042930682
9257140969
-112089066833
8063774818
-83807997143
18244274924
-250155504835
-9662497765
33335195973
-100095573913
-73919486199
-165481839642
-67691191249
-116453206887
-32485957684
-114380747223
135734508390
21909105219
-115401559904
18330891202
-104566408846
-72453498405
101545711621
-7072077748
-26574237928
-201985848439
-132178673180
-112948173596
-181868229466
-51282704181
14611365986
71674967343
20305148186
178721392752
189651550333
35339550642
-5331903440
-90345805586
-252709887726
-219541172507
1391618349
4198501641
182757464538
-143787440010
32090286192
-220615593946
-30330488590
36304812735
190564334829
52389971380
41932139285
-105098387299
-146144897667
152119642808
-148885146228
-96020219872
147295082702
24105506167
-107178210555
-166917189140
-77786851101
68185296174
2935667185
-150206423070
-5714340705
-52062635591
-111928572012
-102757805642
47862901110
20116666122
-6835645723
4290355611
159597554343
-7390195212
-14460229851
-119148743419
-247196699946
5092077567
48426866045
82185083646
125833375125
2857880798
165767166389
-4142241930
161313086261
97508715674
162793281085
-75922259712
38333765146
-7850883704
110865432462
-1378581060
-150847035628
-83305836167
92446931975
53642339320
-5487542565
-42418225337
-152614817520
-106806364527
-104280354611
-1410296958
43838319682
12954522935
31589415384
-236512405437
-107714073383
-28219631387
48529540493
-8048663925
-72510191244
-28703406938
-103503278115
-25214474349
218839838364
-58335151159
57314006626
173766570273
18754221789
-139866572698
46628547730
93560400887
-102898964936
205917123305
56046228746
90157328383
-148705456446
-15128994505
132137334332
40685327732
-82614495099
184204432344
5963567272
65636998927
-116015987991
-85724933178
-302932794294
-91783155919
-215021701434
-212425487397
154327581866
138473091098
-221507209248
-89021029581
68450545292
-86239991919
-260857251378
51681709718
-63005161803
-28068176700
33776272158
58857904286
-61952810227
-33188978128
-148684642703
-140796218801
-34876820959
123214305993
214126957209
-140467292018
81279414153
-3100219645
-19562504724
167577442146
-111448275141
-138305443639
-253386699129
36886562477
-236687461795
7737734898
-96259603403
181892701284
80898696888
-80997182916
-76971845232
-50233053675
-77233327423
-72415325881
-83316917198
56682995320
178485245285
-8983266557
-209283071419
-112827623299
122764625360
-156112712786
20064715033
-146769796960
-124651853338
-62758364233
6912006293
51580029327
101373835892
200257333908
-224683425752
-47478533126
-86071595440
179372000576
-39565828247
57083643867
166561686380
70506199044
-75216771282
146187659175
-138964045321
-113963629281
175328120068
-26327525685
22310418559
-135346879317
-109845803706
-157135943220
-101196230229
58786701940
90901135501
50375638963
55567666345
156900471667
18207756922
52495163542
103519091141
-6022941624
-121636204896
-84722640344
-90534454292
-106586516861
-81558231576
23611085192
-96647088422
79918555545
143187719257
-180174635737
108918226509
16177113594
75986399181
-232080989758
76685786646
210223658838
138545539175
170649466188
-255871458988
6535878046
60361053214
-127767627409
138190037068
-158650147916
-116131401238
40965118253
-1918258999
-174872864204
-115578061278
32755316100
-59807950961
-81104358723
162917285643
54487198614
-256630088369
-245807474749
80609750999
-94730228870
126248570605
22922286110
-93623796702
82799116736
-230186213832
66112644356
52936133552
22359635010
-173162760028
-250464373941
-25948062992
60970192544
9546413117
41472431003
-167547917821
-127038465594
-147017662623
-250371322358
72546298766
-159177580030
213724492260
-8975597421
-136398695651
-92926974415
-58861021861
-121364148806
215696046632
-109037649834
109325833136
-141768005300
165037576745
-10238364800
-151104747275
69592893694
32229808560
-16079142056
-83202442193
-122278388063
-33113491365
145435174113
-61807871399
92605232598
-52565658135
-133854495252
52336557890
-152107652944
48364344988
-118485927508
75384171151
-106866747372
19530524282
57783044155
43332946707
-210842559153
-162093830453
-104574241461
-81593650423
-214892772625
-113528910993
52530271148
12062671989
126035990532
-208717530436
-193233477835
89609496759
-25306789315
-229072847332
-93098726629
-249131960104
47529426386
95218373199
-178826721600
-70475997648
148096013421
-175406744346
-39260269024
32201907749
94528403
17192910291
56605655838
-229327674421
-43545625156
35034162232
-6480942965
-66039501674
59279969595
-192871823195
195078788176
25545055460
19737049408
1088415988
-239798309243
-93355291650
-42306435857
13228390972
63992832341
40262764662
-110938828128
-6658216885
-82783746071
-63318276099
-120828198212
91165404731
15697718045
55733391319
125634836306
-144034919266
-19447274807
216185960331
-54535401288
-181024650929
40206277190
-24595291884
12634571238
-190109405904
13383611857
2312436212
-34893745263
-94208714935
168140248379
-78995397956
74555722635
193415076955
-146867476226
123054370720
126638084686
-181207835486
-74770361394
48662209753
-61495771053
-76600197673
-54079233308
-82565116873
-77447851230
-116434914211
76082873178
111306969556
151753349983
-94385547095
-138250116651
-126636413342
-37712777910
162551879742
-115542219501
176245601101
9367889629
-57355904348
-39492072379
100738525939
-123283280174
-77873850645
-223850658516
66502364331
-144392434275
12670182867
148293526498
117424896234
-177678038730
-75538104402
164236822350
-223448581331
-195928617454
-195890223841
-60599790609
-82221545763
-87510941576
-175698092898
54418087185
75469506650
-89078164867
-108630469560
-58200562785
-119371000105
130321761835
180401577113
-187221584019
-27573935105
-106363325027
-89735024352
-70041302767
-51019456743
-89105371338
-22887631631
-109273130963
164658545391
149424958459
-192874773519
211989433170
48628412678
159762628699
-243950022800
168441263958
-3461029485
-13869622042
-29921866367
-133829091409
-135625555826
-214024129275
-128567317778
-216341399683
-58347030369
39926080135
175715191140
-59206099810
-52168491209
155322426917
-52780079375
55978825996
-200034414616
169170218050
-90548323557
177015393899
181279546277
-161608584901
30545513514
-92260662531
87438717508
61288324672
43858999666
-71681211968
-13484151535
-232183516796
-76388502219
-59792304558
7758833807
-16914915341
-75973937607
46297202141
-168256712227
-81972259658
-124921601036
-103569931285
-102173201268
-59927720285
-113858155558
40400874733
26254979780
42718300064
-1275897472
-159488130417
203161165521
-216728760965
-272230694003
-92999643313
-83866950321
-76292969255
-20467549708
-79092293224
-52939839635
-126723134970
-137685660594
81496367789
-14270040879
56619814133
-395043258926
77858912701
-73837258906
115392967713
94683439200
-204811931580
-242727028905
110820442389
64652760733
-186442536936
-255822819278
144607110717
-242503663867
-224238534787
16115403751
36020902751
-88056194596
-14974577515
-150432843687
163457854346
-253992034619
54509361619
-20744032128
24832929123
130030738498
-105075103912
171535697042
-7187168174
-17019476773
-57340314313
-170882263468
108233946084
44025660830
-76744319532
-156608428359
113392750391
-4190790816
-88373260474
-304296397153
20078200764
174393323055
-50785228823
62627491838
19375293591
-78755924965
-126908678048
51752804581
69717767633
154551372707
-248709549050
164660096249
24625437108
-65698288916
-274235945520
-125310641690
-111635744474
143147831578
-2530817630
133423158077
-59288793903
-63610436159
93615239216
73423993581
125305578530
132466166271
-144462175038
86913601447
-128563672119
100041312076
-90426744131
-122086055944
143338112344
-101117394634
-11765046183
-99363666529
72255679842
-18683638108
216702997454
-89730418991
83751271130
72233842
-200153495534
-201901803717
-226322634970
-80209943875
168700262266
72051490648
-8910573188
54610380365
-107186703439
67552377969
97518279183
-76799096488
28950171968
-50641330776
-258243229313
86540026773
-117809081095
-232896177720
1490361729
-128108692818
-74748113655
11218441451
-257484151366
49118984644
-43339140045
57095374239
-5542558169
23869417755
-117154235914
143568854318
59999227082
-96708570041
182914122173
201571014520
-112071749995
-74879186702
106653791694
108932739354
-86174035787
168590365746
-203488378637
-255044395900
64053956332
37354135878
53203179911
167198842684
8370006379
125342710520
158143081166
71954657638
78409742926
25968518103
111328878258
-204164139612
214301666687
167576746443
-102373163384
-257445620409
41784202306
75091742840
22227342821
-31617659463
-87681377716
174924781712
175396923264
-304534597030
69024229044
181073014526
19534661106
-208795662640
83809780365
-211738292193
178199826782
-213561207150
173649164002
-98405883713
11857269581
-61932759324
-80278428977
-264076862222
-57186879248
29033142633
-237601412264
133205605936
108059463988
86164010105
64938445337
-81160991901
-193499637073
144122986877
-175816311205
-83692314139
22748145834
-86455371063
-74514753793
-113499779857
-215529187302
-75760097461
-230397080098
9369565368
5258304278
-100627902250
-227356292682
-259923176014
19905866276
78006102193
-61451590739
-5021250373
22458769417
-95264040416
46540018693
173934524947
-227480980291
79399011531
-8376618939
-46739927504
-232369599433
-64182409750
-189684181454
-96886671399
-151314227360
-87361814875
-132400595438
51022126709
186828716042
67879619899
-108005343457
125718511636
4045932374
-10294924828
-77816330896
-82837254630
-162030607873
-57785068157
170179170717
15333200353
-55239139437
-235703674494
20473108429
125890013339
20160235140
-133634195320
-67378009005
83650801761
-181895037447
35125965189
-121680274327
79803204163
-87495096767
-242836948763
-110941203204
5277914542
-24443075009
176225310415
-4796611200
27914706327
11754865397
-169974714789
112887956757
152544759125
-101581265293
78083547979
1324433247
159026414198
123873754245
-202719501572
25570290399
-256092298606
66216333404
30122952571
-112764176059
83285627585
-20425552064
-106354030334
-48740072947
-5495330099
-58054438728
-150837032876
28532457827
59059431315
-114734083049
-7521154059
-76170962218
-71706777212
166963754619
12192909084
-224476582875
28416383396
-253372201178
-273238972846
-208132565634
162487737308
169013160442
2962144103
-22211872521
-12803755001
57720862178
30861328205
-15820205086
79852489867
-44695785923
-175809063522
149601782535
-46274441923
142965612060
-151293321942
-186439804184
-87052631279
-143557908235
181515216872
-20662159486
-7536085191
-188682858620
-276610933380
67478448933
48259408425
-102065364712
114521340109
91891115339
-4286564357
-80735798961
48100176061
143556520094
-91340708801
-31112540150
-276297170510
123053073606
-36532117205
38234162354
19733662913
208503241641
-123952653974
-99881376872
-82367668696
39191071215
143860909887
-108538365099
-266791067661
82677897144
-175706368048
4563571010
26907033711
96481218665
-217285141326
122843859376
11381195493
126061293054
203444959752
130955508777
-67185470806
54148354156
-13846780337
51548551399
-114967617841
208119286625
-77139417692
-254100812154
-98284288169
62722652883
-121209369571
22358803340
68824399893
60460400392
61496287816
-263740653695
42857758731
-167708875623
-161170557571
48431615574
-148696950049
19524795775
22794317056
-172079343851
-114132099148
17359181014
79798051094
-184923432486
23775017705
85328275052
-4111154909
108702768284
-80476202492
10705387562
48788627311
-27150415665
-233956539753
-110681391885
109711462593
54831518860
-122924901647
-143224532459
39840533254
-92693196449
-252186494662
-247059982671
100775950400
114734318505
-138409036696
-145110154841
-59403129228
-92214407613
-6713913100
28510778831
-141104173737
166980066731
-112017739542
67464224281
29379073489
79080170647
51083902456
148122264046
-29674701749
-84919481428
-1412183996
-48847660467
13593677044
33734867322
70636742151
-225328618781
-80697144763
13420492136
-43453261667
33256268337
108912231146
8339122522
-219563170711
-95512716789
55876734638
-78567766479
51915637203
67280155946
12886739428
-134711718996
42631972520
67633576791
49526739402
69510595414
43881896041
-10110379990
-42907941023
-88466784257
-105164395016
129244238784
-81044411649
56689854242
-22065913777
-40542765765
111494526862
51382045306
-79408815536
-76239500192
-44659394032
55302716430
-61501503232
170850708212
4972734778
-250637281113
-60343697077
170474160650
-100176598519
-274146227533
58750804715
-117591591273
-35328886178
-229463154309
29928676954
-183279025219
-89866200657
18547472880
50009879812
-5343499492
-31115600902
164042089775
16163932900
152907775435
-85575811779
130151991676
17403066100
59521214195
-197668705767
36735433692
-165568485745
181368057269
-129792031383
-87500413714
-52418130649
-162052972987
-125758441258
76475517629
19186227163
-133714999202
-108850481820
-179169269048
-162745853108
163268807131
146443296650
9844272862
-89811858658
20808098045
34319767918
113331084297
-153370666676
-116326677151
-145457294045
-115589535055
-60405431731
51388938389
13150508931
68868580608
-77679164511
19083097866
-16028696824
43705051089
81897400673
13344325603
-52384358457
184938409949
180163483340
149009875115
-114869829905
138730725479
149848427368
56929321763
79623386391
-103499842967
144078441141
76600013278
-37763293833
133975573673
-83610102542
85204372241
165003335273
162352670518
91976282051
-146913088075
77876334765
-172721947928
-38292229910
-101762102637
82859226603
-89064203149
106190012604
-83645554314
37435697762
11682732956
169654787334
-64017186965
44257659017
24772890101
-154797623385
-249444619243
-8298803241
-43602426308
-103568566100
80748851445
151157993000
-273413371470
61426764100
-135086546906
-118845982762
158439705892
119586357779
89819760188
168159736903
40443400808
-284873180451
-84044256439
-109688907313
27762492755
-34810069103
-206736456076
24938751717
-88199061702
-6470341300
-24428075873
66674192728
11230939713
-3885864552
-82151733347
-10295170267
-89522064361
90706321674
-170754817472
624427465
48880087894
68563800787
-76624928460
-88722856242
37706192650
-114303735191
-85086371390
-220643733860
-120138710138
-91588235673
-94979923012
-165331902624
154208711218
-105332712788
137918630446
-183177461063
-34334653104
-120659780246
-40310985925
200148401807
-79587030148
-80144740174
-146661397796
51822660073
-74934723441
-242621026263
27419116367
112567020331
106019261462
-48598329932
-68993724300
88437008285
-228951441594
-62022227888
160862793667
-11527694888
120465276579
-43609341029
-315105335080
-113230238760
-213821170246
56140722084
51365548744
-67402053354
67863845182
-89130342745
-30853170284
109983927507
21011889820
-7631879710
159478869865
-251418356428
-67777024861
-157144901900
93878406942
-174101350475
164716167789
-250386854974
18875378554
51573059108
-134212805094
102898199201
-94828308355
123624118554
166398632044
-126576514044
89351140999
-83372432771
-156731415373
-193446970472
72137608766
-180391778009
-129412214743
-96414419986
43093117505
-18079626573
28487619288
163182151258
-46675125505
155433128416
-232369599433
-137891000411
-190006470312
173084941667
2461134208
42972259162
-56138630894
165274316480
-187733027635
-46188425055
-276039075612
-113956057120
-110389399650
-71584190639
-74881538711
-160539382742
-105255447669
-261353042176
212872671811
95437512678
179499687510
-23206533673
-80170806050
-94565123968
-34241296694
74097605822
-63390311758
38320064755
126650797260
107777076527
209646926587
133411625677
49995062399
54473051536
92997232317
82687283256
-121498819738
150923296164
51994505875
45251904620
132288421426
-154804655503
-28128977475
46993458102
64827133899
-154793177775
-126325674004
-155075290549
-85922819834
-37869135775
-78792674186
39406304220
157944282335
-210086572741
120036860358
-145422570761
-54948663738
-293392254242
9547300677
-120102504060
27102936995
-88813288726
-52945060541
10597550411
-70245472881
48311749056
116924073091
21217852947
187022169053
-134464688273
-140950292360
-150334642401
-62969567464
73177210635
-91122274786
62471770178
14473842551
60301716162
63093139018
-141661751138
200640381118
52192862929
-112810840730
5154706103
121581931774
82507776927
19604093731
110289664753
-179472356833
-131626542948
-24509770570
-17731078751
-201604419132
-33869964452
-46667760443
-84009977504
-45924410745
39014235871
55925441972
-246194308518
124169085701
212417918217
122029332317
-64144228689
49307817061
100048988787
35724709952
24136798686
-189303093500
-120002321650
39323794376
14578631535
21290911986
-113158169825
49697069040
83747663314
-92093039929
113938060069
109643031202
-47887279112
6394377418
-81556372669
38301881744
-113390274705
-79020804792
-247209417857
26318616306
-27367002485
143125561647
220236844975
88557588754
-86552128793
-144447716334
-60010050092
9386950979
101188761056
132126262736
97322074562
39105805952
-10679766353
-50319896201
-128190240646
-111879427026
-161523995499
-144309134816
-125934615553
46071172824
41140472847
-154559754791
-97893356829
-237004196144
106104563644
77262988839
-234227081406
-71857967524
82218145904
-42756787022
-266047873
167113459226
-146556629020
156044092692
-91280041991
44341306883
28688165480
-232333543921
-215001545506
179017945919
-87525245194
-111033236559
-198642599982
79610519430
63562764494
22830721326
88307815797
-148972019087
-181766405193
-388267861128
-79003350346
-227810333669
90910326377
71444021404
-728589459
48863459068
-12511626388
74741062610
-96780544343
118800873616
6223610485
-8255021608
-247886630574
3889534149
85571622439
22865155316
64003843517
-250846448489
-128831354593
-224843022846
81624943728
51493116093
15358516458
-57530713563
-66116233723
-253099260412
43574157011
-285951431723
55934778971
100706922509
20673656020
-134000403332
165759781138
82595205250
40120655610
19587724019
-11163647669
-32271143359
103133126440
71828134236
-107676063362
-79166587289
-87880400427
31978640531
214838122323
-113145671184
90597229535
76106521651
182689401404
161222179457
-144929927284
-20389370908
167632560599
45260755914
-107170238283
-249773567812
76003594982
87150069907
-52409354041
-2590616052
-240761130936
-205966920060
10900205625
218659599270
-75266085427
-232253447501
-120364999396
7088299545
108848735282
-270753180546
22585301385
-81395990988
-24211802532
22402807242
175473960772
39959841348
-105191063148
97000236441
134092798244
-182388951965
-252284360994
-3410032024
-147872932824
-246738025937
-85865090794
216850611615
112534012308
-9527642157
-88751052821
47234326388
-64683574351
178929625127
-77978991732
-72937993732
23279154844
-122062939266
47738313741
94317451213
54184040871
64368442994
-162990637605
-246745400111
-11854496821
-88599876141
88589825502
21657250663
-129050046560
-121770825129
26676309550
-192343320974
119507130970
-54766967763
-63259144733
-44816755615
-88154614510
74180823606
-43804699672
60039626365
130646660048
-106332219191
-121813399073
145011325372
128960956177
36568050939
122725886115
-73463340994
92042439270
-131682755498
35598419325
-209237085673
-115109901497
195932204197
80540533947
-261764384661
105461494119
-57549281648
17150470574
154626154545
-185288568100
-272222039754
-99277651337
-226325032632
-103541359122
-103358060883
-14856886179
85002269029
45672440421
8985024642
9192613931
74305450014
74074981164
-209174551118
90557317432
77597684087
-841914400
123929582720
170331812629
-131580810330
-18307664998
63891227448
-133992666240
4206836485
85959818732
134367047310
-7405956791
46612395481
-105553861583
-104965432505
-55745565217
174624399091
61453252604
179156403036
64471456326
-133526533514
45075237439
-8706352047
-27210696743
-59197807498
-28510409321
178734029811
-85928832431
-11650905593
156300908306
-79027381344
127367401483
8655222770
149821379921
-188090783844
160011445882
-107723502835
-66449629806
-196039545888
-114107451393
128265597126
164987339086
73883147878
187277294968
127294126260
133591728467
-113519892115
17540154249
-103922189982
-124170748682
-279806480295
172386884745
-167100968649
154185011569
-127852360938
50359709021
-129596648596
129952213383
73595236215
-275730344810
-32672278047
-113465586636
-59431648198
67209827469
109101904638
47307641156
49147190710
-21095616197
8187800372
66141935205
170855902721
-253807851552
161237964374
13800190388
144222656168
74448074729
41600265065
131405110119
44202033583
-35946597671
-13378458880
19121085033
214195206620
-93671225203
-233033455875
-95029471217
-105889667080
4251921908
109862063336
-189315250425
33674809014
140247969159
56969004912
15995689914
30967214654
-151997804916
139061731455
62312421576
