390243364956
58884339360
8743658498
-192333943122
-98539723234
-23833856934
63795155969
429073625160
93066901479
163804862253
-24167586883
79430503846
311416276947
-79133301750
105536580695
3740842407
299875531610
-42891439597
-67545990513
-2166610819
114622015212
257144462319
398637997418
85355925470
463521159516
-170848263785
378218777415
-23040418194
43038772741
107687399089
-70927242726
-108168698437
292406822819
14351708374
188345117443
406402566620
130653578952
413699385753
-102670147294
-3281599459
5121951667
-118899220348
252014623564
-90187730751
27595711680
35903673479
423738742348
42676475700
306020063892
262479625873
-48614018357
302377589144
138002868125
298571758427
321043758661
25675771013
42419835624
342946473809
-87160082135
366606034356
391812626764
66558036099
285415086176
106675525862
-87880072322
-61061114652
53545393554
81217129176
386725451302
240292484034
-1399683760
-725147720
394270000481
156210853696
179509727323
-19954245577
93192939908
-22308666330
-165605879951
156226230182
124863157344
-118345498386
31101321586
326617238453
-71798161234
362043321824
140978792935
-10515751067
73427060966
7007953086
337093935449
-23864798714
163078122324
59146713693
-213757112
351470350856
316341301709
-87100729408
334944501219
85616789252
-65276679393
-21769994225
-106441987445
222643165163
372572811431
-126822465101
141316622657
299190575868
-78440986283
-3175957475
53902416591
146344583463
-45050725275
37809043169
33308818330
331162721959
128704230298
57777776506
-176176716075
330520534096
-65988094843
20236390431
8077116576
80671913074
2866012948
390885866434
-59834917336
399426201584
93304916597
24182462269
285532161134
378252316232
414129988340
-8308001726
322952413590
412921450309
-13283127512
-4647180598
-4790360923
-24340918419
-35099895581
-104379410709
260820439437
-96953425574
49887244876
167047086678
-121892810670
166770437235
9348082693
296627371381
289025687414
157347913291
287656784841
-179999157356
-96518315740
2170455265
-73729805893
-28026207904
300463755860
16639333528
-1777380869
358160490857
315987583897
-122864958929
3972640204
238438355261
102217253732
-100259416007
50924832383
297920704814
317940208943
67290648562
213801523754
365978960626
284458959193
163687863793
-116324994503
-89847650703
194857654081
-11845222750
-47767535837
17108032928
74871165346
-43707757824
-113898391250
262407927249
110346579354
197577483163
379574063060
-88341191832
-168619459099
310779153971
-42767964207
-71460029291
245976467107
-175483001839
290666051084
415532722614
91639620630
409846282983
278633922902
326151033348
349798224580
-3959461804
233051488
10864432251
163215344446
140281353210
335822584440
283672221992
-67296455862
-4142788358
408608016525
338898166367
335168963594
308915740912
70948708380
350047776906
70990947692
248759181316
333236493117
69722266340
371590224146
-68450810181
204286972300
-53152564494
-174125056554
379634262844
98329875897
-18791247768
331714873348
29659672377
-46965035505
165684767773
-71016510859
48906186406
263305479960
327216588771
-8075417125
-116658156156
-67953007114
-68493719825
327699195898
-19362433750
97921992112
103071983409
63820760898
416643656088
-148195557456
5615220679
34227277483
-61810467158
404075380173
-119668576646
39892690678
339496335340
-98704577468
317159191972
126129558561
193614049315
361892365635
-97769294718
210857457978
-119743485366
370426791101
338562707379
20682676022
42815970917
144816232840
378123142628
269522280777
421079718740
299566061859
13367057748
404918435483
288293522271
459030008594
318232358612
21392590068
-120372523448
469501532560
82825821839
19544782521
249887561309
-11129725886
350371794459
-47884491394
221225570878
134617447427
-2066780274
60744950698
367895118601
-144020500899
38730508872
337081449031
254555777035
69967595833
451816313231
-36916921531
405045045086
84850173885
56163912411
19327969665
29447663068
299136499085
72870975928
16089436793
-77566558733
14026970229
62603459752
-16944381798
-140048760584
9232755763
33323684474
223717016514
-31143419968
58152124670
28284994975
-76416454869
140446211429
-91769415652
297583044241
-90775861024
75419349625
141055715888
58103065222
-46989345141
127097660912
-123675699864
-68072985068
-81630285077
-46781624682
6946908077
230175550521
344056022354
-67776880648
138209160542
-57293955025
334295527895
-45329257295
-6156113122
414624758566
92278438493
7394572833
331501521629
241467858920
57730481736
-120366223826
410895659641
85778618311
-86699126832
367316104797
328402874040
340762562803
375637444328
-104954948341
108897333749
19568868401
133980933248
80245464432
4528893081
338366845752
104234802375
-85768114527
339868522370
202270802407
34246463637
26543052941
-31127853459
321523256441
-122739644181
9192391448
-135760749333
196240585749
60021768094
-41285464037
155700346021
314519234678
413831489241
394081793215
93121725644
307444085022
91993287129
-102658195000
169419137760
72328806710
337177899931
-137403377011
376051014257
321316299193
325939056101
265872613800
326970678870
-22357079622
186941434392
4890423502
430240859677
240150178972
18724611621
-31798610200
-27118049844
-8351419963
258803443271
18530660307
-150987863118
190932801892
332166041901
-123266082526
314792635536
-15692868622
66876889546
55054559326
323013205924
79854457458
-65517506671
89824596434
414038935889
326035281574
-35782547499
68851011570
34381431660
-16772704915
-2453090752
-65175251347
309077352146
110021874952
9475271942
-2037886533
121417209963
-147930903362
1721700295
-5431865228
-65555839991
-161595774529
205718784256
38602004514
-61322520125
40470394410
-105306299547
92738180434
43570972285
283371485749
45837182272
8166346570
69551008202
-94999426163
-140026842698
4201900467
58932666904
64144337473
-55086961391
-10483465992
-164670764965
70820347817
59197399069
90366121229
52389010890
351965254460
224623556716
370901780976
-47826788893
328358411180
46374411024
-33187242595
280999137079
353329670021
363195298825
-24978107564
257482808531
345365314525
92813914737
-46394305518
285011968734
-50000531887
72249951560
383755487494
-142053288713
38673600113
-68496944789
262468975795
245251611645
170453548289
3334347405
328868020681
97106952814
-34867014982
117209577531
8817806532
309066883646
124698356488
90425025842
-94298987260
314833494398
-82684350285
327990446321
407403898572
408198837754
119348903657
-87595600993
73468544083
21693534800
10806323631
453698101034
-95899489664
-176382162750
-62619143517
-13102388122
151000763954
-82956427710
352516052005
171787709707
-205805841896
370110597978
13332527977
321956930460
301325071753
78907662987
-134049652080
-35337981713
-33196077022
-176226413601
-169658753291
78142620572
159192698544
65334332615
-20788810045
321352971635
339221648627
373898573772
-1095394004
338635734755
71465038821
-152452443237
-95741166976
-5500501610
322001660356
42274518244
22564940791
327876221482
193504655724
355942934733
405088204917
-94038250346
306778944541
383430200407
-150521816911
-9901947398
402562968507
92120401832
89792355803
-108806601351
402721378638
114344476337
276080332311
10819137060
82059957206
429616053749
151994014529
-13942789061
400325944391
300551001054
-9124255840
212885408057
290945250893
322642383248
430189997404
415592024227
-70069288981
248190884507
333998848035
-159525083365
323051078066
466758194387
259255226219
186261353203
-57157654093
110291751715
425624670255
365336007652
-21442459729
137437772028
348608250997
-144935278604
229992424350
-86529854216
-7521611805
-39940769912
8734732598
70027356246
-22903472481
314553061514
72768589836
191086523207
-44250690291
-2805885979
299593764594
159950964916
342169945383
78291100886
308984854021
419687491693
52241837833
-77297262332
37505555008
77507988199
417177048954
422841469255
-99184755840
-16414043993
470946698812
10653437723
269937082193
-122543793893
26070416604
58975733412
23013542958
299701869901
333775582240
3313661572
339114308534
-120991540478
400448467163
110116755307
401349090061
325139275948
314758419601
444925413224
1383942352
-83066973448
204080211399
39448270337
48446414195
124668849837
148362374425
31914862982
-43541656009
-116104416252
-24372692841
317961663309
23121543869
-815503160
157803365180
391001884403
-207642771170
415728305048
-62769177874
286480036318
288333492738
76798980971
23293553632
425805149122
250920864255
406243355217
23526391632
300022726580
53376702848
139941542444
89520332382
316642874546
48863730519
-118245584561
31735408703
376507768969
251308955488
318148719958
383720565743
340224610555
38662538214
-117783463581
-77460592736
52031637764
44962912068
122925939528
-99385203660
30740564036
192832808137
64721286576
-110579800870
-103813622472
149559519628
-96729425413
39446963471
158395955678
169539755862
-55240860793
307452090116
-25871663920
8586783220
411401681178
-69110930002
405603048310
82421241128
-72323748460
401152996014
53932870455
410293691382
-115310472908
179918782990
438503875952
53317736316
-19264949665
409364341052
160400165011
140937963759
325795527478
-87166411341
-106246369482
-19634381642
164418035378
317238949732
413535900829
106301965853
395938759379
-5449454464
-8540290267
-33111398864
45038267367
291262290925
402892514966
61675661963
60177627605
141700316824
-115102176975
117461491939
112101642065
-47065462057
-48082297066
383010577958
314333668213
-47059239087
127714100303
123402784733
3706986836
134436802013
31761011263
345309203031
325089974967
19328946937
411381151055
68385513111
-136189338681
-17127809635
-65215535914
332320118113
368593257374
435115171584
71026890620
-117641255831
131523548389
121796209692
49839329592
-121352436960
399968582737
356192225016
335020939066
379787865533
8808770698
-118398228842
123368845606
364484306171
357383293754
-61376429454
38772842345
326418070040
-58674576365
-98232282483
237826498899
293500153215
14407899220
48438257141
-82189239643
-2488464552
354363209127
335187620798
77835658891
330155368409
-82681773278
4029829199
88829820948
-61607539947
53873695975
-143217172697
291160926698
371796478120
404471931279
-17652704438
6740886171
-91761963919
-4918677217
148943459934
57083337755
243108763553
-124545974030
72108612974
359884518676
-80250028872
3830581098
104534577070
129163456994
382186684790
-63338987199
-23543147241
278411307192
13325315804
107435866070
335515909846
161876267667
1419620299
61809037874
336612323738
46051879268
-535458989
-30853417588
126177004892
353185498099
245353186489
127329414729
325450015639
-176373331030
73390528845
41361286944
332759389982
2731746514
313656468699
-41505950804
36371365813
-210579453192
250989605412
399805252987
-68816332303
337029412004
265529216104
145455128256
-133621736257
357495205026
162471726873
414131166129
-116580336023
61630288980
7492255488
364642207708
13193485712
298769834621
-34256706799
323611926935
267215750518
-114504977796
371764728952
49133516300
1233119674
92631869696
11656015678
-85683266328
446328461504
342210015769
-71017853095
40442837663
360586036349
200444952306
312660064759
-104159772548
75376228905
-2712758277
303413725433
150795211122
407954778618
418226424785
-129782975979
415406095133
347005883678
165002091817
332491824996
352520239834
37757614396
314622715922
257925933958
-29058441534
347432424682
416136968347
25327789346
-128735668424
129007158084
-7404183772
188851572222
-40382643361
-19658434834
238651497535
341741312971
434420582855
325778323109
-46471456640
-145380631219
369069815733
356797460525
33721585756
191857987689
173279070911
13390946966
-34897684024
-128143036342
413492926972
-19416142446
235703362430
65640299744
403636238405
-9886012234
312246649454
-24631028330
362670551964
-101904045153
194302240715
224140378150
72617661910
25637712704
-7933479777
425629657616
376434900556
334332396464
75100769394
-52443926139
104901633659
-130754875286
-95625241931
334674859671
-36313424291
303883472717
-101816100210
282315847587
-34027109130
-128550084512
-119820611753
129510142616
-83682346682
17103880312
282095364313
331831005384
340961464515
438476821826
-13095857966
-18832265981
313755666928
30702377497
394517839393
-169130239060
232236624263
304571851017
47497823455
230503498208
-3024200990
284903368882
415954423301
67195870580
-26523364591
65341574245
137214474672
288209114588
139194321915
-163323326148
124870548731
-44129402264
300138002411
-8507994843
-14829428758
7173875760
330199093426
39051049529
339785956596
-130926096156
27768969704
62500958449
83634318821
286574792207
140014973529
153138205427
216184460356
244262341854
-55102767627
151626386447
-108662438599
-150630364629
288456947386
318668742936
270970234823
413136162624
-2641964292
39825344073
421806649499
80687627851
-131420549477
-121752300689
-2363525288
49490175557
-60488648900
36712403262
236917135234
-189451467585
371600125693
421100444018
-23719142638
-126469311752
366353840475
28804822378
101722022969
-113576760979
337654217018
53899690185
392790493300
-105177726442
9051207645
-60273170578
143485603145
41034622714
415794414195
-154316986326
350882332807
330324408701
-167351027
-31539187549
13202783866
309292947209
-27486273283
176050224456
-173436190591
92496019629
-6959071031
-79745785375
305565082917
88911797604
-15649724741
-114895481975
-119892788151
102657832923
-107481702902
-39902909423
-116372574672
60662090645
-58671963936
-27110443170
376127486854
128496491791
-44214957354
75033401984
-113500543484
58389727139
5556201859
-102853874636
174790307885
142239425051
93841695070
-165977909485
-24863991387
76532548015
402333994817
357452124722
42862082268
57743446613
-14267902280
3968062296
402917848138
183442984767
22834159693
-38451200007
-154834974476
73925810785
75115013888
327646003424
-114232631881
272513446186
21613170596
75068184388
1003409640
303346524304
-31814586351
-74529233220
-113588763781
-95428675475
-16318556825
82771252409
415452502474
40265371404
137733061884
20697557765
391414852496
-31232454319
-51621080579
350530376156
-64213450872
55577458888
398693327421
-29367852916
204760966788
217759388830
-94898251137
143127018871
-100228322959
9076955318
104919865215
301714994125
72019034126
381087054431
-17266647385
244365729149
370399760011
-164216523944
-23904458468
-106034003878
319186105962
-94235676824
345033355933
56943382209
-80904287174
-41171910390
-89129882531
356873786577
171388819137
119710647687
389783858803
108600108413
48149952841
329126891736
322113698489
319260051932
55208270674
208503579072
288979716630
389291295126
353967948813
-121050458487
17619375372
-110003627683
310959034048
224384749935
71565700802
63003652482
-189389801548
330862853754
140651869738
53635331822
-137834624600
-115235530629
229583956809
94051177399
-74076154367
-117725700889
262704062973
-224387054960
414037359737
-18594437198
327731426480
405230162613
65747565406
290079433996
-36715387051
55206371072
396882017790
33435999660
404914605753
-89386772465
-190588708873
-20326513993
140451668889
32048750069
72637293053
280875991732
390399240172
34119554154
-83134206876
72066437583
378123851995
106840703496
137498849772
301612131542
10277254796
-106579889526
-122201529155
333129365584
-80356634927
57052653731
94467644854
-171650694393
267393878612
-44233564609
-67341040374
212241408932
154309804958
42879373163
337126479736
333575864173
77698263683
416380002518
-96187438229
104465841026
25329038884
175723820231
251679210042
-38881279724
16921012850
390644086529
-155027985527
-45751812295
171783023854
94233230727
95781617320
328674380031
315393924978
-49802135928
287292522001
144038275501
240606998404
-54641975364
-125108773329
431801643293
52171280870
364195323344
-156465340969
-56441175265
344099837261
393055446468
11721042881
353992696880
68822905133
414571658709
327500238953
-176398750481
303204745824
7548164082
67396055282
-65829567996
78528930667
19383019376
242962122886
363315857820
10339794212
82331106344
424492484549
-164961952290
20566372184
406130857204
422733872717
-152772698043
369828039011
403065374173
382216957001
286470888965
400710431065
287855629995
-56955738793
295236777718
-65116805214
139501058422
55671920648
-22254091923
279304117473
55420217526
-51711872297
426746129972
426624694347
-114797983729
18416218571
163519360755
17049041169
53249372549
-97810562402
334851912066
142527554229
5514527012
306865873804
345313953088
323338611981
-101771791028
14643730748
89671315015
-103606264742
313267542285
296652265186
94808696227
-78903368799
-197199943422
129359444268
-178782724717
436019510474
-31900469821
415207877962
398676900102
-109712832088
349050050070
290802696093
303125930918
-99394622937
305800734276
338197075672
39476616108
92088183276
125540355671
100438527253
2055933752
414044109220
293627393550
-7344171267
23233750102
293419823762
162028498557
55759519638
45024798966
55747069833
-19881669578
-40790708559
-67740529339
188381973303
358090205337
-105117299408
239563205616
432226582951
51671570727
-156797283314
34646615831
109711354038
-13536654147
64539772359
334234360307
-56983210963
-1848679925
81121222683
-88350639297
423147779827
-55274281601
3024814393
280934891504
-77869382434
169871062084
382987452738
5398245560
-168021076013
-45987047991
324604346847
317631810324
-10790197421
-72845073902
18358978341
364991968878
222065244757
353156863128
401677210650
-95515483001
148316288647
395732936698
270864643168
417204453428
48073334226
-59170523897
129709284419
76870869316
220053017826
69167252505
71794834576
26814673979
429212480878
-41734939436
-718350079
-10736127899
423922802079
31807182711
353292293903
-39598309977
339689234428
-76774628985
-121456415082
348762129394
433384079772
-84861763205
-129643068112
-19987747393
8725799441
5232971538
-27905329695
5514865841
301548862512
-25008450488
144519562166
13724379628
312631514263
-151701355092
-70707225282
-106188168338
83319355140
202605634687
-166757261815
-60332517051
87248316169
-96705192517
-37407810888
112969798841
50360739223
415186915924
67582797417
-6616162256
439098880277
64413662602
379469599926
-152153229247
55467702580
-20892836814
-109023695169
84424269271
349633627172
394281524810
322239889230
-9272285756
127655234526
404685182020
83546584817
72566540252
139757558862
76998403293
41594310256
436514025314
-182914095445
15532384786
59355378538
57424057646
269485956147
323995939023
24772161009
183804942772
201291567970
-97415901337
416711123257
267946925605
57811382271
190919953351
68544427107
322409374180
7863857904
257197877124
56410641105
85633129863
50953701184
3455453797
-118677870728
174344167824
429661913382
115961701561
-190496432678
-103096980920
382336516019
342812506917
-123379672977
173342223093
357117966086
137921982017
322094679654
151657736232
248809563591
-101583784805
123996736259
402096605197
150655059436
144027313053
73721458927
365134167398
12293935468
84676792366
8548043505
412072179676
16351133652
48105795325
283045934859
42652775664
426188754626
34140582431
14019786099
165139550085
95714948356
-134132676520
5863167352
72891422605
-72835952498
-112286144005
-85240801722
356655267592
-50250555278
4683651908
5716441958
-140849084451
-97738282873
13090249685
374941550749
421796719082
210726512051
-105603897019
-29414835777
57899360845
333937430926
88044493922
-32668872744
-122496711018
-67571811361
-73796852066
32729635984
81066863365
293727078127
306007586238
116775319650
-39506314000
-5175267041
333329490965
327660228033
87440339388
-104489690260
-18513518398
-2727223476
44727900982
-18913399129
-8974093490
404114406462
147104335489
-115449179694
-68758871442
410089475058
205328925720
35494063180
428542604768
-134337393207
12567366980
-36503370147
-62268476387
306695710686
282135587193
-113955777226
-75072209395
364075506338
-35778807505
-8909055466
430412774910
-135508208332
19071333572
15088353612
287793084022
308405111842
-23748266103
53029829220
317404216115
201038539952
-89295564427
113507556668
141384779748
336412910361
9850339738
407933316076
-40984363638
381221659813
-93584355830
255877542038
338241210797
439325057226
25009890767
296221164437
-48973446256
295828320457
362267874038
433435711961
-19859251437
405483060236
-100769928273
-77707439335
266401240214
409093557658
12025052648
343177889881
-32601804105
-114147002428
154486858185
186335309823
309796196729
368205645432
142790901067
183151130515
329370906355
97159056496
44576496800
-62025094524
-140019315911
409570734151
-5521804929
32957833150
303122002926
396274168589
-78214574039
-114534228343
274352957130
-110527757504
354191556550
44867694283
50914946292
-90610100215
-24322321904
78376905232
-141830953990
-68312578728
-129044731607
56005532561
-128973581952
-30759217243
3107097945
119128654848
45893635861
28294190688
-85704259685
377543524077
160372100190
-27700794900
-97029993821
322153042229
-165642322552
320718583879
269089528176
-131869304320
56196245022
-145042255543
152694054174
370184433335
14734514976
431494912845
349413885405
-72012010344
-21947162937
-3833888830
152683824394
64943235769
408833946482
169909579778
329467303098
282379666301
295750071299
104623887124
71337758671
413451693806
122315276909
367193033697
348323702451
-104898139631
120726448814
179141776248
82250356734
-116822217754
3802158940
333741090152
273405602858
44585823322
7575693951
-38249856834
193126909240
478743645307
380634697706
432746415793
319742931542
-65846636181
-74385864248
117207088614
349924861017
404309470432
-150110877238
335374665666
154350265673
-83675503584
-113017442609
90004760925
111361327096
34299248856
343532280312
83966424592
44662798249
-22551315422
409948661391
-18585029900
62980613748
-58915500722
409956713390
292753924290
315606353001
-110002586335
327639371652
-25567746936
431808670189
20554704738
-7711695534
65766558642
337813809820
71376707728
-93980743200
244032494050
47807154362
-155452756770
394287261523
132721377381
331285268291
-3416680486
-28133823740
396956583184
-97220067349
203464661041
337784599845
-51026545068
69804718742
142479768262
9538572408
1351985363
294453316787
87251986657
440832060291
247924776175
14640793763
152434117010
238126601021
198371542339
142298704909
302589735481
300750908702
429673381984
235183770703
-5144360764
4260964791
57867602043
378611022972
-60067402445
-10366085361
-74063517729
416329421184
17222981250
-63146696218
-43441702013
263500954071
149472352366
15470397061
69076017613
-4516062936
65527369925
-84018408397
-78281357862
371664730684
166131245334
367944056412
-71498144697
-27627709575
-134079141152
172798071025
6198694937
-62477559383
360751594351
360093020007
155750093073
350714702066
-81091685210
6434353417
-41730267589
-134595017706
-2886515059
171511204997
-188915853207
-108280052326
371142021780
355411174825
-10403367472
164641395336
30977811989
-864598975
51330008330
50727659365
254795227711
317309368666
147626295190
-7306942883
331032148830
-29886929928
-12744050764
-22875827676
319802122140
-143082412476
-108433421863
374221632937
-102369271420
53487252576
-98524602527
300480335710
-100127494288
95262137488
-122201531283
-15674350905
-8526887091
149398567224
120523759949
160246523838
1423867540
210011726308
-1448965206
-23119540829
11261111839
-8122244785
353962481708
302397125368
-160464432306
-146731860279
326141767324
-69882999243
28053530070
354657206245
16378189260
148687810938
471662011045
293355221913
324367600714
-22107222393
199167970002
-42787268831
275795642679
-57622555930
148856959131
57350010293
258260235860
118260615833
47761235747
391134168689
-33206268851
-85504359800
296326131667
350287583292
412757575588
281818598235
-29723476260
-123558531330
13899499732
-10296272591
-162381815481
100611910211
342132545240
425335369032
-48340963113
426945204683
387224244607
398103240823
-158384863250
-145854610188
-17014109217
229665381162
6579665662
-180955565658
120127737293
58546616205
-58180433535
122253750174
386994552138
355653360255
-118489360907
295881303489
54691691730
40469558692
-40721120905
-55041593744
359852808609
7182127569
58144180336
353962932771
418490069513
-37860669363
290009631123
15600671501
359960961015
-74812435410
-69767418818
-17264154273
-24160882301
-91017782534
-35712474444
123401238703
-187370970880
-6871827923
-46751045996
-17504916686
22612489121
190500101594
-53672770341
396923086209
362722537930
319114849805
125434889397
331755852948
122777716486
198759892466
379068420067
-47884561290
317600273338
-7889060188
-13853266523
375830214239
-61078605045
-195232431753
-130712053917
143300098621
-40636556998
89614122719
-30795575326
-12346091022
-76717237274
45591463398
412470054619
-47043954117
-19406268518
28872679423
-34786730627
377661176723
47186813744
324694821282
290800426094
372068969358
29099192603
80033696229
-91509863615
353785102239
327167119717
135790779059
-74916185864
105361020653
-122763661984
-15105654218
78111236274
16496661640
357840204087
353347108538
357916534640
110733324513
323680516049
350465287313
168102072061
67736607704
196028341717
14802055564
30337268147
28566552435
179952780069
-107652433052
427335519961
99031504023
94810063428
59896247097
264880883906
-23751470692
306568075697
79690096106
324111987891
322963217546
354657206245
285860692726
47010040898
-19901564900
71580849729
432973002408
355842743901
341051459233
143765925214
297228276129
312053334953
-7464210202
10933724405
82747597076
308303553223
424128199652
46461574748
-161960909788
37535677890
-67464779068
-60986893108
338149476631
59052892111
44899779390
-29756566856
266440559791
-55008861359
263528170056
231276686292
44877655027
252822124091
330398438157
73465520058
323311869425
63235100954
-115857783350
151683437534
-171008830001
107537655720
149556667015
329152816981
-159491229321
-23833491385
233410929603
313209711844
151948852794
298163482635
14990585231
326833899276
-87717223605
18962806799
302035982303
316346185847
309630364728
-51034372500
388079367181
-19210476456
148254718608
460011766405
-118064495028
117469479733
51039038334
384661709156
-101816153359
53428844576
330801180543
239326511298
263197615232
-75799840927
-14691286147
245629209147
362553054370
15484018662
-148647660134
413853005531
-91592279893
408688442916
-27888895620
355488526238
-93276047178
401726322462
-67463624113
39717958213
54089435196
140832609670
392508004036
86228918217
38623830101
274325341562
-130385416877
-34898521092
-161963880951
117352617106
-129610907431
-32477221474
353245497164
39757555136
217542595436
144838634473
-191339076313
417380668738
76976838383
280343548639
422472990416
253335611959
82319793014
-140468009336
348673258630
-35365862383
299713627243
-14216358800
254711630289
-85309876209
-52937203197
366539542259
-8516714334
7334561701
19300497451
395317839901
96862147881
164079213055
379672411938
-97653807003
76107057046
-74650279220
301110961770
39137914828
-105438992515
286777499295
364053511102
77782969620
-101281670718
-142821143923
204273148603
-82291945269
237604934358
-106385868160
289444062467
267050412022
381490484810
422079907771
71192143164
-44470747982
307791461355
24871878994
-111401121851
312607903123
82520379281
-147087199876
325155011284
120692647349
368277998044
-99041418689
50248034597
5082215795
31627764968
402255661500
320013692371
-26006108548
426369241558
-111792815864
-4423477709
303314091511
24620019861
30144851106
34999542071
51126453711
363916302218
469094579637
-102513823027
365050137973
256044769942
-12178733672
35425855257
334168839476
222311184605
65617029754
252188555034
337609682511
212363809769
340262540611
289168903433
-6069267286
294730663195
-142362171927
-38253722282
-88822506847
27138672145
290543300818
91343758143
421092831321
142994977484
317225085038
104623663837
420166377109
299150122971
35596001001
330661707983
70479163130
415386152102
-24877805259
289929347441
279019924498
-70443354307
-48040306301
115034289098
356742855029
-17519399560
296613887314
-96489587049
81607097679
331494907288
10521855060
24604297536
76810275943
214763709331
436481604137
-29390862364
418109341939
144557739864
457328841784
80205951709
-85796422827
58300438817
-26691567587
267259186523
355876166950
309692493808
4728187968
411555116091
291028251804
5870136462
389780774349
144599087427
-68677163967
295086432962
17739303825
150454286916
247934821587
150484222980
-197890853
19334449666
50538004858
-18984538107
33489613369
320954568797
-152343036768
-3155852027
345913873148
348705746141
-47852142600
-78265110827
204022947629
89799764722
81066429899
118661156676
-102076506071
287074034456
39042037000
340825839131
292528049390
422666438794
-13692545883
-88479080232
294672458339
359571614308
-54401896242
311348453244
14992905937
17940593502
-69253975301
47031315130
321310706070
-159202023935
-85953341885
157840378351
145737207766
13780503607
182793513620
-25442801975
-74825044701
321311612057
-167843834243
416296586929
325947599794
-98301959165
-105595241862
317025270833
163805162129
-66092951863
356514758880
-11327362713
45022688546
-61255165938
331175397472
224057144031
332544539966
237653977100
-33313766078
-128583433916
296059352125
-58534310831
83407341466
384957134713
43915129346
285699555078
108427619703
257393752704
-42416461386
359893994532
397696686727
424018992114
59505087442
58752825032
4538228618
363937889149
119141520534
-61712723080
175398295111
393898023938
153317417976
-84709892642
132204996060
-107563526848
323491794499
-22293038409
43309893248
-94938613414
-128906604805
-113768242609
129886791511
5172571486
-172513799352
334224412542
47818820251
-135035480321
320703924974
117603383167
-68915485870
-1746503739
377948354242
39267752456
34359290693
275478060202
-4545578487
-117544847235
326635215713
250063016101
142964946457
10179258634
-177532083632
296284244856
56614973198
46034751773
-153815981185
265849259665
-37662431216
-147508622310
68219745225
108075221106
819945862
39119064997
3938503585
73955211866
266540473797
-25912151083
91270448204
-67952431212
191933980649
-25588754543
403558891637
319588890946
-142073871953
-78772400484
-17160491685
67781808834
304063767357
-112587190391
-106689005683
120926878393
230760998115
-141814477958
297148321542
93394741156
76317876833
405143490208
65401046028
254855703855
8970083466
7140745271
-45753956383
383368466011
85566726100
-128121270802
221844709966
326798654240
-1469669935
462270459210
-26799316319
-68257186234
-189112970981
-27678933777
-114335736336
370087208739
-142505370105
-129043266271
677946959
56973039070
50995359935
-110413869277
477575379954
75901493859
-57112508777
339099185808
342839199311
309651376014
153382526055
82888502651
-117576149435
-129111456674
-4742964009
72611150651
-78938397564
339669887246
-106715042787
340971558418
33715277112
-85398390130
-110219786243
47081763036
13639636767
-84285471900
-130546448346
34638164300
216919286209
-142376888035
-174779320031
140253411452
13620715147
30875596422
117930997366
-115064033999
41872162331
-12863392001
148772128748
18744650385
29210259933
64679816689
338224646602
289498579350
-152905089789
-85192863903
248181803357
38165219222
289474518838
334629948305
40280490405
139068558321
158498221318
14179844731
273440404321
78974362116
234201735858
-96884614685
-16181699992
425599532493
5998731653
87298926405
127898605828
354444829020
73271656251
144842834653
303128929657
315909226805
56696075816
78671625933
308901988308
9672514814
345623270394
8670553060
6482120950
315520011394
21818253171
306330086588
332863795305
-192115446479
15799519853
289070847821
27108519230
239505473880
29258851897
75778657562
-45780541925
382519778153
211613491285
216348688785
54849323408
370508238455
-40810188910
348812783597
246735817853
321436613463
253499885521
283372766191
157249173516
-18093233360
359431719652
-23488159960
343115470814
270014251804
156908675582
21008093645
271646169726
144581685524
58806943883
-112186831969
19017134379
-49896553566
48033299027
-12449189738
-580493387
11965244551
147213421420
-12255374695
-35746508517
289883934198
-121957494310
435928955817
225398923333
270358284237
330017078629
-46156788362
59873533786
8865394925
336906198916
374231869163
48581339581
239341370634
311127936144
-94325101056
392983028056
-62498231631
95798868693
-96879191940
66090480734
309259648891
-35152633403
-155189757197
-12561371684
313093562629
158937519244
-23145282281
322312542743
46771528215
-11228226975
325554183028
-2848487340
17934075993
380750619211
-3761319083
-74485481325
361479230063
387020015366
-25608887615
38117995206
54195746817
30507688460
347693788618
-112593097087
-10784683382
-64438009909
343767176500
-27889545505
396912004223
39575304990
300080587
391707393861
404008143446
69567721727
33490917419
-133530648451
336501684656
-30117992162
432748869807
112589748282
163792299370
306312242290
5542674854
-14163377024
-66425348120
-123040056742
363558577003
19277197470
410732954141
417974524010
-78141167068
297401892933
128708015351
-55578817154
-136549229339
338656189910
11016297918
-87529990607
415897133632
-12249496715
29825828080
337867586425
-20422208080
380421132943
77408053810
288283900089
-140031589505
76093979689
-111751085740
-54406682197
36370153918
144752261521
360691794925
69233078827
-1912982669
-19334312583
-106215876827
-68848606882
153118241491
157452710194
339434416866
-49077543156
126393767650
35266350266
308286613288
19459602655
76093079172
120589473769
281564831690
-39087948151
336930659967
149290411792
472939441130
166171080216
291024264970
-82148985384
50203809136
-31736402126
-33981345942
28148165586
35507399544
-25822773727
-87651528842
280755058859
327189151588
76797776126
179566856094
83148009247
-22595881937
-129675064091
291513853061
354547133463
-20236522363
-4972641154
-130605354805
410582272344
28841439077
333594545129
23618518780
342099574186
26169733056
333584170748
450852040034
15219900126
262862308307
405851025558
-80505436097
338283931793
58610738777
-123889731300
-147733199767
-123070036305
390776914990
-68311775975
277756852203
251980248692
-158347313180
322464267996
403403218731
-31210060284
-30936171411
76444404401
-68880495830
-93105558062
-116200840455
66668720551
37468461725
1558907539
154125723685
382935305969
-78921539931
-21343568722
67412823806
380512060348
325348594958
332134870883
-8998674407
131137026702
358025743177
347139861284
287799346843
25233171942
52165291255
-147277080578
-81437930427
307077393682
-33481132105
332983192509
-41954836997
10025037633
368584559605
-15170708647
-180013040905
373111331108
290370804187
-50386911216
213366255311
271736955368
30390015589
170728053186
113152617441
-110676379335
96514906209
-27927024836
307741059056
-2032219049
250363150200
-41424876082
84563651688
91704467266
179611255464
-32000192314
-60488449612
4141350295
329420741824
-18289201415
230031725509
-73622544013
-80252678765
435656672768
167028030002
-45979886750
-54396199615
291552217233
206356835111
319110345330
-43435562705
-77455113370
-392133658
239615770413
451955585047
275312718006
-34674020433
23789592007
363108854654
-41999773435
385538122537
396648201621
-170241568897
46594045730
-74042333917
426146827027
339741479283
429314864357
136751521707
23422508868
257856683730
56799411319
398826859056
10487102830
-95049218634
327364413330
-103913598924
-117061794407
245884285543
48056340140
3813836552
310334345241
348193019532
-31546297106
356552295315
-197522279001
-4974812829
422662188279
-18032221499
-124380606411
353699083659
56257572698
378725723866
180615327521
434206487903
-11949027956
213377478496
2611161187
179579046957
-46142312433
6199742602
-198152568188
267339437414
-38441409596
317256449445
305444132786
-55534086839
323248726989
-4191092127
-110079971581
-51759165855
63139546608
407370667122
416819765124
141965658818
64876439464
-112291932053
42997601457
-13929196023
-32697994587
-103027851322
-25524043689
-81322835105
-72151471388
8466994255
402519306978
281908947757
384774141024
325973483663
48706453748
353612149857
-61452682180
192469552930
376867439862
-94406053402
16554611449
318859800450
369311247722
320311595245
42729921467
-39565580493
326422602881
-26568225846
345060304154
341885443597
-95517963590
352182776412
-655643666
81091443756
-144184853400
15446337190
86188038514
-43568957029
-897558670
80102739797
-863260976
-43880047056
-99983524184
-47527866374
75886170971
25827455111
299864495207
-103322244194
17510503001
5437427236
435393526224
10477627207
-169215971886
-46491736999
67513938403
-11519659898
399349006194
392501877042
-45447430899
72660689388
-9938230794
274790309520
334551209612
348169470580
144175604972
328921606185
282168239751
-18021937353
-128618665112
-23993245537
72719570224
-23593742524
-2238651595
87288756793
-8029351191
266083903645
333930969363
-60057986090
-117031458709
54374770216
355519272677
-45641991141
401387422008
326591568529
-65647990389
146599491187
87189715323
166017756631
92401710547
53127894563
-37932091783
320059614626
251317621058
340911134473
-9166672418
-87987751558
7081437061
403088441910
316518437911
-60979525897
137437772028
-28229709565
101646435582
149355355127
329115015821
-139644171992
-75767031071
-30757732697
337939349172
-21408769248
69465586926
-49239683860
317714748501
410000405873
-32703067079
164515631506
371980070745
159280668280
11360544413
44868738649
72427426711
169194657732
298103385840
-28651156167
230720374783
-171561297338
290104685502
114981458023
319848392257
80757233151
-6408936461
-137989305088
156492873754
304132634191
333330687338
405595000120
352964849304
77934306149
27077382017
425763264777
267395305125
331220640256
-22060864526
409117191505
155274645049
-53797114462
-120744195401
-31846165331
-77421084537
305704755157
-44554583391
-49053450863
-13627895156
96993526864
404999445301
59577742419
357385273260
430237803095
-116064068275
262683597217
82564219659
94471459380
47045721687
29198745115
47518884343
-137939240323
12724829739
289623256324
-159204357696
-62921583392
-4199217669
366353840475
352233192296
58188758088
8953725778
307170735784
117571672945
234552439397
326480369076
76256695364
-22986292577
172305892428
-27446240719
88538774991
-145821652246
23269002726
-36713940183
-10519342646
184612507048
389360131006
431437147127
139574816492
331033516371
18424863000
236112853327
323243821071
431815278655
-42863353843
243653362677
113385023217
313855146068
24175978391
328885551886
438952056587
-67143216227
-22757409732
156825581285
-45275632960
156194360150
131718822584
332145132888
89341421898
-70070293294
12283637393
436829609417
-76626853862
-17669423602
-98388658780
-69778581279
103998424203
107969955479
-160939849641
153443624688
392744443101
78959451663
-4476029067
-181923669204
434584306984
5791044902
5927687507
65741914618
11435699051
325885894567
-92670759353
-23068179628
158722765083
332223763829
-69688944696
104422654422
-15256896000
180666810788
348924806615
354172380790
1244254979
-22955604087
349703805378
-78111198584
18820979277
2228000006
-108946192701
235439888926
169072807263
-91962277466
173428852618
-105965814415
-66459001600
-135083592163
-24979044296
-172595705051
182066765020
3364154348
199894753236
342150920738
-74893939293
304738588554
-26636059098
58840506619
301788039935
-46285820141
75066040983
-55197320148
424152472691
69831654966
-77920035841
301973987599
21260747662
2489947883
84597284219
170027424811
111640436750
-31468910922
15596074189
83668118117
90268602209
70229989978
-26150967599
-30999902948
-48707325424
134156122378
-120214583006
18873290274
-124872881955
-58902950823
-50505447344
355059923963
332082550773
-43622720709
57564123671
295726491072
-85334874641
10526746217
318389251258
332621076463
354713125357
332052557678
-88126270522
-829454859
13597925775
-73956983204
233233158078
-82590577526
-101880645068
319539697061
153703961316
367975579202
-26024546089
402652917489
33035071057
15796678104
106622442671
151676810827
-6888773822
18267195855
86437685078
-94279637311
408239577174
11585625
36894477759
158777402408
155769703526
-111787681939
-100597568140
331950393692
320862847294
123373623697
294651172229
322889732056
295095117252
324346536503
55489739074
-91065819026
264503790568
295102294323
311961386373
249402695450
-58502250215
-85423597528
-82178013182
311457534296
327708451235
-39590322027
-92341341360
286597642163
-69249250034
475602358526
12285673289
305212727260
367211995746
316675692177
150689669418
42265949536
430832432872
-34512779849
70351596645
-109144950811
-141505405265
79701533730
242934936248
-13643499220
78677174106
-10131509861
-182846730336
-27828175772
55084128973
429781529565
333903559529
281514731165
158747781183
281913651086
-50429090307
84005871592
271048798797
15357047601
435708859896
353638897338
-41284448082
-114473568719
-29056682516
43665701543
434309614197
-85455257774
-118725311845
-74731511018
341536072491
-117714880961
-15325711455
38896435912
112578159091
353190991987
-155206043855
-66315001748
361218851110
-148777567299
419939107432
59451855769
297603280671
20961617059
326259380585
-36851290250
-179666172341
45119335998
94545697247
407760734315
68499643042
19567454923
72576643603
384648818478
243832688478
-953448753
324407909144
-136136243753
15040666160
365386715069
418410072019
-71278013979
-128195108143
180191886795
353795436279
168051207414
328878721318
314381387983
-106619533284
74217757758
6979827545
-31247972055
136188378949
439525215281
-122413836150
317219723348
293404795217
383213489220
-27222541459
327321340171
358681964662
406050283549
219094560260
372018352867
113099860765
81582608230
-23462084138
353550990846
19557875354
133780830615
292220164745
247480952236
59059456352
128858621569
219352309271
324483993197
382431744555
171753200702
29492283420
150312027503
305185250917
409087124144
158116065339
409803440783
-2277996597
222227240947
-92936437130
45845643956
-5052835975
329739395359
360777093065
-65278152805
-70248184620
-116045840410
415115169544
317303422111
-10048180747
-79438565418
36911556918
-173140628664
-9218220434
414531899706
330418903426
334824672658
51046013726
303256802783
40416854038
-41898626367
-83549060010
338241210797
394784370867
295107076004
-172155966958
372705614323
-8898535825
300962410678
186908362561
274198624439
372203122470
-180850192418
-135198986021
23786075101
7785494041
37665116779
357632901873
300080587
301430482934
103588125951
30604151591
86893279806
404788224356
302927640447
-160953601739
231894931031
300182952244
350304243304
-149425997463
116086635210
-112336847980
327095015183
310241496829
-4943075682
-108446211975
-92777372911
-100051556796
-69323759912
-4335887353
79904132948
-100641098426
126584677189
65555404538
296182589657
251706633934
306019064765
-8785636084
375851927818
-33351535277
151489409405
-61772580206
314113300786
342532691474
20816680416
401021806044
-23575377257
-36879105831
423589198195
142759865028
407549952425
328749625752
71537518262
-37593938296
190889211018
-74253250785
44497561000
53720231955
9501816393
-19258679216
293723528735
320227456642
354930966246
395438844083
120264916734
230150553641
-19756696653
-67930600446
36101638958
325253106671
-37079428598
397557668657
8944690040
87006914224
67271236017
422666438794
394956420224
-791810471
395457085402
-75086528525
-60690025701
279164549976
406799762772
88285850921
327423648070
177792632168
-159523880851
5118245221
201284401924
309294989864
84171323084
427567268128
-56371154070
336763740911
21680909206
235190613290
31692302982
70060429375
405384578100
-37170306968
-832116637
-117688268006
-27329766253
285785912467
23988707499
-81182955497
439325886762
376290541960
-89498990625
270555103645
1343354084
16727568485
341367109879
74461617758
363262701210
341789060529
159457379302
-13210445156
365671364707
345309774127
386555561839
408981609068
275572299600
886791387
-94395347506
36135907964
-109250608023
176986871782
6879191437
23036533445
7335216524
-178887764187
58734035396
67867013472
201937232759
-56759442941
290765630981
-66995948706
351529152779
416908429705
26163354954
378137713522
-90103520752
-66261100101
379046977428
422496956629
431886493393
353926654211
-187569937167
-166492196923
149515934141
346258499122
324585263055
457759117070
-145155012235
303512940444
-67772716747
-5666380248
-181066382705
212382174356
-3983610309
23657515892
324730539050
78591729488
77872826119
79684235932
318568489491
186960447268
203780967388
-59848335196
95291977225
68777793019
163518186685
-9221371704
379083269255
10835980193
59258865276
-41197055512
134279274100
27147737608
2012595716
-80201905097
69198521777
-131716380124
5886960701
-67181007897
331273728510
319141826718
-176474833338
283776231294
-181008612
289594525432
334192904714
149221716738
190929129411
150340314928
360533186916
67262400129
376393752177
-131470415426
14347512759
212219539129
353196828264
-140410473921
88146132378
16253728127
34368327852
405031070440
9838450294
-161490631280
446539368113
230700329385
25675771013
-16529448506
384078960792
277491753363
379270832077
-306331626
25244834751
94551770602
354024879302
411746600235
-154204476722
-14673864414
-113359310451
293726160305
76599467584
323351932773
-31511326056
463984539371
1617413911
312889803508
392465914169
300192503241
-1906643702
-4547613755
157771382139
-77336429900
-64894257604
328263011557
91523582621
-64557654293
400669925730
323062608857
-31571330757
-4076145063
-106064973033
338116980201
-82833337576
90425943848
415841070662
342037776088
-108568829785
39195072349
341123935699
4167990840
85398045966
-68607262757
405575126
282532850545
977763088
60685729980
292275722006
75767899244
394074888131
269583235027
310479716093
428198520951
-23513358731
264403557810
-72950464388
20080639606
316612700651
323679618061
-29938989371
388901853692
-81811165022
6277701354
318877097090
-71217638499
31982643026
256267374542
-105473215004
415142142258
-79277992965
347556161069
162405412988
333499129960
20628967228
321832399935
404182465486
-114098321167
-21122041458
64590953391
153269462619
360845771186
335294481723
213117193470
-7265367015
12729630608
-30391956468
333654006449
-126185882321
217423565755
-42729019940
207107088172
352297879625
350184351784
3817670444
-114631250190
170411219756
331403066066
412777085149
-76334651060
343379851280
143701490272
-32182202579
237654831879
-91977938278
313855393430
-36282129463
150172546199
37111474735
332865563672
367483909764
-165570584182
-760836363
346861885493
-71149724418
10282434291
-38324451438
302441318241
325680678883
296992171546
145409795173
-59211344528
384971087080
-102386320816
102592040042
-115517883341
-437311402
297829390848
181974057616
-15663757780
367887188414
11438459084
70856012631
-31925946143
302488048008
-137427494854
343824330635
-23688488783
326052194103
367942451296
292218902603
301301276775
-70822274356
160507877562
150299156541
369581822169
80250710790
67973163369
319210587631
49602248064
-169161957252
264081521870
-32354529440
362626767778
38482777015
27961216402
310897590932
-15215528647
124134374862
414593377658
52365053460
297863449031
274778312880
340343692036
72931983923
343134301109
35105673355
403492685906
18656201455
408833827818
-18774497396
76004952071
-9052826136
-4561478317
-68354905302
-20002867064
129703507239
287177022895
340020511201
11178775331
65524593000
263191899855
-45294439692
170911368079
370331909555
386456622054
-73222003340
-1793209620
345811686071
390560735799
133201730345
-162768422848
-811588716
80047257990
2163543761
305917040667
361050801164
356417000775
68334880883
-87145247054
145585797613
18228712781
416698982976
33129746604
10808212261
31383434531
-99222048597
-117631897419
52995020224
-14402132278
-132621430624
350141456690
143154066295
-77595003218
343465150608
31142389231
327485214945
34842782362
170951328648
146916488426
-1108956981
-46851669207
72531580378
242950205140
-47534528472
30742602570
-124086313638
107013391554
56856880658
-135628591823
143046765691
-81565862253
308813708866
31284698506
-49059630373
40302658925
150764655562
236131954744
8571271686
354343802854
-69206831639
-121087699160
346988658644
16263119881
242312358427
197216385652
286273700577
61506222085
274118348989
365911493195
-93880095860
345397049564
-25176789269
86185492501
380661278866
336429675825
-49125769546
332216347087
426720796792
253510959615
346112345807
1611141524
72098767905
138487899772
301669857647
-20573784541
283502906990
-81627943677
-73482855301
259995952601
421653025032
317785614772
335507836362
-105067758854
67340038080
-104996760325
-125324223373
-58498420925
-17845569261
-124675903113
401343641204
-49123423184
31802763596
306447281749
350863333716
-90064737166
-156742779194
89749724525
17820953883
412143964962
21991324685
227669056325
-31478955110
310399876995
402914467414
-63578941648
49545405277
338415146309
-3528764385
-129392392501
120075146680
58355046147
346459830634
-150308219230
326573884134
153443517711
202007709675
54102993934
139563063720
46423872865
326592137730
315237958896
26664050271
124881249866
3221081600
-98281337249
-176708333598
42555355581
72948775345
80813928297
193351917046
134529605091
281188803890
188138382552
93909526174
371692876115
279638311779
313133155395
289580460145
232417194980
-105992470066
-134534329344
-96795058035
-92478171617
204795462298
159647162772
-28478947575
203149419433
-207381979215
-22156835662
366520713485
55623321584
-73451245440
382585831263
401621358459
-71649107649
291956248383
91791519257
7317881507
-122436856204
375389181171
1831615171
-83222703945
326922409851
-95641897014
51569845450
141771975037
170823598588
-155719634498
374597252217
15875671846
-5944566965
-7799823148
148662974592
-18796710023
107489666648
303410024034
224578660350
223015462902
-41565553621
-62796812179
328165190311
37040307842
-22918915635
45891340515
-162596966583
69162554178
-130335157833
279210141342
83798041787
297840347578
-50669234932
332777073432
80185215821
434661205869
396689072069
184120388034
-44994082349
268025913444
-105262489737
-121938162534
-111220854135
-141645268814
6899036577
-30843754638
335083006173
-21143042907
304126202044
-62887450511
242359615755
323480144808
-53013587009
391978138664
93001789414
26406704327
-89675902580
-144811504981
-17963654206
31351697946
-8731553648
374863935389
232555643900
360238685533
112348259883
386339950566
41863677103
74295886977
389612163083
374322612380
241860506631
-9498929313
-131870169659
-28025032028
217289097591
-21529953873
393962665445
-3614730927
-19698679747
-96255765724
462970273317
382149377230
-93245815443
-14484209850
130583584850
175135477952
329032123308
313662550132
-27735677393
10308412668
84040643578
9944037319
354575296526
-105801893572
-132828537178
-25967456470
105211523159
-191439156764
-46951708343
152181543241
369197064088
33007487763
365524860310
186486983532
65058722915
-20927233616
5692436745
21711296248
-94148291928
15982625401
86786469518
452429483091
64096060271
-97822625171
137869198059
332905152202
3802488712
11961392638
282501500070
357437949899
-94251071358
448569316475
-48551631374
-153754425669
-108308025174
-91954042311
215337477890
28465163134
274672448656
11711110071
56059303786
349938012974
-53454736071
-70584180420
-122615991372
67493697613
334959912084
-91482593909
-116103121443
-57757283071
-32278344907
343591816455
-115783671387
315061769739
-144750540448
388204675080
231394806576
6067303255
-74089380351
324548087544
349026750398
343494824481
394748182078
-28347851346
273500730612
269700708301
336346991952
333485319244
-13468679388
256207139600
17779297830
-102831305342
-79654142821
369326704150
409239664870
-11904220988
155605355004
-88002556698
298820736541
252582936241
228291613170
-185156640
375469501733
426383477178
-83538717542
379112993577
12491572038
315085162793
189787692477
244786724402
6232609517
-112867757920
343850802135
393320708806
461230953481
247544122071
256996166147
44293578664
-407153771
341310505553
74086649081
-15836604113
81436619877
-136747351652
348311317368
299010422703
152355567458
359655569775
-17507064989
-108967051622
407958872770
-12994976420
53210015636
-201283683063
-45569105525
326515896522
-135399382082
-181848213449
-108642384880
5176141409
10366052406
348599805360
-127108702192
9041090299
327297918907
-129294802416
-97475206504
-63234159624
-120342151301
76426668479
101068698824
-34479938689
-124863081808
-17550505269
410302005609
341273077210
263210270652
-67051034072
10897132931
84482779090
386822645461
244911565915
151706379328
185654436012
404603477724
255740354687
-41056154497
317971578802
125084811561
24963081080
-109542250980
424829407844
421356428706
-121196591833
-17194471556
-8361789058
-77742385036
70921503070
58089048139
14251016481
4780402180
263824772344
-79082206972
415838620830
389661701167
-68654321339
-151634135643
155702942888
38142637097
156628456416
88890603752
345480341284
298771936205
49907460224
309925456713
147674492825
-18691184646
343767584802
-115959290621
86577898170
-4565392984
-88424204269
289226724037
243505482877
58104321374
296965548906
1079511881
24820851115
-69217543324
-167391532344
133044187814
27086164677
56154163480
275640188791
10369073170
369519937677
284536821832
203097090490
387097278726
-37401358258
307613533591
-52923498687
358258096966
165286682280
-23200587546
301205256573
286277759632
-59112398303
9822808697
428390109853
-9854122450
304477403572
-147007441553
323233386085
105673615128
18840443173
401262952014
20544497020
424086686839
84575377822
343568730185
-99378013375
137050746440
269551530824
39022951075
325755464499
182577323960
322959926009
152787494570
282728724728
-18864023537
281779829136
108073882252
-108830438482
50497240286
-85904028800
25799405675
52660821380
77648175224
233001108877
33532161147
411505461907
227477469654
242625707767
140386474231
-95292151281
1502276450
215272051292
-114153374876
-143605941158
-114796851144
273044919950
70664322217
42743744124
404247899
34759225807
243431216877
322011547574
364309711561
-114726623623
179360305463
295002701164
394498063644
143618642569
333147138442
70815084988
254750392436
299880163303
282731258405
401691729983
45366327053
63995792169
-61843805854
294893342741
-91514449364
41810114777
-137193748137
54511653389
351331511380
-39335505076
212418387023
301889697283
144831710420
236319815405
136608406436
402666049275
246916718036
-7554661221
-11120852320
-74104901083
-168123016744
261813954605
29438221883
278799154275
34311226905
-6132744813
-170129852543
270509859994
147609513046
424170602022
-83372437521
9729658361
296588697324
117116645620
300620115873
397740200163
44748898200
338597929849
150628984844
-87573963253
-109658502393
-12104360065
-21253509494
-42804750303
120732785273
-102257751257
-96809854892
403637389812
-157273815902
148894999124
-202127428
368628174952
-82023095926
325350884228
358103630099
-130632557126
317922055781
108291924847
431233323890
-68334821459
342169945383
57350010293
-142516934839
28526926899
48576124802
188700649555
386000196479
-86544660801
40432379801
14509439116
318218285103
299591068809
50346351691
-127384466106
401052841636
-131389528665
-77275748543
433499968611
335505459467
22325564270
331192702396
-99629017598
145948008235
329035267313
157350278986
-112522818856
158473345942
63922670008
125336908205
24720211035
357993509618
146515820206
402071017100
-33205946576
-83771082259
165946975890
344256487826
281041512791
402029590327
-36077415064
84575614673
270090471507
378239759974
251579594972
-29379886856
-163080943301
103266118529
-28427821785
353630422679
33385034605
347148888511
625787900
60104873052
5095174614
393552663755
462619503932
-56466158878
273226064282
118287716615
314795411374
258066123244
-9800387404
128722329275
86121094886
-62393726059
-138787704824
322904456520
144291344950
42248855311
-20337478598
-123818494867
391001884403
388409260084
251172615412
-89376757913
-17456257321
-14774612332
366272942203
80000280356
65683841098
295636553625
439795219787
-67345986142
341611649464
-149986326432
245228878587
24070978608
-170787700096
16333722580
75875493108
338852279002
136348051666
-8278690530
315785673972
40454699462
-67432259160
21430292293
-8002345596
375474927882
416169560235
143486322285
435469950526
296451568002
365416962087
251745744427
12694760819
71300246100
309631617869
40860437642
-55632695784
330710217163
116494140969
332028843253
-107069395741
-77101370280
-100664592230
119451765587
337977581718
430986266713
334602626576
434191342505
319258662164
116380700255
390418758003
-79771572159
330801180543
-58633038937
14894815549
198224690737
79566162533
323976489142
315940367247
-21934054399
394178017048
90395563643
211348068625
-165694524508
321664764121
135088203019
-85758186100
376466357198
240420715446
307180553714
340577393396
-22339300
181473751856
-19727093220
-124708564101
396073297641
253094072382
150763179750
4035058657
169537646069
-94632310826
425644566166
392393378439
325391523334
114455766993
120305374700
329309614887
71852247703
28631551767
356159348823
-30270165864
296602549490
68959096213
300785134627
14773642500
38501947602
-32663997884
-59636913619
318518952761
-139844148754
376600504789
-65652313618
-76597352396
38201041514
-28362203815
431146613573
-118321154185
142355753252
383835490196
-127632493169
162239553967
-89843782789
-121217990970
-46765750430
24063295190
378727784044
-77227098851
405646814385
153918644447
264600214926
-32805386754
-103642634372
447682352
59365867075
69596496176
136943996242
275853283185
111168233668
-98011560946
-17384749471
302937440274
11044003426
84608598940
388186030445
140581570181
-62961380124
3793189731
373173792227
290171975857
-107650669236
42004317555
351239723146
352495878417
81453767254
463878681764
-133062488299
412796290034
328253978546
-183629137939
151430526711
41689610949
81419998342
106637185586
-166127757622
-30496488717
-86503452829
352198588957
-98906325133
28308059767
-143680485942
-48461210919
156712855802
-43703304340
-154800547097
405501895205
149853596071
-6076216912
310093738623
231151660752
18456223558
39957675160
249527150789
42723485759
-8569795458
22312808205
210212893094
-33868833344
-108932779523
295417657539
418319345854
54840261547
55253993432
-168165027195
164248276060
343946733866
327326241457
217406543701
290366895523
383784579511
412033707301
439196497
-61909300289
-25912639754
301571294564
124600236120
-89409160969
331521508438
-104565371911
392546774716
-13873485231
-156185981214
57060782460
16315484603
-1250365868
-75075000100
-28657910570
-80991845149
1475248657
-12632261221
253845651492
-131217625198
146672411733
-4947121356
46245519668
429432466103
104415178721
45036497127
-10204673547
309975202926
14191415600
228023205710
371130365439
376232400007
91961109970
-42774618320
-18420630063
372765535668
354726499549
192476001745
-31013154915
300511678730
320639680759
323995394752
231691259195
328217947755
-164885241468
-176504773155
17140163827
297322854710
294606409776
128337175417
-41535345877
-86853053177
215122807303
189606403997
61652868911
62500958449
335278198672
315418383868
329760362099
-113426735912
324064624797
-4900267255
-41258480775
-103001173901
297046520943
-10677035017
-5305049257
63619160580
131928867026
36427259974
55411724905
-127927842427
-3428104377
126131194474
-51477298443
2641763858
411503200561
-35851017228
-101115075605
109943738351
406307151347
85685239922
-173950275617
48271822056
-41553627964
2234513163
338766571611
422548302993
-30126033619
353615172934
-9634966150
-107375501719
-102843348692
154308330200
281785276947
288782094610
424263937117
406265998034
268371437470
39033866258
311154463115
241866586594
62304008884
332170588944
-33398739203
-26875615218
22093164928
-31914860979
407773782162
23401038643
-77412322263
66173690073
336878180328
258677748369
-65409869646
-5459875699
327457882407
-139583594825
208721334817
101185638864
-5413671016
2184251181
-125040030987
279818974931
299120235316
-110433853733
298844083505
-167392242429
166867819340
-103806559180
387585845043
385765603999
-87042486438
197179389562
63470852906
313614209849
400413321022
33291109137
-100432467746
318279873689
45919799118
156408333966
2413055225
314271975553
41900266409
-126071825216
60201493263
-122965317573
281877324999
-66142598145
428345104516
-44396026721
-1996356901
409117540012
-3818356625
51224472399
318332113504
283282541477
44725474142
-81666844997
299656038097
272805675988
107326770305
-10622337442
461747094596
-44543748888
-6014770455
374901944534
-100578508334
-169650669445
398620885630
-22709346495
8742981045
241388888434
-16994043660
-50235618604
165319398907
350819205241
-74441260563
314088333849
324403074833
-184086198377
154936715415
84240436514
16112139885
70040814589
40871473405
278480976583
-45143155940
114183240800
190702783413
99868755314
-92275211767
29662549941
-49994101855
99596310939
7307583098
-13037228010
17419167811
45504950268
33572534463
117890266477
338718774212
315450300140
38136721971
-68098310777
352293094635
282664724562
97040368540
-99210980986
-123001799850
-184541119632
-24052320810
299686612253
-2016506863
-30443511529
166258758508
-1267480109
-32601822673
-2751641800
210757709540
60968684106
37551900005
-70278922962
53367501202
-127406921917
4125095764
-43538283126
279857420618
-49426579203
-5857143016
-6519780758
257764927846
362382678127
357246273489
-15267643809
-44814157040
50954352213
376441184523
79213167267
-107449786876
-172874798607
347317569608
49308335075
-6340369116
139186468257
17859357050
-35558818403
-180321345432
325002296450
-98597814922
46084364927
308366350259
29506868713
10002400080
-78361650531
-23606771647
644827735
457540124045
53527754957
89599357709
279832326195
19299471156
408127553209
290393633217
151594143
407062231158
61466020272
330678592346
-183896058349
43667123710
234469365030
152515992069
78914643035
11206311515
325622213146
31162668405
228848074906
7370473989
55712900772
421506186786
-58536733617
429184820433
79259230017
-2331574865
-71149513955
116008031024
73372671466
326746530223
-78754111399
-40749754471
377353695135
60531915397
331589725430
334855450463
180732753787
395553686499
286386482
47244268672
59703390682
293727059247
60839348751
-16242047368
-150238271182
-108654783353
387895886616
429346217771
104764497544
-58531197158
189009362694
60565319966
4686151199
16076516809
27606154575
54703035503
313873483539
-10935517698
37734043813
340818245488
-91633521343
132418345387
4957050324
303864518850
334698721391
186190635802
-1342378944
273934107073
464286039346
127006996208
307473561518
328205859746
244946066437
-111635855760
4360338078
12930331815
408888053709
38212625882
357949216896
-21914760029
66802159706
-1921429149
43904535063
162292310
-17244423819
57826708133
320145965131
344995722704
314216355557
137521550033
331470567394
15002662853
313873483539
135733452775
-135994795817
-43277426253
54215382985
323476521848
37054693221
-160406807426
38948420542
-3082374731
247898830873
413118168971
9997762370
175430776944
298502119605
52255986826
-65162907940
312134416294
-9237083616
-72755208511
-7958030559
235559271297
-48466775691
21849136611
62491143010
136354441802
-1743462898
-65514217731
158730762269
406205235111
238646370550
21182630625
12924462418
110291016989
-26701389537
-20292881683
-92462531081
364150033640
-19080071568
359663850759
247411094763
415399256308
70819706705
-29480150789
396728546444
9085144324
-55364213288
70240334515
99508589222
106037595844
-15115149292
893310839
341797282588
422940763534
-30329292481
435063630818
-15517132469
311741621042
366851488703
378298916290
356181156760
-143181839899
303866996521
105538178939
334292588019
-37925389057
471900870152
352564677338
332863649571
87268824270
-14240343962
-156847855470
-90740528507
353404387055
11329101567
12217918509
-20338978437
-82471195134
401952420890
409342144561
329770159396
-69241118022
281101872763
249317531372
-3600848146
74215619301
237993480656
383599673025
25104219599
298452963572
324909277751
-29020000558
-96624575943
421078040293
155074452221
168593091350
109834638400
-130246132349
389073511761
355599566117
321543166425
316686833346
331904885200
-151777691301
54752930699
-16697332296
397599143644
18492064748
-79480906263
246386110741
312509513415
244759373858
369147576006
425427499916
376574782271
331061181876
93779690058
297244586063
388417371808
138521011441
324240328895
417744460047
299502055435
14497316021
270211047178
448984111260
-10761187087
-13613443425
43286002664
75969786400
277203299551
205255790431
-1750483203
-32882182408
-80670039793
314315503852
-3224341044
-67583710983
32056056936
365328403527
-89552411306
-64402577870
154453092850
-16947352641
-76517841616
-20712988819
-174548929621
22659659191
349695054675
13603872040
-172830756956
21959432256
446185689044
-125246983635
17140163827
71340586577
320276866671
147298744650
169065521545
424389880978
458933121784
-183888958018
-41545549183
294703981840
292240826665
288393450083
340309934084
-30079736883
-135433220393
-125832091095
305670323425
70793097556
425528253489
-66416187557
74374812615
401893101454
-132844824301
61177993399
164071215281
63954886655
329221403341
52521430516
423986184530
-174113928564
365983770491
292600490347
-73924144024
280080317958
18505679571
-30982577715
379158833349
197347802217
182992596363
336412910361
59549966974
-154619390528
158414578622
-6764614253
13927367433
-46417873207
353422967
196057912217
69793592233
3656286557
351553016252
141619891812
345031009973
-31310600810
-116067885215
-128871001049
8626841551
-464828528
154614346186
17964314928
73478781505
148086354313
202340526886
317205453554
90007420247
394020379506
255153550305
12766218252
250603763297
429073886896
341178711534
30080029644
-15430962402
16006780239
-71062097119
-27381510680
-84455243660
299203180694
394559973876
164044157882
428682873911
334670817119
20413139075
337784054822
86939913006
89201510038
306779755466
315500786158
-44080947060
172543080400
9752779549
-20836561710
15681902209
74438340318
-83841576834
359636472917
-31595926523
111582525542
-55371089839
-81635690305
-59544248504
322440604375
-110131024903
341769341808
158511437162
-97475206504
263157203342
348762129394
271313962192
410519578358
241045263427
-6607073589
289132932444
-143495855577
-31691738328
20981248929
90942221274
-205714172980
220081592133
-141993112087
401425666851
75478011316
38250171062
372102120434
405914818355
-166294620432
108844186818
-9673783037
-98333287884
-18911546147
253452106927
-55473719708
394446224286
306939333035
-25510594168
354999802233
398078847606
312335808931
232878505000
112477987829
314110284655
121126849865
372657769556
313855486382
-70481295164
192596551039
3140510844
-16378048606
411522590402
397676087774
391482145837
186774025481
-41451577582
370665262090
388952249882
308944981591
157034335913
114479706367
2020474698
418858354563
598011664
67061713355
6008935448
-40305397941
65186114980
346139500301
463631274168
-23095468948
364414298858
-6381892587
152884103422
-124502283914
52072898599
90437597858
362626767778
148971159734
129284100752
235571799582
383623944142
384717812958
-30455701202
-55646396621
-150989294067
407616599091
120998496547
315114201
339193690660
-97492326680
190606284384
-7625771547
-705870549
52203114515
-120125769021
-82013574471
-54259000423
883691894
7719012070
317301088924
-73781531059
28307036075
-16624385230
412827967681
11057792459
228168353423
-22810599635
58021768699
76168129620
-12663409832
263435354354
14576317813
10773530462
-81600928529
2021557283
203403018106
105973067380
161530974431
-78271143781
-92805833098
317358339101
380768404431
33524354550
315842981651
303833116985
-8783817628
15682869283
351813652220
34152072961
77711858498
-68912633944
-1651460903
298042871497
-49907965991
325690044469
-47960708590
39887533584
207470471948
325689281525
18094560680
456755335365
285762019591
351539660977
-151543910689
376330852986
286876520238
-118935562028
174553676670
102768271048
128563210634
-40382134760
-183756621389
310361825816
390359660842
-10257431559
161644182129
-30563975674
102928126114
36605583174
94033914772
347156609122
248580403981
432738366781
-27360473359
15005814666
317260800598
332810687990
412950708914
303471086453
56856114137
34611067992
328155262729
15334750615
-160482129134
123203666662
354815716916
22056477806
358504258579
-74440151520
85515177315
157074639741
424684844811
43277791205
-121741763521
119691439079
361817869308
339783925699
-6596411571
-64369415733
243216685532
391609858693
127520899919
-150816121589
-84554783387
84236857791
305143258133
-70075514032
59000279012
422108753350
-7132611917
76373985877
89658987691
-8860374928
-86640564172
76998522849
-25078739043
47312816745
67805416793
177927931293
12981800716
-70765801832
109176625288
389217864188
-56486215730
79636232995
21370242494
-64876302349
421849472092
-11309244718
9700033423
-66774532980
386313708983
9863842620
92989636943
60121453435
-70116520613
-13451274295
40452543107
-46815090720
156281461894
-106829102463
390976310502
-14207367804
355924383400
65883168663
370263213934
-103872745508
-75228321552
95317117345
-112312296374
77919745297
-33460375535
58580742246
-133859257879
13877942127
-22187212951
-169417145314
41197287385
-13363588736
-47643112434
334380802746
355730875300
361734656682
-156081083772
340795696890
405882817274
432785510933
108093650885
327820744391
92055147177
430422577613
335326427663
-19098233833
42267490346
-23370859042
-129785808299
-128600603153
387602373904
244189616806
267143051879
75903148902
400435719425
11148706100
-55602955322
60230433593
154936715415
267776750163
363431542759
294562889986
-31909162710
380433851546
-25176789269
-90403013829
-63651697323
50366647835
63628685189
-71795753430
-3215203918
-106450060354
394435859178
83153948810
-28651593399
-65883159547
439072619266
412119660614
-12911568686
-46225696580
90880967384
378426739599
67601719332
335320056198
401808232875
326062853283
36711263488
152039881935
-80814811963
-36826936312
50259175836
40172805272
-173998096276
-208009185568
147616460159
11506811226
383865203151
331712446794
-74404989644
64795214158
8034511470
394772423580
1935457732
409849512881
113164059813
59732895190
-140204287488
-19713422564
-173979514219
230027755093
40217737990
-29399533440
-1751004194
5148058225
-142082961350
-74782178961
-58149267908
-53598536337
-89662931120
397367273994
-59693552
154735027592
428216166719
-31934141832
261924834448
-38027220188
-59678914687
-36463557236
14522373703
10804572452
-12195772357
31137972307
-23075851535
9039546111
55344452856
270319133140
-43930227019
245900833597
352094258493
157769615473
-43283883487
306486765857
-55182788078
-74287272467
96237469896
41558202064
-6969070764
255815442905
406800805674
34746376705
-73761585905
-64729134136
-90790351504
-119860247420
-80786905651
-114520832371
120980975192
-33920017699
358152029860
-125057857600
-72269972858
158532516441
113349372704
328831810709
-159708890927
29561804828
-33464438159
188644939385
-11490435699
317121263767
-136709010242
-24852716299
-138704911826
387778679788
97349963115
-31692518483
362049493408
277487391625
-77444171039
297219430571
102179448652
457435257247
-47849637165
-108210336575
-54395054515
412619481420
-17015919283
368396554432
9748627311
115418047783
9386210420
-192010149
412873484739
-90159264956
54288449666
34492467249
-52264868126
356321154538
-98973641992
-170297399677
267665509630
-1851764232
-28332425616
-10958950807
61781132498
56748259642
348061524714
-28701362529
390473827241
104588325719
-34570301126
352802882775
272819226986
407272968661
410536618561
-84442966211
334072910173
-118967039966
-47710980058
52185532630
14445428505
22185854197
292103348780
-74431806196
48472157017
315584673572
28811408552
462096326765
105325007871
-42229268256
86107270379
43688847979
114280164028
71432579415
334698675843
410084622033
337058676051
328444936354
296879105645
-105922534352
312790526361
50099503204
-21262916283
330347290370
37378028284
142324665711
-30336497720
369056698187
7852328777
50359960342
12726843696
151552013528
332047653438
320686261880
52577894790
322445992768
16869056863
374072026803
67456130337
-24495986105
-81744995401
26766344659
-9554475898
-16641107228
-113131161604
317600245996
312855036075
-113169969380
-93338157878
227498883562
-18222044501
2326637897
320458493019
-30409863983
137548681530
-55799994655
315348686164
84547863322
-15399716291
-58418676032
6130228763
313844483412
277085896204
-214674318179
272136336415
412496752779
394610891280
247483870189
-169357066474
317117174009
362402658183
53927843620
-51867859912
376291530289
-70089981941
40805403142
453789544507
-7766811979
347318655828
70569535552
329572851452
-111687271339
271753011769
-94505037059
208966491479
13446057440
75420109428
-54932206569
347644658205
247683034713
138585347141
-9463306155
353422967
128483410257
-94787437537
-16415865000
269973691894
368763861363
-55562618601
-89764478564
-30990240133
86032541360
235389960598
-20438197444
365078340493
373552451601
426733087216
311964183394
168723234938
-132196202502
29103293804
45471905328
57185702142
-12692546814
392400201965
-187065377051
-115768840844
29541214567
-43608060736
-168065179900
4846162422
8370672709
184743949194
-69929274093
153600142851
-133588636149
223763436417
362807199869
409317400857
305273837492
392770523855
249018518156
359179365211
-15671755522
-14293126738
273976787134
370407502627
-4777141344
-89962767651
78102057031
-63306807383
2478488005
71821706696
279583269872
321221069154
294006712395
26125404747
415285082075
232540404208
-1497710680
405815319493
-156470209191
327821906759
114184716128
151819536959
357033936921
-132013468882
146420263121
66465691358
-73612238322
419667618688
252993090852
-192826197660
-148904810510
-189550376630
-4457351431
88591041206
-79568601286
412372172052
-33227972691
-102986951783
16136066595
-120522743433
210400461071
243651746125
-20243139812
54455013565
421891452154
326443242747
12635217045
322945574286
24736696280
-160369851531
-59465903842
80048719453
-39438351036
302788389855
409967974905
-137204506874
48427523999
230328903033
395884752324
-42155415397
370953723273
-49029615065
326835495165
270435083329
138841167504
-92389469314
116499750661
-101644862587
338872350485
41231235364
13153198507
433464698599
322378204540
421315726662
88133675206
-30967909149
24389066276
128472029130
-6150513289
53797570835
10239633725
415626799401
12830332070
54240738830
8040956278
15063337115
-56600997240
74667036734
-7996108132
-4405502131
16289015257
-31429366740
348149823116
49841505954
-107449328370
325519756790
434670932138
473244428906
-49196114834
280093039239
268875572539
41758973629
77771419893
191325663270
-64780749374
268676687006
-19993123044
-24304924996
28503291035
414435276745
133609619034
335497001209
77461249557
-7528819052
337297937707
-30096603348
397748741219
139976932538
206227430147
59582274643
368389387875
80352296435
178179254898
-5631440190
393899862082
21547199065
-38567403575
-134417533836
205339566854
400527080533
-18609321675
-35185127637
-163344012259
-44783267549
277952517904
-100520521507
63961234174
343501872553
73794665243
4329621548
277405163640
394849528101
-25526979186
-183143298639
-104074923178
-53497663447
311905327200
-40924133909
-33072448886
345169958315
98999841681
343906535042
-221772161361
92266744957
77999725358
437714346838
19338882299
429909546541
-170369232890
327877608655
107183546721
-150962234058
-12444744742
162482720651
326328455190
289514293986
-220359918189
115542783590
616357722
391751200311
393672682216
326192996161
31780220989
326459132061
425780172102
123189809517
38207820274
337475250415
353103507610
-23496688806
-24639567034
393715046718
333261497805
336963908397
-122171953
58677407587
2995709362
433825924639
-98972925096
1638757507
330608756129
380077585345
-159166602915
-24166009868
76746665059
197505179270
-143486212492
69749087925
380405563089
413445588419
32397920297
319003386186
14474949706
266273479872
52984859926
395241755342
252001225277
321368436385
-15668907506
91932357049
-117222544432
72375380082
209416580010
58418164177
-33262093233
6253878775
50200993279
334361623276
-51328909850
423670853020
23051659122
359675432687
-114262841878
-39102598964
403889544002
157471304670
-26917195354
19714172932
140271549556
324619602649
399079990874
6750678522
18337931941
110016409237
82948740250
406001856814
-26601755793
322568353515
269000210467
-79768827834
-1274440449
143897674660
-33448777519
-91896167684
203013349132
-90198650663
71657849072
-125304194870
-20101235260
-33935051000
4891973199
200560883102
340988970151
252143892307
-150004762142
-121654189313
213934472455
2479047308
-29083483130
18472759440
36639687266
-29409603920
-18827693514
-113365049751
54982925487
225059382067
-108530568783
403364251353
45350911808
342756889149
435389078613
373881259195
413706785120
122342884534
352359520374
-129335192285
340464716730
410135449935
-30420996699
-26734697851
143805211331
296040897191
47049588467
172642637741
424314785276
439908005996
-183994169048
-155395788827
-30912883256
9637584285
353803150951
38401831230
336019213744
70214456376
85635487075
431979399074
-25017440202
357346449047
140848883887
324099009766
-30714209983
28215614185
-195091795403
141763682624
-166775318341
23808930085
348460571656
-56886973583
69037428986
278057328167
-30573208567
-74590563263
347901324649
52577439534
-69768206796
417112346070
-119424570210
213882507838
27348240122
72788983078
19987264311
-154334249213
356441646344
311581620549
315757493746
25627475484
51237585508
340414431174
329968330083
-15833063395
25241219471
332004404647
390944401453
459549465833
54853951305
448362480177
24699963287
183566568090
247715567776
61144521588
377488239391
-138504781885
189605400202
-49086540163
349812064364
306471158114
197010597185
-155961768346
-6841297568
-103658525221
76730947569
-98409109437
-111503226368
128064402274
12178655470
-81953307548
417873466779
113144345126
-147848217486
-1063281475
355170323744
93677404656
273991105524
52017930579
379500131844
430778966488
168893796204
9170313197
142729360509
76708644601
212599264319
377202199245
72774650793
-77297502080
-70511868209
-61395957068
219108042929
148720423298
-6114053689
461452797497
32670033001
353965832203
48641141331
-88219255111
271889123423
-54564776491
331488532474
59064978980
281524347277
421453298934
303236976736
310371866603
248298832574
138342390443
364104532033
-19389687393
403855393883
-24851114615
358946838828
5677588781
337408078524
-12645842250
-97272939793
-68460355232
210768880986
270978607707
418078685545
35933615670
-52387833464
106202593997
340568482993
302453437944
419422740182
416689112782
-69515137952
-109607913273
412325906774
11438459084
158535789223
-79098089784
451804956651
298332610752
315722932511
-60100432215
106996763622
57913138281
69209758834
333867874458
-174723164901
-21376085777
429140756155
-40840931716
312015250205
125341932275
340141118869
126260670789
340046117272
135404175583
9216769186
162612532289
86246807355
21457303838
7171598433
323689276738
21169261176
220111915299
-21718318234
230281989327
38968057043
73611816159
168091199505
399932744190
63840395720
42151611760
-27662720849
55637726210
324696782770
329392006192
376587366888
-48693937264
-62696044612
316602223540
8507484366
139870629051
353718270911
-149589711680
352009567627
-59848519810
-93424052721
-23135151555
18782147098
331354835362
290363629439
116088015190
327820414439
347958794749
30960805946
426933276391
325438436477
-59691760083
-37241420663
-46503040327
-101732184087
342771641
-2181701246
50942142929
14480747268
409802509957
-25216886429
-24729610629
72305123083
13050979107
69994300136
340327105665
-83101137379
327294791820
341149236483
-70836503865
41941262256
337337090546
315665256479
51481711918
366995359320
-16449116057
55718108787
-102264854064
147780670320
359522557954
337271653266
451731863511
-110907008034
418804521148
304310261862
-104150312836
-7945363881
-24910245100
298279839560
326266874651
344455297986
464365843946
84669948933
-17166282464
27340241123
-142797386895
80226878488
-56651889285
388055523731
-17135452177
61283207637
280513829890
189402370402
9066278251
416319370309
352367773635
351758570083
57918862570
-142690866377
30846652442
404282855306
-18768953392
111867132687
351999243415
392669297491
248500174602
69090870052
-129593125778
44265210142
280913947784
413696895571
199593239915
322354795528
396985281522
130028713715
-48678874122
346701410474
76336566998
340582865496
332718617621
338428135440
-120525279838
366835732220
19144731314
351897562759
-26037978704
361402360281
201659278544
38912306014
374906325728
292414821642
-84749657756
66393417173
39096968039
351722207254
241973641403
179772927025
241969734043
-61544042304
131514443778
311639549292
-145794664917
-9562988758
-86109896489
42971941366
328441559646
-26940162338
5121942766
-74396097309
-2172561752
10402259139
-108926979387
-101939568982
-99081274226
52961559798
337479627118
266646756305
22459491863
18116027333
-20375982875
305909554203
-75324798419
-26618637840
-72500657893
12703632956
17290092172
340841063549
28216920150
-80274424997
321624255077
304316792262
45334092500
330881768456
321521603263
-20889356416
247607796657
320251560216
439901377013
19860566703
413608878241
313905021601
-97206423196
331247107886
350172223754
332250680415
315954729342
414883035398
418080464560
-64867589755
180962948392
330755012209
124882408655
-93960951409
104049250584
342443109206
356835398417
-99819358640
416572164610
42093096683
364919326036
329940043339
172989802524
-90228262400
-91266569994
380676589705
308994623361
353187793966
41587360344
122549309476
350860354374
39509014298
-12705371567
144389336245
353781278903
23579843931
46662945748
-738593954
353934088017
-63912621633
251114584669
-41137609736
-82844898255
230058289881
211253442224
-31278231321
23848660667
-88964856537
223035979991
344973854095
57857347426
80087170434
-135342388899
397264641283
-16062038333
90627299721
-44366591571
177467417443
225372502387
-38086793286
291295897600
269071884475
426270784956
24853183123
-15270452858
300794793025
421369597523
317052439838
42018793885
28508675703
414174078929
-159905612168
375641227196
312477137146
88634793585
156215311213
192012909710
292518215966
153188819383
56912290803
429868416840
-100022638123
24061420352
-152004560728
17120793721
20992272503
374891857080
279489656397
309709808440
-201198537294
395148900244
402706917150
72462834965
312875953609
313520485988
71626141452
341440315633
53253401658
340465743258
-68321254160
407127181723
-92689033292
45834696738
319853548968
-20765308651
354281093460
-6076402951
-26404655105
151802794852
386994103104
55678275991
400339321772
57288822939
58128082968
176911355533
393973173566
311429599407
-13114248781
327217650595
333817934520
-2898940598
102051895313
318694587769
-89165223528
341660283419
459273828225
96501392475
350111079052
-106069894417
470556823591
51325279129
-84035966613
-81427485536
157736573085
192583596638
40836596629
-9169384078
-108278554507
-25074893334
66325878972
-10777651291
-116486060314
7678315366
78695030286
-12461908615
-25090314893
197260033639
369529726813
85846050289
-100857544569
-11646942613
157973977046
-44375373502
-19078802050
90093015179
-162619633883
-12435296432
-62289910805
198185019802
355114887175
-102994729225
305317656000
-51932417970
-35468141148
153909286680
-38701898419
314975195687
-91604098276
179967344208
-131515673536
56798634568
99989685190
48241497601
172470179429
-121990648587
-146134360563
400270772738
77372210068
-38673952015
152494959157
-122323999677
262170371364
343335151479
48106044984
69447078700
319797592439
353210320469
-145035954109
400358994783
13463850676
-155856441325
271094857051
433003203018
-197253779
-18866955876
-29860578717
83653812889
298396791958
398526802029
66101051647
304924135274
-18877162097
-123233663503
303818569185
313189135402
-87498802747
390993918907
406463545908
64350670992
321928497207
135571703159
397951129119
41159974613
158265582642
-26597583856
-40099316060
-51588805862
410189456479
56596901763
360227977780
-111915526862
341742999260
352820646466
-9460386467
309494935721
29224838126
-145286904525
155655853982
334388215173
179069050363
-167191456053
355232642452
16398674971
46209548507
-109482238601
-77104714984
-73759576492
26936444384
-236540454586
280510231049
293313958045
-60021138178
100593259539
368416567207
-26976034796
34041399983
388597340316
353220993807
12551934071
360872065431
243656371791
9139338017
174818364254
-51038514679
-38282605982
-142286491552
-63687532348
-118069022064
218874705781
237756681240
159721459313
76078601485
-46273930181
102725095963
179392568963
81711355733
243408387513
-227804774350
318826684158
-30560220449
-86591491198
-123836749631
3193849556
236972879097
318839863100
73086009938
5467851054
-18973189886
94194518559
300098866930
246937985186
324360857732
-113354124185
96939644424
-169001803993
51291848278
334951425063
291991252658
32403552956
-126360270334
-62514625893
331512881979
112303797407
349841982639
-17839269707
55059221866
-40506959230
192610497129
88118639303
384661191837
-131801943175
141857071360
145422506595
9082866895
253404849377
-41587078790
52755166874
-115674460149
-106601309171
265331846256
175499964066
329599323942
295662629940
-100210424557
-61843044090
337436579864
302664568327
-28448192943
-3173493910
-65265424026
202717605980
41234033532
60696816709
324798135333
353562775649
37956749739
-96511494793
161467577546
441491631534
295057167749
168107526690
-31265579014
-187932723347
-63415652679
54312542177
75282686533
217262157938
-154780513980
199411021110
65679172378
4558997556
55760334644
366723467731
97262981243
372846475566
244801351362
4401689099
21586161895
17349733026
-89779502293
53362146562
9935623633
122281507522
399337843295
378203102405
165462454893
42357738573
8121306470
145084118186
-10938751369
59365867075
384318245964
29085511999
393077184439
330717390956
82378464651
250532780024
-44830325830
-121506860342
76721680265
49339477200
-72602527187
354470164369
2360176676
2244936166
279759170832
-119908445587
-77323676235
16710859398
266978535861
-32960234253
351802150394
-152359457488
-47386810958
375606275941
375241291355
-76641431898
322760518001
-5924694637
182465999620
375559274677
60201698473
125408804317
4697273030
27615184882
280247261844
406206003100
-7166440607
143258267622
286963172266
-13962649023
-7322832890
59184105458
-83593920901
407670772776
-21937476651
93721644706
41177749015
26570208520
-88256301004
58615879432
142940097738
89908019615
-39325845660
18817740668
259208309635
296112248521
425986769524
-22052537425
-102849916988
154792097372
48793101795
-20089046376
69202322703
67004959957
85426687152
83716667609
380670436561
262414262524
232393749858
13100710444
113804243526
361344783622
-31362027562
358629008791
323665956232
-5638524236
306287532452
114781063209
296099530757
357918203903
334638896534
142653868165
34121908170
2591161264
92538792707
382017147797
22825067660
118946479783
405823254767
70407251945
119396888001
175165923200
-12146108449
362529095445
-170794892077
220482446651
158616954301
56989725892
-33952930777
-95662214335
-130976613053
10624273048
50569828881
36366992295
86676372174
92160064655
-36364424971
356497061945
238427221528
68662539604
5447275858
75977069102
-82804487048
86432651806
-32976501297
120713375170
278056150895
419441981575
331096804519
328099255530
59870312812
56760888424
49237470529
-49175071255
-190860303051
342951435288
316936543630
-44525956384
301885310126
-123338110521
83822637774
-75023001157
286936732792
68504352019
323723369164
-163088639068
138352112002
-81809114904
48744156391
274512976322
184725907207
322992275092
236941998756
-21754888779
416181167395
75411821585
-23856070057
-28950737676
13696728395
63815563795
321354624016
148316239529
123440847350
288544926588
-150130857597
-123462311033
36894717500
-96039035579
-86037755388
173632995297
73044194176
-27181352250
-79371299543
-117581258200
-102683493430
300594345462
309779219801
277534405977
305722702766
159110407171
149113299532
8354621496
380068721738
416734857805
316100897472
-34702319747
331398703059
395751884135
247055699569
40443295152
-77330931035
41448824050
47918371034
79164258994
46398016357
34853634702
26417836391
376919259194
404321472211
216226966827
-134906392115
22293346470
-133905611419
357259906413
241653448869
-46198267164
291001450122
-38012148492
267063767022
57858877146
45477461646
118755256356
-103556085184
-23834506207
40916822440
-4138858246
-21263862552
-15442031743
-10773448246
18960686646
-122432514941
355085940096
366851488703
29704386415
339686437259
405200834121
31907226769
401509867259
-13077561824
139132929925
-9655177761
61074020578
-99505209822
50400110075
-76153495516
412086510918
8336056520
-24093447454
-69702410445
-998812499
-196919904208
-47207192811
-45938772005
-119011462376
418701725911
-25925833592
7281542083
129165369497
-14719899516
-164172425879
93056640689
6840158551
15980256707
137897368562
34749164428
404634535366
37122661487
-17845924190
383360742294
-30681266132
-72713070519
-21681979527
-55606195381
270153351328
153795891932
-35594877387
-78442401080
327106122571
235480308077
-54960979782
55414235825
372727342787
251058337285
264418795008
183253627000
295545449140
-128651423260
10690878444
395264870442
75798209536
53776298977
423236482509
45500007828
-138624721708
28131607237
303508858421
423734339929
401913816245
65731804912
-95741964275
454142341644
-41408145466
306100674266
305827267396
12134427743
-40209856933
-16725105711
345314132231
-90541846785
216318284855
-188879736575
270918496726
114516941124
35222149254
132216663924
311309768783
59737954167
414839514128
-58099203341
-94928622469
-57229092962
-218065239905
127873277761
-23808085058
-97235577517
-18411912243
-12557664366
388448799799
319141826718
-19476936746
-163642301913
-11730014416
334989479561
335472692636
419675215865
361839659648
326252085117
404922865799
106228243671
69072294372
-99467716137
344738682000
-84748172738
296928051034
240027594583
78263049114
211192499730
-101238450151
6832650407
-122523278298
123279341430
142860398593
226190389388
101434994033
134196037906
41366956901
365040837092
-105213236759
25930254920
-5483900012
-11163212397
219955124219
44358704867
-63339261112
-68608433258
315260525705
3036167407
-96233895893
192972018123
452834383246
-78082697817
-73950576150
270935228462
-22644694562
96980918115
295684999483
-11707118596
-11142690179
372072833699
11048545405
196697698296
284922221834
149427467698
79574169023
201832434353
76621652185
-80919147923
313693179936
-158062603201
202734853412
57692548587
256773131486
200880907756
52833812385
295238060232
197440973214
78124110697
50727562926
143830539903
331664549986
11121421011
-22145970699
149157071236
350061574083
387797892309
431549826401
301228911494
-23511857238
37617124756
105582254919
384083868093
364263554030
-143092742523
50304641630
-108904515530
141832325337
277104083577
75335486027
270877400432
394757196129
81305629825
-11792837747
372846937898
-114910367784
-87314977091
-71298537843
145336776003
330209160637
88590728165
389256084295
247273741050
398517842069
330247853026
24000870039
357795728217
375544530278
77374891550
-73176566395
66601073625
-4149744359
54393160406
-34596587449
36170884114
320355929526
9841340877
288600025032
405059450711
5973512308
1939682481
-77830109052
35853406400
188740521182
78343991706
-90261895369
416189448104
379567090851
-20115260197
40153059790
17154953284
-26741236275
273361604388
363889369557
355487079770
30132036490
297733510776
-54813722466
245534901263
-75342693999
114163627018
-100137112917
66303744109
88135229834
373790317738
69238584128
284992616128
288945514241
285749431517
23691399400
73243827554
437117043147
164962765808
77875803176
302048392863
-5769849806
414240908862
-163039201817
-132256724044
-31482179400
337983117037
180312001914
294043693650
49680275145
217529844289
20692127396
298533060
196202956220
-677873621
24193216477
322205121390
328510860149
14042368146
-24469201858
148792324375
-9535924092
237677284879
-116632166645
307490912840
375645406921
-25621796418
149241965533
297601904252
323713390468
6468380221
-15042635949
5138550946
438729616127
33362333880
283706691219
296080652350
275198710776
-62404270161
282261253198
69682870744
61491289928
15474555998
333579822315
43036015440
-80660289738
-144307152889
436735834999
-12059990553
-22137822959
210815955921
397092791677
404104373
-44591101055
130705728312
233649693365
-86669767363
436080824783
331294902061
292264046412
237574277434
326126843080
67594190718
11248701964
13612482669
333007216418
168704637542
58844095369
422399788539
526868686
-52621267922
402325878384
418247401768
405814537792
328756285181
431388312241
360940886635
406347125602
61299303590
325396085346
5403371617
-89027572441
-180582986411
53219020315
14889523842
262563635473
229290013340
355872462797
22817336666
82381695987
126446736123
76501411406
-188263234732
305068578509
83694698078
-23269144458
-149374954425
133941314712
381459997694
353576967509
-72315667972
-20040356359
68687118110
-61265191995
42769489542
-19350165760
3210117679
-97828035787
316733009569
278943570565
43272173260
27393131240
134385982028
-48811119544
20099243139
11678679053
-203107309856
-140057804227
262524648026
426084375655
-112908404014
-10533941640
-1444800573
-20768742157
301599910351
-61687597507
109955697151
-168353508914
423937976266
348570480008
205345188919
-18512224743
427452786291
-71332462144
396959630358
239193365854
404257415101
49295416409
94198713435
313515094215
412079992939
46835439401
-38757528742
300213868762
55283332620
359958120589
353968957976
5849027000
150317724291
19542932804
294964180782
26877963146
-140540872089
-29497615078
-88756840274
-36441809781
-101587208965
-9415467124
-45719616736
-17273538668
321570770588
371755116803
429255402962
-130051907094
-136701959486
438645634874
157127252602
-29043291512
190929129411
27608572911
-147679317176
247303472722
187654692725
-866807283
335666419781
330369881585
308309362526
421866063609
158735916976
198219222833
43977758556
410481069782
-30707312713
324024915624
391190247489
2856202348
81840634545
81759731088
76948722693
-29078643742
183367547544
-78849456922
-17074894015
222289329195
-14001162175
-24057518984
378604424408
-18660652509
358684321921
406263853817
465638409005
69185038450
382053645431
-117961972879
374065433686
-83317543065
283037765574
78461226723
11192126316
-121964845008
-120295857855
-119327129313
296544158235
236889684406
1790627908
295454266759
405156581682
-142556993405
-19104463875
289901866623
383353517873
-128146943866
268390877541
-39891278840
87730976619
207112511074
462728568604
-223329296603
-106645850988
405084102213
-12460550579
-46208830741
-6378303789
-111442711224
-188916295883
255561777076
49136124165
314274740508
44679556034
404949765667
338400906851
-9518867267
411197856614
315961532533
73835738378
49285154887
-161136058041
412513248957
68249631533
312807329588
309108609821
34634861636
337437359722
-72280218107
121347405872
337944548910
139910275735
-155160028674
36360545382
326857040414
130750876089
-73103811576
63658374448
318074803462
386247356397
53835905955
-106995883196
6640536108
424317130506
-68340993814
377147363484
191088512757
123598363588
44721376368
-37417408036
438664527760
183691456246
344156697579
-16270314293
139024152031
15942185341
46737082677
-20969397672
104625131256
37090975455
-30528873403
82679434612
-40533861202
237357931460
77238249433
416063839290
166902471457
-72174211400
297968215402
764493549
-156749300829
393321254336
-80419320744
169594478583
361396840826
282248306842
-46581761291
-63535103737
40219753919
3590587721
15839272535
423126189161
-40005121484
197063806566
22616714207
94898323975
311286382661
124869449318
-49276540559
56416935254
28335367744
-50230987358
-24204337917
1861908196
-75988012572
11832185437
332860033050
35300697580
-88421264583
319986769339
129066336170
44929851837
259331812035
139391673412
-128719000975
-212922200639
422227136918
25883045353
34509806284
166264932199
-130044511158
320433028167
9388269085
112297088390
96645461631
419956228986
172570085074
318536128982
-8291763391
21592474788
54286694852
72089703095
-40105453998
3043352906
312305378776
378138997649
-93007181000
385892161813
-147940432079
327664377206
398381477721
-36075722232
353167093423
455633329822
30247716903
337842502812
437921525217
189998005251
-3971800920
-39367576827
418320330423
298605514132
273418201789
-31974118882
148310202820
224311518249
336024265384
-118474231518
249796236356
307624153516
226426932860
28311118232
208630708913
73250937147
392007262484
50309018850
51216968202
236814965882
164953910034
363773127765
-21390273613
288709709970
308963062759
370251744722
424571442580
-100750372250
1890037434
-16863699811
-177576275473
421283540663
311677998784
150579270444
311839935767
349198878883
413877657733
105757526497
408906471336
354602463788
449090490592
295708008076
-48826082656
178414218217
90790061657
19939496346
26012632152
338371206975
-74240965220
282951105664
-20676385229
-169366476911
395444769434
-8923609144
306756195172
404370526111
281067542429
-31645132189
339671706783
314291218755
-107611979774
-4218073872
248250649613
-97951521601
417066630847
38543304848
137637486945
149974141139
-198382629250
411526803755
326931638515
300580050083
402484400453
-181866252373
80255428385
83608851305
-39058444240
226528974274
27792124439
-84229846883
47813091530
282577765384
335338518266
279196319971
426638047324
276484490564
323995939023
174292443357
261711620752
-15764441788
431115984165
326076004683
284042178595
-129199963068
311023400029
-4766832599
132664821213
336218941088
364073891866
72456875324
267829535372
297060772049
-40329551540
50013267379
57336404844
288846574558
315836443714
-140197955639
38369414720
348043477681
250677804141
354414973004
289984554332
23062996782
389473466511
-18475098315
-30538361603
58930757533
-110485210552
586809168
93408810792
-105385352037
410840764350
-46285820141
295636231515
14169223868
-119409020037
33073243960
-50459051351
6917844972
-3844637196
-42929511029
186616290361
114077253126
376834682234
-36723697931
188278176948
-39684562498
269695387906
370198935783
352799337522
361622836221
-30788009034
355014339496
120583459205
69776495823
-132060221675
426959442803
391680925086
39961144266
3736175081
31953253069
5449247772
405301723477
316732860595
-75362826626
278824625848
318210566012
20349934963
357804160974
287069539858
8446951096
286446701542
427148469836
-46318545342
381616835906
197758180971
-63776613935
269893800258
-159276922954
34085290263
405622495539
340999166421
-49393594905
25518886484
415008718110
125525256947
121591557557
358359431589
-24776941735
-52283027400
242702579603
311785234580
48768011544
299233775304
362107398441
-38324967654
-78162937490
-112644669598
-9142446395
323491794499
15370783785
18142529677
412233222413
203813481435
408833566405
-172397186736
-105345514955
-82595460957
331831005384
295574449466
416886173854
53787463314
301361018884
64242467627
-49123423184
-2651671696
-85799868838
-26690715394
-101470754153
20389986387
-103714078376
-53905415473
88530850146
238094375062
19357630900
-108330280653
143208950952
317260800598
-100023138011
31550540969
411361864237
361116595571
360759820018
306832848364
385496640213
-24911952258
-21615549403
61795983392
99129488090
36804774066
53654963573
426762026899
-12918338320
332774873271
-37682204883
-82212933442
77908224455
113162140077
102248350523
187930889534
-6967117087
376233377660
-71885403032
316970885803
-23833856934
296477171585
-107798057892
-667623478
152612618094
-144994560679
402027114176
312850056042
-27726103476
263668727235
76997710180
409913639581
333204680264
421863303218
293915881760
-137265315322
218528328379
67258829822
105376332816
392215732985
224953253135
157606316411
-37408217334
284330125306
402143283082
-136103170470
-95111841910
347839046562
-59067631394
-115816480594
337134556617
298780071767
358327705279
303795277053
311459330106
362197487093
152975616543
36837768466
459030008594
-48437286488
143321788682
329926497130
74589883010
-123392698261
424685871200
261151588150
-29360823508
68627772014
-136891561939
-124659520560
-123642017238
193085222141
90356960166
353612048023
432770552691
-112129237582
263289921206
-51966285768
41339359904
334254831497
51724758476
160111525754
312937937157
369360924927
-99830171564
311984441258
19885680591
169737127792
169566786948
-112383306427
28553359207
-127036931299
18799596658
295744443810
316871368281
384105067013
418267576482
394506092138
294850005079
367632062164
335848961999
335735684586
-63211756984
-108441011369
421400262534
-178480913630
74747723198
373866137625
42883796305
-9692630273
81418466222
-114505369680
447224273706
-34872757950
23311794578
-27152326700
138221253341
-95150829523
324696782770
171993667123
73544549141
408340283786
112507687359
73647756076
-153737820068
344805106305
353048533783
35922213910
397246053279
110698043118
64128492025
-57025421201
-47607095917
216484510076
-35047120025
51609680037
-118984248824
-89689028659
47354048569
76267293376
294742999425
142453498048
140985111721
-54866274061
281136111663
-40210952579
248667002183
307299560269
268700055762
-161790568130
-123654783692
-33101444196
39175649793
238406515796
43653702753
15865977111
-50125800519
141192896927
315124602248
-41016850704
-122951735501
4692579426
-188410875067
336017803640
230807474977
113583242830
16406770988
331094643746
434665525100
376990336903
298785346511
-30744134563
335640105050
270474106635
401432022978
52323825770
-97400098301
-36882056425
-171166659118
187093060182
2075886833
-148580489724
135573345025
-21460786182
434533929693
403815359639
380978812300
-66351514031
25819831273
414266743267
-130039030847
43274313286
159844455765
348440737981
301468718135
41911191166
323676038253
-54381269460
470969537064
-7198458789
381031583486
-19610317522
409432808603
299759359027
-27351890971
330188198197
-73327573058
118951266678
17978699548
102584704245
303077504613
378524084078
333312374951
384290305443
52137540832
-14728899897
175480491459
22434958568
-191143383704
-180937008986
255478091829
305918562663
381992283304
-2782315893
-21113588170
204015416444
-6908962961
217012170292
11554338858
1563630881
272242843602
-108431306510
20433521729
298863108713
-12738787739
423804741394
306750015186
75476007995
411424730623
410105271059
139676181607
-24832401980
-87323236365
-12103490719
33164825405
-11435237084
176985249432
320023085437
328326909522
34767127931
38564551077
-204788599218
123294668570
2312034140
140257962780
163334639829
107927210023
-113651376409
337634424278
39187681194
315786192238
237533611955
317420030956
210685886251
-145771032381
55430220184
169665207985
13854922951
390495365667
42858374552
-193118905415
73957689054
107326925559
61449110887
98470424204
168540565788
-85718877160
245353204259
-133597026867
58548516076
173340031560
312684579257
-176967919820
-17581664506
214580809363
86399602914
153138651472
11074313076
-46327546911
429671571324
-77987570700
196151264467
233041411833
-27415243310
104745138748
173466756353
-49522383365
162325650065
364443239368
-16599650160
-23592745736
-21822069908
315213232794
260302246073
-105816750145
331896095204
6757860346
416928142671
-24498025400
445657516819
301973396805
140537295947
423311971991
299152554041
-104198140477
215476073260
413454800679
-32457645742
18430313682
-13932437172
-85733696268
-27771500157
-17280441530
365748374638
342332020491
-5021847614
346315460165
-32030279454
316359502265
55638835391
265830651113
-113517185907
238325751892
54130521563
-59412236747
338581266130
116206179702
313866997600
-85042529208
328597316571
402677210923
350221911606
35116836152
-67906716652
264590242150
377889536126
135044290708
13599030020
72760020845
370792304084
151745896150
-77187176901
332756933428
40503188316
166025389614
-153439521683
370285661186
208083622522
85141783455
-193801737417
318631368238
210789111108
32405647000
295329107758
-58439383296
72023202637
-21542030031
16791790459
333215378183
1792674024
411706046871
360247472098
171437925812
44176398415
-61937099652
137366737015
263171344723
-19811326152
-18763639790
15329329255
-3378566455
-126517342172
375839087971
118234691786
304816470497
-11939817919
-58701382141
-158198596122
302348184580
293580159856
51452026334
-27034261612
207632329972
125977241426
-94639118767
-159681706651
-90154074917
241193626577
-3405274491
57725966795
90418897895
-66784834814
101782199600
356786693690
-40878180375
307064312536
-61652837374
323257970582
387341258528
307425546153
404775160890
213623152936
143774384324
346844297316
253237150779
335040493110
-119505142576
327400918730
152029428764
388000749513
-45403113091
-63463832401
435832585682
209608678908
407244988608
311683354859
312525699059
-59829517228
345617128856
378076031969
404663981241
332476976802
15897138379
-6855631773
341035170420
21777231451
409632913429
-153182693024
-10442960702
15931922738
335479631173
-6465798841
426857068440
72978190897
-163577403091
160751692702
316037238914
-210048251099
385892161813
-2938944840
163426162374
55520683128
411446656703
258169264031
32036169059
263067004946
-141854209456
158893543861
395172431522
-145438099478
19225333360
337289404722
248113188631
370364607224
-5901310808
13134181337
88013838627
302488540037
-22858929558
-111906724952
412741963024
-134754996355
228959183227
353248965592
22537955334
135999285631
-5090478684
-147487505531
-95072867865
-5108007303
473995817571
189356197716
109214976286
395138455284
-18371345268
285445181757
-19165616118
264593647369
242730066520
321291496479
193277055388
-7863847251
58890174276
329131496718
352965259481
372850932023
-29324093997
339178495412
68054034441
-16800239721
188401492479
-22247534858
204835662053
113801629123
34074335979
325976720664
-55697666591
148851883760
-108939751746
56463764365
-82300923517
307441071675
-80310590649
149385169526
287210050765
427697279421
332398578578
56341423526
331144624388
2168303835
-58691557077
-43038017845
-10147839049
425483657336
291222249885
378216067418
-50083768155
68153995921
104973932885
4444888556
77707190633
59671008917
291517357351
86798534046
-104562311093
353838624577
17354922248
73025660903
-78305215810
371046666964
101355795902
-39277263938
-45251325903
178680374347
-28088009600
5755485263
-183384314318
58716297787
-116770938060
73031581542
-65558737426
-26807143948
354668421037
112520347079
343870764833
316153082830
253716250770
-94573273644
9020928951
333647825147
75297425472
226715006102
324666839198
-52470268126
323837451591
-32942904107
336477975404
77847155634
65544101719
-158902183601
326890004089
-46508797419
324977154980
-163456400122
4125940310
146866241991
119013316113
70252570249
26269719758
431696221591
366017413078
-192908280516
-137508970597
302615645792
-64123826040
-112657445036
3526936137
-80436165272
51228526754
415046461369
-4533117386
-10048582527
345513096264
-57919868892
8228031545
-78402646714
-63854328972
203146736088
-46092990222
320812787204
310070752435
323136568215
-40531092567
-68998006339
186784249856
-5373758784
-81410324774
5602716871
411198680561
249764927600
19578103368
356518509578
5699836157
90003352012
420776113827
266553410761
374610595729
15892908737
-60864625331
-29382994644
227705709019
37730042956
288294049
389005721107
55501550945
-31346285950
-4351294785
-114231031109
-39898081982
-52479245981
345806249549
-14946840598
-95176635210
86980314469
283081075589
-22603472824
-146632028213
16444003227
-569540331
-135091722889
160962820956
304116068540
2469857289
-34630329360
-33261614688
422334726111
-157199565448
-14554247654
-106482074211
333816569274
-176661210541
-3082374731
353489719151
-116503897529
-164513928745
16590760932
-77348796397
4877119462
-13921400100
143922407294
53979682347
292558461422
49866653704
276148209757
27862917780
287207867750
360068704734
193954907747
19652608292
296305143567
74432935460
376972028823
317273991779
-143813552959
-133805662711
48689740305
37876899906
381289453923
430612722104
297456349988
414371083095
-8582231763
-1013803433
-16670582822
156279250541
300932695431
280486717650
322674632591
344704856052
-183079883910
-58619348889
381326748858
324420709205
373266713133
301396369758
390813222623
348125794658
-1815085238
-153206819678
343443983015
383184833655
93334949760
372318625859
44782508643
388184199893
13057630698
121458253261
11903795827
168513893832
19022733200
-184058840476
-106144194155
-130912543463
-3053557161
172510316186
-115343541077
-71558568394
434925286040
165719721449
339083529120
-273478675
262548808615
38708440736
2184876475
-34460772730
-10963500257
-124877471820
394370064139
131448888
417544362779
205735631811
23706337758
333938874352
-53847250902
-71998123154
383277859006
195710492457
-74512416216
-86361396641
-81209357392
233964573385
365756754083
314825188683
-41773027447
-101609351007
359369451845
-120017907416
166740706964
317972482307
83266447618
305843866046
84175525196
-63828680908
417321148064
341922623797
-11771876816
380072828421
-96390849265
24478535049
421120727005
-23397304018
401309464350
-76755955758
322920681606
70141996887
85694268945
168121989408
21708029294
13850924016
-95830110045
232786956470
-91893093385
45090366788
-9451008892
50079752460
259862483368
-114220057677
40498120158
-10104713481
-48507188073
-54338271580
70584393045
151969291681
-47074361888
337329068748
376330851864
339281553212
376770413358
290360747410
-68224211138
231383712069
385398041856
254207871834
77387162069
-74777220765
59478596344
-113869326170
-94325141510
47078625420
311952218710
73865274655
-21040008037
115354153941
10369005112
-63044688258
53710846800
-120582916491
-30181029658
334108589335
289354381282
-58252638242
35388192281
49148763409
-4429982919
-62943226582
-26290004087
7290345344
68814373112
357763574999
424023813434
63833177895
-25400397842
8686145931
-86663538069
360953023002
197436798756
-80423909668
376087927431
3835353992
44939955887
354274938734
-106954057288
42131442483
-55655285170
-14380797800
-161210262806
121586653200
-38533994902
17789427358
354220119991
-17569913419
82775192716
52455185207
116332064333
153042321832
-43527293097
-158162278551
332837990375
99052833029
34928548941
-11512725716
-41245622135
-88876721031
38547624743
221455468600
379206819604
291839218909
370497182265
248617385154
-108286487778
150003965056
366898440439
38259988736
-10455315675
-4822557602
320511163226
373267466199
23776773000
336075378913
302075202804
350550607350
-50609614543
391390348817
326075736842
-24894353238
-43739733806
12520121529
236907514221
302407567661
281025148879
84386849085
226408765009
260984608620
-40410906548
34792180127
335619040022
-142917089711
-38374249507
175214385595
35954116318
58625056995
379515460425
-26279570409
-15877320650
332802658938
286254262257
22834910912
19601283116
398295346497
-93095334819
339992834349
167286867919
-132674183464
173989239027
350584000523
11783432660
363899436822
-49698238255
358209619089
298647369179
86910579360
38762179139
-15842674003
270505278648
-79496454712
121814760582
247661822357
288223764991
80497452514
-47078571513
72284328465
-100906685241
386441452681
-54252429809
379035146947
421001470760
441838037132
-171991742615
99385213004
-44861311176
-150670027023
338650043665
-59354281485
108432490785
-95086051158
290226185273
-17018191918
105177549959
-4885299722
107822492546
-59350599036
-70992054486
102281051200
328638320944
48565693354
108960427965
402022550086
315266973424
257970111368
2632331751
104298296334
15244479123
-181133260013
301358770154
25868603890
152406251371
124654939455
136830098142
189171202410
-61387304841
37877374606
168890254851
391825819832
110976267798
32421956567
-22199208029
346489181479
79485580413
258365084090
12218367888
-180031179364
-6400733272
337163393042
-81584728140
374040256032
-157778502093
-98053825437
-44602631108
331984741131
42108555596
-34947230805
17805334683
327640006303
-114062367694
-54191778430
-73010714073
-14479482849
78766943010
48355035384
-17008109386
303462208571
81085727268
163353185771
338679785462
49397521757
-7318174401
-177211193779
65843224780
73857249320
-49152804275
313570022183
146468367015
71936512419
13648237942
123235001464
321489168929
432046530801
194892849264
158544266511
360416993066
295228224640
-22597186598
63286419792
348666014453
-129964572827
-112960385935
395720248154
48203347303
415252936691
-69202605604
-14615716470
29567635090
438654252199
328671615714
358133692608
-29584886969
-146995249696
100996448971
128192463091
-167423979215
263498893146
-127030284509
-36472142525
303861598847
2980884887
-77572223353
287239449559
255167373323
420541329963
309889103720
-30959473384
72401790829
1693863412
-70976935102
391822564902
-11169179941
340546752554
-15988539036
286823521826
56260141502
-2206290149
88460742950
-51968442190
-3707236190
281577697520
21813606577
84752294882
-125634351526
312261326887
337739549770
-235210477129
261911862859
-76120095183
-113684568887
78379100354
126393767650
400023538443
-86095073082
288497558129
7329065490
-122879022648
68246972389
153701568413
-86059903196
46901896856
-37100506126
21095611320
146622198247
190030865429
42831699755
70781520891
319463385795
324265875376
-124981228470
104153114940
241401301370
3468870065
260383732354
125663267881
158454818695
-14380244449
-16747389175
23324991236
314403883419
347343465194
72818312209
32036736975
162449315163
313767033680
399626630951
367743899250
-51679149532
326751928366
317262514216
339766148722
147479673908
-127067471696
344283735370
92594850660
-196520616009
149922601390
-48441281157
402307603263
65432814587
59164764053
391424903023
438503024138
19055901150
224822820280
-23341183465
-19935752895
137964540386
407128704241
67836799279
54369041565
200852858379
-2214911712
345480910132
64949181545
391881362863
8456720180
85395673097
302121372552
20493878572
409426829644
-45054306453
-2733678428
-7609180586
-141842494238
80188117769
139801159775
-123182654603
391740922571
-37511384560
-4762391031
108260488119
388464990601
385840753566
126129193682
180044329406
325549953704
90648421917
318889555329
475983982123
-189181002805
162790070337
-98876298276
168764197659
144437649926
271448326274
-56586063619
17310521401
-3662789271
-27782609831
340382983584
-10622759824
395875800896
-63018028685
302025269437
-143278568987
77767322860
26846676522
-208177708087
-118853489747
-127782330885
370764711771
-119695762660
-160500375741
-112083055467
146327324984
366002476194
281145679275
-132642114009
-73183862207
44273188653
-109557263391
-149922687517
-171390565906
9478796129
-88806987628
290552616680
253810660939
325885894567
-138855170776
-60533693499
267258502798
-168582168157
334150131880
332140031931
296006572524
-16370358102
17552875862
168782748351
-126028372021
32173405009
398692997713
-54522466128
157583566311
-117873339142
331590826630
6711907160
43989428503
-25033826196
-27876809220
303008815512
394516000342
-39030005314
-7304772498
-120749108160
43262485531
239244517830
-128026589534
288326088232
68637030337
43604381518
7890638341
284317766718
-153565680967
161794519313
16800654192
-61222225464
407988671046
-45958139451
457613318948
235007833561
6492057144
-56219332252
372626210710
305996854158
324789916205
163395317338
-4806604453
147566903653
-36798123393
349425516423
261755594607
-76199635684
41389080877
326027075551
-25547764838
375589140921
225127156513
-111905989106
236524600663
-109017628918
-39732043667
163941580411
-35792273435
35116767153
-39774918048
-152478744782
-154961289989
-18552989405
9228525277
84265334837
2894438317
-61534215728
7013080756
411893157684
472462503731
320882141157
46292781042
-10139590147
-143219311473
289304396285
49131930378
297392048411
192261010403
147941894901
391668424726
328422193497
332642877408
-26309188914
380010047576
-110685075137
430489545228
-97680358788
-24113618026
16883019698
25670013774
54343526061
11498781079
355832741901
382526455892
167232705847
296043778884
334268339731
75543905691
231165383880
-44852895034
335378376041
-139905559218
358909709979
342873887019
335688088096
-120903141881
11671960425
270292995173
147400351329
158724446005
-108333770100
-93379229367
345859850700
360308775117
148518128912
80093848938
64253331440
335116404564
138713734236
-24379278081
120351736798
385216840548
334300776122
348820902452
326354831618
-69810939324
42303458440
231092042134
-76341452601
262085621282
374312628361
34468717320
-132252684990
76690786131
-135100877996
112352129050
-155881253065
-100591126407
75962845056
9577982347
-50049452698
-25235615440
320881321206
201927742242
442468753285
301889403158
-70292769283
215653493252
54922229020
21176931335
7013080756
106242300100
72395728150
75153336992
-19159888137
-51894732845
205682517182
-69512695278
17761726195
314096886004
330808282645
337954365012
-89349302701
6226319867
-46748890315
273676763638
-9896183900
-25673076956
17084632512
143206595973
-54500752097
106596211994
339235274896
-41030448572
48577160514
80809147184
-50450785212
-44805382112
92059123170
-208437314011
173494831425
-17101915420
138526561511
-2847852415
-23186477859
21481167824
-92362648611
-227133105593
-56888830004
-161594555663
240103611992
2631102327
39033192971
-32241531093
-26867488109
-88312366877
262748908660
-12456157301
404592708828
-125669849649
424305699556
55790038485
51644455454
3135187654
160096772036
336807669098
344089747732
-71355935505
90569825750
-18421623898
-27749187482
429101596759
-82096344701
168012870539
44424256545
332050449446
111041726357
-41965220520
388846827949
340973505812
334810577410
-65340239888
31714058455
8303460767
346171674859
-77392665165
-65130039681
146618935762
-20825854736
434808388607
249046022285
-98258488019
9716442756
7939348270
167510825174
57520974677
-78645300964
429381853826
323336856209
63796528440
72644642438
152824911879
-112774492987
-22374824046
58229542730
93318101921
356587821733
419727907532
351016604465
-21222542834
352292607157
40103697452
2520117007
-24268937877
29047128377
240271461192
3091534767
48047677754
-125164307354
21051624506
10214829006
-98420594962
68030261396
-83344936371
401098513365
303415543803
-39814983936
40281946890
88497975414
27762191525
360467517216
9741608002
35245975211
-35402968796
114403062054
75648407195
307651637991
-150140163188
335038660971
392898739979
428784304761
63503896446
-53489254705
-80636986648
368682134807
9354015500
238713134244
322885479183
69014034300
149314181459
-200564354373
389204414106
409331444926
-58396105055
76949116142
182045395302
-164584857984
349979423882
-37676118739
327752478064
-39115940269
437725929783
38192494895
-159467110150
336018567411
-37693013501
-42629493825
271277041460
57710159718
1947719498
18071367434
14845852888
296886711368
301072917328
336094137721
142878236269
139800801154
-127618055268
-41603379727
-31188718841
-128701119222
11185820195
-148128445096
49675246387
-75557065326
-103085333826
-55624816359
53408083980
-126950489671
-67658120591
77147437851
-58038398626
-49596040449
446179575583
46953221431
107690791146
-7464010162
454421155224
22796738404
90383704571
249744033279
399629288133
37041596607
360138948950
-91505888324
-23525419746
407895802397
382220730859
318408076730
312082328899
380422050768
319561220895
79276703449
-123391415467
103637825063
288884719917
8209270401
414395207991
375156846059
-72657682762
11165015618
323160586238
23771685860
-125215789629
261581815987
-23205691838
319998098582
334909011653
128867858873
-92117264217
-223156509298
367490395365
195137571419
132371387472
340642780066
343093358944
-82370399787
390587443821
241434639815
12584870866
410523765499
59542853590
-128849687150
361079121718
337452973116
-152471524813
-129941019806
376696437396
113645566208
-94869330445
-31982715555
332262821941
-41408498618
18827317210
64679686206
333831839784
-4080369100
-14965416370
409712456638
86645369050
430018977492
324733249536
7946930348
72592608913
319975096132
459329876822
70794660360
52351721075
422788603539
-18154425587
-79427472846
86349808087
386316088715
121909556474
321616951545
-155198657971
247651223423
49662745372
-40581977729
346664048004
586266426
28458539987
91641573067
302466626126
70651709260
-29359353669
132584981653
-164109480384
289224304543
169002252524
37158277571
369555123966
302001477950
-32700134269
340043636719
359946748376
261814618378
164216299257
54964283736
-125706678424
-33343602443
90576047385
389460530430
66441821685
299383921617
-142236876236
269566713333
147822303315
-28620079649
-26958798777
327734076854
-144254340403
-5043886347
322133836766
-95087131495
51634699750
191269176106
434622516151
423652761319
47452662240
-22757403839
115781874470
-101668758802
357282788565
-78736337064
363908982421
-147510988126
28913545246
294123624653
343285543295
-85332819738
-194687599244
-29694211654
249141286208
415240898958
8864521326
81345549531
278691438837
42003725118
91114650633
-148123071220
-23111804201
42404363687
-1638839131
291427280801
329671354400
-6213539866
415703727051
48708160517
-17674777222
330476353345
69528570913
306080965092
332636516578
328354832029
-7446465505
399869860380
424915210476
336770056493
-15825390423
-75490980856
-14390336240
339460249290
-19869550745
219993576268
325176788737
-199952193688
433308929501
89695209369
329476127542
-59139587908
9451711134
289364177616
398072404744
248400108464
383486903448
261597525974
-48822876730
65897138184
300238914001
84598168409
284511562531
76119583869
297622332302
399058786086
258136642413
247355205980
-62767139082
-105431629240
-12100146107
-41643289291
-56033580443
-144908965458
-4137941385
46494902545
-17048605523
96378115764
221090065388
-129426867457
-64055566364
23027099056
1218341620
97180191456
76145372394
192049308845
-34185647605
360251850533
-88067788945
-50718102871
312611575743
-84389500619
300375206945
172596463992
295316003709
456169363756
319488979239
405002247393
-84527994044
-37421821746
64341850547
-125654003289
-75275024772
-74518721512
-13440604386
256189364414
323669888171
-2709033150
-106248451340
253713269116
-48821113692
-29874617823
158721758661
40285157503
-144119721018
29377673939
-150804202777
411616109604
-40463232562
-186912292620
86481761648
178233264389
204614183682
316530977530
7313349767
93588455838
259553106104
-39526041830
334199343080
335860742450
-120552579559
150790279470
54712865532
-130292892910
327959756921
440282667725
-25508267107
70143526790
2808914086
90379558777
288416697150
-31507885439
-25733956285
-147154244607
112689328697
342765810527
5599124407
90002773518
91669214061
-52402431728
92419526868
327035841410
320791731727
24736696280
-17432058065
206409701329
-64252200294
344104811687
9827567420
330408691774
-108368607966
-56877020647
-53408522093
458012711261
328034259260
42635600021
245370344148
85578720709
-46147630596
337298569399
287167476989
-157910301729
66956512547
7574940156
311225532846
35618860538
107110178685
376849101089
302101019700
-66527388406
316321040358
10227401037
4445428375
327514582672
48578073568
408273468542
11981366775
-50357804225
237715422826
298596033818
-77144512979
72330698070
339163003577
337349918859
-62345166611
410280545603
350128818851
51754899379
77826550557
313951651040
-9525286651
346587091028
420317070476
-104884558835
-86848329223
357910040376
342591866552
239854460149
173154217040
-73614787862
-26623297156
-86302630066
371272336513
342154457576
52420637856
394493816704
228692821697
56001174419
6825643660
336771895799
-43917412646
138424112417
320015198838
-41826446035
-83661703932
342765900041
-108360090840
392097064734
280800582310
310576075500
336428960673
-77670582502
422926539655
415862745512
113382679
118353938086
66533982651
-128020938873
148601012742
363675156690
292014195868
370995887845
40417671049
76599652514
123957782959
311619715956
-130012620403
83176424235
-7547564584
-68817749158
318572807553
300381359584
428289944540
-6391658893
346377040
-74205914173
-66843309339
75172012610
153854200128
179653787428
-59652904303
5494146244
-58820402200
293233135896
-45899361371
353470401498
54690184968
78156275500
126141298700
-34232947516
-66934321781
-99974184490
370715680776
67432474003
-422614870
63211328526
-34875776537
166792698745
171828666181
-84960407453
-105563599292
327587054115
-138872915099
-22320590371
336962992609
-118305333027
171211953992
-71269018228
-66828412224
-43335005960
147968099052
159878204558
30406266869
339719525828
305699923554
103143485488
329159574625
348612367961
105589360965
92501058552
-149295105517
276137130517
33330511019
25931849033
-69118509150
19933859039
94036525871
362838456967
73116300162
76749876747
-95323421053
-132628513
-26998191930
172198015209
-3811664172
5736547961
215570063040
-10929463594
-111145963507
-20197959913
67940092073
-125495333849
25427900912
416022807973
361857341167
300750037784
237930693206
-31395043552
387337574086
315985110717
330208404590
197357192096
386247356397
298555367215
-76452772973
284506330102
319628955348
390000759412
393259504775
-83885680228
-79389550000
-108409502668
366634192560
91608964765
77844600677
413759069087
-125337621949
111062337861
317530187253
418023265876
120660455374
-110977040247
292123297038
326765924416
297103625760
-104071975381
17723686075
173442192854
319465289193
44689928865
342050848657
40577242724
217516214703
76252176238
294174588570
18045496023
-105914008482
14887301609
102677821913
360998572334
-79280340480
141797427951
284170777948
66369912875
411197779429
322578766930
396860007071
357570024066
-57850616737
-44056175075
120808630741
-92657828224
281669967082
-31013146986
110027498333
14225736018
361018833919
18718271645
-112736447062
256567376260
327773499746
38187367488
-218770311480
-116494134365
-22400627221
15397779835
-113769100310
402237046161
-12245703740
-12642545636
207647656958
109611220856
-90075140736
424667772471
46831948133
168338150391
-5387052238
-123855076259
18624447435
50958660455
330512312250
321783565244
-58688052071
-62611674356
261836921736
-118435311264
94832144943
265504098002
326175676567
-76607583234
-41345515027
-60912901385
8419954275
-119428428224
365661363253
-25192133657
47533706707
-39253009090
13704565884
-37861008385
224726584486
-84295051757
168975546908
43880425709
89877846232
124679209271
-135546204954
315905560798
393250885347
241445547150
-18242855732
404858424780
89761406884
35019273065
90294840939
21266772217
-159961978107
376775289083
11985010903
41232105762
-63093016772
145782015933
383360742294
55221156813
372127416884
-10491069480
-72718377388
327475810858
84293217210
325157410542
-65250501495
-128732421110
244323556774
42073183117
-88732064879
25471288296
311094499899
165128659265
270829150367
44537769425
318008400368
411848097805
104173484305
19666565912
326147476649
-179228940402
253499877758
87797500595
53746054663
157602302731
342797138922
168278168983
124939236776
-87988720284
-111865821334
194791586972
-149163585643
-116022068230
149964402341
345259026552
-85366819148
-134984688718
345871130791
4596711704
464719468201
-38606921364
6365273676
350181734530
276508077346
245281792221
422475964185
247387347563
28783849530
22152350372
172557344120
-75123261403
335270087661
-75594993343
107817457713
242737550141
270108015577
-1148311717
75588255600
277682241305
299826336024
75000515740
322418805879
154717029821
-77624033736
43436745313
-175182588820
40539718900
-73527118464
149875246173
66772174236
156571457271
350628849188
311636910160
277264867116
-112913942368
132843817346
-80201973212
261024709099
-130101072610
320560643697
-96606312863
340954605732
425714549556
286311972838
-47244676887
38076098961
313488090833
-106824856277
-65838533960
207047330898
39189486092
-31104759375
348876416296
318767934609
137513856911
89168303364
-5682142465
440515908454
-80521399293
-7701544402
-23999756387
-75153622504
203128350432
77276993022
28779796898
39295216367
391528958328
397312310566
153735116210
93544166541
306818894490
12741838284
-98469234108
326333557928
297773580869
-72328075135
261699899590
27009298069
-108048691821
30881643868
109668459938
152548207082
177654846610
315364497123
155987538891
-2368555361
-87760613573
5233191550
-113043068790
269686926015
305062489732
-57461771528
410670173005
72584754594
57278608519
421236296179
401794021748
105830161816
318756397019
358378976426
-165541961
316295699555
7917157748
299051683362
277309689359
-18748326384
427600791155
94840799964
334329724258
153554454192
124328948395
81853770933
4955209270
599367125
71125640442
8046209896
43104929655
171993667123
191322625595
201217568804
-88664229367
-45197706976
150873275387
357737783624
-101090048611
72013502550
-1713647360
230476941694
291508267422
-124484785275
275367678620
-44717117780
308888174736
257473320046
249646355757
77934306149
-29689905628
22044324658
-27674855423
-4190498569
310657768531
252101432999
400765362177
20965903184
-45049146119
-87285951791
294330704571
347914620101
-78129849900
-90134654427
194435876824
114483520805
35741861280
149872200712
-124405610801
48123840376
4947074499
-60133183659
318601323521
-119988458777
243352237176
177955048054
-3131171129
24307670196
-102911147582
30739602545
203651385395
125441243106
-22385130567
-41170027113
2319391727
76718377452
-23590145311
107550257853
-31726380088
23510037174
-129389819372
339868699924
22196530944
-25696810467
88093691901
260856078162
70827369141
417440096695
431394596913
-177086748638
335010167067
-5742003593
-19560090427
91002938971
-16233063692
86651118177
41589566987
-88535398644
58231561519
-60445461774
53554914285
334025948816
-51469414606
400345083322
-122935101776
389777071250
-30916622663
296299226407
-9918418856
349015649621
188561398060
332038347596
347542862767
323533900450
-92706382282
343467104593
409260181165
-43340204987
-66763778176
-42656294161
83963182209
46598926760
52261289637
72024084912
23209174784
-118485315423
123919584278
59391132909
-44142421374
118706667004
-45413519095
528230243
-21497611247
361129369550
14565133811
309168602717
57285312289
575354686
-93146987453
31867987631
-16932675377
-120312022423
-100941615234
397166027782
-52888257991
-26317984291
47320886864
158250742659
37624943452
132525304902
-93491065832
249997237408
376686368513
14832710045
359511108631
-65338020100
-371660087
-18974412796
205602234831
49374869745
377914745589
54306565144
411125785991
-124195972137
434925286040
-174201548248
-180553337028
93185673956
-10429390911
84230446390
-120679971653
72627870739
321471341941
-103837880720
349950134586
-17850670872
403015589554
-37097383505
-92186571326
-73732469069
-36205146530
84707752450
-146672772933
168791539582
281180715427
87893065049
-184533962185
153942825792
-204978971403
362403110779
375197589952
-102032246460
160010221004
336903881217
165205173794
53787463314
329075555144
347096392866
7240583384
383857306115
139221079267
330862853754
377214049814
282343851281
33314262487
-29708429652
366050398449
374294446451
-108745142648
-130907464707
157275432510
338174095155
-6492560401
48078016179
108925293624
-110359423230
95720276230
326776978717
-76186368627
374637448273
291105621326
-38182984713
103736494994
-178801402944
79210265069
306092565691
461875332471
305374568563
188048086903
376452787185
461371140196
401098157099
-24668661207
350611951386
350921591607
-50736013975
-80524974785
140584525830
102659000179
150295197901
-44908751055
-24808373127
185624849520
53507394126
-18399258709
298529324986
151658185357
-178252518980
118875745894
-47867736379
48743336981
-129358573257
-477494272
-142327104032
57350898119
137264741996
221358752599
366588345287
-146879880495
-43682386582
238852796295
363325964288
2547192649
359622832651
54968759548
411623023214
365301420029
306815968647
-42902165153
60697584721
438584018284
305115049009
-7535065298
-84854289489
169513956928
23642883259
301208921038
-105782286985
5070274150
364725793613
17857750299
316010779725
133110510132
110988404397
52140763284
82738674358
8211518533
-2086337596
342562147207
406352397778
130600899237
335115050782
138688647394
380627125002
70365319653
214254580423
-28788819383
-82159586525
324439347188
555791236
348251887031
-56258510246
13524437063
339705074683
44985159600
-88539890288
375532078651
216536065790
391735117720
320297636426
-131018377411
151090346796
27253892486
71888481696
323786368312
311172479428
61412112018
285929674966
82519008368
317152955156
33844112823
138843271356
-43498229349
-129381822131
-156303572200
339755666344
339430211795
-53402161325
-12604023635
303028756326
42153700496
-138458458014
136615415831
340316632173
455408776875
201581338000
79990572598
-68626686194
-99173092194
248137365001
-107963981692
-127608542585
25939899242
425624670255
-18717672001
380566480300
-159078856397
298035724390
-82528425647
-7511055817
-6052654144
-172730007814
336882893030
-14439378460
-11336237610
-1248971942
334749066336
-127645471899
-58171088015
190466600474
144240656858
-2294685885
-58932701545
-94835494343
290356136927
-189395240891
-26307260334
413169276321
228570688620
236079046425
375919349299
-25509395251
42478521525
80343894788
93663675915
136563286166
-100119055756
254462413932
250237758301
302795486743
-97895446714
217049643053
-107303998964
293723528735
-18919475131
-115409948367
-20268685030
38003488025
-12722533153
28572619164
130920885345
71246795423
70501316255
230227424170
344283697135
351403621312
81833002750
420261614489
96237767382
51873064890
39690750569
85467757655
-54200029961
22939889445
345211732505
-93857865539
337797644948
131526198721
-32486693113
-104928062565
-142214251268
31828017334
382023070106
68195426919
384293047678
29931532950
-49790029919
46673719764
5382184728
-81554240909
393553128445
-78131021290
89621115860
-6589899155
326382947144
226364912408
47317150722
25327335461
334329724258
314675736266
58098312317
330658195594
411964221744
53334073276
371712297914
15605649743
93293992452
298429828374
340406650996
108700503965
-13212621708
-107971121038
331752193597
178347408976
145588162079
261674677328
338494343479
-147028691948
-1068652193
18409935089
-112668796030
-11588922754
-109650886612
74691866806
-188112510533
-145615139694
248196583555
261238608050
-47759600455
402614495776
52791355621
-6767273563
63514080880
105503350818
-41995965788
-130510259157
-33764215825
4877623892
-41976283821
-41086294396
-117970913567
-24824634423
31307893035
110364837431
387549939583
23763634197
-56602760357
-98130652183
390648670783
288618790237
-95734648869
-71581706394
374116291159
-1213713590
266152507796
-166989931792
8636373731
124326503520
293311185979
393052460101
49709206426
387919108046
77163647610
58325352185
7281678025
340544821840
327488422627
78514847261
-214325427147
45030939195
-152630137479
133554980222
335573574696
-21659253836
151918255379
120944788673
-56335712075
296785658674
-63392715906
79521457563
15889413739
-27194779959
300514667103
-79051224949
-124429970566
290054801477
-145216434733
344089747732
50150332010
7079306345
-119201985411
170130033459
319743427216
-5229786559
284798634421
388938543981
314318443647
56828224496
52652952982
188714546453
346902843855
278875890124
166977808849
395780496927
136068298055
-37385224729
363075874080
321069997517
-106995381520
394731297312
-14122255055
314388220181
155709378198
141431316766
-38051430780
192704208020
156867936677
42499597237
-32648951158
-158245283347
83293943325
4221424141
70259098045
333054747907
30702828934
376931599569
21072695023
359546746629
121632959875
351077819265
128310932043
-50368328471
-158324683176
-13563905796
52976363709
118150808660
-111462104172
308913453002
102059787463
384632973302
154771797228
333688694483
130266881635
303498154998
302466413027
363717073966
-35412293973
96139621274
16936194801
285874807058
40173141776
71710877338
44733612282
-33948880941
20563022021
90902190932
16693560638
143588753335
-19610317522
206313197305
296943273571
267087829318
430361882095
78197678203
-142598059845
350312892868
49230316994
51962639084
77898576035
-42389256131
-13485968872
284577617567
9756378359
69440112057
111057693964
333351019663
-27074192182
75402415098
320491705999
318663696573
-40725787675
317155400670
334778996959
291166052107
-24694522014
148058446092
-114788533928
30661042073
68522712934
294333701622
-39114898643
-49438799746
173144656795
61591236982
33409011499
156460836857
-100075087489
199157202360
1298036402
55368130460
335994509855
15289508331
315796202673
164337202498
-53683054814
156592612150
3956952420
6067532332
167423871658
65793711422
74991352985
-165144118719
348111261389
468632119836
-70665576750
-11963405033
64867540223
-19160945486
-8774878708
412078586349
-32786534193
11518301584
150259385019
-46527793342
320942780606
76453599242
13792384941
37340923482
299195596268
355018802004
394060149261
420843303592
429209234347
363690124525
-6829518022
77076374086
-10021349172
21607448709
-118153771448
361156225691
-47975619031
-8066233747
57648353248
72835775387
-190350964027
-58269648354
-21643213698
73794714896
-98027564191
67061192696
-7756803234
105101017996
-20889540290
-51839931536
248309809876
110435636525
208200886755
-120744579590
-142611635976
368166469210
-119254634732
4113152593
-57919290047
4021044365
-100265365827
142155786040
205590820256
46423136048
343425367305
-37908909300
299052802688
336798832509
68401119396
334295916944
-82050199825
-34970791532
-126897265882
129647067952
-40346818258
9198418600
357342654135
-64758933059
323119309990
430045834736
-42940098392
268579557963
-52926990637
-67867805064
332383909247
55408635011
384944974058
-33861143150
52356922974
-133444606516
470638223243
47213402451
244105944705
-123313074131
-10793147356
-66548641903
149716150107
7525199184
50752938205
418738727485
-47228341457
124379832320
341547218179
-163024643089
402614495776
213398139660
87227234036
-443891791
96260375071
-152672897057
-48798532973
-106493672091
-107327788861
357129363333
320557896486
-82358471546
-130436782077
-36416629331
10173941650
-216528970000
289798535600
138600864560
18354689296
109625689648
18982625734
-111780897666
-44619688277
387153508732
229853071292
6642495151
374632542892
-43429121515
-96018324695
406612091491
333037243698
-13235724933
386553362212
372850932023
-60615055781
-21095820525
78139755280
295691204984
13103881175
394485370224
-89741779907
-13525814323
58138362327
63713123189
405624974505
127682336930
77751872676
282212710742
401766462640
134649670895
-96880369258
-2270404109
389896333580
-140793272174
-107956892359
71360184743
36424324048
139980317031
24531549360
-183888347776
70360334300
402452119471
55232629134
10352423147
321218907445
-106520860643
-7259816091
255350549993
-131756100701
33431666885
281819865209
137724265659
-6363026102
66065035996
186663347302
35213649065
89011414398
104348129166
360583642685
38233521571
357743574324
151871057611
3358215357
305526385226
115853645240
393946533876
-107312132095
-115245241295
209192317961
359081385309
299915051196
293042400512
-102312856565
385353500104
54566948677
17991093732
-85633156279
126614929583
167628415721
25955579066
103946301239
416127119757
439279507887
318593079049
306729895834
78830009974
329825458769
425805145649
208932721169
22002906760
137039839999
34790212354
348097945480
-160981805395
35393919362
418334223348
67944638905
416831532435
282348312262
368216804239
40505328581
6655813366
422527499865
54546845841
325149033449
371947148104
140263788189
-22843345206
-32182699094
35115365823
-114866439433
295993763510
19258369665
-188234621214
-177385950192
53057280401
309850518319
362501898510
-177746550069
202862654319
9810562256
-16538314233
287236533372
-182454373299
21720682230
25957618032
37930746960
141490926858
88497792108
-164771388303
154510591896
322231319923
464332669332
-67894625964
-201301234614
322060583890
203921025620
157896250827
294052784896
-35236094671
393577736588
38008615255
-82752725740
286836266790
-34557607847
381898546136
164052764586
52646389207
-25888290770
282394059353
47083941822
271455899221
424626702680
59795991875
390246658098
15337260445
385315412664
124049882139
-89759783122
142286587140
283210375875
39349165647
394109475308
328395384556
324898429257
56678202888
83274542859
39145647210
-113254997998
192281442556
-10157000510
19638145324
188569515346
289291598723
360142429372
344906925847
-148972998169
16269703746
49412556721
-76630677343
26713848139
-55489061261
-17864179996
409782218888
361149623362
306856731813
2753697621
-55277023273
347204058085
313647658595
265266401650
398068137788
-18278652134
169967286169
19028874952
-47695595872
133481148400
334005497712
6806148152
471083229118
6538551342
362634323544
-125918238365
351908780669
310335988897
-18365736692
413435842870
160239454249
-33934529813
75879890513
42888155528
113423597906
-73358715869
-33050997987
-55167754706
227405759801
167767648195
415864680352
-4664574450
-86623693929
-134006752483
-81129838931
-100738577816
388738334698
166030226304
357607861462
131197834208
-8038407808
34367497877
-49101280350
327105136810
395537569890
370429938624
-130715453245
93628418404
55077648584
16023049183
15356593103
-72770346795
-60171458750
15094353837
371146876920
433038646181
-7540972561
32972136
288385828829
427945145302
140045827351
-164805914543
-131919930008
372047373535
389764824996
-20876996228
-41347479338
345240892798
307850880218
-36466577090
411767749952
-146421566877
-40478731120
257453475330
349908372332
59585210670
146546889772
46796824028
470905033627
403642820974
57722606550
370195732793
-40601867077
281300652129
357698775991
347129146424
79041382196
293035000485
422911583806
155616823444
300971207731
-50113467966
302330359537
-147898810672
5162814763
-68284707856
-72350994296
325689437097
385373085822
323682548934
-79331959179
-35515595115
185872471608
362104495969
93969322074
97081341119
74511375869
314788426298
355667702429
-100871747871
15383582017
-4189991370
362147469839
-17683529538
394068897966
89775259935
416698742122
35090075039
4772041887
152921301062
356077887888
39582978077
229666421631
144588431463
100023410926
343033704077
-103486336132
341382844338
400884951444
-24854839496
385543200337
-144340812272
367122527351
263363262895
-107990512843
17313641005
-18366303725
-76200286037
165109735483
-119534222537
5729911167
-103068846521
367197639154
-38850184345
300374954726
7990249422
37893097193
406268187108
44284901097
-40418213636
-153048127288
85999344113
-69337315030
-168354935790
92166911200
-99446248928
329213661457
262511045654
339502582831
362811822301
-127023654596
43213142887
392868110401
348388864769
155861251388
55627391736
-103540308446
-11840173965
78749158517
53291092359
-126494336739
329122968374
369770872301
215963363229
13244057629
30217576067
295572675100
-105051285458
41309193153
406048874547
227076617609
302443615175
59507964473
397142008944
180953974380
-98253645123
294621586026
95597465408
67114483608
303711450328
274388505222
8498974464
310367055665
-143365263143
50596815092
-47385146122
302266352349
353900272679
80706782759
-7451827403
41606041669
-136549162176
380733582675
-104360023718
-63810157383
-91606878363
13150619917
45290125129
299663377599
-94728433734
321444948327
-124400301500
-75110435456
274187058328
93879865116
70060429375
74161621334
648552560
279094228591
392910686768
49533146724
398805468923
388191390123
379840417870
-101780505733
22682197047
27975262154
257925815916
-56097319290
-136127086974
366282247769
-46582004324
159102118838
243484654206
240321829961
296793292657
52299600931
396919360250
-48142358796
-119445063180
331223666847
138179530027
335637465586
34088129628
317312817794
69435293905
151429239082
338730029725
-87543976952
-167922794745
344467354680
472253888027
108257391011
103115600917
180947383916
9101263596
248831545345
341822949701
29298389884
-101194544927
7840443311
301656226547
304334446137
-104865266205
-80707174810
7783536314
-5877812286
-162857990849
355108945846
358253681728
299457011320
390766250098
-110471260426
6044472558
1495599956
-51236096191
-13761299607
-29609348649
255562375444
-14922911961
231973051013
-104206765994
411769675519
-7307966153
417889488527
-148203269419
275435292777
315529656156
-111184910304
88475306939
-130903592949
304445022382
-47769613716
-13737197532
-195863392402
65575544384
-77980977216
148969731197
15101637751
401453197895
345378410964
-34200772715
17552505576
-9572668580
10520122479
150360004159
391599738572
100216581352
-176332300235
340818245488
9059538109
-47861455931
10349385855
-70639798919
89395619118
-19182455652
-50017587240
-12141812879
339947339542
32578146330
42038412855
-140378751615
376275264472
87470173616
-102284105727
212708260805
-11819430114
40572831274
28835888740
-120561743249
248558006830
43487117783
300156562559
199941118393
335633815548
-73560046603
-67676857647
-114593371238
174660587705
372739384574
51265852765
-135395015249
138615000052
-26559170992
411856364649
-118864459463
48893987055
327802245342
-92207595110
10190545437
352101080629
8080543000
38189599607
112225714633
-104335988413
-9782874099
292837541338
-110552790351
-48311668141
-4216038760
370486236155
452519730851
269894603984
-105240890599
-140987466664
-17658336243
-79646208786
164751588088
204649302235
-34828697035
73325221484
12722914375
295627916476
392889414720
106897756153
193636266043
53996506411
374150044591
-8492739957
-41384224260
3108477583
61041458078
-84003961101
-46857095655
157351697668
208416508587
53888917440
-40999048216
81738529790
-172594110613
169432312079
30588947292
288986221609
404636652488
33399336095
459597410563
-18905923853
352879032396
192635080750
-127139690467
322249613789
16009696319
350320134227
415092901876
8839279692
-17738209827
90904303661
-34407151193
327651630853
-116745861571
280606729131
170749656937
346414629450
194126881541
30875595793
313626992086
101283168858
67986554460
11612568472
-34168409240
-107722011460
85276013812
144941167972
-157712981938
416524520895
350729708660
28213454424
57169658964
410898547053
374189624556
305057401976
325179419515
166122215603
-93686457508
-47942468578
327220329028
44907339605
-220231505842
338753407638
-119159438980
334058647163
353986896084
-88945625629
35540204499
317626291693
-45103211676
-97401086163
-1491297807
-87489747561
-71863138782
428679135481
414643684431
18102268312
280470830822
360669623471
-181020784222
-120695896919
292374580717
423434118203
1808813415
-33555616178
343321659468
429842072326
-131895742552
110498727999
194396765045
-86562721043
49222520207
303281974741
375108132285
197298774015
-48022835595
298255538299
-100087233103
335070102162
90418948568
-7178988543
-148167172153
349966890142
-19507618849
-96359869908
44485837800
-20156908277
-21291393922
320962148906
53113867656
33009008982
-197723823261
-14073060376
200852691156
-101011183918
-81101465538
144527653981
99189820856
396225143292
45270416641
302541079272
74773939830
330357428575
-17154910054
153554454192
-50991731317
130477409195
-163067861368
432767585513
-74426383394
2450737660
-130689744647
-96167554683
30705765566
311625970644
-21664605888
109521779839
-144068737269
-18098434432
337527565067
185890487309
44094391258
204583457173
-60881760532
-32207169976
30357658747
123731059811
343872575727
37399520069
42948234565
283944411310
250550527880
136428085409
71356875580
-31579193943
-145776795430
-78259945684
147701154111
302481687183
-71141103149
334223706845
44930731476
75778642911
309251554190
104473103013
27010053165
390074681018
410396452616
331351981549
-30172899101
379181504124
360191583977
90807489812
353955749303
356713409095
301510330717
348290125113
-13335601721
-32055233884
12299505268
321512015361
90217630000
27941466438
128127920538
263480355107
-81256201797
332007373530
392244935600
75188783436
19455521362
313517801186
7162175798
-151985048676
-477494272
411669743195
338673872548
18993248188
-1894369476
-72133875304
417390694835
393694474230
-180749722158
361334989375
-29464824345
151154007279
381243258143
174501488137
321902510265
2504089260
406401735095
3188795026
356782610362
-23657967696
-72791944025
13396599341
-75305942453
52412917772
160025272582
44624213810
56036499918
90944593117
-103043612691
-72393248549
-136207873583
93615655365
4655746002
302479896705
17987238810
-143226903652
423863123629
323707547602
-15641155759
-78780550790
-96693837404
147453778669
241056554221
-56316540612
-5385348689
60820161941
318815115759
-3075441250
-46829830079
16083026656
318662735472
285556853652
215833163154
429606286120
76207369714
350391058433
-31611496728
325711574392
53812657070
359065799376
-38058402564
73236360094
-50612434922
-94088631527
38568429366
179072844188
347530638503
421407065517
245369352706
-90664776632
-138264440961
-17622248399
221437902639
308287635335
31759318013
125894801768
142418411211
166700073538
75934454624
321686251793
-129195134270
175553180730
60038264873
-177550691265
-143728876049
135982710223
452352282132
-43964576948
-77478421
312544554997
338818688027
-25756735277
12539994703
30546731463
25326232346
397913875712
-48563767134
-157736715984
-10359770293
345542622845
-117501123748
37658600094
-46612759417
335416335988
301911979485
396925467156
98524351760
344759162785
298657333381
-18432866199
89240075241
83264544003
387478430689
-69032725968
24643174910
129300091432
-45207255951
355519272677
342528064130
-22428930250
-162296085175
232456207905
334756472671
16610924231
-128794332344
259363034916
289125942368
323244454572
349323281018
301038077468
262287211572
200305063
267664290431
-50852732484
116569442703
50906525374
215682771997
225993600225
28800441075
-75375395128
81633910286
-12437616207
50665825994
340147909588
214068332792
104130888274
17464707320
-126902298240
319292416863
2989267082
267589797224
-161836564395
154995504951
306339600710
323600053230
398546153746
255048700708
264626527395
413138648456
9345963517
-985351107
102887825241
-72146457439
-8519774322
399492989560
-3663829385
376901082247
-31038295297
-172155949630
41397971541
58716197621
261577844452
310431482541
220428540349
62385563533
-169978581576
395646756038
46892184993
21406833257
335871016244
66162304419
-15520139577
115450256825
55925024371
179805886860
14599274053
178995667203
146809535407
-55403375352
105332801972
232368814137
-17745439417
341984356138
32981665263
34479973286
322648532779
-1407348558
325032828114
-3729275304
335345409239
-114405040020
306437820901
-94147830808
-27199794190
330789290148
376110304369
321401218767
319982376116
58546337659
8108700146
45804347105
25460960852
183761254280
-19492622603
-12132724334
42450568504
310705948260
13057112800
404229397449
396212870327
143155962867
-104283009978
260992960863
38212625882
11827779486
-11749058491
310656548381
395309589140
12119672554
-15576274112
228328217237
-60399768131
58783134188
40102048512
-130301369809
287566354616
330723600138
74244977233
4350292446
341421107612
313977687908
422499820914
-112399266383
389899523930
322870156379
123484566255
81653217034
-33961644570
-109463180481
308317438428
20543085930
146080830104
18229322195
-44774499060
136893980397
219716185554
323469351872
-217956385609
-135561711068
98183988667
234685806126
300116360470
463211262190
401943102095
327283733329
-20578943072
116400999471
410225634358
-93051380839
403926433742
5342078267
105070739633
-166902039053
56153580603
42016983573
43609751759
359362846614
-101399983282
331220171817
67478039138
347870951855
17375914167
66409231323
-116464237594
-81539570169
405178196932
-52508979326
-29540007901
-68638290519
-72438935997
67948350026
402234101262
127827349032
-117971435349
251987079044
195352040166
314589734242
-100031340063
84910555924
-169794518757
4770248120
63200994428
-114655231913
52351200678
6662876063
415305278392
-24968139384
-125467959002
333515640821
-53880376923
395819374871
22472568663
86999143651
66465069524
295287858481
-32378191812
-1467828911
-46690084069
363290847580
-42760166709
121572808137
355156995626
-111054006026
408169108626
299902856825
350033593497
26690775501
293741518760
242576676330
25682000556
35485314885
289771858315
-20349493459
-3393454915
398518410674
-2110587641
228932271639
366377032921
332951459715
-9508048964
414430000572
344701609126
-81110293703
52633563208
-14995700806
402791797013
358378976426
318033318243
-71079960380
-14867722778
114523818021
432823936366
284276340491
61994983039
327168914372
-6090660540
191840835450
292281968495
336885252019
245580839306
56242807681
299678633931
-73690843175
307728681019
-63172398645
403290863887
5887486079
376752395074
-36853678224
150402946819
396896013953
77279437198
15099359351
209364584223
-43854429577
292575865138
-140525314104
284346842305
-17986602724
-17980190356
968275816
-93190852260
28019097426
-1162598415
331171525323
140752011715
-106466892184
133071529931
65758725198
72882838561
35444915286
8252299354
237944330913
346719631673
-108702062117
298715505050
41803242069
324547551705
69322219803
-6724432470
337263197033
-98899439450
-12537850450
260758170236
366512018367
295185087816
287872512515
26220419478
-110594193783
449950065393
472749458136
25117783705
234508300425
-15113026843
-10051333958
302899887951
377628312530
63947463832
123604403667
-925646013
-129580740083
433395770951
130706494643
413510266949
15656924402
29019349759
160299103459
33489103237
219288001300
7784024493
-128264764055
-20821336822
196168974865
104344192007
255500139670
1451956871
18753358806
325156445073
-112673118306
-70212204062
93118873749
-68603222560
319864303366
-33165090166
-14800285
302388876370
56914728341
-29461217008
369514126512
-133664621509
-6111858472
203269777237
10041059658
325589132466
308653445288
427774784597
59704595144
-65407365824
154356320681
43665879152
134882330908
39253851327
403749187225
412954975230
-50836279794
-65888832146
-175465959486
382543028208
-1862610533
-21015609275
108045322678
-117508392221
-26317808945
166097468096
43605520683
-46727115541
304839619717
294563020623
353908339806
300125279892
401913816245
2689718873
452907105635
385157761370
291993229128
380856429878
-7550049987
305573460457
12536558411
305355742187
139226358180
321042955988
273895588974
301583031748
359158960114
-17276867636
-55026307513
133812270354
-9951725170
-125383362297
12830332070
-99577393918
458012711261
417545196600
300576148862
110017788001
-109779397338
242326994154
378603579708
126411325837
62825006042
-32047927738
462128492842
12271626133
316789187007
-126954206425
-109733693352
269452583479
375150061513
66224490900
316064313193
-67938259851
136448542243
-42910204509
414418234845
328836007261
413622587860
72375980972
398075361619
379006547144
315308442519
385790265644
427923076071
312729878902
57161459203
-6783359166
78099065270
-10510760831
334570293914
138704371358
399149120979
178506140848
316407509948
-45844448673
108350654075
444080427319
58791450672
117716168590
298162372200
414628307454
-68544811831
-7262605196
-25561598860
156265465522
246198553028
301559355688
336771895799
-145682615025
191874859647
334170407309
128079070062
303353580076
-44276295109
249086071496
392071272723
-14766923890
83749261956
302960125814
-103776526942
227988583826
196579161698
329614933649
203862134996
277441966644
35519835747
58088756205
309644975934
56987746350
413304788854
164856854373
300169913670
139517512623
-813485732
62979592245
173992578864
70175966961
190835012416
32269728808
74059189840
-52255469762
387013690363
290262320423
4153369869
355808211563
331763325537
-128226417921
106259614569
290692789935
87777793699
308217811358
-1057951803
412354340025
220514387519
379582168662
72701285982
43433858797
149101560031
18887397378
-116463160420
316138443762
8373806455
396167626399
5042193886
17001995622
382909018493
18930728760
317431437155
215944130235
65694377853
259093155605
319492935068
51050298229
36244129741
-53628814251
11762380000
155351984579
-137534567255
9646484375
55643396360
411219618285
165187554310
78287803666
156776248072
306118457755
211115770100
-58101991169
-6636305171
-85919073125
406566313746
-109855629798
-118080976911
399304106395
50944837043
-4829554406
-48434823651
20516232781
410428586593
148393768050
284131063185
234258214111
103965301781
52982901462
329109325868
412613056770
169686352808
-120002824299
73600100275
300926848919
211141607378
422648531944
-115919445788
396623867540
78213447146
286626640992
324576354722
-212602961204
190017816377
380783295663
64542698319
384860235240
67979132374
280156583822
400064638881
-105158868625
-72673059069
221716588111
-8123788126
357032942713
-41808706965
15556285300
234110653007
394826397796
277896695396
292385159118
150791812422
228804551412
385508087023
156825644371
-67348064332
-62410521291
83687739720
55203538750
52748220649
-66351275133
135893952046
81643577442
54813411529
399321594339
23085793659
332022322837
70240720607
430233512067
-8164495293
457740344701
58668571240
91624581123
-973926725
-98964330657
92640617831
368453185960
222745286951
-45046277414
-76253729554
292193840231
163195910576
73964314751
35686092551
360551741219
402419572765
173532132098
101062377986
-123093711593
-34859711272
107825810899
374218907236
84452948221
333635874639
-33491068166
286706361947
78662521610
160038287046
7241541195
-55390230354
84826536017
-104169244816
402629689990
288388090509
334148115937
56690017368
-29713637865
267631640214
306812029650
-75982415894
-109282637850
392041109610
16358706748
302471326018
297348557113
1752034117
-69253942878
-74256492308
409376683706
299789626552
-8089344133
1804308997
-87369258167
389310476782
5375496006
335252390152
154072120786
183480206640
43396769353
12578644670
7810329015
383512046469
211900679637
375741878422
-49617990738
-94165137164
-46593516296
288226163920
108524138776
-55474448053
402111492127
-75927110456
-175499392808
422613702149
278716422651
-48316751063
7177367102
155440841409
-113735106918
-126377231682
21056927669
342845570581
346463542285
-88755090853
-13421676145
412879221605
-44545879906
389326694572
-113674419430
101692300465
325509007001
42580231863
41007148404
-132500197432
353663722265
137552717871
36793985236
-112651976909
315400250682
417000443970
-60208063416
336788315511
308492363738
64079903814
50453600255
141523246167
385022697216
-127192250287
-111092629304
375017264521
-116785815406
-122421237422
279533345946
-150900599425
130678195939
-3748075333
81265851694
346359456287
416140340252
162449943077
13398700618
362355902984
-30525671188
121497973812
-126363572399
-168206826939
45002529582
27544052568
332769794601
258737929868
-106226036602
182838645167
287463997954
389145688629
375391321076
-20024362706
58743416624
51788447885
-155835493606
288985876484
-124996149309
282283371778
390085190602
356254848894
87629898125
10146898988
-17826421316
402150914630
417201573561
400808650682
312143151196
338272534286
71402369001
230517809280
365547922050
-100387732147
92694907104
92926097920
-63062018214
399245317071
22071857442
-130543118287
-82058210988
13560283425
296677558534
105056962151
-116225054637
-27432091090
260710080996
-21566589423
-1961333236
33206973979
281559320107
28831270603
42638063243
391247148362
462313103157
333909875199
-58915478157
418444335219
402636013548
-37395690945
-168364729421
-45601659410
-137105086302
339637995577
396246692925
-41631320266
-84080906539
320835549302
330683922930
390136403488
303006270103
431164262110
-32790494023
405734598412
-8556280717
286325792872
62912709860
34280367831
322020593216
453888976064
354266841673
310444224168
21306647135
63803629079
323197447124
-62236315411
409281422782
-80611614060
55778977101
140245584626
164320688872
-115537448516
15073624034
295753150058
324390432003
301257257809
-55837769750
18107055231
313984571684
-25140959692
352622696108
391195716093
-78882807028
285998262131
57201391717
-108922718498
308326325316
-73564081379
151758661702
-94870876839
44225166742
83113050422
-57490645032
-63204033129
148357010921
334456284354
346031534826
-102216799672
67069512503
219124499190
-28570337337
4281664179
-123782792588
-167824290792
415519099175
13229883159
144520587523
148317501721
49007280309
-67813960187
398765339827
61187943695
326252085117
292133036746
-18632005225
-41977137222
392722394049
-15444577394
425407425898
-118740138504
418873007234
470564568496
-100473878830
184829764464
-110471260426
-15438980319
392046019057
360300684414
6825007259
265084819501
48917339961
-33240403932
1936568119
-53158100343
388743762388
345714524893
16616322760
299630715885
-114623001283
353762547283
125393306162
-14460448551
-102717102183
11854514901
4163742688
81100675757
-86320395352
390712923704
392062668955
311787925683
36303764654
410356875335
-32419893917
213184626713
-147529223714
-5183564603
43998040794
182214516436
355949940687
-106046360868
15806514116
344838119586
-21093694653
-109475027756
-2176800666
122485533340
348335638348
-38916118300
-7250156988
-3712255115
154138269186
-100962972820
-195857462297
-4988229513
67764725543
338969598732
50424989474
-60923069653
308276325770
-47129591863
20622979109
302758587565
23206073686
-118212442904
88192590861
73259583698
405041373622
281139355203
139545507138
101162983899
375784272952
109415921540
405052153911
-162138641736
169907417195
393526658740
274743441565
84204540110
-27394078949
292189169486
47450566273
411810638529
341880794243
422541737445
302489335387
-65781151813
1568311380
294757503753
-48389518951
-36883351720
57649059855
-72561469727
363160377017
53969067937
-149948697359
-50670756976
303800083496
-27465928856
41234033532
-76747337967
-119379084180
-7162835136
-78415489945
82402737928
72197562464
-168464905844
243161678126
107577004577
327320988794
-47619863832
-11765491409
-4443430317
327100181282
75903148902
248889946161
231287998626
70778444205
-65301187634
-168472367385
288470429015
418053872181
292570148804
358072778780
137721203981
-135376025499
354112677990
266705147225
34156471067
-45747695075
-42176413057
58993829456
86929176809
340211287520
-26457165264
-121206684103
-13787915750
302324783803
-12741382763
301668636053
103822051399
104296107304
-28134812447
-124720432415
58905370648
34552258300
7441503369
-104943776710
421800172336
93070563021
-18059652915
23145281025
405497418181
224501310511
33701810071
-224665246577
336220375768
-8999839929
303112654317
157936754691
376674295862
376515950409
-140731120488
247808674914
-30136852208
4385992945
-172513623383
-127466909298
376478705088
-16771834283
-62018258797
-86526844493
-7905878852
-80582017123
290143602663
-40869041946
88213506427
71254816830
160379597975
-73568117581
-37009640920
56013435897
426426759343
-20472327866
240601122502
79882952240
412456282235
3784392404
282194866034
-124548534284
-52432756362
403597747123
312211502632
187032512435
78305131606
16219155834
438881123611
309300429624
-47378334325
159938691666
429887349109
174899273899
163261484806
35184715814
303200020140
396279021084
310430082158
289883271756
121347292503
-8466043481
-16326806676
361114491174
81898570594
-182387997436
-60909715751
93514121493
-192796244830
-112905199538
77097832512
300212247424
-120533772428
-157279248362
-4518093414
345801614593
370970867578
-52938065443
-33471102875
360516183522
250466411184
311827908435
-5808215808
63687527414
240863550284
312636598169
-89790059873
-29432380374
150198056348
144831618069
451458598288
48361200826
-111841973374
312570849533
462412517242
229650224460
16386679364
156416332960
-38372423432
-107414097295
69831258349
-74589330173
-70096061641
321885417288
13456369830
-44748191922
422518746105
86990920037
170462071867
307824070464
-69994743625
426624694347
411084838314
40202626262
-62397107773
273339933668
12410888825
-9631709182
397692105834
-87659821096
-122318349290
160946661320
376008360907
-22884481052
4532863204
10018889201
107165075723
-95005816946
-118258851472
-52650505222
410589825659
-21680491320
351814047333
295471853862
137660358535
340294756870
20278824819
411178483406
164009436483
102558081756
94724799728
254912467233
176940080177
-4107086681
90436735632
388704242550
35486242030
40571750335
-18381850725
368547665079
40650210656
-56349475496
39201774307
299121506268
417005186802
385694381365
-74656954259
30849721639
380935287366
-23051079478
48299383275
106696787292
406734603134
256772450773
343050709704
212781431358
381103829176
-3371894631
428663890833
25106562600
-36313612732
-152336489302
307366960148
20307427342
417107419011
-177171858455
371577779732
-73616901879
-98175071690
43052259080
-29588251830
338702667097
146241138168
-12908827666
-40822584432
-94118726027
428183785946
-92549320221
-143445415052
2270291188
335548596956
418478555356
-33572011314
-16678745095
-207172317203
306341093036
135059957086
241489335701
318596327306
350733548643
197311149139
133612306331
-13373151258
364208174750
93776924613
310301943548
-73279480902
-30033443323
-33629198234
26886807122
-18620429577
-12209009063
340446170237
72392884522
-6549599787
-103118559168
325604311990
224606434484
-20220467564
311847272603
227886901897
-106102032409
358628956128
425897513865
-113268667392
337821549645
397822927601
-48221831252
315021566000
-110952757501
379477773588
-14135099014
204812656023
-14468606704
-19283329641
320895268710
422261070381
17490922913
385915558998
410353866060
-47483967611
-13498767661
175139585762
37322081819
350309953038
416343873361
401066218869
156171734504
311485389033
319196328204
54712395953
49609092625
50410534673
-5406089836
277507804368
443289776091
-3045279698
-44415014596
399227072481
-46252382221
8447422144
306396761272
5447078956
229411079839
143189792250
300513905754
357596409739
76607342679
314194217981
-107845355578
331517052065
388335426749
-93836427754
39494289046
317436673137
9850674319
136388884885
247930670174
53232814304
11863975538
52460958671
-68718015149
-76084294965
49166637262
74077439979
29705466133
15157187961
166116539530
-15098278550
18692614746
35491786490
129700671650
-134058967248
342946050615
26254123276
-35072824937
-80307810280
370773185575
-260727610
72380098508
71476652617
362057547347
166879246867
66841642013
135670181531
169454873855
166609981477
363592968094
-46967064008
-99619196407
221629215837
19230659970
-56804400296
378873852807
275805054635
71127809433
34812914251
8301714568
-145656058399
148873531473
330392036945
-138400697735
12188296838
14075508574
234338657120
-123738187451
18427238636
338095323350
-83917016391
19470969274
396935824226
-35778425811
-129505860670
-50499985097
357699369248
211753143513
54784292797
318673294893
294932162016
-125989545029
144533056871
50422448347
16446603212
-164716785475
-55138423576
294421926464
-62243460172
-72108903774
338105274935
-62375974127
357331744023
82843322662
6935175501
-41076520054
-18203384781
139623650283
79049018356
234098815045
106534377187
322042450606
397475391719
-72277830215
-7316213525
289673332363
13443045781
21413880535
413547635749
169417089477
-26745551856
16677638466
42427985356
341128520742
-193682296008
44105258045
75332789697
367017860292
353564399679
2591681573
288215574816
414835353546
-66622295023
-112518401423
36305275193
-5607926415
-1446989584
342523466728
91244269473
44368247995
-127598697456
54652269828
252266145507
-117773730966
257885943258
470528750628
33203954648
451981689913
-88168774582
-13059742322
-113255822824
14761255052
282017757007
-37677407550
284673165203
289210111219
405069694630
410438190001
340913008392
327598851480
86880766049
75752793004
141087946963
201049898514
86285045741
151586970299
268907945827
309489087165
375352161973
60398072408
395889070558
36694420411
423956682190
12324159942
34748238889
16322279842
-21539297971
184846988699
457042415367
20118624777
-124016159861
2919710067
-61438863642
289890949750
429652134199
-20817752799
370934049657
-13901488961
192765925244
402917715115
-58179235892
283593145499
-67884836775
-88526897418
54801291123
23698720568
-109834429816
-678245310
35165181314
416821226152
403855887863
396999901822
384532760951
6513763769
-85987150013
-101699223545
456044779626
-97660283098
420289379459
363781085725
-14418501260
-37868598115
336059013721
-118524063767
-52300332534
334209800801
-13043468543
-100600215735
171592218149
1010363367
-85010158939
322324921673
-129904545750
329979774748
158502596707
358905985595
-163201443374
415158169480
392215293645
-135556759099
18872292656
48481650279
202407202977
308734276106
161949095537
-109573733196
322150651548
310201204559
81891479076
57056777997
75538842289
-47828831939
52461989780
95596521281
321625811497
374749754773
-98247818651
376452030169
-16932675377
-91397002103
-116629553215
223931397859
-122195006521
-89676349850
402562058817
180244509642
-53500161482
-58541447541
26973377136
274359925714
342658578482
-33807800672
-81708522754
66610442362
346377040
-86005948470
66318138723
191591754460
92548764905
-131635800753
331816281648
403530590551
333176804909
51632113445
-775825795
336525929653
104685606357
14825199578
333398045576
100464915652
-12401283577
-117643360809
75578633982
75525497548
444573887770
28189450888
341772255282
312645527413
-1370552640
70941704327
-75572183578
-13567400606
-42734567606
288380206435
-81997438486
134744062917
307111242467
-28528530373
348246631190
46823837149
-608062576
123908379647
330531951140
160814321690
357213093868
5671677183
34079015053
393331534652
119308477608
-183542508651
228818387319
-52145857444
-16126815369
-71257312661
239888743181
396719875061
-91080978089
387233915979
133912323560
89459787368
-36531046866
-113302074405
295257036562
-186275871953
326942637304
151383005687
-55178832551
4938212259
384092104444
305254055473
-73121864233
-83205984630
46227035126
-23261715604
298537171905
284027951376
-42144337961
-974053557
-159199205213
-84077537516
318216977597
-726038686
377387316802
470528750628
306145726860
283902670089
-21767035539
-91130011891
-98048262027
280169046566
445236443275
-176859777875
29361183945
361027425005
203943499690
328666836316
8524830845
-115784722899
-29149733247
364266027702
-117115489312
157536901281
-103028507387
311449272687
426434303110
234646800613
47108394732
85285200592
416489412440
55688260797
-49363885753
-155763950411
323872149160
138172265721
10695033957
-135996353540
273483789834
187495047404
35700108745
-93789867338
-114798267454
-52996648260
-29610908375
-49136591024
-60351558364
229990889375
255875300923
147464406017
-22980126321
297646403780
-33439891359
31121031656
-80230880547
-42173599660
42663908974
-34723875143
94062575932
295773905116
356554231247
-20283385211
313625100107
374341905823
-104311193360
-37829044446
-101856922767
-114771644570
102559208401
-133497347463
328155217004
40886924925
390994308273
-37807746832
107644422772
40892150616
-172904364557
230547247152
-57888281787
428277736012
143542879585
-153105596116
-27541587554
376611813882
108699751159
-102283091184
354055024984
72806191792
-60393803129
264324509389
240838302489
58345572237
189502384582
315458809742
323545868913
1950234548
-134301453501
316095509805
313797794293
10506861007
136604024068
394760037624
311054712178
-11199607633
1267848571
38416853333
329798219803
42102146215
-4160088331
393027874279
255274393420
-11367128265
-74619198492
98910520565
-32368194514
306341363886
105122817418
-144728030800
-93389060479
458773379889
45107534559
33451672859
308196309934
326746957308
313042261561
14806010274
339865988076
10481506253
-117815981875
-38391743300
383018566756
109843148917
38661488704
95555748783
349298158880
74342639517
-190431525487
404854407713
328219474755
41039316010
-24686720455
82332756183
-147451309434
162824984909
83538501209
-48880283704
360610032835
14185774488
88037887421
-32655259035
402422693342
277101205409
382342993281
313632794255
27134311447
405754733033
304259107912
-110649247836
-181058375343
282610536459
186861927642
383194862732
398376720591
-13988025878
224974956467
-38300610795
10165169645
29489891891
-125154279516
-24057015171
-155956591370
257013459772
40733236427
137989004260
173725628687
262112330220
-900674414
-96794986130
174034476753
-12440245205
417849756211
47839630142
-55822736834
351463323997
394004681338
-173081806912
-46412021831
-20551445652
-61678872763
27317440113
-16462369564
-132759766163
104667741505
74037417937
-29744758805
-100297042642
160789034763
-41458995672
420412296163
239380709447
371053093717
413430632211
272449096238
75596069183
135995703541
-95840597297
351654828956
29504346453
127422235727
336722957607
293177809602
305700624395
50130771898
283838715931
163169427254
172982251366
141587616368
403204779804
374840269190
-16814767643
76216369478
313598838246
398154323376
-5347331670
-115866442944
426473700838
-7520823618
-18792056745
32524463468
-1587324319
63267878867
77003700065
312872595923
31398814679
-33857595027
408455983702
-133632948122
-60387512155
12857946823
359801060508
243949444753
312325103896
320835549302
339995712515
277077041204
-15375166968
-16548676040
417071605168
-54925619599
18871994840
335610764306
319186208778
396091109167
-63565389168
12569940704
237395261775
390412064534
267730736535
230403775085
-123768997129
-68570821034
35958132058
157769350753
-51151794956
2436352469
464223652542
-119210543460
145376228420
357052714234
53616836188
234249646913
-18739224049
86097289293
51294062855
79105829652
410588730661
-16759711328
318261528840
423828999593
135193650660
159277166844
44184419272
329612138790
24442157526
338148343151
304525390248
244987061961
126917073713
51257966576
265343603233
10973514667
77637348572
-89599938379
73871203420
332350724746
-23220793161
83543283596
-100456534117
86720503222
-36185583465
442098313806
416173050157
57279834924
-117050314192
401587765589
356965742859
275347180097
309580965412
166918147107
345750988567
234784922100
9815533305
110734235634
63440170076
83482911138
19195822272
7507344816
412796290034
284214134307
-11976414082
-58987268621
40842789167
-180488144586
-139761274331
32417393292
110979742441
-46755184412
-68077342368
35493473252
-72488985911
365401667019
391025472518
-26140976056
-113552359424
317809114796
-11900404016
350078547720
10110187125
-82173989276
410683861336
404264287982
-32685346289
158957590943
26494467685
31044711210
324818318297
-109002950676
-16721633434
-66755303126
-118508820082
127863755976
-53776918245
368295473161
97982937395
247126801078
136308544480
327820516692
-112187942757
-197954833421
339672791512
315861717772
-127069508457
69979400843
288169243622
13861700446
394674981981
68102069449
313824307209
251245845909
301258063552
-14228740874
343190402524
348132293903
2642948893
407412791939
343852343557
-153216776173
-67502524823
14740385246
22726330264
319051092409
104676633993
359844105234
131462266531
312248991635
43356396290
329180818787
366965684884
-82571241097
398726063508
104469122546
139668742720
334827986686
-68977636210
58543963353
149107608897
282282685460
378651382296
-27668188273
435930979167
-38635147563
267463563449
38426650913
39305362322
38935811747
89973262382
159204811836
288234965334
82599550443
-82559670785
-3044255949
54581512178
423589145212
-20032004051
3180023362
5052146864
-1440529684
-176230516929
29161038763
-43077180687
31996127689
76499506387
78254612184
290894426394
418653435930
254810767329
20571041795
328951958565
-64890082039
306474611289
119022943137
299714095271
123829115020
-81159082063
63848851963
-75891803466
396151634772
23391250047
350217114140
-55059264014
8601484480
328183357237
-66001951062
-86747322735
175192512896
-36266063219
341411898927
318514872964
-5919713519
274388014799
3311030883
414437293233
314080009315
216841708854
-44487871963
469049672768
372926789447
320522183734
99579277506
41263399085
172342003427
-26079650202
366166440977
291575361769
352038935229
380656084173
288611634884
150108373146
7363874466
-7691158158
205233438019
411586920226
-22576753850
-129945327952
263225134620
19560930768
-15769196388
-19752786405
73577423079
240677070607
6000651370
-71382942244
338498884580
-82838725110
309289853120
-51215381048
321698632525
-26844054170
97442769610
-14010118084
29254302055
146504517502
-94356544004
372478299579
339641803823
50185971927
319180439404
393080168393
300351817707
-122610784765
77257928035
77426175151
-121820648124
94735201943
297179282395
413616344397
-98854547748
401413331945
123582506127
420523455466
-81166102629
238961203746
175704990511
-9663173654
23757788397
-24139462057
342243971887
53250855591
-5989799052
6218965606
18570896897
24909701028
267240518918
299091213107
-59827935863
-93628328970
-24070842431
-115815811731
6779165081
-91298443589
341777448277
363717384953
-31290507316
5102837173
-12131855435
40635007640
-120383950862
-214113511765
-83536307306
3915340177
-128877532659
358175864821
324243073710
77125474576
-50238965357
443634440096
72900058732
13240357449
345294481183
89764149638
-136195858418
-595047642
-9273511964
333588850021
178328357395
217532882650
48531413780
165281918695
-97769578492
-68983313711
118404535522
314841560721
15595831831
-55086491879
-106581731272
331587210296
91407145326
-111395111878
217531394021
-33241497857
76648342509
87737713277
-51510687935
-17197799002
309606678078
-114997693649
323946190819
410040905905
418950263477
-9951844002
413688022843
-160802553263
61965668184
18889468983
4893220520
121422039406
412542341463
386471984095
14909537545
-132226678703
419457851301
410656796778
340736709306
454052825655
54744034743
46983395473
417112346070
410177863826
36207218752
158382312138
-791762475
463441261474
-110817733401
54979734934
-35998066580
-159948008863
-154310916496
334442191735
-30619795807
-1787074424
337049019929
313148031750
-139160497760
83606628615
1339550190
145561062083
92756976016
398207707360
57033508258
-121670742633
-81729349841
232071989321
393417183025
211215340615
228697732592
120438854170
387074215646
-115500550802
144305083278
43418914565
350574268785
-183885193965
37707470804
-13235955433
178941806245
6260356476
-88615980593
311752877325
-55597944849
106455404326
198776444638
134458644027
13748558879
211907157816
393999011496
341129611612
177270970952
-55304980398
39376916152
225716021887
417285319127
-69699588199
182305312918
-70247924018
355433942815
224993140086
367125063465
77243489881
383972137893
408112113540
60397139353
378020656064
421766764163
334664335956
-9596901659
-85504647138
42895019106
-99094569797
57135064861
36877406931
395229641190
-11681161285
469272347495
59429791326
241375232
414710770816
399626993434
327917590001
30558844696
236529168050
416916861256
352685354928
337360402950
371494177008
24434868465
-16283948264
329108754279
-5630704920
33535778621
385736511098
290221062971
366200203233
387545024163
25259055260
154160600689
-76612456519
289687653425
316291198559
384422678749
402637416480
424872931202
56850124743
343134313936
30068742550
408034915425
-101178640575
212662882469
-30268208383
162160828017
120957131547
-29980799850
271353080151
174576980723
-46053629385
-185169900830
231325074438
-28517142672
-45124211341
221265529700
-21294528744
298993532337
162319221530
-3670892345
30174963765
-126204220372
270120906735
-70376357827
32549804184
226313235784
48081272548
405581216175
423878393045
436866814292
26741536172
302729939741
65652463497
272934528741
392332097588
348405206877
71210306071
-140645644902
300762107807
79438952929
2234159824
287936654007
418356757611
20053727789
14015811810
321358845799
138203343906
13387707670
28952865115
16721260827
334335326596
89081578969
-30706182648
331696431170
59442605131
-59909192594
60601734678
-17138708599
-87727086777
-18711704380
348976143923
-8745463595
363396112045
327250868421
1837112444
365108730487
368367849878
45640671044
375078576811
174074698464
9702731953
-52431975328
-166794857960
6748121981
5003263673
451851292587
-98367852015
-642487545
-56231932898
300855990968
33282700353
-29872275040
323569217172
77365393043
-10137195364
-39881345265
335126463571
11284752501
147252010833
11111766849
-107764554811
-77430954527
-40713965260
13799703870
-73357865794
57878592971
-130573974376
283024729014
318633513833
5411371392
-17982339656
-39037016691
146385820638
-127506690427
52706782764
374305361712
67429330914
127217095566
-126838815400
305980238903
420770477836
-185826847419
-37069706862
268448763935
371175231535
80972284022
56841084504
-119034130323
-9389325825
-68367662953
85640678252
87797826621
-15300137833
-8312358973
436291037319
6499343514
309875493994
-48232080181
-23553957067
95655538571
22532395427
-67968961047
-86102954442
320164270955
7686062924
-55777850079
326043037569
-98864221974
458654056576
78045976427
401906689498
-110148971648
28920505486
156920855333
41484045284
222895403257
100822562788
-5734524551
-11437554296
-8903045132
323326673189
306122540119
331738701364
-82316619503
238930777557
64659894817
-18524670945
14943785555
2968543017
10564560341
-19208616698
313899910279
9414571271
323373409146
49734862079
-96942006362
129027158881
218256313969
339023471678
-37542372639
175797003050
74183907034
309325023013
61218749303
434577845290
-48798884203
320452430912
384857380420
148892884918
333884012644
430859856764
4166037049
-21502864987
332014627990
56145555138
47096158725
-123683177430
56540714414
24700519887
43823485030
-20323661009
-63293693195
317658691516
321135008243
150688288019
-89355250978
290950537170
364309711561
73872748890
315752824419
-48408090304
131713726437
415497745165
-17516247646
-64865997000
-60777170891
-3745744814
89801885327
365475285925
1941287116
70008743769
-174174175256
297685457911
402604504331
321135736918
390136403488
4903978382
-28675399932
336209184713
-94245133354
-127609330572
81726509238
-24245679873
446770403186
72214241418
193143621875
298544212746
-23675442508
-129633373661
-128921959116
109717907407
118385566292
424884373600
338449865606
-8464267243
202051841224
288794443983
-26284547271
-66662124763
140202589836
-6834044193
-71731543684
19640030530
314489143642
-121023685146
299569993198
-161459334941
8732118
-74399519722
42676185804
-110652299573
38853684443
414700447045
362758194746
72334887790
-106632841951
53050861782
-16658983535
74260181731
-47335747455
78334539882
-60816459829
-106018816182
267115376132
327878810517
15085961754
56320635938
-225506189
384145844258
17027899398
296793149038
78215419799
354515791020
63540485174
9802762374
36731878644
-55707445850
170459871920
394085789514
22232632276
-122390915627
-58292904877
51314700036
190275592038
75492362433
13920493263
290270249598
425367940889
-54020567808
4339804766
47242291874
321260621312
-99775522320
-10413101684
323942521434
399474136802
358986926440
257289134162
226858260003
123259082931
-65030947083
-50085734982
401724331974
195339928433
9272860195
21378669739
-159737952827
335573738145
-4969871769
23507803147
7008261391
54670420972
410976109118
71900309
209713706576
-156351205984
246167653497
301563781499
247698405131
-43521128162
160928427603
130482056571
-87324643284
-81298364223
190752868660
332643052878
65931390818
348665566038
111066061306
152879194662
-118911429148
320579467926
365292310307
14993377739
323741809220
454116111202
-41080163873
-212251676648
413168976708
-105275882843
65772464265
137324106927
18232508351
-38118441214
391668424726
340740035362
14901065201
-42457404398
-73758718126
-116193646496
149210794360
251418452654
150010690087
239524031906
55890520053
199707011015
-5397026215
386069563501
62441569224
-9130781930
40498120158
303586836585
-27599539887
361855372736
397367273994
-125110475055
106308812670
331873187251
236663865617
-25833561378
-45221337593
-129833981943
-146052633721
38410825014
-143540912528
-54486321785
338221870076
164111433442
30397718597
-65445370138
227452441196
83781296760
16818183429
-115756599111
57105223980
390402401689
-86895622718
149401840858
83892522843
-93157587709
-154915239429
347752844323
420089606230
-15662251518
19221968727
338179359811
105633828920
14844479175
-74774968049
24894843323
-32890394657
372388166302
42251706629
447939954671
-144053266369
154045360711
79056872197
319562582309
75010458631
-98710746693
-11839468399
437578921721
-62655291751
382045328260
-74881719659
305904713801
77103076265
334793174084
-81050031791
-92465478125
-133187545326
391803822805
-160691492510
88278109812
79138625405
256371163683
-21117229504
222365963408
-35212066951
2802894534
374746475000
121009329703
315477551811
-13979976173
424601609919
206341249870
444737609245
107030365766
-114349982870
-13973724801
-152895105131
301310481400
-94006163131
-86090899957
464332669332
5175485497
350868154125
391383491987
390978108633
358279813479
-102686977693
393401798609
340103093228
4399540854
82028673709
308474951589
18631942283
269995931420
-49800838085
37623118118
26433881232
389273612597
-22387027792
383856797683
373895119485
146273874416
134560273438
-24022558182
35260222854
246576234852
394547331135
12520654416
-49174535812
18053848020
-143345878900
389482983488
385931633223
-15224062031
306162118039
-115299423485
345714350014
64105493658
7151852417
8706226944
288249916200
22980991576
69032833627
51493595051
374099987820
249395575742
151274714688
414835353546
335684285992
-46697805161
57929465827
324233776964
-6641846367
338950891395
332420497823
126193615982
322307431082
78794900631
294621586026
252694741966
356265804467
284481715042
22561860623
38604766856
417132243788
366542883285
-9837747996
-112635776242
94152747074
-173428635929
315840700547
196689631319
-78115997238
316913047048
164183713772
431896807450
167571063200
404351191490
-165463476674
-158645538473
50695540077
-173816328703
408701678961
313185365186
-19103744778
210900428903
391348871186
-148144622294
212859390738
-1087441724
47803769579
229843617841
67013722312
-116284539414
-63305172174
296596404390
407899848817
115265849963
-121194862076
117512199305
102728027034
6617563976
39909564437
432471176731
365266846475
341022635450
130973363823
-120029784891
-134347707
-17833964373
-84592170345
68850616940
-109299396961
432091317409
-10758892927
-55501125884
-7167427223
156661405217
9965404811
74706761928
29640703678
407958013931
347248773374
132653455219
141683316400
-179943681867
366706339045
78070021482
430128426505
-19457578894
311195612659
104555968118
120062148463
339273655558
437708749556
-103531843129
386633197232
29733178262
-55615170587
318216043787
49572482747
-109924705174
21900537080
-43416866605
421388857607
-54956001636
411676756933
-69238633745
-29433103018
66288998532
303368137288
364431644950
-38137013958
-80960732656
379407054180
-106701000316
303324404246
64878955487
13123066393
420576793315
199535588489
26995081301
26518126072
446239905760
190114469137
-67221766533
370422398936
-135978449684
6180462689
195273700266
292339706313
-1146707695
367006422301
-130653757291
-76238338921
50069755431
-124459899765
231591994674
-105120427167
335204332644
-12816321757
59534936207
391700838352
-12382546617
-16903211481
56196339313
335458875303
-80405310078
340740035362
106485818410
430188405932
79459995390
-122512442338
51991005688
331310559211
39749113693
-135509044543
-26392109452
42220697400
-139751967482
369487049233
97234692538
349492603702
-1570816112
281905869605
310688471027
367627584046
-51447617317
5197709077
333420696373
-118723465952
436998611827
48256916551
-52752140347
-14032791650
-137935443740
-37053626988
111833764807
403131535287
184730819308
383581681521
54627400899
35044855352
329041150196
339868541420
120066550219
-87596544109
371640899926
81806609094
65944551763
-19199541998
113962646718
-120895064653
259297702977
-3314009467
-125069547311
63961234174
-64371856724
282486515507
-787922264
470101431166
78599769978
4179851322
23314903706
120087269685
414846957903
77736455542
339416019203
338972128044
-85097716314
-71399063332
-209136345
188214599799
8351037140
337209458698
360759535430
437663540943
432684615227
203136586125
24058410183
26362279528
124654470251
-43854429577
108350498116
111079099804
-139385524216
-185499094874
4998270477
202379286621
392694317161
53650332706
8012907341
-140160477830
63372239120
-3946055894
288604854219
322626434828
40694073518
107199982619
-21467600614
362614473757
237251379678
-3173687041
49328252010
253957380404
-43336883425
239827606880
339372340932
60629159063
75726535773
231118812812
429554722224
-32279567141
-19979742011
452571404837
379799733483
-65879794022
-97117559774
219250654224
156248270339
-92615153380
-96459056773
78269515608
-9520766053
6263904674
303018068350
308121750581
19267729890
84265114851
394735378139
-92928994915
34371664581
-6297065797
431659154366
339899184497
-86417321936
100407657128
13975822823
-6459784574
246414230056
-68807840123
2379887778
333332692027
363144971438
14310791462
107471038912
394593520589
31570478359
7451573459
-28943817240
320580644502
1285863088
-70267006185
289080008310
241648619079
396253885609
331825071966
-35727365063
74693388525
384791381949
-5199472982
3750872926
-58399412808
308990555437
50840416264
-75321179171
452023164011
141698572415
-18619026700
111357151913
272291040999
68977282244
-29931406959
318883333204
-4950453698
273320987484
-94457210715
373464751595
-7199078143
115258003931
-23075307421
341715845663
65033893278
-46956488407
42206423423
321999326354
318883745204
7516040065
-152903386879
403171894897
-39676941822
405395961963
324603016858
17772183259
416723312714
16055765809
458020351310
-108610093050
-8800281942
-19355646400
-31302764634
9046263036
264313295300
-92727365168
-143909045379
224252613923
246232286151
322707991006
236060008003
-120151266718
112066846119
-30839271533
-17006743675
412144641567
-84209222477
60067759626
371137051417
-71382147896
101989283395
49009725275
-102476206414
364242128581
-70382134000
72152628920
319250979590
-135304165546
318226800746
105973067380
320729810198
11745432487
74157144935
306508909138
-8468469350
-27355647236
-22468949424
295877863943
210829720710
410071229647
184283568231
56339190840
68369254921
276972891368
-68640199203
359235528933
-17724979997
-127254019455
111338572633
275529391033
-162301217662
-122733098337
-88070872423
-53197145554
2868243771
-109434546057
68673710507
12207199810
356423600566
-55507098303
-26890812379
213338513447
80348766747
289494502608
59246223738
-114328116376
49748505092
102193923911
362190577891
52353824793
146707620152
-124074749896
-35391521527
-88072025926
330586883894
-27283285326
13622206032
168905674036
414616627069
409569777527
373242372809
36766366189
358874711381
-80074269616
290916820741
341066124758
81210126649
34611609411
-67237862334
-2283671509
475990808064
320713996966
391665331281
417559056491
-9580004187
10110187125
377333824696
246671874717
358551970096
324251826624
366781576316
380237142603
313032669768
-103962956614
77312703239
278886255019
118413365856
234601939278
-1151554671
81035891203
151431297589
20927715058
-26559912568
25143092397
-118829870533
133759678854
63124373368
-67872678775
6228036319
14700280085
49486941478
18307946489
118398272331
143341776511
463611573081
-180513673932
90125650389
-130165191730
3397177695
317547463652
-51045398895
-55978302366
386999187296
55873017995
17905021086
-21918624215
10235498138
352631037427
342740991711
329237549397
126971652207
237944330913
279754229635
-163951935732
-144351282852
116086635210
-125216891835
14481770340
-89533287367
30469067799
347644597186
12666069836
59146730910
396694876688
-70195001514
158757441795
-129050905739
69588892802
339132653531
338563963986
-133571014250
-125417659444
374147244571
430422954604
56744503335
345711877228
220604134339
343397516774
72892573378
11727136630
-106825125571
10369234005
66008623252
-46968330874
66439467238
12093903030
-80790147153
-92074959890
-43441702013
267980609248
-117213543859
212936238275
-42005936634
-170867747418
361096415760
-231215276938
421186769670
-18460487210
-78663732300
54381308597
158892505244
-166472217637
430065886165
24467788050
1169927768
284169041513
346108263514
-17711380555
331807933656
153118268323
50066479209
251241356029
414747853048
378513347443
48767479619
6364150640
416467618019
349510084225
80487062382
-46951765052
334525025360
-28539313936
289345408373
30958955570
48743336981
179317354644
376004538302
256453680951
-87778141473
-40651094719
79544685484
-20856566242
37426125338
116948901006
-69137982518
320525359723
-99341796825
212100747281
-103388240506
-42801917734
39964999018
335562180
27177984131
166684536808
339561752249
295708008076
-5449607512
395802607244
-2799571805
-10813080452
-33117278838
86891752541
12645325186
347175669579
-73140644056
-143621028305
374918116489
316649732071
279602683979
426035596137
-145445252015
28605149661
-176342770587
321485197277
351518754177
410551920299
-44104664457
163124536635
-12218516473
-1685011656
413959253228
256978688974
436949026814
327830895010
203112956985
192923599777
255136659396
433079017114
398846972390
336658347317
-11634138300
371170572725
-144863799055
23223469657
318598408590
396618338420
71081115062
-69821485128
-3519928209
31761460631
330081730242
386196560489
106379597049
244773558673
14809944426
-110386963794
404588961296
392284369539
334528166534
239720470470
150693684437
-21485393826
-156623856723
171384165150
-85097716314
328483894403
2881884972
79387800771
164998762014
-8656973088
132796458538
-112220921520
50247098565
407049910969
297610206632
288116996554
-58820975647
-49741402452
124852591780
-176253990054
-63621583737
360999190431
417822179166
317207951384
-103011573649
305411473138
42324384519
322343567464
-133739337761
18762264724
20873043773
440480952025
230585294290
20723250206
273905810818
55091524971
21230138371
67424787561
-39511967636
85285308844
166535721406
432686949521
463278583806
261888180185
202483341683
-103145247467
67480007284
-67459985389
331807933656
-68746622961
377268027184
355688204661
-7729755355
173194478174
-112947956668
245483453307
-159326306920
30789061029
133167540168
406605664026
230156386688
81396906388
235034351441
278035582174
323314192332
318759886626
-151657371358
349988487933
325702749120
-100236090851
195876065220
11044838341
-63246319695
82788523073
418673753107
360034686589
235229460723
-81922350999
10501922527
79401256950
187088600460
-21557261582
-123833910334
415224119907
-130615487785
300233472531
19460110805
137243106441
94045811121
95338972972
379774289160
-15180024696
-78671550556
-85638942177
49897589216
408987639706
20603721463
-52700104669
49642327552
-71966920661
-144192127208
-123424610859
361806846465
-125919209990
-22614944294
141426108222
275230321156
80627139891
-73252468589
-101536793898
-23816560387
-16254467618
365904361237
-26703349882
524213288
426260159440
322120234701
148463582019
50078099721
136439678048
-60668746206
-54758012731
-31433713588
373168191352
41288560138
202936953958
-17484243601
-13535081801
-111700106649
337564159211
202078423494
325259546142
-152272682500
-163065699591
-26046598589
46821726369
-125011811960
-18799217946
-127356868833
-165575086240
-137801011167
-1002561135
-55554987451
-85243503432
314611683176
317429960712
-20637584965
8669920074
11397240897
67805416793
387599946523
-26662302887
46527895089
-136871992098
301836654742
-109086083253
400624204445
67118425363
-81795250679
57221996162
430340826278
24602234514
-62651802408
-4349725449
290049381184
-220922193012
18017886495
7479373862
348014585211
-105566017573
10613347523
-166364568114
148087470856
422277255032
331129676942
400415232328
148091112634
326236842933
327936430779
310062920138
-25683887971
358678181840
-41943827877
281349410886
34898921176
12517179778
323813624927
168859475241
-70674028247
-156520552168
50462603137
343349310552
321076773408
440609656515
385195931237
3769480920
376207657341
323030595945
316519843077
395241543359
285790371380
162483180850
124731707342
224470829202
-1615799014
-3093309351
-95411456582
245676250487
61491111368
279376897976
337067047068
372793029779
192059067867
182560789761
-19297632649
-10037014470
159399915606
-112324017351
-112301181893
9110481755
-81963084370
35327870790
-90129889567
417862882392
179391827384
413083905972
-45491733541
250012572928
54298323543
174396407241
-50629986758
449668671707
9604971630
436398502458
-38158907174
-10229973315
315343687924
157892756562
392059421763
-19109352036
125354779086
-150444948572
-6633919984
-92668463207
-132585579120
43893755903
-11115409065
-22269741765
313608828043
298776508176
321871703060
2614990010
48456097776
45014656349
127449664783
281204162256
424759554546
18133663437
319532091916
-25429137836
55926994787
23109233879
-97349749323
295232995620
24816369749
-37787314502
-24568916017
410606373402
-2354515118
19178690449
-12980123636
415247745052
-45643166016
133332355888
41420908839
56604242026
31569198125
173367706180
-83636518790
158905860026
15538184937
422476611462
-94545100638
336566231273
400673467055
226566381358
-7362593062
236798356297
-112100355805
-96077389892
312818281374
-115788127685
144138703047
321581858688
109566545948
43043187868
20369772347
303869237157
300574711444
-14079929366
-208065740271
-91860998101
-54346643955
156476816040
259861759013
151108344497
363474606670
-58253073509
-50690864304
196668629306
-124554108909
46172043289
273614952216
26752524945
100208828252
57878421487
12532880748
299176941332
258675320027
264743693946
-142547367407
405900634773
308894122882
-8181139014
36082772092
-57829285487
431582581424
119210016588
298554000593
-10551528937
-188149406995
385336846170
-68625683654
394760037624
353005704072
338953096022
-42012481850
10224049430
282027545481
56868338878
206023627323
304698537376
-6593579137
62138536591
231765436050
-130833686084
-193668394197
288733615675
-69505427377
237025435853
366026253443
-14413490865
107650614044
420851761716
440799442958
-82450164436
340115779472
-111315238928
-33645399718
24068207860
-121498903253
69982300272
139676860330
-107831044424
311438376640
2980255603
54075954473
406302468531
-125297126985
-145581384080
393464478889
214269234726
-33405588957
-161290197361
364173077885
-128638845243
21823081860
10048630032
-126639993689
322738103209
43917699295
-42817416961
5745884836
12048364846
349800750666
324002051428
50379894171
354617002049
339597281765
40046282146
67520864607
-66408529041
68947339278
51488738993
3647374003
178394891385
410059678649
-77634983300
355424130015
417897255024
-46293047578
6787413631
-77167087636
403749569114
345214731030
301528729099
98174006741
385321536730
318941198298
-94392795869
288016897086
2747320306
271761606664
325697522465
59214034081
322787943488
341020182023
5422888668
-17838855513
-80843736605
70056965731
-44753965354
115931007089
-7396527191
404548772673
461347637041
397014886535
-159035742162
-121377487517
358219226812
-106997873016
297743830918
-24450235248
144607743283
341273979894
424308864434
-43814532713
407416094324
312885117210
1802220268
448818747486
-93499859507
132233722624
358718987980
160348140846
342333402977
333894131920
167897676153
313533658929
342049812000
-142368839875
359116566528
115615785351
-59057020944
-2481075503
415614747079
46284752026
322999870585
462947684486
-17273420140
161058095304
266962071854
186895868041
-46802917307
-58927987966
402703067187
-25478273668
7420714089
317624596927
71025224020
-29088592762
309316858475
21526723767
52392878912
348370001159
-4467975276
-93833529213
91054045138
290307309209
2194468909
47711468668
363446342557
270114001466
-51397332390
31700484127
13172974208
313209711844
302245596503
326476724751
325896133431
-64130425504
141068480531
324315272045
-97296963996
126323145494
15817495793
-6905052269
337270181806
-48380617618
333662338570
388679728295
51401458229
-60681381158
389064923864
300098240702
22475388105
340095097502
1844081498
170561962108
43227388222
-198389226119
323679618061
349812834174
372055289033
51209240724
-66728613848
-65682316259
104813477352
89544552966
-98681725087
297328931363
253614652968
-32701288014
-107585096534
332754682155
-107960858847
210655706138
-154187801510
13164078599
-141131500169
-159567458444
8153506707
-30318555439
-14087132896
-112071300231
411861153507
-6514931706
47470201718
336094137721
52547293981
377523761513
112256317700
-4348516901
332785129762
-49556150463
-67545392019
48154173070
112215833778
23797510480
287197036209
281877363504
-30797236344
356008515654
367523840243
-28871499934
-12631328158
18912381449
202368953424
-145332860365
428840870370
-10105867386
68204616822
308548608391
390176081230
160860076283
141982915862
-42412405269
-78570641322
-49100231152
377385461882
-51222845499
2452005682
56102271698
42896304365
161126161436
-32819111808
291484398009
353726981459
91699681926
-56133267537
216638548457
269301797540
68134993740
313044234524
37463653200
52497984285
318751031946
339470088084
296552040632
298105170459
15334987700
-14574875488
153429863710
-53059423953
14917427505
384291584548
-5422910767
-131144384491
-127284559744
174406378781
67442298711
415027558647
2711479433
40498120158
-51963640091
-30049285186
19637360779
287530981210
379224401197
124325057641
-40627138895
25384390226
323078661918
-88295025869
236529593539
376675075467
19714268630
-102005797771
-33403933413
-39077655271
371721995102
354299729512
-60780962377
37627212070
73113758177
216890170010
197997690797
76671448368
-136368731111
333139567348
310653873470
308899806821
315914497938
24796161977
333503771694
425270320835
56004216811
287163893566
70846105729
291983149458
6217721843
384018626710
20024185156
53343186962
320191370840
169628636619
-48597897104
1835253846
308150247902
418458263381
-154412948393
176302253703
11003015517
-121777749383
-154622875985
148462962074
85694268945
286721601088
99356222785
427729004519
318042300361
-5643166368
140915847766
160129187368
403290863887
307715713631
148926281791
-154013948315
-132588391649
413662552652
-75337006842
21860546655
29665198883
306164733706
23503864185
62439605528
-55309087080
138835527383
224561103634
351965855327
11597283318
415991286473
327285627285
-113060751159
424115504376
318742801574
434308733977
48163917785
44036036196
-22708409277
121317257743
24323387252
73992163086
-111200403655
-3804381778
382341924094
352922513653
-127713130926
22265700889
14647960474
147098159675
-136893071228
300438537706
335264893145
-22799346446
100644248803
322518759348
305626528128
306290357173
72775193166
-17532706267
-155369133816
-57934987150
13784816541
-7446214981
270521757738
-97785690240
355774290844
201745974352
16577659601
-143256224866
188353450784
-16101329136
-8000125561
350932047326
90362297426
207964738874
51594911944
67948501610
-19390466642
420759867957
318782943730
380123939388
169664057184
9700693801
804006607
150935556828
446473336841
-8914723874
418443032692
309519898083
95724442075
-28065093047
313389372005
-101440350936
-27482560562
-45721580883
-13327948650
6140570672
-152406537335
6376866600
-118226733160
-17910304801
15431114229
-2905333396
300542929380
-15204110427
347562480143
-3970133874
287997256861
-206293066846
335847609570
82532912154
332425598438
-116846869855
395361604269
236320162460
334650156117
35519761074
-4452581894
-101882170456
-77968721153
-117074592693
45514780675
358932102403
-89063548661
-12405541228
-89760929656
32704557162
-69948831033
89609642635
58807204721
-96574193902
50968734455
12613588320
80642896471
134955918521
210956885656
140923517699
87580910290
111420898978
-55561200411
402885737507
17065751869
-2396337496
406409500540
-4630263799
6974541335
103000457287
-85894539268
35740039345
11503878099
30286608956
151831606630
108487861728
339219978981
23691395951
384808857519
-121550674569
33348909128
115724163324
259944691428
72965718759
269675160304
-17465492639
51818224401
-107573670212
319493281094
62714940530
-27632004547
325178851127
411601273721
396139523447
280320518609
355493853945
36004574913
-99646431680
335929690656
-97423752460
182367462374
139897012249
315715007682
109411793326
314803640972
43655043649
354461318174
169715880848
345060473279
289336370265
294974814150
79012472102
-131059523245
-10931523170
-29729635150
-110747998853
428061184607
163919808641
-114429274249
39207876629
-9225459378
7423839237
-33363792757
140631108518
166186302176
-157343913566
359760839626
353551528481
151655059815
360405975456
256591478087
158650119000
-29759806138
19568868401
-4393306010
-33522551555
310020998082
64692458955
89985449357
314760454944
412045494668
-2184650884
422084328551
319913425748
339852683925
429511994986
62495171766
28938488763
333255489255
36712585947
311629058206
-32618286730
38075947182
-33965964903
105920566325
39089480817
297012461685
285405093036
147229923214
78411034477
-139748115989
322494603017
20262148505
35416428201
-59460685058
274310257456
7959894083
355309107884
323979258155
-42108908825
28543254746
230184629835
378794677571
357703804312
49254331164
26152392245
361060780510
311287642180
86389595576
407475452139
495496040
-77209488738
359544781738
212451403156
377849403952
67287553619
-170484780126
368790053768
329055139852
56740623808
233562753395
2752555886
440861295550
26331074052
-109098340218
401567561008
198464113289
-106787401007
323344041908
35494987621
26588773202
55255979052
13061270526
-60919468930
-17070886036
-75538568102
140529465675
76708271287
1335211825
462632304545
-136546615451
299979693467
13416996422
259645708745
366944948774
-15602538529
323218349187
86203865586
-120953994782
-7288056273
19031153216
20861868885
196787615677
-100108730198
16948392221
278400107519
65297030615
112666754752
200485571459
-72141691074
130937674342
315705660921
30276506765
186973354521
279766325684
157077573915
-87372430318
-77176238445
455503743300
414546711551
-32970509092
26505076194
-77238120490
63840544798
397439952320
101035380128
-59392681061
322848226955
-23065600772
37990765577
462125877762
414417349480
-27844069917
319355180878
-12689637839
159410741156
327338833671
67107115376
-97831980214
-36882886573
112634521822
327109094278
99686889948
-24335434256
301243054535
129508384935
12610526450
149060126936
330294039008
-126990569685
391069654647
51270357233
373654392273
-28997889930
13703670772
-42387570650
74086649081
313936434987
344822441313
73716760406
-92591717684
414859873475
414757030222
288657207155
317238136260
228450983313
6543410832
288413944534
313158058995
147436535842
-147579435700
57846339887
110665425266
324342386499
-108415247743
-3455490745
-41103189694
68412410129
-44989261016
409695323666
88564525898
233483887602
-13018710706
418344284347
54578612495
189712128319
-152224818081
-29748545414
311072763465
359985964678
-22955604087
-4764256793
132451890778
-132463754598
352405345003
330640571190
183931856503
197831143843
298442029214
57921558726
174691484630
-85133024315
-26327304963
348142563836
56785972248
-30812590181
229563885444
301108424631
-62773835177
-108318956306
420054707166
361667283572
17629209882
-129743931448
231434999267
-25063662165
121140531456
140657384394
291399147105
-943252172
319207272565
-15482102440
-32227503475
37774017804
22490255673
116180319829
301703656717
384305093749
233221371838
17928799512
308317594984
33159799121
-115744756786
-5283564959
41974141213
-78108213766
140475145305
174997776556
-1098071349
278141395878
-42924560484
35927466278
349491783905
-15005128054
379239639680
303629492144
-66196427693
277549917853
30064398067
-106795399533
119965604334
-95478918011
59037587955
22850528345
327927441635
248716597
57912257090
73089171432
-19913266197
17757016979
174680157786
378875895491
384543176796
-21195803487
-148006743668
-141038688906
-50205448190
-116728585790
331663780068
50727562926
-86714124485
-78857370990
-175760108423
459304379820
268286179130
-97510669250
318225475293
144162205493
225599645322
99130933407
105973067380
-171363464450
45721526319
282842859538
3027070167
50773894582
345082768084
-97059149723
10677020064
299281244006
136811257396
10255868137
311068775049
235317095891
330593069779
-108731429697
45943495670
-15594684661
277165363476
344323834986
382352605152
-51250377247
-16769356888
293277676304
-44572775792
90931252430
425717116506
351540067977
367948128137
10971477438
-8252998998
409946310651
23085135516
47072020056
337534100934
230330632423
268590622903
-20410443801
169494570006
-44365717316
415182789390
456817692171
92283494867
118590873664
380597196908
-33025792133
379566812825
273858458296
-61703523551
-196657006044
304075785481
3094469217
13597981158
-96416343912
-16759711328
366158604108
339865988076
349539412171
411629251143
-141922818710
-51682280662
-39868832126
-86229615376
-66150141846
49104744164
403462197773
58111417230
383308385658
350761761726
331009939103
-1078421064
-190090149592
-86483396113
-67551912927
82533911919
73639656952
366078904681
188474677820
-4517094077
337638228262
36049613642
-25676917996
412445556774
398633444234
54515447585
19754260353
357971067545
-80248425263
-75573865837
251445251237
-153483995510
-116705735346
105818924952
44161870192
-66697653297
326124778884
2781157346
-26244623953
22473851829
287017860315
296998457100
-106426404115
66549067167
67361959097
-58561392616
247683975892
421283825966
-64463882649
-98664946582
-86447363371
142033439549
374461150221
-36656334810
-25523025720
-133825990872
50466557938
260192876112
-173647285045
181799093
160852940278
-3825464420
47985443367
-64332903405
143891132221
406575947853
146190077890
-78473875350
319174702859
-62713293829
179490460501
181129893286
-14012204696
69553549980
-135446288601
67689078437
334776509506
361330024895
-6888991426
399693798265
-62525500962
-17030513252
-152101304203
-133648135353
190262710243
151852574
-99584790903
38317321319
221334317286
287241147820
34804983152
-125654557359
30396517445
-5439064530
7450144004
7235811575
94782803792
263060461497
6996745937
180978250101
20237784111
49625611989
413747116056
81056297695
-111764806313
38835787994
232766840589
372260384427
332982107173
394283526040
155963832729
-34435412494
-141812061054
382289273577
418895371430
58870020327
-34227738052
-133946043266
5964567970
150447471616
57237680130
367888602222
-54829717848
62293446254
142536681806
465549238564
310324023678
269780794713
247236210129
-70834598336
18210474975
159217131469
41612138248
182866935142
-9724968610
381498265732
144604087202
7103066549
1121715004
69539537697
28180456361
430808953821
356350422832
424088457672
197812241367
-51836141770
-56835943130
80251010708
-34628898631
228083021
356400448999
99942448161
385410823992
-15377317149
13599868917
51625269328
403514321739
371846507067
154408482283
22228636109
80023280661
17669975200
-54100249955
328064079743
311771483842
102415551986
279469513455
-67787913290
292658914220
-29691950003
-49534412248
53888047682
52721259752
-152983342374
60386410187
334905723721
-55462175460
220793485814
424077937928
403261151731
346535965047
401491385159
-5619403489
42287944843
-187375671216
56012832728
-50836000873
55339724744
-113167981366
9793638367
-26181062540
131931732047
308181686384
-86877569831
185508118052
378804616484
382212448461
76997710180
-67460335467
318642825860
30694537966
114042669514
256549457279
-156355170325
-30855946729
302123323946
15532022069
347242580743
-7316851749
-99037209506
-115259523630
48305422040
119618339681
327688806727
-27706845220
193423969313
-105683593772
304942808660
-139333093243
356426378578
418474925261
20490501704
230396703863
-9615645000
128195128387
350827898258
308191121701
56093501910
-67535787531
155811141620
347588925166
343393496111
-6458402168
-74185442595
-24289215442
-39293074517
-124597769084
150771269459
-16239141275
279731149504
161167435808
-44590644484
-67488757649
350361378619
51344143052
-20313442252
-25941096414
343943482045
171609121889
122947906544
763870920
281571862951
-63690902754
303770700779
371247280927
-11345214297
-1413997428
268186815085
-143347652934
274824470661
341916346418
47354048569
364545483469
-65653970876
85699914905
-44257548916
309977744291
107047946270
8570182802
-118608323934
339290516333
304160386829
-137357295890
80185227053
247777075132
22883482189
73613045255
399511614494
356317978726
323975260135
-138264440961
-45328929136
119548495381
71148649760
81741901141
292131282946
315451613423
28745008233
36646535142
-84490413712
101608256770
35181097568
327823375793
55164326980
292460509271
-170334377991
-59347406325
358745074005
16710764658
39429683045
148879085608
322198127868
-133148176532
-46748011133
-124757199027
-2603576743
309762136642
35002346518
189880940823
311755826577
-21877561447
419455748967
344796892918
-108571493996
225117463968
83051342275
-166886322974
-22035355681
403188951679
416601911321
317690065086
-13382501256
150060438627
11569376399
-124093309489
50638828373
45956970906
39571835444
336841261099
272764572915
328407977503
337816196596
-18468410809
248323477251
-22361038719
18175024167
-126001289525
-159470241929
317133569048
-20713938017
324010636346
220304590005
24470696000
167784237946
30977466223
-22561549381
-109675993372
333283171375
75993104225
78111105026
178844663097
37988950633
4130807762
-7508647003
109823547024
-157110167685
-33595313327
-128622128515
318057193103
-1353861403
-36721601048
-16134966246
276571180124
251517684607
-17909397992
172894133985
-23016803421
103810885575
-11097321968
44436757391
340474424716
432168122025
-110175490322
-37796536560
-4915387009
218219360663
-5724412309
-67081984778
236779071563
-14007381565
47770119307
-100807597403
19302681712
334129188960
7510561543
83056542321
201424383131
-143917543853
152702398350
15267159192
332533815631
246321930416
375724989891
-106216995306
-124182760713
269125066321
345681123212
414236317769
39739440999
21169791314
128868106525
80777765692
-9044139137
-127835625752
20421881213
39277279604
-97734757443
207113093171
35658333311
326750277471
295913426299
22443902023
107449935880
18554201013
-14320355986
375449442948
312658905002
-90880220105
175497364948
53989931628
-148762606966
-22502622341
320640576778
-207033934266
-19386454219
-53707999252
4559137835
-55005882006
182940734123
257199427858
146713023946
322245635371
-129704254402
68543433952
-48605707171
159256038257
169826025334
374907240391
-45117721458
48034384544
-7696366086
321007088358
380844046883
335630901004
4306635
43117768944
45151304106
426435905750
-108395756491
351630566459
400384731294
70654897377
324465134464
-123279820150
-40334535017
395249836015
324439347188
230136425361
-21419040222
-136240214348
339247594606
299938716004
411260553886
319100145906
-65884993074
13011671643
415564959087
48816722434
30622545763
-124348197171
-106121641288
2106904309
49673077508
402329699560
373560779291
320128449519
355312266339
454744354521
131930912237
-60121286
231416161394
70794705805
-8268766224
-34375845629
3428979162
200591995802
-108519182073
172895164717
-67968060571
40030498333
76955213739
160840315378
-5840605240
304221696685
13850147512
43241375187
4529979276
-2331362532
395262830138
203740307647
371029143291
82639738870
84423472222
412396905520
291405095929
-21497214969
-10831452600
-89703634855
-37239680825
-73166948459
-158535476988
-119367701205
343004532306
8515333026
-189458245724
82604965292
397884897534
43251948326
23730463102
330588007206
29354216075
170604520173
292107530381
336220734867
37209332033
132571218506
344314435115
277338842689
395155519534
68609782958
56400480509
59773287212
-27138412667
-173772353232
-92862813156
-15611331968
134930273040
320629582501
-24478235951
66152381870
-87016844782
142383297741
162655982521
-55189604735
341741312971
324021710114
331904393164
301380864526
-132003847065
-105260426432
353257799325
-3044045100
93673402963
-62805101309
334442462507
-20067394650
-113318886879
345520207171
-100657213848
299341115000
431639521386
194441934744
8326821959
-117350440414
308675089521
-146737008953
-16025241944
343463825966
87443426172
279686718682
111601749412
83521632833
88152940308
84418135011
-37105143315
-129761586512
-214058688399
-7183575276
36795582474
-38036248504
407047141731
211507359360
-19494281521
-15299906937
-28670444798
46934208366
52875453709
-69946324646
8356074515
1165131994
373935114981
76228226560
57185836807
-55217824872
77719596888
-126850034876
-62407252074
61695440841
-22144518982
-121540047071
-38091996970
-61699614291
74475580187
125714640868
-212171969982
147747562788
-16761456338
-92169595965
365472132904
-46603625202
36876729843
184058695756
223879129068
172307630935
390260423669
423715570105
379603871319
377306376589
90861181209
-59582743748
42143024236
58559072055
302755554466
-98850002030
43744963508
71386195860
314102153089
155130548096
-3816922349
400196361842
323476604300
57170829500
-178605662214
-48652325541
417059073575
318662242144
356817979090
-103626079290
313517609508
178219360801
-2730217329
167495820662
-25948987415
320776241824
11643156252
103703110006
-76950614271
391305828964
-30692271001
337088258286
93453146905
-7841661098
310399430810
250413545532
-21220997444
319480201212
61863755498
330672648143
148684201792
-122171345888
378425808513
-233268431899
341920975253
-126015595319
-88305545326
78547764831
-3465069263
286699185636
336825048797
-74561236839
-20308579353
97409036623
-62608985187
111418864405
-133064276121
329873550193
-7951702882
337241824398
12745198002
-20527047579
56400159908
266680879922
40924148865
-81507539675
-33493558287
-112121939416
-18007280419
-76213878561
325760655564
403638377524
295791430343
396344974190
320457361237
-50842822171
-5450571240
-168296763641
-115552966875
-31681787645
-190613918004
317649104542
8122257449
291996450993
-144838832649
79089081050
-64216620269
-173955921067
16130470325
292821126564
100259981444
-106210714499
324543766688
377177362508
-172459471647
-122124021763
208907324604
-164327850635
153099079012
221162454601
74468853937
-46767489600
379406247726
39061373504
872269361
-27650834432
322422103666
328159702996
303472205785
315334816485
-20202220801
36667973264
-32339109850
297790335102
318512589740
94525271631
333402589992
109554583663
284354011643
332688773855
383001209198
416163700286
-162960906675
337297937707
35421687782
101652483513
-67435147550
-158171060544
379427848760
85333259403
-30204087759
-43916190395
401455207963
414129709293
-138879790271
41380541891
287278988012
-73500243379
7974727710
77740697641
-103454580993
36389554594
-15841832677
-49695608555
300673180047
181712357486
303866627143
-111671175526
312226619269
117124347461
214102087396
344384439522
-98047743979
-47805540266
13397475217
340264707430
327700394069
133649024211
-154148801317
343596549852
-34578442217
331310739360
236085880644
-68479569691
389503075773
-70103046546
401382659032
160503628001
303447064300
148604275387
-215370455323
334450288534
95018280992
44583136356
270332130766
-1524033802
-51852562831
267828620670
65845482127
398207812788
349246196547
386029011298
191768948033
30588808443
-45730349078
46079658596
309893875557
59867726584
-67215833035
186421095499
334021998041
356500984749
175633692675
70781970505
21751793085
336199160664
80154008056
374495253244
-55708691263
298365695173
-111950908539
145179651135
347040384707
354888672872
20589720527
260391381071
-71879435192
-44673873616
-2049866173
11243126564
326575284482
-30486245707
56249229549
153287528216
-103680884644
-21696918800
72191840461
87098524635
-72045695290
13933015788
-186153203007
219830543946
-111473214798
195315594838
299457313487
293789482809
322501225395
317072574220
408087034277
337759154723
217870920267
403447631412
66834785546
-20787904499
71168841961
410603450564
-135411855164
-134178791705
244008954983
41678500015
158444557705
58326094717
126681130010
335492728037
-108604213158
61014794531
187666503040
-51041854325
-28106926317
73301717950
-29551947001
-16494511125
73357815862
365051291782
138158546670
51639413599
335874015094
141618458369
328085874819
365514933807
-7753222295
55528618776
145188427175
-56097462885
283287787449
31849819688
342342672595
287962707185
62906241349
-36230292349
83175688524
61539785521
-15668053136
342269820950
-116327631000
-42786817959
242042132188
327031504996
319637064415
348354303855
-142642153105
201777041741
-185993504382
290076055372
33160456004
27792016314
51071710255
-18705398441
-28621150939
327349836721
53141244937
-125093195242
-42702128650
-24211422178
50509272107
273586296520
-91514523928
-157965556175
-1486249843
-81877720069
-89976240151
190516468673
-91963507507
-58019101720
-1419983618
383070899752
337449340352
-72677373188
298535538986
271067074188
2577564090
358114145381
56655081515
324490599790
341884824974
-25009882827
-93126866640
-21034633028
-176068622
9531388425
8160377152
277629623339
45501615679
39912901394
300924145097
192173087079
-18360679643
-69112442788
284058039360
438944450882
39124637121
-137377087691
89947000337
406204797760
46297579355
85422795466
-19815023397
136175811397
45048479585
324906857006
290876499966
-83749160115
33618874126
45215214037
332451412264
54307582979
38895452812
296732854570
-164059034372
321631790797
276904009987
-5879067819
-42401821787
168962096302
287854066991
25163611777
36797571138
413655906090
336545008082
303268959511
420479491015
408373103274
-73291927634
388452239360
13658954449
-109953345806
78045561466
-73566122108
269970243902
369362905985
295295010723
30183833395
-41630928690
68726307053
439888240645
41304705847
-22362852946
54745850706
470204395455
-150111302719
3708894335
402119356769
26766639030
-117827133046
179914897779
-51357382344
-105182817026
427802858800
44619980861
435549854403
83756648336
-24954985120
-117580699634
-42031524185
-103113622088
-145631631191
413193385927
-148545399711
287748740808
173579061061
-75765618556
-111624131627
359233550766
318369854422
-44345085686
132061322890
365600349109
37842558145
26236193372
4349085901
389677182423
80427194888
334700827838
-144231012437
-78087467138
306240008009
35664747217
41145999243
48091094307
68170911888
106840169261
80522643695
8338620756
352140781213
-89737819838
10047167540
50568015745
356632387397
-78956979541
406678299452
194304484232
113385023217
-59735009102
72253074886
35197657064
106956083944
156409813092
-18586119111
344141340065
420866390611
178138915181
340372764281
82429521588
421832983751
-17250524348
-151517396867
187794499255
46439692578
433113817569
133027571965
380599871227
246800805080
181756455089
-24127640029
-21275235351
302441424759
264129658634
271124408444
69504835529
326062853283
13156224948
300315589150
342012353531
5830836088
431802330098
308523204968
291278227105
253135542358
36035150265
-31927172087
-10814936791
-63454426081
-115614460662
261447257203
357211558278
-13466306429
11297115030
34105578156
9599835840
66459602857
415409317542
17599176056
320030193812
-72925602958
152723247018
-43724248483
135723788421
55569602152
350941349799
59478919201
309026859900
50071259767
377862203488
-117001344857
165609636191
-94725216241
-95283973646
17518395180
313585273868
116114322289
137232971141
-49751557194
405644445571
-110043873999
146979152596
34981337869
323420086779
277303334619
321777855670
379591220030
36458536647
374626069182
-51514611044
145921804124
329104915870
-150958616159
80961565556
-28370163716
85204094090
-24794335669
210336154149
80371046594
256203121598
61485312388
24501496982
-103069389797
-33362705103
400646487664
335492728037
313192431912
-43427090202
-79764437396
299334061479
331476520558
268624007148
413229936109
314450666663
-182806259841
-24601598316
137003876123
358023575588
-807753379
188390933577
94865616799
-26394921178
299301438225
-38883708042
-93531055329
250247721996
78970800289
321025598054
424175302269
-64395049322
326968322151
69333801399
73596647540
458791896440
369729934493
374745421450
-25384402618
-200928710761
112516573273
318801045415
-11893421454
34815980954
-119661605469
-101405091001
6090536349
-66832602712
55943192894
311851636805
175575803382
331504482109
81314966159
450266839
301241221830
20703262498
76168152244
-10622759824
440475812482
220198778401
407195773805
-145569677318
303446699900
-118746365291
-177394459760
68823229173
74196757183
-72379511093
-206285157489
33716758734
17774617178
81643956828
-32193784653
176040695961
-100245059221
27995654118
-51363061685
-33455478146
-128703909061
331825776021
-67403524627
106224525494
123833302822
333706233931
-106631795267
-96011739346
-74295510048
-7675861687
-6559958863
307044663581
347093937237
13976908719
8712773173
-127489303056
-74563180977
351923478635
-35922670478
264060517604
5991779967
29345843013
88935169386
-970784888
315047174876
215107424101
-66855481139
-15497811673
-45929481421
-5307528332
-29975976214
-123769386600
469271715657
321903831611
90977584687
-142269118643
355037984173
105807272252
395178434962
131197712619
46918098596
18339041420
328406245219
214095651218
-37489478879
387723299934
24386380541
111477661728
312821949588
214897312803
283333889794
-6673881574
284921236025
-157059886711
-68464600253
399090267376
318959569488
304622379558
443336124391
131080039611
290165688042
148814425585
136580348372
-153592502129
399949043143
-26846600562
46521940867
-187156173428
336097330999
34142798528
-9711367454
-15434858514
345801614593
-4378196277
-51911451471
47483485612
-167116198734
37623138602
-72082029569
5737972049
152090423944
-92587916436
310710889281
-129544222183
46434954883
-47978363343
332698824207
100133423945
-48375916308
-104027329835
308558181505
293381311624
317559420375
-127365202520
347126876462
202333930360
394253256079
343198419319
91030564993
273671491920
21430884699
-142788331298
78808430730
374277772332
114444339227
23195089772
-59920246149
-19975093295
72564074508
323677219769
148699999188
-124013961995
238263155480
9865535018
246046201944
176370974170
70419758920
338352550953
333556153282
21724653371
-31262611210
-50929103386
174115926585
338118867541
268199818924
333093161016
72076056446
352009567627
15397749710
323678857544
410492781121
45246947788
322718847759
298343476120
9497179794
-86800642131
-31517599099
55896761353
320686299494
452124139033
125511293742
298511444481
77908224455
367563241627
6459227089
-90151803496
44015670589
357047416695
-63794011244
213928092720
332067758454
317352806451
-19197276900
-70372250546
364148158985
164393063382
-41579621328
57626190281
86767623203
35227904731
354209431163
367735206074
168555924773
175747021105
40678952850
309266041366
338219405340
93110495929
4092977888
62972556752
177397034044
350874845632
49273705209
335321699973
24987056466
43451962677
41302332208
126229359940
359799315798
-37131469672
379046065188
291086389468
186407546609
318604626713
-7359337699
73471325753
126922519197
27621030394
37140938941
366141889348
47041576591
-77532997515
194800309769
85085129377
17105150179
292907286627
2519464983
398210051457
-44629159189
-108323712557
49647351070
-2591708035
-7994556692
-68156535286
62030524474
338450389769
11467504053
339492699211
125004463856
-28547045880
250266213321
432438877069
385291171085
63840544798
-129280849570
-42297183500
-173585489391
-111751789119
19395272249
-89131111430
-150603232271
-13207150813
426112531596
370023477486
298216864360
4535278860
-13701988420
42078009234
32758770082
27116578135
49090525476
314568428485
372801067285
-47702731930
463257999767
62555997521
219380801617
53150337780
-15397137659
-22417681835
321779963246
277463430527
16883767159
282275460691
-40514313955
318076577500
67740117307
381405798843
327631207433
319428636565
-77673106757
-55774904886
59962215820
92418872699
165877546842
-143512022220
-3009360767
-58841392474
-93033203158
77545525803
328733602176
-18493568229
329697163147
8899288423
437311882064
306409421988
-70179906942
-112780086431
-27679842439
-79713096914
-99537038683
332064352230
-55502575082
155898716953
451477927079
-8600872290
29033286679
313394291546
-125911652761
339698355226
383005022297
-80283370197
-48095743935
344319551071
301012033740
301104688239
169959994799
306268464670
-73130136269
28839140591
-59511649000
419063689991
-61133769518
-39282331045
-112015939427
168241407999
33300494036
-136749299052
-1169316577
306162118039
375038965216
437504121244
-54852722150
294419506103
-12740243799
154790718017
119099341675
345183149712
303887688707
182287857044
-65130799816
202653182552
-12575854578
-53884329946
-15064330380
-107538674631
413464657127
394952096741
131898843480
361462869564
29972848887
10629498359
399105811801
458059093822
6846994608
210767917275
-103394994672
284154913173
-18595188847
303028038039
225258546438
-137606067005
3210663670
270919647526
1874598931
92046599731
9734360801
-11753426815
76822158252
-82258020107
-102628194841
401871887303
90150999000
295572675100
382484148551
13986996885
-88245310136
-104727206469
-113054293022
4472805546
330537415255
104594187743
58562031416
67311956916
417552314086
346063681961
78111105026
1673169140
-53110818383
-4643159163
27621030394
-38683099525
-143601541999
12933594735
361373460598
33679690255
47333124282
262570993170
409138007559
38875449549
71343071286
178570105035
-31976728371
311600868617
284344865609
-65287364643
163540437568
96824957375
79564521055
-173412158404
151540342470
-162237839941
-43173740734
11061036005
409638818632
100679321854
91408225279
-2047796273
-128607290197
403837051266
337024857170
63953055610
246291742649
-101914507777
-131751086466
209600033357
75091048513
103276445751
412894193931
-15788467366
320008950877
81400863602
-148762476345
-151073830351
-204892569069
44456425806
82128674230
29095510971
426286018893
152394047418
-168569032547
-60542465493
294664104353
-25973440054
-85905087661
-118260627224
57645015784
-46828094304
334241205697
331034543714
349619731949
161277088022
136310914625
-107554405126
362445974194
301409026422
-19476349694
134613402514
82837420519
373619591493
434766060402
319071783283
15505986523
-22140220990
-70873566293
-108293129181
380076765281
173387262234
30729202040
295203325239
294406465589
211750751546
-31567160616
323078193213
-208348533547
2438535213
146890187563
-95746495475
385519784950
-84052587213
281704518596
142166562707
155934735662
160697866676
3637829093
54664951126
85042917821
118722927504
340961012288
-2177377579
313303269273
73524182220
321594111727
-45960384512
66779798847
235938705976
-55251868154
239419569237
-126866027364
-104546181616
377980623455
17814705237
-75966602473
24539075472
15530133686
25792279754
282840501990
134938265476
399189831814
173087134168
253153401616
339780326238
14977327083
338129820497
336722881006
-115116603554
-108125584104
-49110840931
-132695758199
-53665479735
210160314568
254007275593
-28045198643
294597594187
136415194202
10165253810
10307142386
70767053061
-13833216472
-46174539178
135423686970
-32367379622
343187229298
35251849302
-732211761
52368639156
290832087352
-88871383895
419729923545
294061381016
-50544252148
243899930208
33731882254
-117653083523
307894834168
-134788257912
104764497544
-102223717954
7376644095
347486736226
79871805651
65442001901
368590269449
382252954729
-77504904318
373078512913
342068426514
1442863587
359263320777
-134280057233
-56907116697
272370178805
241723618677
-87629683018
-5636012148
236647438843
-101539829645
30850583362
-179218574635
-41300104197
62558025960
-90558369054
766907705
294957148333
95913798110
12692112805
-118365263025
-94962903056
413792936326
359382346542
225196683306
469184808827
117621030766
-171313723303
373914625401
-140363509168
-2032219049
335382454388
-91402547832
217593988890
308694973560
75830870956
-39811145347
324325578055
392839628601
71271567753
59858517780
-43787539473
68936078
311038677974
376244761674
304176226738
330309763702
-77872714468
282276374889
89533540603
90964054965
304210048343
205076344512
-109139663912
301762252815
331445682077
81223198536
292640051166
137447007772
323071996459
405998657179
182286018125
-62140345908
-103520515784
248437176954
-89407123879
-77555367688
174365261642
-109086109980
44205028934
383432455704
77450228032
320736485421
39405218711
-74644731811
271154461046
355665930399
49425242942
413591211418
250029856941
43189508558
33731771933
-33483018236
453167771825
334196376606
-7157703442
413468166368
403391687262
323689858498
380498460659
-128120780696
-76796506393
-91921054527
-4059943462
40553646658
-70846675874
71155758947
328841767889
136142219823
80821109660
-170720589695
-134457816369
18355164808
404978689133
478329205563
283078952469
340156744022
-108313303955
-103673987847
339024477218
-93893553431
57712230879
332319360441
-91242936209
-30350122270
-110007125117
72460341600
316804122192
413472603009
306496491495
328556319381
168193995032
88662924613
437998794417
-122843972992
227301228201
2896121123
188028386551
406380138700
-17903645041
434512875257
14944994182
432419438137
357185291324
-68906733190
-26931569250
318849765355
336626244340
73765962270
-113958777737
448987183357
-94151183659
76054411475
425118433395
294993183457
-6344993901
43010020870
54335997387
363191518661
-6707158592
124680277817
36885948363
-84297451293
268875670420
75126776540
-40214076803
185211855495
43756782518
-48037436393
124861247136
-35842433413
-100586709910
397178564586
249175766857
-27737575779
419063352353
320529761557
-120317376602
332992782603
177890126904
246118391042
-111543647164
-5276803057
318451606243
105862761707
364750623926
93215684632
-1257592057
10925917126
68346233199
131090825328
41870853480
2619314191
316902457932
-134206648607
318593079049
363463689559
-33078867424
-147979537028
407370147445
141753453455
1149482833
337688961866
337301346682
294279008295
-44946354640
62619032087
319777773158
11359293491
350712722188
-40791191527
201297521251
-74503076821
92092646175
117811397883
363204936419
334342965306
52175018424
308743807865
-12156417091
412554568104
443778718806
53191321384
-78081314321
53611220050
403586948034
-20371513917
309632598559
95803935729
-190654654138
345759594756
332377216633
175503983415
369375119583
313257918001
1489840953
301418916007
3748578401
-26179484711
264973160881
-32560530183
-117735094045
453642222427
-50511521585
22884339019
410168281879
328550052838
433722370756
125580686224
332530771606
-108501248652
-193582539933
59174978712
207913474059
-29269896669
-107813641686
-9421750748
347028865841
242143253799
-20817386399
158839485870
55879968315
431504563121
-124843259473
280392647060
-91407125798
26293834486
37735435615
382569405713
263962562629
-95052465418
333474784244
-22750007360
-144300418462
60673575636
360598765022
7082932970
385882972996
-70454822948
232655686955
-80803713921
424271177842
-75974865215
251932690642
315885114766
59554930718
24552865623
21348980766
315724843263
301696531867
293574651453
69143572841
-49680178742
-54461463633
48087183876
772354823
-17835635081
-92292823280
390789835384
-8769948768
-69982587385
308786187990
339120914520
-126400074230
-17179145157
19231600426
-74137485588
410465777681
51829496692
48002771698
9255205873
87344513886
321083774016
-134789001463
248548725276
300948883279
77972083043
-32892363647
121300059686
-29602530246
8628887451
38921261445
-51409540131
59967311551
81592747801
-45119903126
468940753798
-21286961803
165658999977
320238758816
382722669007
-20553682830
-10946896211
254913480483
289562213573
358819057400
211140316836
169794804053
-21321655605
329814012558
317818247107
37862424501
1206723464
403292461986
334292683506
411951595080
398551195394
131941277069
60258343958
39717958213
-72515738269
326034861925
53249261766
-116558296278
-98052863828
403777840361
67523406162
-123921649007
-43431935587
14546350848
431962535379
10535171828
11176543861
291021385956
372155777519
67074685711
324914777839
64546425413
-78108213766
419559511869
352449258488
338353988163
343332232679
51978371166
207668111972
236384593844
-26854686810
-50157170045
74469456182
391418688113
65202666312
48232511111
329675310912
388228689936
26634392341
310541473753
77275782919
57675258370
-20314738379
221851017395
49954538456
21606962959
426381971971
77000242658
457572919572
390616940333
18159790652
379309257137
-34377883417
361500040455
70527115227
329834064135
361622933546
-113490269203
261998858407
-119858654020
-21460786182
307974625374
139809398695
-36355581002
-106188472168
-55584997149
306205947657
-159880877790
200771059782
-11854080034
156912871369
315037620724
426923439352
271379178748
-195586506928
72961731955
-7601196815
-51447676543
407916023095
-130683615069
43940951373
-143863668098
-6557858282
111764516367
80926067605
-88321982321
340104690252
379539714839
342134143427
113947142206
335736827205
-893319140
56907548412
29850326104
62400999667
420168586759
-9133005998
25795694605
131436459682
63222245663
400121961285
352014159265
-126821818223
8334539862
-14268454605
-11715960256
339436019116
337624453427
240492701883
347734782308
21655808354
-30153587291
134749924758
-37830163215
322895562600
-172497324261
157634296007
-91742342672
38918191760
-16308366838
408272584356
-109331980862
440854313040
3044857110
244644298828
-23554187026
-184846926611
373536798662
336863651023
-129031413289
304812533071
343788536559
354777989767
400295354367
62700206099
309580965412
329124449674
-20799190733
24192817496
-17448338015
308150073395
14564043022
19575668055
304796750851
152167002517
303485996621
-30289552270
280372197453
186430011160
27415302097
215839836565
18064303396
-16259354976
158743570729
-69685093739
-95643107099
358814997179
-106648280759
334193878971
396921249983
341891495608
279450961375
86710759859
178293471349
50914440330
6272447527
-132933154752
381236500474
-90405137871
308851576351
465829515654
-18931570576
-82142292557
-71175599015
19626157302
-151474915763
296236054353
-904907314
154080660980
88835804359
337170647096
112623053
16644748908
371273176565
169283659266
-6816205294
-127991542923
353656143824
12188678152
72934240020
204614841728
317072574220
367055593794
-6737355409
35069611762
404146226034
-64397123860
142509631363
401424622035
56507355665
398506398285
308225216556
411672572235
-130592189414
89919281196
11557412576
461076047340
334146982444
75694777862
5600278493
392392448548
323617982048
-56089988159
387696438237
-136577607393
326855881051
-108848192195
43306221657
-12839169364
360088861255
391058306675
260832115129
178050185678
255656305
281174750361
300758896548
-19315435403
-34135457864
-86265362063
198271469823
349597353085
400415232328
-10912819669
-95927913859
-20741763507
321709824893
-112783469218
400325793774
-109945752757
428477326728
49161952974
114131079799
347335637870
374026328171
330061847190
393275541702
75977069102
303103506386
375029096091
7149330701
161171894815
36641382704
-150245482364
301170862483
48047677754
355168394195
434311492148
-147626976882
255356618550
412838947537
14896990509
-98929848055
409001368604
-68594729777
243588729228
84988085666
446873607803
-73562758597
-75878201374
323005915274
-25228117485
5261674547
15673566184
-111024947690
10971796766
418160628743
55301506113
-122868430751
304553766307
336626244340
-9670114263
286576921486
299020388631
309995546396
-20121177876
67301111844
196261317931
147274462525
197556151707
334459810761
309072259873
349228550425
309670781438
-100169347768
12240190479
155039129803
-68473321147
-46992636784
-89265340667
80920157565
335631495872
329748413861
159030589527
-56607023509
301915528441
-14487700182
-15246425819
179206574380
136850548821
67431504656
304806096826
-34412891453
125413362661
2677915343
348083647017
32285009345
307390604541
417508998442
83784081059
398463419223
-159659207260
-172460565381
309974476866
71989860481
168462188975
174395633655
413315591390
241536063052
-12824766715
40677245498
307797881311
-101707144349
2779760349
7740596685
-51348817027
321944593551
306971447789
-44660552378
-9874328887
418351540063
242831756849
-153479100334
430275975253
162110042693
-105307969274
151289663372
43065868823
-12530661117
74297808231
101613208250
147178757919
-6118409491
290440686031
63751899177
203309529723
329012118043
310624427607
41204884147
-20167104200
367738037318
339545253094
301741644147
330252660111
1584488967
249424659801
315155322290
468063175085
93807124224
-73807837357
-93162516352
-194379005548
103744421579
300218828936
106589774614
280591166651
-68979321914
32396240765
35519835747
396260174595
391392715702
327542409073
36571440944
24283937999
446857407312
193507253161
-58930570347
59002941281
-139160402234
311863637252
375329478648
33809819745
-100140048001
333693766055
-133587992906
5692436745
-30508479972
16446486305
401317292413
-143556351738
-78242384134
446359306712
71252418473
330861489240
356421843170
233955922651
251285948960
180527861534
-21606481112
396166300703
5130419805
-18623784128
-61829177052
4692735571
415928844166
58313613482
358724576392
92176880954
998597697
-36774150458
323479467407
280525403009
-90918805396
379137848333
407265806584
323354933273
307618113236
244440826669
20742862380
144263787732
367401455182
47404041847
267986745288
415123636668
-84397918656
24307248478
28830485730
-42812843222
29305312496
-37006485077
-87411560398
185613686184
13671881904
326121480240
-133529353355
-45888291692
8606690871
255285061433
240129983808
82552282688
-54574293084
30825792379
68593932106
-9745637941
319822585784
297605656704
26998427143
-27268385349
9399960465
-46860319509
-26837692370
-58575558200
162906643001
20192015968
35620720632
-91730064771
-13988011254
-106888171575
2851961139
-2987467973
206219131024
273756593626
-115435381975
148176767635
252593333767
328857392671
-46518983498
428849828267
60249277144
-89965294668
195288510059
18325452267
63219957770
75651084430
79265767727
-42898054109
333797830332
167459229854
392716159358
-22472214240
41034622714
-120513777920
23365271837
-98372391112
335523117572
-209940276841
-114243358973
335768654443
346439889914
320208186051
162754084803
301752493977
404252927102
294683729250
423029881283
314851957614
53500478908
3873762805
251791272863
79395979310
282698688915
-78145045544
197621438590
-36319332044
31545775114
74200431972
-111486588459
365651905072
81201701229
67742712470
426414804692
-25786099056
162430048047
-17347417413
373201850842
-43844676572
310814298073
-3983610309
-86726591073
150821761041
294697790753
185996405207
66493721739
-111408518939
354983595139
248525672934
209697528765
65939786295
156468238010
-7001052487
74948921636
376540628962
159455441481
171695778539
222626598981
358414789028
377858567791
281619135207
247432287741
164655276698
-108384628724
354145430839
-132007670135
-44986812474
76353440041
-132384447178
-86086121391
322686161254
-120672777045
290855052950
336924604969
-39360567027
414453052989
-48135682024
77265754945
240077537529
3629859268
1543977958
-192154285668
77399088819
89003111572
398825386369
-27063086755
-69043291908
7038546579
-172124661581
330002855402
341652088234
228746427241
364645056947
331716164147
277983644985
111366271753
-25571702743
-77703621574
176188528496
-103101437116
77666285126
-30310900091
134299175122
243451163763
382753849703
116060359245
258443512820
68046808234
38577403955
472591571775
-73673595477
246080669773
-80447157642
411526056682
319192241756
303200755708
-33204060889
451406198165
337924506761
112229606009
384157231034
-178929983290
16647477048
333871562792
-58649536772
403079422861
167570695533
-50963222996
353106072319
352898735697
400973246222
-74169332613
6213098959
29764438773
84230446390
257572931545
206546883532
70169529569
250986892149
-142124528372
371588191770
352677665533
-18103175118
424628294663
221157540385
-88008243591
17142678813
201900292193
274286462556
-240454784
7590840122
-22400627221
388098295061
336790981514
68640498897
33164513976
-123966226449
-100896174753
-35626953538
47761055987
317506417439
27956748268
89185763316
146552112752
146586348420
385361698350
363047022680
332627531477
298653971808
-18917193663
315107009382
306511886375
-112023647917
393172951462
-37585051903
60449379311
132732180507
-132750502066
-146074269354
-91940239945
-20821337691
323558878136
332987873142
379742046281
43801859037
-36370953489
-4071837625
-107261383779
-24466090997
-24243057973
-53388677561
354408446531
237940861317
383487364848
-36406019848
89529782864
266274253226
463964719127
-13489228072
371114005299
338404889222
173743262337
328839917847
303597495560
-82309247422
-129824738632
38847325388
-896097809
54239987908
335053881874
93956459383
77552639457
-12775920013
82698933647
306460267964
-16413847461
-149562403432
424086308422
3090826226
-21185132305
68030979504
73932171558
436939562352
342978041372
363187843347
-6045373621
-23986110726
-48259723384
340349531176
405883003950
-102600164358
-178700841155
-74557043499
289911136492
423845011810
-108964213277
-47285987864
-68691293393
382344062473
111143869256
262829939678
313661666806
245709044882
10870734344
9763102324
-39116895035
340208072571
1155250368
-85281853348
287618323631
-11460638355
305246547955
15925682406
-3460618397
83219841619
194407743756
158545691089
310881167012
-52337146044
123297548361
285120727092
-18173353874
-91559661673
-3412741942
-102107618609
86214721215
-87127919959
342601888467
-37603914256
328882842203
33435585334
265030512838
-1269912816
-163207844590
46765221972
-190498448450
59696387448
-36872667516
79437185606
-132227098822
31130611907
-71151961083
455649182836
2574003604
415933308839
310625522233
319330895842
14896440263
-74165317248
297909381531
397477694809
342896099375
165826868223
-62086533264
-137315684106
35586273232
344021614922
47813620833
392206577317
342651216377
423957273624
267237549277
57431871358
305289878999
-98691949680
-123911129497
33040498378
-47871664531
309441809035
124182322499
261940275352
66741968043
-105325480123
153628873408
170419512651
-8073904793
354706835171
-19686297154
70293454303
-157606026545
418878426110
159324189622
-43674146665
301249510170
131238859762
157293477796
14707454870
-188888968261
136813872498
323049217580
302391991667
-17662514033
-63609878309
98969711754
316856701749
327422758155
-36593401228
-11933386855
-54576047404
384654376158
71662385659
16962427230
405243984243
310648948513
27369494813
17128214201
-37640401315
9922848662
223183334539
-16201290067
-19299353373
-89732347838
334933419218
204283679326
142151335803
413621108463
421935295597
-33090958181
334952256332
-103604077963
86508453741
407901709272
-79807368710
-154768926483
65780483019
123410185656
169135310998
-79590076358
-151612717418
154817048595
-38271416958
47769148553
115927130707
305885712829
328465401556
57299808177
164960175880
-9967577706
-101804792247
317871723800
-26165867065
321959600960
-135127454111
446446954147
-54887058655
-550913429
-161472547892
195240044762
-2079778939
-102879892032
176356492357
317044367929
204433446442
75322904687
391880043759
368853305297
14927818245
409744884766
-15103857819
144712419396
-101592062855
347668039083
423990860599
424781661033
67412732827
314402025229
39942394509
336917092897
8616051286
-82199185650
52513229141
121541695877
306352408526
154584027434
-128555007365
338766976650
279158767093
72617661910
11849604530
382840819413
108973315888
62570040996
-18167103298
-112238470225
-168564664548
336879810233
-20133266661
292039618140
-145672403492
407519264730
85678969724
-93442874006
22798903558
-35055131783
301432372431
-147728670510
381180055515
-4457414745
-46335816332
341926433424
375456952163
318468218953
34894000842
347097201930
-127111743361
3197395306
-14557964682
-191359769652
-33599359225
320331890232
-14624888698
79270960110
95611601762
-94583461206
-17897691436
70489865984
321793351345
233553762247
36061661924
398677452899
138165358385
223820975050
354310083994
92739242670
350138360383
340007252828
421502172409
11638888938
278806351221
-66002655553
-34506415596
-67175313581
181075363619
-23347364646
4093356648
293869300837
-48202077630
45465559118
-35456402428
-10648118301
-47827311088
170651765958
146697011632
386509052311
54978549204
54801704859
-23716468189
195926901751
427302391856
-157094511483
-13406108359
314269125505
353274264435
-108201582339
177763385363
334874780615
163350839397
-177661993
353548222960
-142541075950
336619787436
-71229907561
7702359963
320103338194
9302978566
-18731114062
337444074145
-128880930629
-128739945483
338756962307
117383923947
363452887043
138673613022
-110777626370
178203082395
-60678231875
271992427672
-130708068962
-276311767
28365625942
339135987184
129930688571
231814044210
38651098793
-33830399438
340466227880
-139465231782
125638876620
15803535523
-11773835824
-105680670390
155342166263
316054614045
238593842578
-39623752227
-72720662585
168915457895
346107778672
67627905962
371084300746
14257139056
52388609071
-21337345177
342152412213
-16101619705
67380317522
166837763071
-100509214631
431128992413
55255681487
279805610752
158709176770
-90135254767
31549999461
354661319449
467233831928
-176002649922
307782656667
-19336783702
159829717238
362599395600
-6794745222
-70271698051
143838078352
41431804085
-88137887018
-42434714162
341546051855
336306264980
453756714201
383781056607
76425850052
-104758832676
151342080711
-129298495117
-36384703073
-26643384329
-116388246099
339466475482
148625611837
-86911114014
-145026796125
413323541968
38993959194
-147074071961
437418831623
-101434966148
230678978568
222698484162
50391392356
298860204562
147753602066
314069059558
84242957058
-47541908538
384661709156
79069353274
429395819037
-103581605922
-104920785300
-80509860863
-27465928856
-29783507862
-62946501239
403469232530
-55915812196
166010834710
-103010923821
93859078207
296718896853
334911810068
-70730978877
65109314241
18301158579
-141435940426
331747621673
401873028559
30934257222
383026198203
13573377855
357653065354
-137684177060
6434353417
-11181053604
-18790037139
-36038138477
306726427060
-74813113917
79762080610
-80050452339
-108912888315
-95968974253
394553351870
-93787005480
-4297998107
460434467481
25418894622
233553181569
-313098659
-70094218593
299837115962
333023185920
416432449095
-61988381540
3789834187
-66554161379
-100289912155
-155331928419
325006022632
-26372273623
300302170387
90642280130
283979117834
375564044717
-32130637627
346084999013
335864475741
299525948967
48810322338
-21835728067
13619539603
-101961200669
328659076171
280800566695
79448590860
345489049505
416139859276
85505371640
387409626074
42320430796
297702236499
215730212922
-53953882830
133703652761
155101803688
351430033433
212556095958
160797777217
323083259813
149437834684
346214125381
-20853984929
49214636940
248588066449
357307432339
63025777107
56974293170
282815487379
61981622514
42475223387
356193672352
15972868769
353465862207
65679172378
208412722356
-129370678922
343625626895
84127474403
16126125439
12887438121
381605905734
325240919486
251207153634
158327506011
-64110912423
355110892679
79766789136
312645527413
6939395747
236524708164
-131422458225
394791202211
-87965264312
337001171524
114315714026
395503627410
326021114890
70378220753
319457946993
26458337558
136209950869
319703692768
113328342714
-97038754528
-11465118793
19765749953
-38825430506
215009711641
-153812292162
169351367077
-55651784046
-94579382851
17842206912
8916012801
-98698945399
16513487302
73610504645
-2651626287
445194752148
326150445066
137706094614
28120936933
406874008189
167555007330
93967175695
-7424263051
250689127209
-6460348359
381292870361
162140767373
-5877133977
-41290426159
302209866412
12526467766
-25038244205
423259952973
-88551679920
-77655623736
296946995973
-72661909823
420183743466
-15542383707
6234932293
359205691554
-159360144707
332448181387
-80407722828
7409213518
8102516490
57694035900
377485910347
11262560461
296347523822
-108271517144
130747268702
-44831997943
-72304757175
-30950628070
13957363051
20000329179
397547003302
313302020055
342423403380
338483775507
-72439464528
174214864256
420894815222
-32525275673
6156436202
-6913661051
165402205784
87132394308
1494137603
59916509004
-124307618504
105301033230
228651929430
67107018167
354815716916
-8927436709
378736669156
196423382036
9181414700
72851910311
-28143327347
-163006854809
78932804676
-94453663793
21638082794
370228291556
401785647556
15345940408
52092618553
-102817512578
399167213023
392841678291
69196429069
-152554179132
359135048186
284384989930
-55024747580
-3245076880
-49795611227
-90842318037
-190590564811
325649023830
280926699080
-84016134838
4011013813
152487669106
317958006456
-100212687055
309512696610
114957682797
345549540817
274724310690
156277429932
-22485060825
182141289310
220439613220
331033516371
155648113756
-22784924230
-181525347557
72123809905
-140264529008
-48257873218
312287360424
-101197573011
297910434763
10828581507
225217303281
90959010784
380894483072
93265386634
17433945356
411765751239
293151121498
40112038513
-28358515117
-130631819894
-56017335699
294764572210
11396249217
405651956422
332243660330
-100085591228
431256587860
-47054012513
13699869791
18888399279
103412131772
-13871145766
13484501678
282279623442
13500820256
256207963203
84776597888
426797649668
130805500827
-164986084155
361183609642
-50721227476
18394709502
129598473413
328290722423
106286792575
32195406933
13227034965
-47544946321
136455133328
209556522668
397859968919
-30648237573
-41260125950
243222406157
38417689705
436096538520
9803427309
139584301536
-102321262587
305612344577
335357024704
147796837460
370571796793
45136457619
269614600275
241508072661
46687936932
-99873487526
-141653128099
-9772581546
50993372231
374238967512
270078969954
337680270899
-1898143062
180168047251
12613929427
424284369084
290957899637
308517740868
328484607060
-102900075570
-38169189581
1951236109
-94804916015
-135350939257
78520055207
288872747377
-60354432176
298181923934
357491981990
245235197868
279988151032
132927711950
13225999423
337151290988
-23721292941
380240875274
374872723953
-71359425712
-23018514166
-32982119366
-118278500834
-31574945549
364021905331
60684965170
-11370850779
447120425783
-82714554101
353690690613
-7753883065
108389831174
335688088096
438622633288
-191897003341
60516657016
375642827801
35138832373
122228129257
341464486520
279468376129
-183679852070
399177716387
-10349138586
337947170522
333477140483
338635716881
-11059252746
-33322462020
359479162620
42961497252
377607900809
40313214041
-49482113847
39428893003
313209296994
-153320614762
424822405232
92520716338
339834598176
85426687152
-168365094951
-80226885412
1700945991
116760730547
171779344944
57516629406
81833343813
307511064498
-108322249699
38071537042
-139006597093
-138244268727
-141196873829
147430088076
449149895654
27184838916
14499488638
298040265331
40453003327
305413874104
-97483226355
718747159
94082772194
314541442576
277500415593
3315450173
293206385607
-199325072670
-1333238687
59622123195
102856594051
-184794570162
143074013047
165103698277
-2886178127
109457060115
19560241868
-48341041836
32870034079
-145478028912
-13550885292
265483154242
-14355970382
-63113092991
416819459326
-59847671664
-179676290293
128190034529
373910570252
344838950259
301771934588
-124980432272
26899928472
8753907546
-95892797809
-168293101530
429665022424
176922275743
3470248627
55301069060
13269895724
-6071462563
-13954643628
49623912033
-148626273425
-14474253736
-127552319405
36514300825
119830272945
434592914171
448984111260
-935048248
-24654955009
57178059024
206517750036
265203796241
-5800321405
423244512219
-87302817080
-2313720860
419088130012
201706843860
262766763396
299280971754
379738053553
-106316226908
50819933610
156596255804
-72395490269
-109215893258
-98309184694
148540542156
390069544775
319414684636
201924291264
-52139488283
156481902614
-129428409085
-23549411796
-59640021423
-11761436053
24156999195
-93270504899
302329429025
298241117627
363445473726
298981067995
-46406658973
-90123049741
347277633716
21174231923
415904813122
-80207716868
411006372708
-15349987265
367081758457
48626714345
175116485196
378818642674
-132834189305
320232991598
-82197099203
44219607390
105812269319
53694020937
-12862061826
320358388935
3847240056
-187824583200
-80413489355
375568386818
-36116570454
150777727419
52458553653
318737817409
-37684049792
-20511372155
100922526732
413960674218
-104721144955
-32402716348
392721026188
94809088991
232093937274
3955130292
316894145625
41599698783
-45532871718
-16870859097
-62288257013
-112875480391
425765998905
67537972631
346192729631
338074448068
60163716187
410179176023
-37349003680
54081814297
148363329957
95296128171
-118861846326
353371455842
344870144347
3434814459
81055260547
-90437834753
222123270199
49341161362
295103895888
-35375028844
329892010718
-144717055242
38756809995
27257205891
-143100604005
221625716776
436766806454
13602142829
-93003847152
128678480908
371051232727
-97435348765
233001718045
-24693407689
4949953070
-23658762042
81884065895
41147738909
74046333243
404450096043
-66045241650
-23341183465
386091230249
-14039562640
79420497753
-28159268829
274722436287
-2479224544
67897614748
11708100253
72989941271
328370865367
12221703110
-114968463675
427727539178
345701718885
-151980392299
67295964136
353770099332
-13243897125
-2615032245
224575989627
341548361026
70918376017
9156587176
401809779287
216058265669
151095782128
50327777671
236990232252
-8280335605
92120124058
-181061360170
-32417262226
-36681157968
57049180607
-13026792092
267504040058
-41966538622
340597785345
10411083406
-108162613530
27135928622
143180601825
192346548084
51117342193
-18399703783
39064676884
318161237819
78980694463
205319563432
27371668021
-180265983813
336599897906
-112509549717
333255242945
333829328154
-824485173
292713581718
64673764270
41551134944
333575864173
363520108682
-146674819504
234841541696
-16101194158
-45160694345
-70879467776
-103123347340
-34024769197
-82002277877
31292778936
126835029867
9360726189
312795913031
343666868358
21449792647
-94598096134
70328074958
15928496054
111993201024
327674449677
70361565331
179080251593
89561573621
38126990950
325376968056
68252505395
358651612800
-100817913560
-119079885175
15173923199
-27569675458
353341647631
316614495179
-109704256675
30002242741
328869562696
321872279493
-36462729566
103739139406
-47586902411
458462907370
-63528560207
131332234749
-27999215551
349975443189
-13788333133
226651092319
23986483020
234385310780
-15204495421
363411042744
824636001
337263971538
200788329047
260668124718
-59919285601
85571545298
-184548417034
-75014587431
152272363176
-111754356132
283067897418
410560538999
415052628241
-44351362257
436370408371
-111553430536
-185424080902
288174660939
344134675608
468213761563
56956245583
49804571147
329209324152
311453225385
86199129381
258205282104
74155384586
127767057786
338904688525
369825317661
48349817108
315956252804
-164186495085
5052960731
152838168912
-76162267990
-102833110104
76991588987
329688392073
367941751871
-114185449426
-45436237347
20907413239
334375297119
326370847823
234772728822
-5301886889
407834270076
289253317569
323612756
30737544209
15971823835
314183056502
340538915192
-22427620499
437467185443
453874908440
-13379601534
-42919125664
361429386818
157113170907
147622324667
356205097073
309850518319
146582555065
-26474537089
272114201740
31993444574
11243025950
-40835710557
2093876297
205172193139
283512587901
50056033185
256186621424
400043824409
358740621682
454887284698
-24575630375
144778954316
360804029759
333558458621
51229914209
627585173
-148573216890
76892477596
-62152209888
-33404021116
382880409678
28506721000
397350825360
90183177129
-116058951770
228781156353
4481612468
338485208380
372372179096
-22417415531
307526396442
-7081605702
-20726413011
-48826067821
380511011238
95480463951
291556019464
-15306191059
73130177228
-79101535678
325497806293
-166682723660
137751113975
145048220677
366325505600
252286573969
3643273096
278753461476
41859211495
373447546620
335358207567
365843597787
324238481074
3037784134
314705704074
-14369241535
329033533931
331034543714
248945865837
409410732277
61641913407
-169589313083
338974253221
141309770752
283501334984
435245877044
17366364286
-114358665007
377280551610
15089036025
-81079005813
189408313268
30857167587
11251958262
127570117207
296554034051
281245639154
367552015906
336071187979
7303367162
-28194725286
412874058696
-3205871937
359801404170
-47183375412
153909851940
327702245513
385365541366
-187484208314
-103318955747
463070792476
54474259925
-11089594328
82936855011
-23879566349
12107797923
137396941682
-11726621467
56467962979
53549659978
426373178604
330850273113
191183082815
14767734371
-105347481066
92850844163
-150858672947
-105304805389
359510673100
-69482056264
451927284372
-74963156336
200636077088
-125391065336
-64195768078
-167082059748
124917871885
-175236256940
94698795229
347156609122
335526658917
343982048421
185263445883
346898613984
4143688999
114257182829
309906633175
318261528840
352460135638
-6195185245
-41568847859
-128471668766
402859197692
502297037
394661344403
178401199897
95371764983
275641034612
-8284330599
139399470439
-100045474684
292364549526
337309402794
-18222850545
49116163998
-101272372426
-85023661794
-126340107982
-164966628307
150850124780
-37946680410
306543081456
-121124312954
-23790215114
328562083712
251818973726
334798967890
-42814265327
233954762072
11930357575
216623282378
203538828682
153971993539
388994204497
460443672668
271711913108
414039537699
424109418388
383484804092
74942376
359262637373
291377226436
238623704872
-110107958280
137279903593
-10494807603
379379040280
345747543202
-165682238747
21880405695
-35554145673
56762480424
40708653476
-26855454716
374495610245
32939629924
256236541745
-12232094084
-119527097068
-51930323075
-55392766787
295426175229
72944628010
-124673428350
-104062682647
-116565448037
217065171410
12036967881
5969524444
-29971722409
-31506766394
-68756813911
-130534466543
346903497237
118765147694
347442078089
199151680397
368801558441
-50895502939
107496107098
284023728243
-29226754386
37630589505
-127615970597
-60279732825
301584934930
-60490785864
323387418710
94224651731
-151567913375
80936818643
-121920897718
-20941395686
398575722044
-61741252340
-84527416553
123839086926
417585280718
196156470742
4646012632
66042128491
370949392950
-29497256705
-45700860175
83629556809
-141447069738
384580909500
333906208377
-73505071256
-129154742778
377319857735
9915613796
350238711945
339944181737
-6240651679
-64855370958
71528175426
-57697142225
429961852156
-57513087350
4538908539
319190384976
128691791245
352181723750
-35102408885
-53474951589
413458789992
-85873554810
77413440163
55419932813
412179618111
85528862966
188680158222
-152042096957
341536088002
-84444763649
-158546792230
33678754632
-190552833281
365991884406
449475612994
371771907346
-107124807282
54079463442
331536342127
88398853886
434622631905
399282335623
-13466005002
298178990758
315079463816
259475368950
-44143630973
153748960288
230091422553
-34674308843
161733424293
37768401202
-140186063291
427945551604
-114249609855
-46046126505
-155064639519
53998370987
-13039829267
-23600596652
100035721357
282593016869
310871212529
275002589995
-172471539221
61288568701
-96910720021
-66698069019
-112309392615
10820001616
9734850064
346740539480
-133627520014
334788946450
-97007316391
414022853949
142828323922
212129809806
57893358916
173898485721
-100130727512
134995149818
362997813779
182783794734
303003259983
223822969923
-104509125422
-13949628979
148369593365
369512581559
144387664716
166365717244
463477010527
-37006030
9991221091
-73878176820
-56165036284
40707222610
172736222015
39326607859
-34753203238
334989481266
-94424664925
-68148381557
332381070683
336982127741
302047116571
355168394195
5294802873
79981115642
304364504202
-32574296877
415658280514
72122921939
118427250162
29440830039
-82674793915
141369962954
331358393759
244476235120
21007916252
-170223178645
-159972896969
-19744719052
389257444018
-129210051539
-151844805120
4655857378
323709000178
-133604081500
359781725452
142093619688
284069371986
139410338510
16798019257
322320048888
211994843780
432598255485
219454759178
9919403608
402808482749
-50828641046
45486993264
156139733003
123013160139
306278397477
332154593612
-105531976031
-58425202649
198275853338
36817711086
96967573740
-15593739845
43313442070
79705457037
71165582020
71340465172
368666280213
-59832622434
420425604616
-79631018265
78652124924
-143562164166
4482556061
-30433606682
46090762807
-132875826277
-101402235453
-9257353002
64969912714
311040513949
-124727745120
7613111388
369291186768
-128887585501
-169260368592
284589070082
334421784399
9592495560
393457326802
-59740028309
89087890839
100916187223
-58473889862
260877933929
83505104265
292229838607
366156319744
-167336213458
96346388521
-31806902712
158115965639
190997135154
465852472417
242128397399
-52123434036
409567000397
432468678413
207377022376
317794608329
115668824821
320566029618
432631537162
11255781271
-110529663552
-57900083839
304497416981
414795638493
328866526514
364668987670
142099583424
456510061096
336929993082
-49278641683
-18183375410
410381388963
-158070010699
347550546483
1667678860
328971635460
316519394318
52793547774
65848978135
47400235675
302441255941
284703201800
391648365244
-33521757109
-23553350256
-155811258081
-161970483871
411945609157
6299869880
33341412232
270739651437
-20705399265
68232861609
277481724553
13232541096
-42455370909
-28647846181
83271579248
-152969117493
217787700527
146860563074
15955528036
-6734869160
-19026774019
5538878627
378291150360
20872349365
-1570379124
314039131202
-90747475853
325909404155
-23894595635
361477109751
379211029186
183768060009
117861357931
-81331115688
2085246664
20083223237
-126602101011
162929366480
37755256403
169859737277
-87611884764
424317870953
-90950356573
1243051790
18136542536
-61049896125
392550549119
210329916841
178321999201
-21499428604
407613831256
385944398052
-145282527958
118226330331
-133915852382
-15703995332
-37243136013
67825854945
-147998040730
312534909880
-107695987977
315921318207
339163195269
18912381449
-72692866718
-105365047672
361710578413
-130732447170
-7501586921
13788690643
60253307135
14025605603
358551878244
130511515768
301502789353
397012922508
-77707516687
281232547683
387073167183
313022024767
-23057613361
301299906553
30978665122
278483456172
370071104640
280874301913
271552438109
-48301672224
335092934302
131776380937
270625343322
388295610091
-66213661622
-137178223394
19694597492
81223198536
151311549843
438989535085
-34753203238
92240351175
336336739430
-161193386877
333560432395
52769703198
223799249804
382960151482
416974987699
-24265226778
-118540572859
-59723056329
-123037491158
-145196083505
321047919992
334860023417
406972996628
-82242693524
-100504708614
-135015213752
215452965061
-35560198437
-22886853981
28051320729
-11260679029
327907829015
341559470531
156973912137
344488993280
-77531780285
34512447286
-60719519327
292245578350
261787808198
27276077059
-174668028786
-2192487281
58271363579
-36254804703
332973854496
300733867781
166418626658
321640398391
98918002820
333786913786
432014724636
44571627932
81941004558
296239058585
335563641286
150088261206
401121640347
317623286437
393758699423
-117926158219
14720957594
299556715507
-101186856705
-31548486762
341598400170
295462015057
-224122709374
306018475104
78491120059
193630647155
271803704027
284435132082
305388491023
357965652132
41424030061
161206440218
29412141153
61190166900
331899194706
11918104816
85742018147
-148070027586
-17862513718
86330726399
404673531049
264142532696
-148230061946
165391083487
461718843277
457424343
57836203892
352062763345
425697965886
71236741716
-27502600342
15940765791
-56627310314
-69385646794
371527924005
16402603464
361899345817
318903190700
19145164835
-83966657556
324419688804
-29463525413
82774553262
326274714096
-155249498597
418516320221
247592571507
-47508875827
362183803931
-119773530281
29236331057
272862154684
7613219825
241934529108
62678915574
-86041120433
349750849753
180813619758
35047754375
264600753587
-111418071210
338131137662
17324963646
-56304902705
70005552041
-126218879725
239181417265
-46593453937
340326107558
-18112406175
211531123802
126106757818
157958961127
321352953480
343508239413
69047024527
-44543605239
-11721245107
-167419255765
159627494017
75839376977
101779833466
212184486587
-57733268031
26024869896
258643782018
318649638086
-138978215758
255520856749
54374280215
-37427833340
-66271225352
338961207749
334373354035
10751684485
-20999063623
290083331702
335558013994
22805824558
323012386832
-100229502440
-5202254615
111491846663
112958044363
-49087565474
156527220412
345221695663
422801445767
61984791634
307783938203
-106074898594
281270241555
34805267870
358876002145
50299200502
3239932053
252963402737
142201553863
74201720156
279794175142
-539079652
1577950791
-93603422269
-22873338922
170084679388
351842595569
275447597790
110429384810
388993633009
-57228922529
55537669733
404335034131
50145855601
-45648767259
364879240972
24644100828
-51149224620
-12733501989
188130011832
407756224115
-60000338276
116031832114
-2319199620
129036295268
361672494675
-79220010437
-43797483826
-92581775272
-47612815832
191528501547
150108373146
12006551184
70393821265
401277418550
-123338445793
381231928722
240860738802
411925617954
260884868792
-26604597448
-91314810231
-98890039205
273975452134
137980942607
343625190775
309353543802
311903002911
405286207842
317037537121
408726551290
335420969885
123327201575
-109152850818
-89364821669
-8711631922
78055489062
78679187691
59398811235
-4524478750
43108810857
266036420918
-180752144190
-337760502
3808021951
9942519092
291439633046
414834899534
-102284939856
238870115364
331802306681
-77191595071
421569485987
114675240153
-100186227345
-106430578325
8072877895
-53608482931
12593544747
-111899588433
307552487521
-64222786096
337986354627
355668052630
214248905733
268407663024
233184932106
67716253685
78851702550
335110281805
338557581609
350876006915
-95881643582
61552469604
221693603088
-169544621353
-25203514161
-8528621847
-47419048505
140899827500
401072105162
-150092843247
-116471576422
380061933046
260269388331
303787998364
5076894535
98370873482
-18647022210
85461556193
277929074311
341845669183
68700685394
-17262987801
422411331372
-123963079592
171473178307
369250893842
311384562167
79987041527
67181848407
356035926611
136459263394
27371084210
347181531664
261769584536
291536347823
10628545617
340889417962
231424536049
334319317427
438706546328
-64457943916
68516753692
-90560011532
6144689348
27024059482
373003252412
244259610165
45827747005
351016465141
286352218176
-17650543174
226731307008
34287136177
-32437037073
-161699775330
453139907586
249429870356
71213036650
11845755702
67653539052
336480429161
165255586334
375195845817
80272191380
350213570242
294310137157
239428941852
302973649261
93469901631
7950199181
-128018666862
39559889072
-140444829459
38553155818
53277510612
292564666001
305267903093
225256160631
-168782698582
321933325250
6941879269
53290316875
295521392828
41597180019
331822472971
91954678401
333909717185
210361588034
-54735502479
52114275834
-43058256666
-150113996276
140062161915
-79302539963
381332277434
351994707570
114523818021
68614774313
335368970309
-20946992088
11320619105
405171929805
155708901269
2729029358
15021848780
-27668167547
403970341007
-42703839362
28402222490
347515751958
204464162863
3203553792
343540439674
-148205113247
75230878610
337517735829
412804295228
31498053186
-127217128652
2620508312
366957228192
140010459700
-104916444960
295189073197
420462046096
331751347633
298105066455
323278177728
148200125400
318789311623
-20729938492
-48545538644
456243905155
29177073427
12078994028
-34354067162
103963131145
59451524979
342150920738
-142582189970
352033622137
-93842361564
14450134207
297072961171
-123592797708
13745994554
84723044125
439467657947
-36504172651
434911637758
-37030276130
-113234638010
-212712903158
168285207356
34494969627
398066589819
310695279396
296546002316
13872326145
326832029718
314602690609
382834620739
2422296752
13833169991
170748829696
-93621012817
48967637388
133336596913
170389582340
23973760317
220254498357
143117027772
321259760679
-70976230655
382820948727
9701741348
-10096717458
306509261782
7737889005
32141905025
435990620191
112666754752
46212899238
30463270359
414597331417
44938191965
84768301824
-46065202747
39531478320
269859882450
8885619837
74619432450
402257814623
28366607985
-42801678401
-144430645301
35105936596
-63954835304
325820629822
-20906480587
232417194980
391585928776
1204338575
402760743108
-164179270197
413407369754
50646895850
310177844101
-23776456994
79985916863
285849289716
287468312455
-103984628290
-11743135053
297037652218
-78547720623
-86579071618
323135702044
86256918842
-19754961729
233350099341
353155161584
40038392680
-86996099917
-96518315740
-11035788495
36260801081
58997713147
16426465167
-52023095892
411013530248
317696772727
90209946274
112223372849
84109394084
-13663177418
-129608647889
414261076501
-61799484142
53234335530
95794185395
-177168941433
-25465497433
58647444991
-77804694706
424226058383
401048070306
47101418757
326194152491
245530052172
428214667588
57404806397
-59277482930
336689420631
-33682033815
24158178725
404449840680
306527641996
253161045249
-682921011
352588301398
-114952768861
409117761828
313709028231
89701210620
72883489956
-19443209367
267692304716
-62532166775
283921647894
53963446589
418060334499
157770088528
323896638798
-156256826694
308896690694
397607059166
378137033151
391970292444
-5310510817
-87281682776
257068241279
78551545560
8312629793
10807209710
88215967106
318642802517
305813410184
-36744564015
53257876439
309557307919
72474386704
332332175527
365623995297
-151966087812
-104764098084
8972667634
46034531233
-26028658033
366026686700
25744208051
34524623046
61353504704
240880228209
-143102907997
1270658084
18889408809
326063180624
393827422356
134601619696
-75818575800
103597858513
-39533472658
-15120594772
360915914497
16494637080
402751877138
-69855941790
93371900898
-103812010942
350407326788
306001349196
150583022772
-99717873989
397667289748
54903747579
-182408106698
50766626025
-25091311922
14837027065
96774910686
292582011701
343522395796
-89910087640
366309773095
218171716834
82446372342
-81778681475
308074931130
363640023819
167380891169
329307173321
118700155522
318621832429
15645419768
241105548487
-10896650436
420102358790
116237886623
406969104464
52137969496
-43535191360
330028899575
-32028799527
-58044112955
372446096567
129462883087
-20942627342
64321057033
395229513098
-28834829024
-49370896809
426857216011
203502127884
-95419703597
267333648648
285970081228
-14409675912
4174003812
3602951291
92749048094
-39182203016
-32282455056
-133502727962
300273469841
5785566696
325406260504
171545380009
-89301831528
5086270756
418319461546
168892514974
-11811079538
318222105568
-5674478615
-25649663054
335117888354
24436734965
342155571211
41700759473
388968902628
-107636164050
288709112110
294276344383
-34503350061
164694331585
408907998558
252094722678
-144791157949
-30929061148
-84543898652
-60294915993
-127489339740
38638542144
-157825334038
335001909250
228316302354
61625817855
55995397938
120327968239
91842834448
235268413396
-31005593064
90797881519
271018558940
19108007641
16329444668
138951174968
151809996030
65778172956
374178714854
-31731974664
-194832490657
163151422430
-15994546429
-96338641523
434277935032
-119184993529
5378548434
133225964374
9617095145
174173118925
-32892363647
56242625117
32038961872
-23740546933
227765595059
-48648813233
276077585379
83571599694
367871097378
370283612169
48920580798
43800279233
288511362872
66787726411
371639738412
409035062362
349731698966
8192747000
325109260140
-29212354056
-83936779204
143127369378
157999968139
23028327235
-90616842657
396708509940
140000635040
133314959571
-160836493322
309854792335
15329685572
74310943042
69353899699
325627424257
40250055135
-143927523562
41869537337
106623529799
273956821783
296622366167
54712395953
-113664211090
289290462289
21220573276
346322638873
412999947152
160697027047
390589790140
-93539135202
424394088610
464223652542
-171180413217
247122050577
36623929527
-31261168644
90714871294
14841644895
403859674034
198323219692
-56553920423
313978784495
17447826239
153050892350
71533177703
78101702174
385449926297
-148275701664
436288002928
307609765462
355983997908
-53043298979
292407258303
-141155077838
-187847019518
12807185995
91350140448
431712479717
44567734687
-109582638396
-122206167932
157157750320
323935057075
339594125628
63431576455
-15090747217
-24153522363
293445492883
385494366900
7190623656
362321147652
51901550414
-154135305504
51853647565
355106852126
-47069459927
-34408249822
1356538007
146649315549
284050351417
357194158356
112693083577
-117159695581
384578504581
25418967319
290449947721
-48362907975
408114252516
28779150769
-50200391522
296206742718
433435399216
57905503543
-36252911510
323513049586
54844700550
-1766800383
295919821229
66603443622
-67009656212
66470914729
361719720346
348563524496
426943329677
200812001081
-152857049940
64648214054
-51744508215
-11352022113
148302471628
357791440231
377746591589
-65019555316
312625010731
221690903636
124714797235
304595913942
44186126406
-78812969708
-42219413265
-21222532669
-49408655464
-85721646067
-38267905300
308930591264
964906921
341289775364
338796768132
-13595199367
-43964908330
329119069942
398385796609
-29626129345
405728728980
-73512258595
-96282585117
410916001871
41584730316
-116514752673
16854971541
-147578457247
75512106978
48152972052
222805770719
39140960757
239547223841
-105253085944
58799640591
36251075694
155495120033
13786874458
-99332295803
46848711458
246554666433
322185812023
-47898930173
91434220168
-132226433892
-128537553629
350467943377
31734828152
274659973905
83709788614
389232173409
58569186257
-107127637445
236249578590
219504208015
-26204683889
-82108250523
289796547945
427938717561
-38545896635
57923327332
-4988229513
-33810010977
74465006348
-207781059483
311086767162
85207161538
243389663801
83291469028
125415571245
-81337029786
42243217762
391526172612
307366078949
319534235655
-26845269588
-94030360819
-106875209419
-36110676478
156021808244
-48733853843
322297134525
57700550773
38330207124
21124725557
358655637926
12627379731
-55900554328
-125509369028
333747372339
-6391568129
188653702812
-124090411718
339429167209
332259259385
-7517852583
322416642934
-57376984485
408260652446
350911941624
166787734163
19880395537
-2195017029
318060993563
-80896178091
70619935922
417417600196
62382444599
77280753965
175428036018
15696853104
-22903577581
68853150250
321345972409
311104098378
292381906928
-52263694938
46246547917
357262190472
-4512913239
320367566752
294544967236
-28163054572
309940006735
-71199374511
404860662318
314330063188
100776267007
363504364358
-4384255852
-89011684446
-18721507415
46000807452
236732518450
-98308982461
274642936317
420279597144
-46799806441
241401301370
-33455797420
322978016977
325339478767
-67225503683
53596513218
-90479074672
140640172134
-11558477841
-64159812030
-153572333996
375141913487
-147379990516
167537770097
5943856637
78700252776
88558155493
52568096528
155040158216
-143249234917
353668359863
338416408089
-86500070396
7854523462
-21006939669
335033819868
-114360793480
-41265286541
317466896694
340393202824
-129887769503
9538235170
449661702773
-100982645454
403471353788
-47301345349
381161455045
73354177969
-14112887019
159399955531
290519415424
-9863699660
-10878991842
-85607555295
302157521708
-2679186821
360296261098
36474338280
2522900007
-18175077422
-67127329820
166996871059
61129170130
230866404538
-5321924845
56985402953
-44115649373
340129771806
309303071146
302033166809
-192758694075
116719092427
154416206843
413103155181
343449277610
-169092618203
-62214254767
267325180086
343771253694
401558667915
73223914995
195786457260
-96594120685
104191884210
308696294277
-171823472091
-71554456042
-105923071643
78462723919
291539513728
337328255796
472258328517
377124111451
855112664
242122932339
273213937893
318596327306
153773551977
-47097892272
-126101587420
164616005923
49869163398
-5499080070
292614054461
433622067417
379795277951
3448224288
54302413800
386617504974
47610102564
-84533531686
-52011460190
92980879925
324396544911
369393164660
136463915048
323551154337
-2366439644
-26725216795
37811927017
-34750705806
140970893140
-160676063795
296462408064
35070505625
298992535073
78265848671
-154559627326
-90847664435
-33851772823
-158924664326
10579676386
288983293498
58633892946
406008782851
32553928188
310409301460
336266551148
310124476650
288531510375
276515528928
12538192230
387967839393
-61447162939
302989719396
-52354375690
318890053301
214595439821
407856753343
271117357810
-98820925769
320945665046
-26986776158
237842784938
339852683925
160522498558
332613563964
307715360416
-17716238368
333927771158
-101168327087
10903017708
152742830437
-19383250104
297470952617
41802877216
278494094378
-15094636145
-27445710870
291656757929
415882140473
290553078022
48043992105
-101960065839
261985434178
-125544715646
317387697118
47263927787
-161003161125
11905321321
85626197439
-56790979520
140440873434
129870464600
-114732308203
-108961760971
423367239922
240174026443
188180337547
419383289128
327014811502
216233360665
207322855815
-93736794746
-195359459151
257779406675
295550668138
86613152183
-87500200573
58546646448
-90832047367
274000954531
298677170944
-29270922499
-19813103565
87268824270
-3966444932
163783669618
267441536542
-5789974213
295326997614
174100509997
-69596506585
409614122407
390118117422
322644969357
-101064472243
-9152690791
409783197105
90267160966
315784161174
2813396319
39254067806
203922520473
-19672611102
-18648134991
100014398474
135968400628
314729536507
314389259616
10573085191
-4276940120
-2368555361
431277315385
384431376379
-173260025583
411482277758
-170948944616
354852133009
-138741620765
-157314499372
-59962262903
-36588318632
299725871433
230083977613
-189298239814
383318916326
-114681949748
229717959100
90111542527
-30072731992
52146960746
13612482669
164659242983
6839104748
433347425021
81809138564
-19700072845
-6152505667
60523108031
90084762200
87039694744
380806136471
77826408667
323616437112
328703471187
465312832132
-62369667354
63217803252
19938635108
313725082131
-64075364179
153512839516
-118595204153
383659305011
-185229164447
-1188357565
150068281845
-81591758977
108130024996
-25518877047
45859144136
55677348112
-100009325984
78868902520
327987113411
91727574371
-189182546975
128287393749
423669822361
401041901817
-44941377444
-18163103999
377487821188
117791500539
140852451054
-9564224272
55381140013
-77232906742
336282532289
349796251050
64940707688
398556556233
29033478839
-140021388708
280629924294
196344334476
-20223495180
415386152102
336138096958
436067267280
82599120237
-154759888868
-23239524870
76242088543
-89317929067
352433403141
-42108908825
30588359804
56563007851
350483633703
-115764687367
73358975277
-100398644917
-131300893081
145759233461
401923747468
219546118884
315732782745
-4450321042
129749243314
-21808968363
-32182808511
327250190745
384497863739
-39337376883
4099486462
-48274077659
115406244184
23323283402
-63658072737
280615061980
-35821790647
88502013624
235258351478
-101185168888
176230918673
89630977338
120099947683
52113401626
-85820112677
-37700874637
-120770889321
158093403326
460396571584
-61888379477
393025369374
340779426429
21218041448
282930743957
336282710334
247862153690
132161387357
333930170602
367851770411
-85738733079
43778705577
369902071484
167178454025
462767616988
-24844239389
391664007681
-18117294473
63979210322
416644257332
-11267178555
163539653388
-95920702255
50270311608
-178364042606
-162552394291
195804941651
165544094851
325306576201
-116765426156
-62635615633
19861315650
-109284265215
40646365943
274686297784
213537296212
389878605102
14436548161
375105630777
-96257751365
315165686974
291466883175
21285812040
237709653489
297400015446
80597579284
-71313041091
27565859989
11390939331
44365326540
341062959289
-82339787074
13761396907
396963365336
14433448035
26482737980
-79123785067
-59950664704
-16229942962
202928871017
27975798616
56920871203
144442778759
10422732396
-8795535002
256468512081
18434791048
413359284640
-31237056879
411748385148
255122489691
162469529745
324563626746
391085523233
70630583032
-4484121745
157847899395
-74528091574
298863108713
294173444822
347803246082
-144076178761
329060950855
125610049866
57592580595
47761055987
-124089059751
15327493384
73697506538
38543516489
5536291449
411691102782
-2052374194
103394044315
55713659444
45341212081
-105755585552
410817806605
274804126180
418217847667
45235264444
397859487700
286202293644
-95069883664
142531541459
324864627276
-54832626792
319488334369
-13638185098
68509090170
-25173522152
-66078524816
-109150069530
-205901279123
-88927879072
10916575156
52032056527
388576795856
147516939143
239873865302
247727965808
30093548402
-93317794951
41709413658
363437180861
349406031577
198639245650
435653586148
415135359473
-6063091388
-30413671786
-33680290596
296875100540
332780825126
-207290522648
-121623601855
304511197412
-167006269543
-70470701302
154771897467
-169934626153
424912628997
52100873596
297169058269
-101506815465
356617618199
22611202991
-163586400037
75601720519
50767495380
39209323379
-128594737882
324428649840
414477961291
15538103746
403260067414
392941441096
-66776143921
40408353594
-10922442762
-89186233090
373504697180
41725582506
31869330473
182657223543
-2325319470
26344628776
10590998802
20799958730
413943074645
-29709033566
-93781601390
404024197308
75854134873
71688442000
209414531535
341506445459
297041908731
38184783618
461950674231
13968089739
25668373129
-105207556202
51812429121
22099833942
-32172708134
353861137971
-12736235015
158135740170
79997421146
27781365189
327103647774
362529888307
-9477447949
88930891216
-81793567315
440659273016
-27111530989
-15185773360
-108721297929
406454857803
349912948643
-45646137420
-116253711974
-99503880886
-82389254163
-21665299968
-117452885021
-59009534694
317073945800
-52043186203
276579516262
-39866408929
81075294037
48274074322
323446063945
396229833020
-184575610134
-13106644312
297576136249
-123458032208
410670173005
313504570018
-142657796008
-53968582934
131367399693
307618907150
359070268157
168258279742
268662568218
-5931991398
380127442938
299838493476
366146447401
297778164292
288906151977
328593833036
324993941166
-153170675920
-59224390650
-2894326043
341492264279
333888352776
321507643419
-63878151689
152677829586
143704317517
122439224513
355302402929
102397485792
-25934835
30936131604
320812787204
-67431554977
14801169573
468944607109
403271644376
419356801825
-64822690106
141642781198
-26473345340
324374383258
270479834621
413774065771
437998794417
-53109049572
-70057783657
234498109556
-20917846368
-4858862542
51999598808
281650696287
-139861066354
82755478788
421714941189
20245375984
-72016332171
361975994105
306944052497
380954081960
341691883303
-37766679906
-122356116929
317400691209
-585120128
287093399914
-83966759588
132676888355
202377668998
-3414452873
-30097582162
406967003691
52767215707
-155304111852
325462975743
363372654544
68624157050
65460369420
89125383938
332003457479
-166658651289
-142802881687
429276654525
272153707862
357854764908
-13270428379
43921210209
43872969142
26138991773
353743228815
398447556626
157842107076
402091038956
314843771140
41851732033
3147588414
343411434903
-57005596611
455732498730
301386896467
339849623743
326934563498
426664252597
411247664774
-125405504553
254036440643
23044835190
-1908807721
302592867770
163067514468
373234510422
317590642676
-123481616363
-94662661882
175613082835
165605358159
411897851476
-89585407724
305083680683
306388995762
311887405994
9973362870
-40348688403
24565029629
291294682274
323639403323
-50397815274
418835365845
-74437923479
-80255235789
-19709523500
244691800759
24467777231
-79059321600
418715816024
280806891941
54931381236
166979929255
33481094042
282505025959
-2595275664
-2007258627
-174966639363
-126177943432
-32923466898
161890891204
-119867209858
190622295902
-137924432279
-38671335992
-15695702984
296525520815
152515069880
33138760660
128660728238
428607492826
339704744334
321399901702
54442337955
402332371374
-95006387339
318409671512
2713909401
63098721185
-23667398698
-6548349756
-165672194543
283583422843
57050503587
435222982106
8302567168
374938341494
-148110082454
-45036451308
17363045470
263541332138
55030664295
49927844572
53748690122
122686429175
-91744422086
339744480946
-868021857
375772316898
74231416693
151001149438
-136968384245
273341850293
384381541336
-23157981273
24354520150
60446474387
162439559419
28875853859
8913885930
320106554429
331123244286
231362682991
212231593503
71335190362
47941558103
-105584230563
-12312205197
-26015816602
261344796064
95825234726
-195312449413
-100568945048
-9218336126
-108405472655
230630092265
287645476409
-77723636712
-38617868115
327770318983
358203852709
284247836025
136107890436
334904055623
399180939530
250183247641
-140508046268
43363946655
148735089911
-8684388387
303476642409
357974298275
306594949586
-13138735408
234101616403
92067559014
392610973968
-35862546701
425022600798
252361681447
280798568959
333950437323
-38292891883
262658988334
-106164584716
136480849706
153767157545
343351842851
140033340898
-41751273454
-183521790531
-22313506995
91992615313
296238637813
-147121876139
81602267898
376156704300
135908199852
303889897086
-41451813093
-43275279712
16129800139
222015714880
-66352932691
16811082641
-35827867115
325452334810
17335905021
217763530153
-40944181113
296492670096
365946768716
39889964041
-15240225945
435389078613
172861823982
298488911504
-10160820080
269846923038
-110535075475
417582911377
2506210466
9451380702
-101468718838
-126534395110
130710195430
-6148087847
-22999299928
329825458769
-106430537321
-109788784757
97420352714
77961173317
69944574632
195038830652
18987579493
-81197327728
-88277691091
-22697230938
42370375544
466455807978
282621811051
37383712614
402677376095
138979297140
-79332154505
87881531050
155395711030
-5615020580
-97560699719
150146840630
-94221197317
28190940384
52976483910
12215624683
337883521081
-42142328933
-52412849231
216606900020
172404733146
44869119328
321862967107
85155885688
331381105267
-139385478807
76878122726
144735037592
-10632128925
332225938253
-138408749923
54571872104
-22496571080
-188810705482
323173472442
44184419272
-150310859508
408751362867
24704508739
82580768
-43978018989
293553585203
-160084326336
386263576281
-7325159670
347559920383
16488674971
359796097262
11485853934
337405406612
217384471050
-119443805479
-151670718599
24024833700
-32435273777
38978640468
357405520259
79259249563
-83659319056
303242406185
-22583448756
335940613155
228942125939
3808659487
454954060793
270689117128
45081637347
290200653188
-37206495171
-9971224758
55630507721
-48333854131
432245695226
-49137926519
363688098162
-98809346691
50739825975
221439777768
43360779313
26431616985
352471503349
-35936974843
419378687209
-9928488456
-107590644295
181460744555
137830201705
378087494532
29915786626
121162024606
138753492727
-16783176245
-45528434735
4642990157
67871082735
261662188114
327397184799
-91579686511
131761428031
34506788205
340031927401
-207443648287
-62025094524
404829134539
-108601578279
128024794104
413096717307
-69303924873
-5931410588
420340849977
-74496269686
-20596370130
131286967663
-99015167226
108299053225
-8082011371
-107469293898
178323741738
174501943296
-6811253921
-73776717179
232989212042
3964010771
354441577876
339156905444
-42012909349
-64238057884
28736330310
305301952317
13228079666
125047573200
111020809790
394223559259
-43750617095
105810246250
54038703483
-128973111558
381026644913
-158520568051
343779874045
244898444725
-27088378769
-14630147384
30329823576
372927293940
14289301075
10925917126
-170167121953
-91612894409
-5006385688
229588189922
343335691463
210951815568
417750704419
373851512226
-36484499575
2676006020
326309804607
18863387591
431787110759
427331767162
24257249760
374286403139
435458297936
18166473782
340537174161
-10949283745
8638957482
146581446976
394848053910
76485830258
133123726093
-98834222271
415969438130
313351797332
327681989339
323436088243
-44926840852
183863982613
-101084018411
-10095609788
27177445721
250278204030
7963102291
54851403700
-20567183379
76833734482
344836632963
41028028896
320002062949
68171486120
29339689774
-210635360576
34035746461
86761738301
-41453561441
-27606137399
-136967080130
296924635125
430302436523
306477103956
293642117354
82920410667
-80473374080
-105792446316
158833120045
334047194200
-82799384977
313575215369
-191451265836
80386364183
325005600399
91737678623
354900333262
-169138504088
182723687165
-27901866322
-66425436965
104492617133
328787927251
37732892612
168073132592
-139038945291
213341090579
207438439567
230000573739
170641693312
-16481565349
-8525959765
-12683234167
-4032482979
299954561158
60422200833
147787104406
15486505397
-7844477586
133302516879
143244308998
-31753016696
57172776894
54605392275
319050903862
340838167577
-47823671743
123621037755
46230513183
291217091184
352707670889
431962535379
374446946056
-24341858778
147593423947
277967149660
275498258336
284366318104
-104220642247
-61988381540
423160417367
193953691748
348221123567
245909936003
-129250020022
-24603562942
318620014395
53272216110
-48867925756
-111077042762
48724038813
25664712727
356388941539
207233545962
25106092451
367469671741
-45482379267
346972212227
-81982348646
36839772058
93279041653
157094312386
34487258532
-193424459832
296168541945
-1466003022
74135445365
-91064389689
35350859599
-491675605
312043567120
51289952780
19446159754
-99650747201
86304549981
-97869998410
136283215552
329329178354
67790707571
304313776392
-40969665179
315166008746
30631901295
125687968656
310380263305
-31477343211
51135096495
56799411319
90453861647
-33708161960
-180551516342
342263705765
-16816724795
458628787669
-67841327772
335937792498
301573491256
-8393364830
-163547392319
385452480078
419860481443
21174502604
-83785394631
370649632633
-63172885369
245774055287
411185077354
-100780863320
-25541630103
428471316160
13654969333
128172796831
125100791813
-53144485000
7111016409
77187507730
418456143587
412975935781
70971499012
-164359324108
293629774039
-103237191310
373978727559
-62075565280
432681913949
-42258833558
105726081020
58150161068
2091417091
-150885845065
23177985169
292868552754
-96042830801
418154211756
73619220656
30860786559
55793616740
166361994505
324179530165
435162317875
-22746099517
48373148393
76992803457
290263256823
-143211700332
88412806807
-96451945667
269556093754
-123307307278
313021292011
-33625894550
-22970330926
10325190634
149281124058
-122030484712
91416078757
28279731401
22328425776
312757542373
328105885885
71424127752
120476467416
-96547147858
416873959082
31261089371
-75911791265
2772212815
374275989713
247663552343
59981586786
251909580014
101276144799
139897869579
343175612416
265362932497
55409322183
319354458077
-19546503443
233535423001
406782060191
312488617598
176408004924
-3425248312
243049233983
56333667081
-52877283555
-117501631238
277024994050
243154743487
304723614726
-20836257294
9300215526
346989582376
-84609886146
243902401997
6650350504
422885612712
420319757468
-98041092243
206671034084
189944395406
82620655656
165876090297
325098038829
259294627504
134038284824
417132936333
261912264175
72953122957
-31440293436
391025472518
430198460716
-2841551186
385996842631
-153434782547
89395070853
-4330517669
173786964757
6657993230
57796346108
11894641730
64117349437
414184449111
145524562751
4539939820
158263419676
35852663704
386499678606
-13552222192
-146060933094
64285896506
-9744404626
355691626384
-17884889201
305280298155
-66511912345
298593569869
313881651156
99103931871
147963708801
386719807169
290180559169
369157877134
244697130102
382075245984
5602626234
-41880520321
328012346103
431981878227
-48882224164
221677980481
83125567753
352481497423
83994422916
4183434465
306768923397
-70881800857
140621622993
175965149831
54771109175
28148712833
-154862300658
433415110267
21355827570
28942404000
368637826925
-18187849555
229256841616
155133125954
306523869822
16300087311
-76159011076
411445138688
-18801964797
384099726747
335692113804
-42927624121
179462404333
-166880071290
-77722126767
410139688810
12148593327
-127462555263
-19633125922
41913324544
109980841406
160243010472
173676832159
332819679734
7161896023
-8578360614
39001460550
403261151731
3047831720
192395511934
-128700723104
217608845822
-21478589066
3173559149
438505896099
106743344829
427446570387
457435257247
99685423948
-147558331552
-53147674432
-79955723120
313189928586
315641286373
333928284085
424225391214
176653804699
-1479794115
56527002183
37441539272
147362673692
27062788340
-36184701280
365201796754
396269503280
-145957271766
83212702468
403247537831
449196383717
143816977540
292432338760
-120517375709
-13697540766
252206874432
151389242494
142876379940
24749483539
418560945813
-106744318943
243294353979
328599036096
339342515640
-16450788157
16815873738
-164731092211
361137246403
73266007129
-97652615220
379069234518
370224852768
31482240026
97991794410
431164262110
-60039267695
-104304582236
259719337679
269831926544
269228634554
139093230184
329446955768
16776120306
17389540150
-116435403837
418695008526
59671092777
431111660455
256728888175
390179298420
-24573504343
337923038941
-130737347246
241787734001
328055196983
33941126625
288681062587
-103661584898
-55189225943
394297451813
334160561279
-114519011113
143622843322
429498746984
-33422206449
-78502927961
370709315593
296460598985
318740959102
320381947518
-69507108706
38316246610
-53182181868
-4344719569
27393253636
49526166654
47138136782
328531140617
-21402103572
-57409765816
203740088017
352721173166
379469716467
279879159616
352974176761
12835086717
35301158573
-87259968202
12664417737
149195359447
62802316873
-29035675252
-14355204304
-12064763724
319320427631
345452766430
148652956963
48692624349
-11729538190
338188710769
-49334714560
-5328940475
309536673875
2476681348
3520473706
57505940081
148943773270
107031035504
331438378229
396637371334
-25975430255
4380825248
-56385344710
16047986402
424790756736
390598070062
186914979572
348584180940
-30002973316
-188831585199
65433885045
35158528007
-98370404890
10617800853
406111631074
358442158639
77631338061
79755120355
57745142989
80657138846
-96349027783
325216445836
270262870050
160507877562
299835233077
85478408919
237727694932
233081907602
-9443426992
147688688704
305028456028
162239588381
319192449201
-74431179974
283316517475
15713622595
416799056750
-51332160735
415839287053
23772727011
372966890245
157888774947
-21329669251
50459070608
24711226578
422178199422
223176240926
-27545271245
154674853405
364488223000
-39041106227
316005293992
27170624857
88996479665
337325365973
4731710623
3583219512
-19836871585
17218518453
88500351942
226090761413
296866562303
333990552733
-110330317697
-132737492410
-176186735664
14935688406
91929119777
-82344450899
37534501866
-80926556628
350336125591
341315726800
335341002261
-181366651266
-82921969242
57957178121
82914541920
-79145873167
30859883772
102480725803
75819374264
3943862320
-13401250024
392646346944
125965761203
32220227987
13999411496
-148554964350
29454131675
-109955520
-13972566075
344530959131
-103194446332
-7189520487
83489532286
9333008008
-43468129128
140938384776
58863923593
-120571190441
-24270931179
-27094498901
-15682957705
-33234921847
-43285457720
326274145575
348819620495
266182564986
-19779226489
351915422629
420300286415
58327987643
149009232150
-7591021856
-14499733982
86121069670
421852218189
318045913892
28817768005
304553328088
297400117231
322856509352
-87548656239
4214408892
1458127907
67766918404
381209652881
71154560924
-2949954855
-22987473667
436317131917
261163214787
413857938301
219128324365
27171680016
-57827572119
275366515894
18081679000
9713241607
141199873645
437681591705
78103108374
350048946091
429200833324
432236342933
159376616121
-108296111901
291403657282
-3330284509
230353336210
354433632855
115926824028
185467621354
-127760412106
-99076983179
324751249686
-89607105455
-28563586125
-68820178513
-2176685306
361842948897
384659113693
136013144907
-92486646458
215192707608
19451230599
155704536891
-209310018198
-89916878767
325482594768
240323086021
68433835132
279874510476
-39437498194
115879643824
19227282196
392177683373
29276509803
72673519695
407959159936
-162634878622
324944056001
376897185798
336219256630
-122572618278
345058291793
-42419820153
213096740594
352232422083
219569594052
139288740209
-17919628405
-9931145513
-171055352063
75610044284
378465081000
397102943045
161778259416
301173385985
-59786000177
-109212329283
349537971115
273775130867
-113576745991
-11303969340
323984250359
276087064164
-178357763598
-126647401337
-44842980932
-11718300172
315476894651
175928690798
273153889709
292674365696
56185790058
-66344626864
312757361725
319883014028
-16748877509
263571921591
45856692931
-84350299886
-16190480582
310771687895
472253888027
188157980184
166361994505
109447121824
329283844922
-70501625655
42336580359
87602383954
355555049104
-57911172842
296388319669
324613947493
-82317086203
166682089853
-98341189845
-46794762703
-110250719365
354453990413
-32944545364
69492494377
323117244979
335738837388
9180248470
-44889252349
69421129548
21437890230
308155647273
16369696830
106023524714
15592050273
-133228235087
130361215473
293703369686
137095287371
22522152619
55909685080
282821286353
-148408577705
-73139858963
-46663314875
148705294096
-2533186241
90691657652
-109061573744
5997642224
427950851263
-16526437582
-81844389676
-14715375742
85455437721
-52846743767
-66124014030
356523546595
299362859725
38196738721
70150951875
-76857472226
38070614574
55843411331
406847831266
-43810628789
414747749237
-96013585822
-26273589024
342546569947
-27789086984
-113312585375
53808636679
16290130050
332122236886
278929059710
94291459625
192411250876
-139487475167
-179670982323
285545671948
-96209625368
308813708866
-133486121265
192424698749
-89541925040
-83923128630
296379633191
39047751538
62183267872
34924267690
-5402593768
96752009796
322933300067
-100396653340
9572967863
328370934588
348512256711
-21541581852
-166099047495
-24525476703
-125411159500
124610350838
-50068612893
-99907391553
-54533813306
408487260
-195371838300
-3233560848
-88684508429
-36118774337
-74768779203
396444715883
-66930613444
15584566570
350553779198
87237792082
25501411325
7015459990
310450931081
-89122109105
-137851409443
15893702174
-111962334802
64603637354
-37659645351
149590316291
189614402200
111924274980
314570575397
437214525030
-38419060930
23435900436
171009683837
19126989165
334334039482
52229196219
306049189856
241856051145
-22806969192
25631079259
110000877339
458867870697
170847743510
-32269483023
-6691418889
77362801176
57826234225
42497341879
350960918928
433906684783
-23671164453
425905126762
34684606979
42028300597
423768790860
96661895
343545468111
63254277546
100782421841
71518423848
323204129333
15398284719
59107438975
297286703521
53381812762
-30862275737
313477090983
54231333208
-31477910542
3624003149
112410801118
20005125852
430259625397
390953780585
-29818314662
414306231581
9965359108
-15796395195
366574931578
-92518852914
254549782799
136788447374
240841422489
270133385434
31786495701
452724229532
313802559853
124007535417
291321411670
41277473520
425544611545
23916697516
-108101902878
-86674029415
-146829776646
213701783985
80486509169
158623530051
47128550383
-35154544827
13224679100
407925675098
-63604652993
378001199385
387741931177
-17558775777
52681043234
44728663040
201488561582
32466906376
6632697725
311715585058
78386604998
-67683951848
254628609936
-127544321492
178527501411
81440187058
310169316383
26492495428
333979364367
-143070901072
173621769273
-192059156864
437672603639
-93167547979
-118201916095
155601429795
70447397444
416173897066
-127232596752
88694019795
116664927900
52159670854
319436139827
-114580093975
152343410959
341180805920
7082932970
277137474968
-107025133619
358581418031
131647116480
335179458216
287678205918
-18788385276
-153623770497
10952314360
31821819213
-37468697117
346990565965
370048970140
308157415867
-103321496094
-117581838737
331809656854
371403613814
273344273909
357171627877
50428999447
-34266330332
73200523781
159109392851
117304840315
412193427533
10931521217
-7698261172
188504411509
18235076348
-30638419439
1619133036
129633531235
32118869925
287992230925
428860512342
340592491256
268718789210
57328002353
-2737654456
-108508297662
408559454681
371842858669
-117483311492
82760337319
297720154375
245905462336
-22439387359
-87660954507
-84284259106
284013033843
-2096745557
65341574245
168488806397
-131444975844
-3700985906
-23956818129
302978175931
-67757954251
-16821409978
-59805608322
-45855370
-18037096227
309939556631
-84178646782
418885692407
191609516588
323009158657
372539734967
123745833045
334367365618
288176460931
125743917190
-103253499537
-93537153326
-141898244595
425350365211
-28622874662
302402368514
357358759347
12808377831
322952413590
-146134616791
46721314720
39824908218
330245646294
376400671444
-91557185176
-142429050021
-53289370265
317616565108
397473428123
50115531853
71787367977
341653473618
376958734515
156598151564
-4576758282
80934461157
349676276066
157144415981
164359071838
205144028351
-93645165434
373267546208
-6419496814
249994454998
65643735487
64499927443
-33676798986
-130021227129
196445083611
419784659881
-35651249476
390095184916
-39043331997
-39989537298
-37675474297
45341212081
-15528772924
255738606257
-126319445125
51055528222
337393477397
293644477171
-20428157493
-16006769455
89975706861
40788214773
-8550277543
35646707524
379731950201
41335283537
393578254899
-89494575172
-65718217516
54233852606
-123918013422
159750370587
-75800156869
328125282362
36374805534
295245296754
-136457723102
408263965744
-176005747308
105282217313
-122318754811
-26361827191
203689325271
-680097813
246334063471
250433467980
-60050609020
-45392751869
6392194697
90303601231
419299696591
-62848625224
166624521807
61418994908
-87644290796
364660474107
424684844811
-31328732317
261009010268
38666512346
-99910953649
-84194011826
-16213984794
-162061787636
300201325601
18988956964
385431526668
220671778934
320326602035
82307872637
401630201041
122131645141
354404267986
421007834206
-43303496406
243760122889
-157305058716
-140992176224
-144099106284
362113049808
352490920041
-81919328012
-32979078312
2240832370
124088725844
152036041490
-140881794832
-118655924972
162279817683
-19028060548
81793920056
94754015445
406277251474
154226948515
280160042406
61091153537
-15636914530
307740295698
273600957212
295100615996
48821294628
-67146531023
150324526958
193957263514
56014398209
35486971188
224230129725
4165996345
55040617162
341720899400
-34891137274
-126843082371
291468035577
114968445162
-39288097893
41309193153
-47154935381
-25109241561
321589347717
-22679823740
-83654354670
408441178997
3177608214
73846923283
-130670354031
31741631502
337111820479
224137641057
271024704443
394937658683
19955172504
-99269739825
153477032872
357160129189
400797233650
321147386745
291095279712
436082608539
-128445260514
307182035345
41894387579
-1810341765
67494930066
22640766354
-60150671923
368613185816
-57260103415
349289254219
-6582178865
-106364239752
28431347315
133357810190
393672637318
296860331909
419940270898
-8458745550
13185145254
144393232757
342412533554
417562634251
341249021271
272358202641
-28843558165
35279176313
288744405167
-10805565939
-110948517291
27015568572
343337017364
452598938321
70997996594
-12516374672
-111747683548
-76339148458
-134154512785
-2223163360
368739960423
-153548511964
900669423
207031524048
43557337520
94137613102
325173597374
375135580325
-32781306874
-4025280028
-118346212102
-97247843212
426974260844
42589587602
-24208967943
196292218276
40378454790
356205097073
-69808814478
189519262952
-76008878456
-3673292718
206922399739
262865077819
-2758776801
67523655084
-12797509827
9881286998
86012626498
351787111075
-132786640902
396843848390
320279346450
-155819327175
-38350638897
360405710600
-171418487957
33572077701
333886920749
26576099279
4570795290
-134670070777
11585183887
412439567857
85040049874
402801178128
423930308188
54423008435
140224204036
310651629769
122715742888
289299235531
26761013337
375641227196
-25022502018
-12348909918
-45826856506
51667670308
364173836227
-17194784709
30182204498
10960999742
-19580332798
-32933082772
358127956287
-84998563682
12695012788
213019904716
325018678109
14616373032
-37027235055
87239583430
229968360134
-18805081984
-74838708773
2735748622
375111255483
-118520043608
-126101030168
5910594920
-163891033307
-63968468092
33049166893
-63344047130
147283131801
-3912250054
156525443177
69737214614
71236159966
132771382762
-40274535300
14812496140
-20512117667
-43969523281
356782543320
401114188135
-71755875261
-30371701979
472244290856
60179679967
34337527554
-119802599079
145597741197
-95592459650
-85866422422
322126745472
184272204231
-101447973845
-126010337252
-125492200190
58515528362
324523041486
37461257501
323549307515
280723938706
-164139232737
19146928483
-113459003090
407527995299
343124451036
61085591085
-98590522127
37108735381
-61975813410
-96853205537
-55403844430
17842337632
164689878354
-26376022748
318920525092
433026435924
382497049017
249627073298
71242137309
54387044679
358852254969
16719654995
332828946235
71913224939
-29037318216
-27924627340
345314613206
307435326360
234457521638
296007305225
367554952715
378373658467
44587364391
379284796105
-37244230982
134400243964
388516821902
58543658231
414326101190
-41620138744
26794673996
136647349522
338995052589
135670324196
-29141214452
-6050154599
-18630184577
53380894477
17721693754
396859889429
63427107120
344887448209
373332033565
414363328367
-110033105107
48661476266
151977187783
19013527412
-20864099891
12764465067
-92454794196
48694649273
67142772436
350917362922
305008487066
382350534981
424954937818
-70261572744
143319533607
248641123347
335374282839
18827381318
258894413825
239350574453
252979750682
12919395604
286232399224
8403530142
-103372636596
414255414769
95246720614
-129123741044
385537896298
136174734190
213257456667
46518217235
90086397258
-110791355265
98727759204
133530751003
-38207581948
-128348176550
353489695327
3597106265
22009980489
-166347984538
404371132944
2396645132
-54031362610
179740979494
337814776502
-33485077724
26043899749
-12225758050
-85936805406
34750628636
-81455323465
-13505742034
323159383148
55277436920
-26376994443
316313200248
237692313855
10412354466
-20143427281
419188095221
364314379081
-50925533876
351761770038
30803419738
-63385893938
21642218609
-69404253727
413875236707
-165204358031
403708467875
428871837533
46579697763
39590040133
50271620270
-1847699000
38918928926
152656338540
278784825371
-210720953047
147408248532
-77829163594
-77242119678
377317720192
-2638894954
179260308769
82666563042
383997904280
84314085806
220168836500
-2247206099
238946880461
362330559079
392131702750
-153122065252
334014319285
-24671878642
-102036324807
317128882347
135317508139
128650883879
-43809896626
275538082661
237596464322
-111160260590
-18175338167
-129771712858
-61840405773
395859397006
362885857742
5121951667
73791885781
-37655816496
371982572833
174556004904
-23526441309
10404231678
408546517515
-32490936923
232389699901
88173084780
55558999913
-77756796124
48134287820
-81440886025
-14553696381
386800606468
286917379802
314165602098
312110719220
43037868351
-15668254226
42068965993
79300408699
251866313271
-14342620813
-68197816147
147777611334
361648588278
421993973986
99572610198
128819468564
-105545383
413851598383
-137990445885
-43129566648
242323035529
48809187131
-27396648895
403280781363
330644529897
-87875089571
170890135935
399331834103
-75266383059
32632793133
285569103133
229549393010
233766849082
292138287964
190737806193
120352163429
-26950871662
53544358853
-12009604087
-55304494658
404477252393
439644851242
402863255731
90535891604
197857718277
-151528755825
-162719410594
120912889453
-26887103911
-19266923608
-4797966917
342141740479
38211376670
54223600640
-74392095040
-7388961131
40984648965
353680038495
-107504679596
428422592262
147915196852
27694727480
-127539065194
-96558316012
390621745728
73184651235
330536116877
-44349946711
-21166339313
286852345951
2375345498
43028648703
32583803027
92402450766
306126985933
-35987290361
13982006539
412558515090
63689086510
346913696573
121998910152
421594542769
-47137816420
429980649761
-21415890626
341170872235
154550799773
3998425927
423663132011
362874262932
-113399531827
-3783994834
103704483769
200082352722
118234371646
142397610204
13300256449
63899599047
360813992790
-34045819532
284206038329
-71365504974
432234006033
359527038111
-15356323799
83251103230
-4224309169
28447499972
-91499557797
281400950002
110557168097
176003905762
-20562093628
25686581015
357276800630
408463921102
264448722193
67401725155
-18769161768
403377486801
80583863948
404029148895
191415664841
310095401346
106562900460
-138057408212
-64859544883
55712028175
-164062905125
406885516400
-94054541086
286609847510
31775696608
-15665920419
-212969502670
391553184411
174320513462
-118059086415
426974260844
68770364325
-111700120089
419229144898
348305054817
105854189941
43632842126
-1001502681
50383393187
360352150402
-68574924142
-108121196023
200781242620
-174403727860
-66637635886
329497798583
259579675637
67851881161
-55949537418
109477485402
433633753959
-12642545636
-97140199064
86014445974
382029170748
46351097368
-86014001
21630793263
354737418151
57278563676
25801251865
130077009288
28412807087
45633918739
-120911480447
-6696791060
-8874127838
-158647105145
311732903674
51332564915
284806182245
5937072086
-120885037501
152617476550
344233068562
-177629303168
-45630739849
-5604908184
295749941378
313665906682
437894694531
36455549757
340659943994
1582824283
75409595449
17941827001
-65030202308
261216145884
426228441395
-73248789068
3305801746
-50024360328
346342855162
62455238263
383777568909
-33103442559
166205040011
-1681127866
97944584742
46488549303
-70565122080
144681219223
-90089733978
32024746648
119596777841
101936565093
408723783481
402357074810
58575280386
214219403115
63723497833
421421699196
-12433637225
32506208574
18897514150
-6856980214
-8195901609
464910174345
350379402241
402789038663
-98341189845
419027474411
343194591929
-17824001802
86424491609
-13273605653
383003690681
366160226553
415066407053
20085800558
412904118150
-104885525917
72441970153
164071215281
359639953397
-59369800759
330340617410
-89922892673
309949127948
-201611166166
49711512336
-89123756907
324190256651
-469677025
-3054234774
338228567372
280718829173
-105874796821
251337279020
-129625079512
370127163468
319754141193
150012789428
-18418452520
149151024475
-203902633289
382423245858
67043800438
254004636944
237388182243
199147777114
265659284599
306326535524
-61565050660
-20664284225
-19513966612
69081652933
151645098928
61590453769
6957595515
182992395
-45368431143
418594835933
113049198470
210111639289
85243236486
6322020288
25034979978
233430548560
409218476927
-143683481197
309755536284
388962939666
305686113685
7157084563
13817082453
-57569999292
334457531577
38490410819
322527297895
-21746034713
-37451690204
-4048731916
404768450366
379927621327
6362307518
395951880914
79364757403
389460530430
207062209558
-104784777172
212972309756
305567445883
21896630
346674828239
-52415968627
114419331748
-120065108708
-79653550445
56585705429
370205586925
273589214335
391852455097
30091112855
-108229771866
16418683494
156694046768
16348360173
-141005531523
-129640389603
116341427731
158692282836
4677513788
-94671749131
423256338330
261918498568
-84784804204
-21208175036
-132677781903
-9756603016
-106366861196
420891947825
219780136679
395404470801
-85514893415
430538069401
36967696896
102009019483
169862899012
119760181135
-141790487841
390589022623
-26186755121
-90275061555
275587516057
137439532382
-45698913202
111094889857
17576215746
388431057394
332856690207
-115369379287
72122921939
152048970130
329514902179
-167612938294
22020797316
362068406674
-24506151277
391677674823
-123411646781
413279405880
354856222700
-114705898058
337300062354
59842506724
-56397238989
-14144358976
88290598754
334138377219
335964315938
-24334091166
-66776273471
42031712943
114930537009
234789935644
86674695603
-147821264321
308312328921
50696463470
-103600380600
471662011045
-47092648394
-8859987994
-65182832009
-12572094863
9506498198
111170110388
-70045299121
39871715828
-1566715255
360820069419
-40298241921
178585106982
435389078613
-156451234255
356487160706
-86271181525
159592043755
35995962654
-9430310684
159909381414
293442590104
243927233263
76268507293
22931167823
-27607412847
263034766632
168555510101
-132003047008
-15878689296
347870836008
50168916157
-28884168913
-25759027085
409565784872
-88765669920
136560968212
365252984281
435708859896
-10364452062
39363144369
406865865578
-66249225029
74428737424
-73868526950
248676391488
429961852156
21622492699
317885387635
42270774557
-46387202560
286233195290
-27084573561
80678648797
84066815106
195912851407
440606880423
-7730784913
45487281495
208561424705
270114344779
-52218719609
258220101732
316424284600
145780706379
79241335177
302096679760
430497646333
-146173985047
307483668706
-9947955215
-61078558650
74651926109
-68986040540
347722279432
438738841432
-71529867217
-55387109767
302877882173
411381151055
289215053456
-33743765092
48203737762
319224067445
326354831618
271386862820
-4224484859
-25283074899
5784432997
-7855037686
152782907709
117323357622
-7031482631
306149930035
345247460408
394986266691
5014998408
258991312858
-166727717712
389126093050
334500432650
261200293301
16209695429
347317165492
181056200719
66477391494
18637857864
9149173964
27253115335
26172204612
-149450078854
274099966651
-79466146550
-36741722397
204342819192
-115344005824
76589002476
177379007767
120992808556
456211953254
-114390295310
338081327287
405699586030
337606151390
451689727623
45171316232
-184632868955
-91688490764
-52778318504
-157793779416
-145446329670
-14664172204
-118052237211
14780524846
397157572990
376158677001
154190322432
393145673833
-74218487474
124800901926
181361991663
117717867118
212452861861
76153400743
410168281879
340827962797
4429842738
-12858908809
278558493325
229158730873
-111121995964
393364088259
133803318852
371510145702
-80240430822
-7049684327
344216942260
147144863485
335055220497
388592995200
292385178483
468315647091
-23766040346
317738493031
-3415142798
346220150195
146828499434
-117054416586
-47062417235
268278378224
332150964864
372767746276
339020054324
120518866208
73927232549
106779960314
408682804305
334794301239
335534410690
-8754669550
343003308262
411230156489
105047191752
56258270511
118647381769
51413844125
-54450073719
-104055721582
336727465320
27810499850
134727588034
19913074182
219708514904
386692440389
218403969267
-141019500114
269429992224
14679212613
329470039812
211905083845
3503957618
-140068085169
83893481912
-24356005057
350776117881
257650879302
-67502083056
48053921991
373717416495
-30439801981
328727195848
220158057626
340363832958
436543515560
53680693487
402652917489
214941373008
22005534928
219133785484
-53151660547
365042501109
407507659660
314231855841
-31472325805
-175121253849
8264659501
-87422135327
-1961250495
88983860902
76568443446
125505863779
43834813999
335988131868
-12958268734
-21014835535
-64788842633
151082640337
-102165747392
261715658426
-45487017449
21789900155
215773950054
402949116147
15779784885
58417015427
355391051168
192271929468
37434923323
124996726922
-69978862401
348055026352
-80469065589
-25819292762
181016172762
-91190671467
206044366695
-75774617418
-20175696793
-99036636097
123715706389
-1132152700
-34386682626
15285097578
376212487235
-41659379920
10843391179
172086985627
135335920812
-181419844281
171930909456
-17616644163
-141066102457
317343655323
-3324122423
335888522780
70613717484
794445464
402629143564
-17285721969
80968761658
75850829932
415946907106
262753811270
-15097513676
-37794717720
53906081364
43319339894
-77043954557
-13807839758
428934675000
89855113631
214289921528
385417118679
135944840122
395541749663
166460676016
8753907546
174313133249
-48631236664
227280701433
-94165730627
312446155530
-31621431101
292339706313
324240892556
268921781189
165158600492
65840756803
-58611741494
104297400295
57485016981
214816313824
351655698771
-100027321307
104513302364
392204993803
214645152803
18256582072
461598467533
175721508550
267587457424
-104631202447
-30001066419
6264126461
406135658162
-186301612245
-52921621925
21421600299
300413801296
366395136295
409602393605
39908783922
-947809805
57908675625
-142844483955
298681285926
375257157198
199898291554
-53418388415
409717128895
338542866418
73134406648
432048078733
18400726680
-104596304443
-37054924827
326199027329
-88475234912
115609106091
87459760552
-91514488395
289408833904
343465150608
286902069975
9313780028
283105544449
388179422318
294742313965
45621661494
434226547352
373539434062
68900361456
22296529136
385581338524
42587889182
300161435101
363766475897
278146080750
288889653487
-61783266696
436501583130
47684777335
341772996891
-24767068522
132104953227
77314519626
-26543723645
347324863541
-22237068998
398199826034
-144459596960
324017746123
-21004593465
83237162557
389612163083
51983387220
461165631565
34556163579
306821842871
329693573524
432072863751
186607903685
412494842125
-76008802853
-154534934557
319755395118
175209986297
-99422424669
215309517409
271218289257
428024498331
353140980104
6708917340
49876698443
45943585196
-101478341823
-178245988130
-85080834328
182161567073
14167113213
-100096575567
155196601434
-47151814298
169962975579
376054356027
464006463972
-122312138326
359831752051
-26246035575
-40692051989
-3808911183
67635444179
-168923147420
253365836293
322963432905
80565944252
320475558776
302627407916
466556776758
345219527643
32921143908
321854600379
341591707962
-34766187320
354441208192
166370796776
70631361114
168101613765
75312138012
211461178916
376444280022
76372087872
141815403672
-38142259655
324704272258
377395929542
73130330353
305996854158
465269873584
23875312193
5812142860
40404536725
70313073982
-28846046329
-28179350846
-10881842162
225864298626
32671238199
-188589359827
285823084443
-36007299414
226586364448
17332640365
355268982726
309401910539
3645988101
-106769618842
10858661244
376115277572
195834271602
-99958978162
-170041473962
2517308861
275831159492
379339817052
38254967451
20680181915
259276141899
-96445054175
12452707953
431645142525
168586110301
-107132507847
52382392316
23879434757
-163386839424
-45929825484
30792085256
53977988385
143378873795
200594110550
-67332684492
158039010460
398796178603
-595047642
-21910792200
137507665738
-46695056604
-89346623223
-90054033828
-98230861570
315956252804
-13647735679
396660325774
5191173335
366813200783
-97146464259
-73620040540
331368301041
409555667238
322862560788
-111277411459
-138047760613
155666002324
412654778926
241370935476
36780200138
63603093533
-3055182445
351704672667
-37956934921
-26390057162
306281563649
-25339279076
138077988645
-182656434937
-84885211182
-65182783009
-8318723310
-54519103316
75857828252
375662334647
-5615160092
-15209087182
15207766269
68224215786
346390291795
377869153576
224129127307
821044286
170361785176
369575188157
329215625439
-20350438163
52064732009
-4893264205
43932193681
-149157932396
-128059072788
113828972632
-87297500964
-36349681877
163198761635
438242095579
-66818127089
358093297010
221020862114
185361430472
309089219045
390255701035
38444149872
109264660381
21499981109
338140160645
-13122790315
-130481383997
271580062091
410598849692
233184876531
-58043495678
246460704372
76216369478
359655569775
-118829870533
389175697123
69693371725
-86971272342
-117837149196
35047754375
272660200403
-110403872005
153051472625
305207100197
30602521642
361122876451
128747760832
321594279801
169856257348
122240197676
48087374289
289582131392
126413430153
167073955013
-25442341799
412212317440
364486019482
355892936488
195691776969
367924923447
302513596489
183127767698
-152411928061
121825713173
352980091116
378701122668
396346486589
307994204314
375236945969
181605266412
-56623764892
243514244039
6673334103
287145972661
83637723023
179830647301
77753400978
399604851155
-101953136028
-93653723706
206154885931
326291046453
-118024414117
382434704024
349439771681
-2441708056
-20980846621
26114553326
82675382967
284675619766
252522577286
25801366750
6957486825
-125148646785
-181382953893
196025404342
373122523182
-47051743113
-55298739787
255303304580
351463470971
-1088918098
223589542860
253571611752
134992343108
375531066205
-53621292698
135031085271
52510851144
322528968311
-28338472740
-12273256166
296055553980
422479740833
459069258231
-5079668415
-14831990082
-143507780269
-92589473791
437256263587
432509443214
423680117631
-3136849867
304650261098
178850411966
90111902494
-27519450700
295316760198
-30112746240
470141622118
-97262517911
-37501929080
-27322065365
382308293395
181178009805
136348636600
98254141832
-83132829345
326673640185
83972586658
196694177977
455939902871
-130576533126
-108892275906
61466992443
132331930428
-10326684311
175613548695
-135140629706
31872285595
110037846783
-26597094442
403172642282
-130169776984
361435501670
291618454231
-179372796179
100100057541
164639560728
145380790270
300012962883
453074869489
-1341401901
190914652257
-25680611047
-18301875938
288280623461
76400736300
371811417478
423768790860
412713960665
-101158050671
-3258106460
66204171430
274095833754
-100025989427
-48767215672
395266023492
408339874490
14474758737
-28668999850
-149170551287
-13141546761
343423493751
-4213786835
22043827267
299142633588
6898437889
21679345014
-21658987828
3620610727
-130663579024
346296833580
-51197921084
-29208877256
326603214760
322997252640
125310317748
69032569434
-68720095618
-108539923904
337076050942
34718801096
67114848751
-113992794626
-185516309520
362071146372
55825902131
-14790356289
287009050531
83649710565
-36581020480
24295749225
391991168058
-55281274806
90136306670
428984035747
-61754603818
414199051448
286443285048
20945453611
285622248235
-102125928410
422858161563
-72203077701
78923589649
17981393828
54167539870
45629304492
313116757725
135828355147
187985407220
338815288116
7240289239
38127302061
-10908402780
-172920341525
7460843583
362428748851
155688864619
349601066117
230619731739
-132145418420
-20234080372
318751031946
-119300839668
67383531109
458348678065
50669001271
9228758095
129117536239
20262774624
-24634875748
38304403045
400421018276
90843439710
36495354572
-89961315879
353885677446
339579739978
-109922144966
268661617489
87446554364
89909466612
84777415212
-49024180666
83344657691
353677273329
77737450134
300263746333
419503632514
143804890350
-9424960323
-169408378702
-87852131528
-120211645974
299751043608
-28143625239
350662651318
82859226593
191564785790
-79479255476
42232830442
231705373291
173768253427
-200392262448
445124251227
89633422298
14401240762
-26720244688
43115464784
-66186463302
54420539062
29293820127
390310093007
-58613551878
-49488930709
-186733219064
3225987579
10423044764
89093989937
46526189302
-11505570214
146605113484
147830249897
36035766835
355616455887
4398723005
226573053650
288861960117
158980435804
-113743916971
-21926761085
50492814863
336807319424
55345011366
136385513080
-115018672456
278038673193
179796942495
443702625539
412983337738
250140377738
107377321453
-172383682085
279391789227
458861991817
-146149869355
106705084932
315701749179
325785405162
12660978911
-6700731510
102557391358
205767813455
33062864691
15533945215
-10475984009
125065263578
70431576910
7308625539
-61430170467
177628334057
-187742675456
-72238236573
343328524843
45321987865
115977944123
8682432618
-38622340708
-7986372380
-21813783287
-49837648996
412715038488
270450441226
-51000162855
29897660073
2980363707
-50531965562
49175049203
11568748320
-32216600057
423283365635
363482065417
41808927469
76450546070
-12758031511
195404108135
124556983805
65937596606
353550007057
383042396938
-77615815383
408752094115
-58396662233
47489996126
-59560897260
-21264506057
145576106009
-95573603317
246432958564
68924499706
449709670400
433118440338
239322655306
141755935985
346546473865
336595901065
53622687586
-92044125468
54169671622
-176038685700
117108118701
-26400641325
-57842301329
335595506700
419347132796
-14300236719
-188631453297
-81706423022
318088530232
309182900990
410802489667
27617491398
-77555601365
305893903211
328785518440
-55088406998
-49774253523
413752470639
-74389111396
391389758062
456472611347
38818032699
-20032806345
-34413670201
344991765212
422328393009
-7783570954
-148238998143
-90695221361
158041522296
398102218212
352881415061
151730855073
273525885829
11484185940
-132639433838
323861136224
79487406408
-69462608004
397380931649
-157913889713
257303158484
372498090386
599648333
-113781237179
-123712364723
345316955264
-7436332469
182412734622
236691116436
392323981112
328878991888
316321667056
-76568518585
1493844554
41979454370
287498574112
161546329250
-62611674356
-71932879901
114083034477
8138400826
-46527910071
-123521460774
81124317414
-62057246536
-100313270606
-34265379325
350683904605
353918930559
70618943122
-96594313320
393825783021
139155111632
-64569434844
-96342828329
96196404158
99885421724
463612777959
80039005912
346609158682
89444693743
30562238568
131171861858
-130197723569
-65329732583
-86108137464
52365391481
20413806596
424680039235
-111015624842
218593110634
415775853133
234491788447
318701007431
111872099465
28878973763
-56481424038
-37546779742
-129896551003
75906664904
-155172627667
323055327476
331855363826
-33220731233
376982148828
14176534057
330012177008
32100831298
-28075649259
-31378879484
293673114737
-143317395026
64768124208
-41124681800
402797063865
395461060409
363905671814
286506039596
43423105002
-52841323926
413073134149
31157069587
-33920472860
30212080528
412760143395
295872315257
355472215769
-185955579967
424237271794
-206985912850
39965561936
82461071131
-135157488970
223453993608
306076970589
-163481959814
-75450667232
-124643974393
315681400995
-29034313146
20237499390
-42756631045
74902991823
178996649344
411988226678
362005298690
-138975594038
9558265611
-5173387224
-22161058126
344137459762
274101750267
182774046360
-10386277587
-45965877945
369605689810
400797378131
138739536891
35288677212
-13971037825
323950309418
76533582823
68949285899
329241603353
-30965566161
418928029829
-157012241697
147331384408
8995775427
426749584671
14289301075
356113661113
-113932513695
38937414000
49539182378
72306648903
54044672909
154994958809
78925668610
334522469310
-17786887800
248825160687
411306412348
56887412591
199216904393
319740581545
316471309202
50852208546
-16487047346
346595501516
383800791491
69805943548
-102424714565
-32523007293
-143068089323
135417788591
338392582284
-29234297036
434004824114
-70436445320
398920625437
189173729409
157270500447
356010819973
327331950090
43162140800
332303833260
406050929170
36714411220
13103007365
-73581562853
-84978709579
49540634945
37352125662
153748642949
423091444503
147599076088
210370725047
330065596767
70477665612
201569312941
209227370055
320122576073
-167995548537
47758244432
2488829640
22804462705
348423121442
304063616186
265448004373
80600308032
52014288926
320880110182
386264786507
88585871399
149372869780
-108277267979
417442149376
-92120614603
303524648123
52370982843
58169283826
-102555016868
-47867374634
149114811130
-6318612860
93916336030
-174866358538
405397417756
459825976498
339898567421
147713717977
-40445088316
-57313659724
53712892480
315244225207
386555561839
-88267237411
381356272694
-24895532006
-169279907630
-127589489340
342328874241
-23495039151
-93526704600
71017763844
191350937406
-109497746906
-13819885141
-44317105738
53835905955
-34670841368
73158459044
58652994215
138565849356
232200130493
-119030157113
-17476477926
127961221270
175813820517
-47870878239
107188348719
384267715185
-29738969336
10593056518
300829593841
321797772132
388076599629
-129884130134
73577764285
81526794615
327159952397
222761146245
339615732837
137891429380
-186501330587
51004727763
47190812115
15070096351
10809152831
-18927679825
338467957961
146232943763
311048725599
511311057
140804196149
70316824937
54585754216
-45758791727
-107804030976
19413040825
-94136374238
269384702260
-128238276538
-83111776194
104948871390
-108368607966
47069802337
-7188985714
-204639899937
55398243734
428358594526
-153962922317
337037728676
-8493341492
-155333880050
86326697576
-182851475812
107898283636
-150431073156
-11483473818
52055124066
323613586575
-65029178124
158335398686
159562035928
-118192248293
392750313589
-26904899656
299396646190
74275634745
-122709762783
141019706671
313775088350
381136449640
134674902723
-6366771343
409469753813
112134643691
41460641779
-137560722398
340774867581
352595548740
41073332160
40550623621
-53023249024
9948417730
411548723186
386807707206
403563498801
146119842432
399866023199
330298730859
474019320099
-34383884362
426328200754
-94789383901
65586660427
10404246849
-45184556688
74095176500
348375524384
285840613289
325683855182
38724094202
71524282739
81521666439
-41919072561
26138483263
-58093836350
337987298077
48224729200
764219237
347570485572
680697648
-25607876182
39303043930
-145627566112
-111328060539
25570797271
-40079707390
24680591570
-85110627285
-92399037974
335969759245
38691961075
324628866435
290007294351
240508360588
-46148947915
-16856752905
284880486482
313376731557
319626302802
138882170965
49264727999
-131653953869
-117772745862
-15195908600
344198169241
197069325663
88074503932
319622649520
-3922085031
171010921292
423519718900
65539349129
91215254040
425472873462
223997260488
-122564614964
68302629622
409756475475
182101010132
17077521745
336289470019
438154679729
302188799215
-54330473114
348155525682
335274685826
-196789762579
328937980561
305351593497
86736364881
-92325737150
285067245049
-59454539370
-13343106610
28445245182
46229091267
-32525277006
11899185078
38764496089
-42903934378
72737614993
-103205425200
165438420941
350086508476
187864348443
400173012014
18494052536
128524775581
288790309477
-7432615595
196942629325
56943151121
326922268356
69874836001
120422439195
355783581952
317465294762
-49259138178
-30977503827
90482332086
-115730930468
31055509514
305211945257
11675900927
-59067900080
64388210658
344519728087
-86401010546
364866282140
171487394021
2188135729
13049292964
75795330414
-7178109527
146993331955
17302917333
6070204194
360748854938
158173143573
348387473568
297883853101
-28209777586
25219495443
52709961667
-104578921757
-73607930738
388994204497
-20811687479
398075785660
422178199422
217267612986
307633697195
-45769744031
306974232184
23477401209
-130741592094
48411795382
1935906531
-68789675079
414194126782
24760860833
-6956145750
-123939385773
6433413689
279971644423
-46013939986
311513713576
316127248963
116569360175
41370899215
22181775895
403052318348
-1363725140
317019412718
-70284101054
1053963026
-55195964643
130105991278
34486220901
357176939787
370428152930
250281206238
-8149470759
370491136870
153462567880
-93192236348
59324358921
-118881836514
-64103400831
28722154288
-3579701915
407335248614
72428457522
-101722588504
-15224545840
-127040445213
292859337714
75529942616
148996646618
347038218079
431588154392
324956830510
55805246960
332354277162
337759216485
305967605337
-45154441791
-118461968936
123007711081
69654104378
141093949017
177811874365
362854242877
183041958919
328827230027
-83791646832
345884170117
46569104222
347854515833
372651323922
-21745492069
40119937383
369833337515
7180115240
281148580676
106288670940
8116879512
35012131167
46110864972
-30877774178
-6164394815
-1490613100
-81221620839
-36392980985
-22508450600
-18048465943
-162083639393
-3689877313
-8308001726
203270906357
3176984325
348111261389
-36921041725
123142683113
277242589409
391063641533
220217950394
-28409957197
140667147550
452706040888
-143238316398
96376375663
-27574108026
366093338388
320165561463
45062587476
264110083903
67475833925
323588155082
-22145050693
338302579259
151193034699
370411151940
-171546375666
400422402384
17142168473
53235020580
-18068356623
-70257380601
-99024581444
425264580342
316296168589
349781221715
321314167560
36738936075
62728724311
73940455827
-99018245718
360309550158
51516006746
371567109724
329106855436
-75016462493
39954675525
-120781277216
32041273418
68205040419
-174143005721
138985583803
49022639595
145602290373
244375245596
289295830485
65478035948
-62652010933
416433016222
-122172377393
323962805329
-133753195600
21706739044
362685696174
-115428153202
418483917184
-190229373373
159662444613
-4865835486
-97145291086
327651206497
383407941146
234801090765
16264435817
-132307152739
-23207804693
-53745248057
383960207505
292581858806
-147109494067
-129116510192
385593920869
414162260015
-101765307526
299165238832
-26481603574
303325511935
14512363655
73051339156
-18184061412
-109494041819
307503724075
293457019136
307140596346
-134025326991
246692004721
-115517950878
98784107350
295245296754
-44375373502
31162202446
313192431912
133601962834
300758896548
325030832370
44825672096
30215631852
434792707480
81385972758
120124173142
368821002832
-26167497282
30063057073
43005300071
47805249097
215005971113
-47376374080
153041115608
76525179621
134590760720
-77349229937
78856378588
-90646597227
-107066934312
81606615397
27309429894
-9006857681
-46328948541
428834817747
122346254333
64392705860
-43929999208
49919601332
17568930940
212486273171
-15944217951
105983180907
402825357340
-36854061695
-93995393277
18908046918
-74676364494
337461735581
37645109084
939601177
-27241007234
398190311454
133303569996
298665606697
-26058053533
307602680144
134804253455
321076008335
354751314128
-126188111929
319525095641
331888679237
45715797342
63770160427
-168151324568
-102461328832
334846389766
431254891293
10831116577
-131782321841
311814498555
-87546804973
5701990459
60395668078
140197295672
371157135861
-8966086491
14135804743
-90421526706
-175724407442
-143201188455
25582644082
83278092897
233034577622
65651238624
35750073773
-39446548662
250055755153
122845522326
53292591810
1505707895
85612245754
171005025650
-446525987
431800568624
-159383909193
372041967782
-29790750470
99596310939
159044414890
-133429873975
29212530124
10999663299
414747874971
117943317930
148141465371
-14909683291
-113429705501
369278656236
51907105614
52344392548
331949161743
-834446710
-109976439846
402149510560
409277210678
8471067103
212297946973
314005832493
65575388596
323840263085
18890152749
-67756720438
-101632409601
332117041120
-36712063055
165665804283
377687782249
50554903436
375573442573
200855776121
-109830187998
434405199180
19713792394
367407896828
190430385333
175781611833
-29083116312
302888059927
78197678203
286775932999
348344611111
-87369378019
-4506206112
-96667832272
23218740506
264284462492
-15838021003
51727957234
101949894478
-168180208453
-40297155920
439999241348
2216713521
287473934031
-150004621669
179275165388
166828041385
235171015521
343683950058
333630750128
330213276305
332295093733
-71674308392
266418216375
399078699877
250241768307
306527387688
83325481433
115130287412
-56024207486
-36281560285
77771626986
60471393962
388954709826
286691689891
-8024995747
368681749199
44254553619
153526801842
-66461049716
-14456574684
4458712721
337518457979
195999892926
-110949897114
387553414668
104213791067
-104828001469
379549523290
389507430819
332204774570
322589604544
24431781228
255274964919
42395001816
38572330636
427735029224
161622052989
-95145769474
59741898571
215851184946
146324231634
261570264901
-130783315241
363480228291
-90947064379
256997652224
-55405973295
94937714713
-201160287287
332505079828
144926065722
378634959092
373657423150
386654944099
107300083058
452843960838
-93721252615
365974678134
225023115334
47000564308
412200832621
-18154002335
15611109251
65399421678
15015076002
37767210696
245600116493
-18543917105
-4347111102
322565176888
266082804317
-8318196541
168059931631
273910263062
239232092824
298585998802
361374560929
179988785844
353384145358
218771259008
259254791357
124892016613
64475857159
46809641919
63858685676
-15645267680
-16525113490
288906211197
-117691084151
23088887372
274286462556
122299325559
18675053831
-23508395921
-166464972082
105405466514
377632632538
293505131046
326009252334
422865638118
159233462139
3138068933
11287256513
279446427923
297479272961
15939732825
-46699307484
-76414498460
397747325925
141190190729
195198419031
-7329374175
15867041613
441340202231
-166646232575
-9892230618
-83719311123
212899429018
-33848999766
-98624595262
260922570972
-111933226607
310075502830
245519526897
71539387689
226842174517
324096880175
390374462003
9714917370
53549659978
-47559861011
333480514456
26982687808
13090849090
230583729966
366614753276
14286326939
29342042665
-124726523600
327280807251
97234570992
-1616427853
-105041404821
263010242337
361150862944
221081807498
70884371216
-108498072626
149410960986
363800762651
-37341249171
-29427572228
201234684319
383649965682
313890576324
38330366478
246997361512
122192265375
48166719529
112653036032
40071327068
-33321654679
308111712675
175632680107
7763640652
-140183010439
180629011798
47819507297
-124510946907
73771018121
50768764207
161182293387
-4229186450
64452233973
172171127074
380258747254
160061109201
357809040537
404910604779
230857439271
-5854813634
21372386553
309151844304
-78202476912
73629517132
310277885015
248156592275
359745124128
190262229180
-27668122293
428724506475
325838068950
283427511608
342054065041
-126398636712
-23925647022
323190898896
341411898927
194948336460
216774244795
130166130957
-14591082727
348668237554
-133171569438
39642281296
267108051864
215522340806
-114747956835
161990578783
-53683973209
-138279548257
-28313485274
306926574885
43040819709
390336118985
377748165350
54718415936
43518030651
352998904752
38865186407
412677600731
-18577782025
-33845759694
256543112145
-57141783278
-125561704560
-116156255655
-105137543294
-194165619210
427453789805
67823444255
-101690653764
454616948115
10602409579
404776601539
624330995
-103378403148
412000645363
7790707649
68082196238
-78540167328
-40904883773
-128590253490
257321361702
325620727229
-5272759125
-69989603072
353666641910
-169573812785
31269769255
461069812892
63922065064
352959580198
-13789497061
-47578858237
399129382843
-128606799246
377206741733
288493003289
452025150499
-176229303197
50810997935
-6985290532
413905602404
479450236924
-16753893790
21751688922
292601569325
162411995984
408443033751
-113070102593
322362965330
-88172612029
424012031919
7254526679
15861595456
-35376128325
-6096848924
-69151603958
274044083080
275128157290
-69824650043
138570578535
195713772035
335174543895
316654103033
225765304995
167452003417
331783390532
-96707708361
124130331398
412594519703
47240929856
72311844264
459162290091
233994913888
-80958146325
80977967131
-19081422847
350981450130
352899888016
268351391070
156741470401
61083514396
364473521647
-63572648220
-219611118241
-308755364
-58402735736
418265516407
68247702634
-10504654243
288720699278
286407234565
167460069819
322496811326
79829246254
427483793478
-15805162658
-29221993906
353187468338
-180912539443
382421486095
18993023311
18473755824
-14133016275
-140978136191
419641740606
332763739385
-149147244165
355954836204
404404206782
238687206190
386643269513
-118963519652
157965022718
268550186295
269933517443
-39750662251
32040649597
78611177710
203025109863
-6382421551
908604261
297730725298
-75676282743
326646225832
-26833696319
-200272667303
-137031979846
423719509460
392770920778
326579369819
211966390111
-101776465706
70497460152
-97647685546
30411832604
-42477558126
-56693179327
87722353947
234922047569
333054863898
-37218796554
383731760145
110597367987
17743171660
-13512876006
263904721013
-12156417091
-95251076666
314521584893
-75494442669
-67648076706
-66772020399
5834586905
-54134764594
4934601755
39064676884
38463383226
53449981492
289774958380
171658430162
314919598279
30316207103
-119663885066
-35817977897
177115519978
-77955230641
-89590680340
-122074927474
391287743097
115719826992
179274509411
68248734049
285093296800
-1896729653
242811597278
-19912037243
400259530907
211766498131
62547463981
26464139023
146217302672
-29657540497
-21995472510
62725984396
86240401871
309310063102
290507901340
339747331013
461228003352
92451601804
-422432400
-119720835547
21447471811
42515530869
392006579048
23014029667
157732029189
-144154684760
-69095046994
-35619364456
346746395217
164163842015
32055653436
2635771280
-60202460833
66888420068
81521666439
391912799767
171234456432
42420494992
250534951987
23661833515
-46277013209
288290505878
5613136505
-200716229290
232416266707
192226163323
206888083856
39184421658
-93142226264
-119421760442
333984872662
233067624301
301025337701
414562250017
-198650826885
313352119971
405327687255
-47981632969
121648946899
-45509977653
413857938301
-117322372755
-128904637161
248641671507
134219446330
37874147481
73650762304
424193397152
-1803079471
434131629664
285491063919
31789068590
38581586432
-1888800727
10911343367
419828082527
319648394871
239915887293
38727923915
83211597135
57052845547
318870500028
78308914003
33735794130
-33402747756
329661576977
101218922111
348118829737
446997597451
-67130221300
234872825208
-123959545515
66957573305
10589260475
-117788120744
21762270404
299364378819
376812118084
-15989231851
285344815488
205853652265
301675255324
354977474144
-93691666637
-67466803216
415741961232
148246312389
87793713870
157488616942
-161708544136
313906092033
243257754982
411218331197
178729352258
72770258275
263274240263
-101284039414
103740377325
369108800775
-107966765319
-4310615002
-6080760882
-30395858607
38930480823
330858078791
-108478653506
11803602983
338382398241
218470247401
434925601384
68578092149
138589704115
22933675417
-85692732699
113243075001
-77578534448
32974196055
407890979562
-103519050234
416456701301
294612052168
-55101159392
-4307544380
170113806113
323899580965
338331237585
333782934371
295468137894
46322634178
313788710344
441205685180
3192000812
344054798831
34842782362
330878620011
44878636107
70851021791
-97436369141
287737780927
174039756786
1802495126
10100193542
234330676064
-112330826072
-119346721148
305484611675
277742360882
324566770922
14921849556
144162104170
205623745502
107271832065
394856392158
96565967285
151088569774
320506123871
286279553871
50962710436
-124142854258
75866482583
18013190935
229196422008
151715563141
376725142041
-88397586824
370763666184
73224197421
172861679140
138363674095
321936838168
-135525535741
21264499084
18805491384
142453427062
392736163931
-60837588527
396685931454
388755323236
405302891992
-101500369238
2502733219
183336442039
123407673882
288897356706
318326413124
-62279247998
47496771247
318049676360
92062318860
280044557641
466395073868
169600916099
-32545407418
146242293911
-30410055106
330686133893
7449079
410051902278
-73026132537
-6142978929
-145910305590
-18332800344
387353803678
-20248652149
13940042211
7141886835
35266350266
-120571491432
163064309560
60338833221
-110016330355
-31328333690
113371602148
-22428994912
68237246947
189806328663
407886189250
231326217064
269300014034
305068600428
-105709167068
-82075591232
150206749362
408961277665
-53163929512
-90195224732
411430931375
-28460989808
-38226236299
-55386646966
-145030962730
-4873491328
263598101733
363746269488
68517127258
-24022375432
-21918238644
385562374051
-5519236458
329316965157
157875228241
100429392549
-103391768466
-85100237063
390924132760
113864485693
74325743361
400388428352
209295464518
-127290651471
298867462377
-27714863973
203421630360
-71239664220
314878490559
397444414812
-129426867457
-2325375394
375621351496
195160689985
303477671736
397989734880
404795518518
128919037725
37516851690
433851880134
126971652207
-91739596879
-7904471304
341045583083
299386215375
301875654489
1435567300
326992296164
282236665573
-86835084656
423718707272
322657374616
89053356260
121982040649
212399409572
79939425642
-156684061670
-20760033202
333774938465
-35648846744
193983022040
-76334325670
-95286318160
7810474381
-40753595380
41176713352
50105937206
79768019170
353159756797
38655170956
204442587141
44174285351
-38960405078
-19791121517
90925776264
324989656544
16470818234
-75655168830
-68891971025
79085089468
284310348366
148571882013
-96466234066
57923087949
-66004888279
-50143446693
112633831925
290196437517
105133812156
59368762911
-115882169465
-12070989538
316215275344
-133040385455
-188779978998
178881495888
319279006063
-137753304396
-105714715175
30325787138
-134956745159
452429483091
344609777400
336218941088
231961381642
177636547995
630370087
-99492578206
320372638421
230317971898
-32558073080
-88690350544
117253049906
74918112
32585385838
-50417575899
326498158731
29646961208
115564950071
-95505776162
406484203736
152181436727
226844692983
-87049243925
-109989692899
-77567574849
321548588083
305637476272
48123550939
-25197402724
424778284053
323093029487
-27723324276
247915780266
74786112495
-107809190152
-916077120
147406195677
310396121711
48057779248
69751617831
-168710208333
31599734085
374071594051
-149613169110
131433452956
350234891183
441641468694
287151550081
-118891762519
156165749163
47205638523
39246304771
319176889483
57836756992
-79025756387
-57507679347
-66737782327
169931233071
295331157215
35952725305
11486240373
-93939718701
-98954305895
83634318821
283387537161
226645644812
-117982263884
426306700962
-28093167754
369656604605
81111566223
334631162669
-76856522518
74756095508
335833393319
7364846491
-91042079694
336178391274
249588198402
309432377020
373548621444
42016691788
163110711334
415110509286
337057495309
-78955733489
17602947707
-38879245281
395660429312
409955638431
-39244118122
-173379453162
-72247531724
-116189789210
-11080297688
427234054824
49160252539
257500557541
-2237153109
-68454475736
-94218472211
380247170094
-119896866092
36473682119
-31991985955
255638148752
258652664829
39857853118
357587388628
369929467985
290266364835
11843306883
-62839568013
-162026352135
-4020530396
58186484797
-95351556485
303125930918
-103078951263
317746521673
90588173709
359984551819
-4739227943
19858141665
314253156395
332820618774
-150503273748
-112087190268
164351383625
280058289657
283086869084
-149924399445
325878474062
171391181972
437542119800
387284894649
330779034533
400503164410
220064852629
-40995704208
386170885348
344811308622
472477376717
243314826037
409136661096
-41432532877
430301357705
22736613958
55130570489
-149115173733
113333662483
170138109069
-11992958101
288556014786
412081748581
-144894232670
196726748367
-45668218489
139218259560
259695823644
-70185635513
401191409843
141841771233
-7122347027
-102840346949
170920253145
-128214239108
64680549432
1389133854
-24900863966
-28005487566
-109821502533
301931115011
-19560784723
-28132291652
-111610601789
378969657434
56759368744
232191558162
412706611873
-66705495080
187572363080
284345863674
225037553547
401809779287
178739853528
346482652635
276372398659
41629533721
-43875774656
-161359392650
161195227907
150197058750
295657480845
379688226830
102441988782
311042300113
359832798019
52371018051
72788983078
31255421010
57638675204
-30698209376
453999276194
333000285282
109835531918
-110131024903
-130142329453
301309989825
333503187422
4939122461
307768868608
405854579785
276009572459
-54147439793
144347423521
38588150930
320889266801
102502946546
280091793607
-33777001336
-167575559979
399259712135
337942024869
2980942086
121632593970
1730178528
-42010790080
172852206432
-123647189140
-156070704350
471300511343
-21796336633
19477864262
253093609554
-39902406415
2004079059
-23671696524
363439956216
34118632221
300909823855
16458157508
-34174091162
-38783901372
-41288465462
379963211844
1017883610
392825829341
-18664338385
-37004018905
2240644128
124467718804
-108563479948
322447812864
92120413579
-61875759608
355493173614
-47693340953
-53307137655
19112212147
-86538889553
-73109445078
380636313497
304000974599
7839983786
107362036662
-37482959079
-48257692878
-70733754003
44561625284
419340310559
117436514908
-4588376515
278468828182
136328063135
104979855655
326043934099
-124324013860
-87235280000
-86281189074
28887444178
67693197336
17057406634
350688933949
-65906839469
158059642524
11205038396
-78574501454
20397030973
-24031074914
41629533721
124798202210
300446970279
323517492276
125125758542
-13244316221
59088766682
71310163472
258787357376
335969422048
435832585682
59994032643
322223906129
-13668766064
-11372624232
11001996691
18023880117
102533518042
-138360867495
322002801151
262949209222
83822637774
36399857663
401191958858
-439897478
389867274257
58619134936
43083327660
62263681092
147629490189
336096938227
93176795940
127632791246
383348030632
-43607191035
324301979050
-106200523050
142724728267
182630173472
-73103478539
55154379228
-170847237687
244729792568
333123631571
-129120127376
338896989496
213470445272
45500138387
154255236161
50490927855
-169498630562
38682449360
391673464596
120828335778
335932672002
-120096887922
-140851517331
-45305327272
463455088011
22602709641
-2442876426
-70980646501
-50133259921
-17828075246
324290189123
373980426149
197045049863
347640572678
423558740948
284961455533
9971490787
284331841093
283490364732
354816907380
-18763364940
267226612116
-29065167854
197127115781
-34622073097
42118575978
464120789816
1096384295
-57045854918
270285726047
345319371740
399419095556
-19188358932
127272855047
-119170302507
292156474977
155961214534
24270487925
-101276289262
39675713278
408492370861
-21237813194
-37010311578
83255004208
32736346302
-90324802501
-147782009444
367072383840
-16693930039
35630007911
248201804842
-113293670706
399033364583
51609856809
10151196406
245517819682
-36421916090
-6916722819
25233073739
68339458987
151731288063
297543501757
399595969422
-197336599128
7376051210
181555052338
422495810538
146869243584
-173325392511
327016100543
292113497129
413365434499
269566135855
82678681355
379672822552
176803257544
-16300200369
-92954994820
109848512356
386856858456
-81499582653
-2739850934
-19111170505
5403783595
226330175493
-120827147887
-53658916336
164080963097
-4950446820
432220738738
283241656266
110238719545
-67611430406
286128216939
345496635572
74840882400
-87257634357
-85814673650
-9887478834
77765255828
404049723918
84857769514
146380649839
-162061715143
-5698262439
310918857104
151581900323
330974795860
-95600926090
-22310424574
-25578497023
282132730200
334857948844
366482046373
61324936270
278765031847
-86969681122
-81265535111
84171773545
358427732241
334792753828
145442066780
168720100366
197936905215
7507344816
-995004630
25922837851
-9483595538
59522035598
-32531024583
321370095675
78656161921
63470852906
3673630658
91319859166
288771554062
355149744203
87229576115
-74358369919
134882330908
93870073077
398573488420
302134485094
336969858684
303744703185
-121141267003
120955493552
59223542152
358665053928
222463266449
147215583086
417498277927
288629980747
-175803430980
55188759329
-23114080897
78921355065
326783665026
-15759913390
100007127654
403815412887
385503802048
-90836617741
367477385799
169528639216
143358473533
-25926637792
-27960867780
-20525503817
129195213576
22270152975
56841353393
89301074823
-166415375829
-27387195635
148118969878
-44242870239
295651936782
314370574735
147807715101
298246502493
335602742702
345954206916
376557171039
198018110842
7503117709
72750772025
51441396967
-8743425623
200614783054
22441114990
-15128184088
-129882118892
429030030692
-107707279811
409086769109
361123881824
145238457
38761679013
322543173960
217504557755
130130907197
-73375508846
28187542688
-142732721973
240117947864
15874708363
239211478155
319122075338
-149656180102
-114637751101
235005842564
51191202157
87732215287
-83391787045
305818235578
9604971630
163341070599
421531280793
402719628614
165363468438
318301152501
-93608889541
256651212515
-77363059535
11521373623
58937443243
-11803891734
-15166167000
401152771412
67302801225
68651214333
425266042970
-56210712443
139079180549
384375323117
411602861150
407807399143
-79011297644
-121589625443
-18723745921
319114417104
345341784511
90273656926
345266636649
-149475718266
280600663543
158333317782
-85080834328
267806972932
3480765692
343937643753
-70955991365
360842666638
116771503866
163083642880
-122525571055
339738453580
333506314893
-120341390974
-5562472835
155657975537
79944157552
424388587216
354480952418
144869391329
273989860272
24730636295
381257370211
129359444268
-159745362804
-121288283517
58544382796
-88273102387
191066140251
-122791864888
10129938187
43448374533
124500335615
351249420068
61830784186
-24615806944
54862643846
-75510593892
-58527755525
2104610566
60944903693
51938858967
298767018828
-83219296300
-98825525159
332382693500
15358517507
-29486574707
-23139764837
279693263295
349371971802
76431521887
55414912961
-132097397593
350104225448
194550308373
87344389792
299652085944
-137933977152
36977669907
-48831376704
250925756039
27080522353
-120106247164
4870337270
-74451449429
-41336526307
356818830792
-5382887960
375039504673
186564914086
19719683675
102368600262
-77446879034
395251042441
209605056356
33729527689
22836815737
187922318032
318436615086
72468047835
254707021487
19043969851
142524640776
271545710943
-48670942686
36386455057
368668158731
-34681388122
-31441274715
-98436506881
427795274107
334117362638
-78068224107
-168999325899
71398277356
389677182423
196245847752
-75989566208
110800569481
-98744215863
117146467801
374461516017
196557037352
340520308620
-103848762112
-35381497482
4049023144
-106232539702
140848068306
-28165578272
323533900450
36623227773
80561694394
-76717885201
2096312462
288628223262
260056173507
-94193808065
21667686600
350138360383
377988542050
40894378519
295961135853
119860287350
-65918228927
322512243926
-214411994553
-49134068446
29593200406
-59271216300
18610399093
49625948386
-27985285914
411857128433
150426731382
169583171453
-153629675796
49661846827
79647703476
-135730535018
-112949160611
-27448313485
4233102574
283315226202
55303880008
-134126471080
115531389459
306279023193
361361056542
-1808641057
-133163625361
297398221924
272618140777
9345369469
284892896441
308359965041
-162411936667
317076374003
278557186437
-110493543911
26166470869
7232239083
284962246507
-72963737742
-22680150432
174241561946
-111473811434
16029521576
424543781041
46876301220
422416062247
102687883454
84694927790
354718222371
92617157921
147560203779
129824602541
-132137152607
-33265214187
40486800003
299416395304
315386499635
21304739001
372924487585
2155203589
-108565829632
292010591589
250282519902
-61109515315
73329683788
214818831545
278334147764
296308157176
-72699111865
168447552317
-150870380886
-79281480813
56401647773
302530630482
-68308335841
137987021581
-122782981254
-64541230389
404139852431
42887638476
-7729971291
151321544888
395333419820
37241360212
197060176903
38644665604
199219623564
-31951786725
329248435866
396038242314
15326400593
214360845560
-100363320559
319612695302
-130936781928
-179288983287
-25464299120
-47137968277
-64968615371
22625495988
-103887303239
27245867256
325102991738
374446946056
219788467219
67810478109
312843255215
110900819388
-40290703204
-48333099216
412500629080
389619711692
414734873473
74960556259
54867538876
-127475756385
38404255849
-153641149769
212714131443
-34186215808
182268156307
446600137340
389171218909
-118087174978
-210842929856
-150636904437
186555322305
307038498561
188501440637
329459765237
-50195122712
-6652516379
72492279338
-142238620720
-57857458637
41186372680
205509121711
25522952441
50958660455
-25734987304
304119681160
-134693827310
138702940644
331503915749
92438710377
288893260385
284387972601
400415232328
200138879569
115102137873
472749458136
-70320194293
37672142581
319931130136
10938025588
64554703659
341713105525
-14798326847
302557272617
88968646753
277787219886
332417179750
-26483579070
5910534709
318214471867
364952806925
42345385744
318907485044
-53178465383
149021233712
307491500909
300750037784
32506208574
-36045937396
-54545319434
79758230512
10015207258
76632583832
-106572743756
83987215470
32428149327
-84459718640
35209986935
40079318286
-149666175770
-90368889039
38537411075
281155113825
306720665065
244793377556
385533619914
150843979414
294929034016
434324925947
301699949434
364683825443
289740623840
-139694206018
278256664820
-74344756609
163407323983
33678060404
324711999006
264455945963
-9271294881
141080313599
-100444151902
-46726831
277509808270
391175990158
337434021676
-170831326466
51177191353
24376784904
-111562355985
326560820977
59659346867
232849261321
-6374229695
371705948299
48973856456
273277228815
269057847821
-38213333899
288868083276
-1492753791
-59955942878
116969386314
340050404449
399032912105
-77851541194
-108479137484
-127466640514
342335694631
-47242861346
55887447851
68475671232
134716472107
279400086659
156935858650
217527498508
-2865473613
103459799735
-128250187873
-74001998402
4172139791
9732461986
34865750682
-209154494449
53906948797
365149241677
-14203005087
-10362866470
410041146236
301566603465
354809246199
-154191019684
-123734563957
17779297830
44127935201
23932971852
160456262855
88482144461
22150770642
-122667059950
336280844470
-29882148601
351652267138
15365579220
77673080119
450094813943
-22039615349
-32939099359
13763704652
147049016158
10776929181
400074343995
172852959931
-55800237773
411477142400
334829571389
416808167378
339606559257
-38486463590
296552040632
365881881818
271369987035
310380263305
6156785906
28992269765
287966344406
398927664250
39048890951
69988527892
-63682993159
176693979705
73475018196
408307990509
-61717129749
-39886558943
133175524424
-138251144234
29218003960
344791750121
297023661349
82519008368
76850296090
308440227215
341905466976
2867493379
1707846741
393070257761
204639104641
465591379888
257881054145
65914611656
-110367155426
-102593886241
400188933213
153228302264
267814356876
-46586453003
141615508388
141068267432
213456892595
314846385181
314974518664
320713319896
316764474538
296108139836
-93112985864
-101208376463
338948555253
62445471463
312076117395
-41959728512
31637414996
75393529538
216094102499
248465411603
300824551115
-80465838907
254006237828
366392447465
-61259373235
403267733876
370806969949
44160459956
391513610075
-16706516045
92979338929
-130090962258
-4728722652
78510296347
329613872177
-7028469780
50490917330
316258983535
-24240882711
280679269526
-76816509549
-126274333222
376261024834
83118666393
3854274537
180924284365
424552171433
246155719303
392650445037
-20568544413
327820454441
-5622848854
-70231888837
295352994777
-89958437202
8388928299
407554541946
83798041787
86840529025
-144939006275
360202472879
6869768195
-46838479966
250707497827
22414355977
346695239891
39085508862
270853515965
307557609987
75373462853
-60851761366
213220380307
122956485949
314382721686
-203970700111
-47542799276
350018244675
72510651722
-28129875486
-50169752897
290841072777
170144830675
-154004583138
-19197501333
-31286941436
79073853637
332192069676
294332009264
3753569253
427435677642
1895308324
63781465715
356334927020
334347827422
340718896392
-8398297389
40215978168
-6721176676
330065809310
384801880110
223677874617
305127278019
465012146585
15677661485
305059425855
7023670567
28379937225
-180739487004
-101098048532
54374753199
411041341382
288318944565
93942221190
-186253074431
-45709638124
62329161454
447800020017
84885970821
86183459189
-16531080691
317043043865
36679464088
14000440151
137686144901
205022797529
13523346283
-129879517621
-83969786803
80714562703
364021905331
22563221768
-30763981000
-10352626593
22484028782
371778238155
38221853756
-62046424484
-72078318568
52039341286
299089502175
281158972693
-105296727149
76840168961
55416669499
353497286723
-127815910955
-33397550226
27586670366
-23364009633
-86742090991
77563831527
66841861407
-131618875559
14566093037
-3070727963
383534295953
-46233948549
327253657925
4596750738
41830371217
-48302901303
-64833019792
149002763836
317492327734
327443194224
-5721000847
-58454893777
356273300221
-143678771592
262863991000
339392918983
349929896496
-98918649490
422363045548
9215003425
129493748627
426500041353
-26738017201
148284847461
369990165267
-130032173245
77542381459
137390329789
131714036210
147432580417
369040732698
-43838875706
267704877623
106609451804
144820152627
411545148889
-32297207814
457362066668
5096715637
6232351712
293460201442
-68126970471
171512990236
355850185521
271439755497
-11590468574
-33317813822
152934857740
331505292420
-5423001393
340098554700
388031050810
333467356039
287973189319
-197613417156
465467229068
129421228590
436177661804
-73282317134
409747997616
321267699442
129356528723
313077185790
408903248556
129992741674
344446867068
277522851113
72579882260
-2531962949
289106473912
12423860500
-106835250057
-24766297832
421054137283
166892086803
-118317298546
-15953093661
314885265162
-154759599708
126730610604
300855990968
-9856686685
337711745504
-81946896820
335124048155
317780165570
-55745045022
400963574781
307011246326
325071839801
118190525679
351315090708
-952554319
434533929693
345186072594
-62436471802
-97730487426
61992470993
-212767279968
407589824946
93572980034
-136239850423
306396368330
-111473261951
271873670393
60788707107
313620177752
74461202888
313196646173
-182136832201
-29855514185
-86264827585
44108904829
165410468845
342333760652
7551986266
300750037784
176471324230
60182157969
338257606727
34900806236
324482744523
14164282053
158854732975
-58914568946
-13818299816
51594911944
360805176601
4762424025
170289414562
315334816485
41382168682
120971074922
89979988074
150123884574
305292398697
362859862056
148924318088
59541561921
-7794066200
-56230862486
143189047628
49921561710
356395559487
332976406263
-47396861078
326308574105
4955209270
145504328231
81063408116
120881736879
351328295020
148520317194
63751286520
237517374011
116971903617
4408429596
52673830883
36567947153
142831952976
274023887075
-40742540212
-6975053962
24555113506
-6696013914
73325529439
90666204427
-11498538774
390003881095
238307672852
-6444967317
262212032879
279102336898
62791544708
324406063064
394781293594
-71005910483
468167647910
46563645913
-5923252259
-141733403581
326627157172
73779908631
-65016474836
242137719134
177947387456
280541062417
-96055552161
-1100683145
334819162052
325683603270
-48692773779
-79125219149
-48458766744
-21492799224
-69030050903
92524270793
-181335792187
-64781031766
3906638328
-16974436010
258579237514
68331976404
136548686957
342270345791
279926306854
414093484370
131035223546
158985763698
-51417657488
292113497129
434788010074
277076882286
8717784406
278334147764
-13468679388
-45866715851
367900019254
-19603597640
-119787011373
335495687052
26019629451
-138355411590
-162885631436
-114047270057
230374216657
320534677388
380940332803
336612794792
-151698060623
424699583560
88163492477
-12950672273
327082047614
435731961073
331027525830
361510023
188856915831
48191044297
-69399063583
-90319543667
397330162247
-55035118205
-220566490548
14460608286
361667283572
-2481312749
342305031995
-28332906453
-148281456684
216103680977
266460576884
130362033569
69791126399
-4434218611
67608729532
4286571375
432626100852
403701231244
50722619769
-49677951337
388720894625
331261382723
54966968684
-10601346651
-36622694285
124129497806
230092710975
234665481258
-168621232309
68461330467
-154422867457
-29450213865
375716070408
60375243273
411083149370
-47331570044
199083930002
-29784828026
-99011744774
35197810746
286944190114
43916411583
212963869286
-158307043340
-161258483877
278742062553
339868541420
292895734951
-6531144092
133044187814
292039046794
47857090711
-22929231312
17313624969
119207069070
54643422750
66040294219
-6597749651
333414697912
49325799029
243696458883
-1337845443
-72889450745
422258235613
310257705839
124980611009
32813057044
425496034900
385557774765
-7474432680
321982277932
135954032450
-107367827761
125790222923
-75500225864
6130592499
345500082027
168543462967
426125114018
39858422861
-5083374054
140275413735
50472494546
32198044451
111992869597
-21240239561
80161089873
220709455152
69333105412
392594538762
235682354038
137909812648
171028988121
67884749798
-43374231237
396678859927
421525242261
75809086981
-158853229469
-137060547155
-128170817846
358330552607
-30916549898
-86963256605
125466069249
455428761416
-37975565517
88321992471
-71891290406
378589359278
-21286897871
86655211019
80190197309
332417179750
-114462256625
140926634369
408891965810
357888702524
215350232306
313343315468
158430917668
167320573790
236702929334
32156905859
333934045624
160570260312
66681121319
308892838111
-29642227491
-104887935352
66377512727
-32423238006
332064352230
-2515722899
70145347453
269603667764
218607250226
138119116147
225331934163
25845862026
161172884728
-27201517552
-148644632212
-3818356625
166582651595
359781049930
-22626471898
321570017982
-21529852542
47793298066
-50964993404
408443320379
362471781502
281070329183
52197047489
-15484644236
322510228244
412999947152
13199926881
333075638388
57979655586
6888800966
469528727444
341035394552
285075436153
-32956104433
337049473657
-49950745130
-32816786594
-68871948312
72892119323
74581402736
32845281813
-108708361750
308599452925
319054428737
36099394627
-70662597847
93148242615
326336647247
8405271078
238249577985
47398799690
22801397870
311952218710
30812034545
175923156775
330752758178
301913889795
312812452763
68370138062
-121333951543
340507152278
377427050502
298094955690
134517296489
81930071672
452361351105
18043365687
334973137261
57488967187
188979205803
-44363624879
-42069399443
9359079514
51838043111
23085977557
271835851718
-66568154716
-85803871777
51176789521
1455171067
19726266644
-107403884810
-60399768131
334997058255
384195053066
65771870228
120445927318
-81848316664
322235918091
199655480203
-79631041461
272635171674
-422636229
183166416897
94286906391
-70920768098
-31241448089
-54747909068
297768554259
37240506669
-12798383363
324109694804
284320052415
-76472915963
-196937927164
158786998936
390897715256
291158883393
349645104249
56824381607
122756834612
427622286808
153039131422
282994936512
-179099992641
-59888091957
390853002103
-98765031464
217683476225
172687221765
-29210344597
383414743280
362209750409
309013206687
228211168390
317502326361
89395619118
121425423871
397215615462
-89371657787
94171056346
135057565768
388253168191
33012184952
353228269040
86684973516
324482957317
14979244811
388778220516
30219698778
145774800924
19103925054
292726374933
50123300612
70518182838
239407918185
359025025004
-138270324209
90414261669
5331369441
-101072238900
317394133117
-184153987831
-104122825017
-140181459737
-101939463500
116247253836
354597775290
357721862829
2878709769
336690013448
183221099850
165568875264
35658772705
280135378621
-41335542912
35202100298
-46391748726
291050036642
76509005520
-95154647152
-21602460604
134185059159
-3959186912
136903325402
1568021444
19388123595
-106480788693
385016686197
-166035238321
387215146153
343467830656
-3308588050
40737477260
147681151907
365909753319
298307144743
99365664279
-171562678981
125709939051
112432465467
-103236817194
-98772037124
83365777333
12392892690
263957966395
-1950558650
373819284989
1580656590
-21898875268
368998689531
408059404701
114280519069
169578115396
235152171639
-57590032945
84643907081
-24914973895
-62812779528
-27592020636
-15120895824
337249867517
239884874418
-24047268896
49093211887
294050450342
-38465360969
334534639506
-3595939573
282315374113
-123938276842
222324817925
7525105518
405178422479
-38038570472
168840309457
312211502632
20418286772
294701896485
360648734437
91243034115
301352291506
-171062917854
-11675341349
313340306443
417307347255
88278646841
10826388473
165018123816
376196460011
424798040702
-7501262537
424176395453
-182548389311
339070522751
84038754765
-34667798845
18490456086
91917642997
-104873184413
47658146297
345951131621
344426505874
278777320244
429212405201
87565332459
-88281203275
232413747565
378058959516
351133951559
-41554239802
-18269674822
228320161369
-99558857760
354102537817
-115736259
-92006923529
-26574135180
-160990174261
-48239756212
88201957331
-104218020757
-134359882624
45102283790
23581131148
-79920074328
302374480857
397337571039
419505205711
-52086114450
-41373958656
206628533640
310032711402
103514758424
251882065875
34136711013
36377285023
-103982830473
273347472699
-35593274705
-114792192350
322545096359
48341947185
-139239460205
404720503321
-204966975565
256847175261
98015373114
-54427434166
-95976798595
344455747695
1266404762
-98352059223
244043621593
-2404631489
-100527713933
-42537001577
-4221087414
295004221205
150598997957
-118825592718
64390007425
92687125304
419171920533
91500081659
357366137441
326056952378
385543200337
267372762674
-100853947515
315032788303
-84762756219
-80430784194
328942033765
292316764499
303526451235
-59137164885
15968075193
34207882274
155195031152
-84827394635
144922002954
-92792426177
-13758534436
-52387201826
89766945863
-62307205268
381895709388
128898181461
389963365428
55595077345
-39119014318
391900977998
33572534463
26501026576
26465302617
-23245799613
241679281198
60465776094
-80250590988
-75614145251
405824580607
103411701869
1237331008
273902179002
342579070729
-69953257076
30536133370
-25192245117
327810710657
317365221163
51599391896
323734742462
-52233509748
359861517714
73828904563
82520621453
-24051710692
436638409464
349049171326
-13177166193
123324945996
158656160959
360101254492
368496112458
-70160440665
65044726186
143637004690
-7543775617
250765982165
94417267511
338429780797
83272586786
101790329697
304068052340
-41528221891
357242375707
-1381433678
396872921219
97299168399
-170832715134
340193746357
-15284223478
5093497721
150857717889
20785708856
-141502899525
294820967103
-144231818403
29323671524
276004410205
165224053830
335932672002
409286066299
36657770959
304988969577
-77918725953
-9122543850
22040264937
-32957619867
347276944903
417419633137
-5376988285
14775689785
397602006701
154226948515
-23467344751
-128255924802
392534513373
161285718377
-123798594542
49664822794
48805030875
-21680132017
12471079170
257147339779
164360924052
-20621129558
-102580917301
8233525178
96594626751
400335366466
329087880370
227663400330
45431414600
6838756553
46052992654
327950098475
5048503575
190302255212
-96627834596
17208122654
426087507001
-79667399011
147992184899
61387516121
315072345939
315311146958
-63398625518
-47580011997
462586795612
59997225971
140808596125
-11288574593
-117678518861
98029003789
88016428605
-15524562700
254075715247
-10791206219
7084990704
-121041411191
132248406242
55131952058
213709376703
228332761687
362341304841
447378390495
416995059231
262569443872
-157696821221
-23160596553
-28048716693
53095334658
281391396394
228710290980
-118625578811
-32189881482
-19643794897
304749976073
432721086252
151840664982
-131286253824
-63072260254
-43264959193
-147198543035
333225819568
319772049553
9531908408
-2114834081
296005475840
174331772761
-174459147463
-29416330802
282831066912
46139573714
50837159577
376879819980
331124354691
240284615958
433201931541
335511690604
334224412542
34165937097
-119155177019
118819029618
53003685008
405049981936
373492063589
105712631200
93816239571
350058621413
65840012040
17267918978
-16464961256
53845474252
188514139692
154582188399
-189531428556
395605594134
341187792054
14896990509
-168219142634
311331447633
-77168320213
-55010029771
118043382936
43965475465
63883686343
-11874833633
-53712691421
88714042536
-6024530060
-71576505609
-50391286245
-14882931162
285296102821
201587878054
-181509709396
155554984713
342978041372
52063484937
71789993041
415696896420
108704900162
-104148057725
174428545585
71448714227
298594783692
332762290114
-1289653553
49138225834
-44002514185
32748981660
13654969333
315050853172
-38442915488
-125110841124
403799216515
-86766173226
-82588473064
-136553235298
168045907790
-169766069206
308600077776
384411491119
136662187712
57574227152
57620591644
-174041783922
15527681573
322041500531
75411821585
-116967549759
-96034553922
3532512927
9671495307
250951193068
51935082158
24261152601
296226466785
225040954821
99596310939
193979425849
208058848846
89677568663
178748124725
398306472300
-115288648657
-59651402515
411176537635
197594112182
-108924837477
176194644201
41935344185
-118830346473
-80040269189
86225105157
78535414008
-7544082480
335217059306
218857578761
316576360847
407057953510
-34992498934
318008487916
396403569829
-149276734421
346755948879
-29490479252
180705031631
368063576089
80106255346
-66775969677
49511201632
165742503663
289042241639
-156308104493
279089838185
-94471614496
69108273923
90793390765
77498258654
414261076501
341495409004
173068175523
340829907394
-165467257061
71750441045
-133875144315
393287384822
110417202265
411284301720
-83965266891
300466557003
384228213766
164979215860
330713705719
271427708172
210029809796
304939968726
-12867984813
-1005475941
-102059770304
-128392164308
4282265870
-18220542759
72944070537
354385694485
158907602563
-125530028632
-95614629360
-95603094463
400948590650
-48134394091
320171196199
95346151679
304063905327
87030895259
8810451472
29368576898
315672844868
70892298439
-76212612666
301205132746
-44974660367
-85647863738
372529965440
252966175630
-186182835827
-80632182008
-58101269185
328293488001
-36368238049
274597071193
182516340368
-19889300414
63767684323
25610909291
-77746333996
68934575697
-131272591914
13089479239
10475293162
342567420950
175797003050
293215325385
-106508063199
-1175417089
-165334742858
125535798407
378689139138
-105264071427
430315432395
74221860544
52878819856
60214360265
-56593120312
359781049930
-95843505268
357472412982
116798776753
158785460492
-90423224068
264570295822
-130073054392
170750250062
209011751434
399917602676
362877241065
-53811731094
65580237501
-10336036510
85285202962
-60024186184
233676891176
355272674084
410919350252
59601676874
2464756438
-27321011842
73725196631
-136502780297
414353989338
-108460904691
420980344636
-118651378513
-42172300593
122180017609
40442916142
320900678611
61944583378
83269843872
214356789068
380449497464
77651054575
292424632634
-91734500565
376173740164
320873565419
285486608969
55712378062
-78169773076
283970100635
392876071852
296360957697
-126188066591
460895509054
-60404020724
410806505783
139547390935
308621769238
64899182282
165752532640
322060998412
321861540313
-116048771235
16893316431
80517186408
287560767320
-86772209445
341633343879
411028415295
63952514681
432025436997
43288943548
76614183493
-43965926079
-60867150814
118099247673
-4516242322
-17245262774
83351670902
345654763463
410852161587
341008552980
386611836131
-94256774943
58975305786
-83925997411
425520334
-29166828590
-19232853668
304519909103
96951289693
394394243071
-1584775146
-21627225505
354308366142
82559265187
-4939693377
104790546095
23574643124
316010279840
453492901532
-79368373284
258946733950
-84258366995
104512463362
149831670574
387331996606
-1130148994
202158390532
56627658497
334939197914
-157194629490
104402585543
16984799725
-177108068237
339804356892
265596718524
325782173283
-78686846042
239165112981
49479703256
398801225569
-81518041024
218710731135
-22383459195
178590653946
-101139565402
-24155882017
188628926013
351790016305
294688371470
291668697928
82387975428
339609588126
89465178583
438633731375
316820104563
412158793391
317996841663
-58541447541
15980416001
87138888045
277752277393
460095660249
407662660299
382853214033
58839817513
49485057894
112716367539
351594191662
348466249218
58907505627
391059058895
359052612718
292963004532
69905928766
284114518120
4520531551
417744917137
324096445782
76616724808
391567147247
351066945
337977750860
306612090333
329454374500
286253488686
-108734059404
70622561048
81065010667
-125038893054
-58189688909
421048262362
334278322652
-96422535395
363231036501
333466261619
160333063584
56049928054
332779946443
21575023926
150035818671
-50599008476
68281118688
332383908622
2616038164
-18270844730
227829301845
425113130913
15127972641
56762383552
402933034615
106431061738
367377550578
-35108792717
313429196321
428685413178
-29416469987
295624381323
-90227171018
446804517764
-54604688362
-173154335010
146179000503
181205592985
-174175041251
-155940571450
388351708218
-42520986047
-32218269169
-38544087123
49254436333
-20395688305
282253070796
-20006747164
186493004140
32272746464
118503450542
86635659977
-97844761854
126801549894
55412204298
252601836782
108068427174
381491550571
15373119686
305077531469
-27320952448
-104448036588
392771948058
308840646003
95684593065
39102422816
315848227784
154169151370
41783637034
-102258268252
45136315513
92735887861
287084485147
133117462953
131647986123
333971516698
61833031291
62020469440
333273249563
-24622369646
473522854457
112258399727
-12741661733
25856573629
286245098828
-22814350075
-78216577898
-73887084992
331862157034
182742821960
32247829201
16403167082
15537229201
-67835817545
315526720472
368308755229
55157710086
-133433821242
-20568032860
86383009006
269792844882
288670133606
243516363012
326347567721
81561750796
422520129988
-107847880280
9787922871
-162049189373
155223550068
331300431452
431058785668
-17314930562
-39999998467
117294674614
64816418086
326124869804
343859660943
216626060884
321286032633
16378856628
-131820742154
-141127495861
348078406123
388152063161
379256344689
110822995763
302275901631
8827227212
382487396619
386858915873
403925077744
127573637578
-6658510279
32215564542
38257416798
351667904441
37561160701
571235954
301927247848
-31229187145
152477708651
-95381206734
352728711918
401347299612
-57562034329
-4836956914
157903461175
-96070207489
177050267833
122167970792
20547630633
-19643947682
194751475868
338180270564
121935959294
-159827264359
413001325342
-95672980432
19337410507
-97541513530
-85260718641
330827304668
362264498298
-50302633130
388036857787
-90152773686
334636597332
38314342561
286306563591
145392296334
8818102223
97631226252
-7438677747
47397494165
31045371364
228125189083
375639502220
233580544527
302879085423
314043788912
122152207770
247956066023
-125246728587
-17361143639
267795354687
-89560056367
-44526805750
-44094130596
-146714913879
42072896968
396260788711
-167644204050
58637556923
16120241690
300944598494
-71464967216
437660179295
74248045506
39655520828
17328888049
345714350014
324041516703
2783790821
-30781898559
-8249256034
213334918545
220155872533
47883059331
378489259586
362728395001
-72951001830
243620253629
313775720655
307397119446
14474239261
151691751597
123522253086
74029359967
172489204150
199490942591
-110429336341
-53507388783
192699399802
430199754084
365545769212
361332776113
302973649261
-23186996489
286953269335
-64850435751
331456017845
15711662016
464296943669
373176902482
58569186257
358758670128
456326131381
-80974763744
36907994186
230497750627
69202322703
75041535356
3045871062
200210015798
-29349012546
23782364869
155654239626
295405098407
-113103882272
21609740958
49165217677
78098541953
373711586770
156908675582
3758972995
-127901667601
-154681249433
237322634079
-129675169268
-35555885904
-171632075806
-74130256584
228518786189
64270377813
432742587758
340419285497
305304530672
165538592753
-13148907753
-86002199507
-112561411769
168134156214
107593422339
345407786731
-4838737772
421333586955
292471571448
27989296428
-81896492744
55661202389
336579998075
-23385836350
336342262414
-110805988430
306822305279
457922208767
-90155415350
-34795004053
-37236897004
232329826294
365708972698
174853548242
-148497493624
-13266803085
-32424778163
-64426268287
295790401222
73233902113
-170579845232
53042022966
42540692154
80427194888
116795452686
63398379954
20485200952
355700579205
144995403640
309157917832
-48579910044
336700454116
49999308687
-127753023905
-1019374333
57725982760
285803433418
16944973459
51458070990
300593517043
352537615365
-25417309317
95296781260
-29361873618
423710821978
-224785530696
-130636385266
12022564447
258300847155
97825681916
-95450574791
159033956600
-5114727275
98029900805
6758851291
11602975452
292711170402
160353461249
322577820611
374939535912
17464769800
-134765748251
130287105574
316269022279
-63511222114
233569270494
-116336693342
373954250351
-45195175051
424935786906
-45272136809
92982279480
-105710737743
390310093007
-105769600731
301433936008
-167483959952
63263135377
-180008640100
222756540265
-164283513036
336060846230
-13847759523
-4890292578
154866742532
311269961346
13681281350
-43234496035
-7890941461
306942856559
53376259819
33888451649
248187783416
414433510689
60268448011
388065223959
357770240783
82659289255
18903604135
-70277273993
71320200536
339243788813
265015594179
54100827279
106645715290
344471920864
340315748782
-85298378203
372446096567
-234843472365
323011535792
302669843832
66360759599
360761743085
14019873924
-82264448028
139729468314
-152829159704
336904228061
239614021549
-125359737921
85343073914
337343285728
21782842579
-123157967991
421509574727
425350041205
295322523393
404373731785
326328455190
367676390648
252883710687
326959490446
464166855648
83219242039
11961592785
273868698705
255437476091
-212469892184
-91019789570
321782646745
-166160951453
238390515283
204044290522
-49659187785
-6232784226
326408035265
-44188058274
-85523142871
49173680937
280806136013
366950687795
330771975416
415325290408
355425325969
57747508435
64537605166
-63360519089
42841191903
79110719612
31645318233
-13930714406
-98978205881
13337180793
315779301051
226028057574
1702733459
121297752629
-128885144060
90508846704
364022299216
239027432357
-148309992793
53060347140
1392459608
411406602883
291187170596
461452797497
305825974177
100252671597
15291719089
67439353627
277313813773
424719943715
291101635944
237908713498
216009800693
139915253944
231540962754
348266217929
-9191151478
372379928998
-55962305505
277843610628
143701557905
323865642226
42032061148
350554355311
-30658654330
84463586235
183015888510
-97554841801
314257956328
14641228124
302208115902
92206250260
-116543925555
178821018962
229740813757
-28700816853
349081564901
-18838734131
8081129693
92089897674
54193621443
104877172925
257519686016
134738067616
319234472477
-51218725608
157115734592
189277265837
54196155323
338726973822
303417386244
13923003096
3736382367
-101545546895
369453960969
393562438945
230419380419
53080705489
41690245253
326800666778
361762345004
340419285497
188780726870
45520819563
-196898425489
107740867882
1106851072
44342282426
49273006971
56214628040
-88733499972
388240188582
4060742814
410311463289
290134598122
336612323738
-25723694637
266453155224
403510852896
306647041449
-47246804248
42589587602
326989086063
176117878945
-136438364914
13808726932
41515764348
135641450053
-77720518353
366600995003
228386803168
136545203692
307297612030
332091647816
-172251931886
400096036301
233194072908
330791061385
-18311622344
70926797495
267997654906
-80834757613
59397890235
421865636224
-103120771575
323594864336
351112499044
210520829016
314784518049
348601521757
207105240367
418407963184
-132193761769
-191763170055
-74916284969
-43283359806
78766943010
-122043037032
-156698739494
400407653033
10991141694
301897035048
335005388307
413208907731
-76072189715
345002881286
170836633058
25083442104
216184460356
-70739560466
91074096871
101352371755
435695686285
-54971755455
274258106649
-11977294022
-108428174999
247175948701
339645148569
191592371214
33276725927
443047894557
28830339091
-127658451658
290149100839
1115141105
-113208476512
155316541582
-150120651641
323657556071
302357888816
-185402152659
-220137937889
-58835316148
32067841068
134059585158
4543948811
438333912196
399456868059
167171232808
419008457594
261576892772
-96606277323
80635568731
-91662577978
388165914466
393056210403
-57650394785
396653246620
-20476259933
374546182807
333380112996
111373986214
332977845746
219622282926
-50929416809
14528335410
-85018574987
-115250774303
88342451791
53313164057
124821339031
-1783400444
320111187679
148243132461
29838191989
269887071200
423450720811
-118184572155
16241768
8626841551
-38995163525
93773083540
75602141817
-103189390785
382424390337
-111707964283
108361898416
35351971286
90369815422
423205206655
424479184585
397121112254
74736339904
48481650279
115008157511
-4937615892
323237493181
230468451350
103239394743
376311785029
278344610857
-76885335284
401860649263
-54314950907
-68196945864
-8003312031
100525199147
-42896631955
-16975973905
283568973944
377343527245
-9814696174
281548866051
-150509963548
50462133739
66886283781
-20729466226
54014425673
-96780317490
317562567507
-43558870187
-25817372839
-32919332171
264237051450
150351214584
334335800338
-37943688138
89493555652
-50212876648
322406150155
286429118106
-74128094230
-37829126082
400189955071
-141229868827
304112001503
56487856307
402881573211
-55371453228
37040307842
-22404563903
-28766406753
6828032048
-50039340958
-72460803401
28452339712
79800786625
327510233751
334624503064
346391649230
-556878476
-101199379471
-17594957682
416486301139
29446822947
66155954749
-13629616394
-70265096730
91590537602
403948634579
45732763542
84097107280
347657511894
399144806638
226104021461
69613053631
2887858382
364055654031
-128449415031
399263997144
415251928600
-33608267143
-37632913400
341632003346
-39660108481
65150795304
465604631163
-69619258402
-128289626823
324825456709
-35418842483
21457271436
173903444876
305368426299
-157367726481
314311584046
-43067174489
-618861791
335476271146
389347659372
34944837914
201522223254
408544623594
-181058375343
-92618843450
350451805706
-33122565374
282890610398
1766716260
154004497062
401853148955
317147863262
8146299802
-78306320738
88828721743
2873050826
-26000687364
1933147615
-97210786839
11232637424
256863019453
-89496650403
437717612248
-16556917672
401201177347
125749924528
340789151024
-105550186829
-66817090380
-18917792609
27292880333
202909307255
303670847014
353762547283
456885688756
-125958534957
-143931431248
14973131800
18871200971
-18895997611
258571048164
185997459868
-59146120920
268955231589
66185541923
335121919492
-19394515893
-31280424377
284704610111
33813779043
314259094383
393428727082
-104194868831
-84444481788
161278332404
127911722251
460342821265
205328925720
261766500040
283939937890
52852184562
28843274024
208017157682
355871241382
-36263779233
289878882304
15133925618
-33658258671
66849399168
-77324106577
375655006742
412848112997
81637171016
425345858702
292309471730
73372912999
212697366386
-80284779612
-31481296853
378017995474
51734355445
461399089481
-80120432286
392313314168
45817355454
356651542716
2764462083
350046012100
424088457672
351757864731
6012382481
-49265397404
-173962249774
-37237441600
146517592611
-151226523349
-32175548328
12540339509
234511541942
401909778665
324468237186
127764745173
282535533591
-77256006690
-119544970858
-135971249727
23167324439
346347383851
2340505507
337496962145
59941269344
-117994913593
-93788143809
-79617265698
-108602357883
403853854486
57932488903
-80466139856
356315185768
-6936269228
-5363337166
4518076663
-50517736345
-164122538490
59210871340
-188367485361
-131350675769
291991445659
332638898962
230833782272
347069640167
66365685380
2984900796
354039529664
4189575760
-23116125265
-35010771707
-45704612069
81142393769
-106213392705
15927520304
318133080701
-88832565848
296556274604
387834578670
251794570372
334166546213
30132168632
-74971873744
355735702898
-109080464099
-184524263001
155895804233
-140186912207
312548361582
370662258041
214093267172
390805799906
74250121564
326617963115
-131568729441
57078874074
372068969358
219076364355
398992777437
-97854271160
40538866838
222617938395
397331866007
-114890287192
-9475019989
159176403272
323343072642
218951146146
-11707337870
279147395658
13717069657
147525992237
83021984841
-62073651271
94073443133
320164352680
238133867678
287172389269
64362059248
354929902358
278740317377
12917379523
329821438804
-22178543240
321887277493
-25536847472
21051624506
-193450905750
167116972724
287659905578
152321094977
5880713089
316508448482
346191785037
12024782529
464355596240
308868559828
302735896162
246296514950
-34467786081
-50304415350
-173204851334
379858363470
172061859740
338089905139
-142679992546
-94316400504
401529786938
166755923662
342318181507
-66487231203
-185259186651
432845931635
3020682539
186832092399
-104893861615
107708035000
-211421647148
-92772196569
-74443915421
129530032451
435367836108
157378734561
-13340019059
-35083468092
110966322684
-64567347420
377746264066
-101207464410
62547297609
-39546690320
464292586725
-19302103802
-20036527304
23091797633
421571413036
-40611141867
91169533135
319882770279
148503268952
377970111105
-104468056921
274612783061
417071605168
-120366809980
86449869894
109755868968
-4315930943
72251591204
53348067524
-71303191026
-35115156212
5963956562
169416951708
378096993481
380188224573
433532835873
-132876899023
341920975253
176429593638
-97329050235
-106707763556
338692232575
-104116396706
51908905053
-69355260879
58033124385
-16257589183
424684844811
95925513877
55041049910
50662573109
159541106272
11943659770
-13833216472
418355045496
-76700955168
32058063587
-103369678642
19949513622
46814478981
-145318434270
30385296424
-31320502227
233282014389
11657297770
-60981833299
-162568179530
384558435756
152083982409
332733998161
-19736398368
-924400914
277795873073
-136004786249
88856921496
263975529120
-121389099005
388568382254
366699129646
-46416755116
300159698718
337678091777
269772279101
-101734002635
378893601795
261156080877
70787407718
-117537813002
-37830163215
39165725076
316536996709
124824619250
68500238832
246658062539
305467491069
58775662711
11064598816
245683760478
350960918928
51394724561
431254333829
400109467804
67601889841
-124797473008
596931538
-30916622663
238654159320
-43371488832
-106600085263
75981113381
358533869394
289176984737
385059128494
57043072458
74651905819
32185646369
-142031524133
459278785918
314646771292
29921851070
151138948835
-47910834199
320204855836
-6588152842
312947183744
409930078596
-74756502203
-37135810888
395042431883
246613262953
385255819964
3517728808
360569004078
353340267034
-91515638962
151330519957
79888862235
-110155093495
28733078900
357938830990
154241700840
114825672138
133527275180
-70956638518
-99347831482
-127070059924
-77938886238
313454125501
313859698931
36178381056
-24580262656
-161338941456
-3436349665
252763950985
126538115645
-7594187608
-101269332635
-117769281350
51125967126
-130207742983
328056652515
-87804579764
-97223151158
53922747847
145440226528
-18378822440
31384528953
30220458830
298428892191
-84844115315
375338316526
-4141211146
-34099753706
-24075174629
48356872993
328679878707
268833777025
70567855065
73180017650
-61472316664
425768039416
19276901124
318038939231
-20511721386
-5774386997
18884745483
-168407527659
-181656595056
-14249591786
58076227622
-123745157023
-35890933238
-17985194350
91931588765
-23231194571
89614336247
349399725078
16106953633
-170574600810
-135531013912
444527898440
-133924362540
-13503014946
-83122107634
425192282358
-182088929
388780923138
160770755651
74231670886
36656611152
389495967132
156971918754
-156239869285
10484549149
-87484008769
48272557946
62272334754
23774320997
299047433122
166525054148
28926924544
-42680642355
-25600305774
182960242736
174191906259
116509809667
331441271327
-25586838475
393216678100
244223927188
343285543295
-77421889764
166361817939
57976557415
16040226468
19705570650
418849369301
-75650398997
420601796473
322649137355
8862247780
3244905089
-19824404515
38638542144
108245395018
-6520432154
-11350634037
-121172565038
49256749831
58262238790
-89754863467
-18172359786
-66905128456
344065731988
5516083675
11092365069
352448412007
-86404220561
136892817706
390104453462
-60540057983
190073168469
-71248082879
29223460754
32799032
275250531618
340031927401
348185423065
-65181345557
-109403608584
-30492806816
-153918097732
321739814537
27561358820
-68602289432
421873902572
-21390422583
90473334853
-19092525415
-71698736492
-85847724395
-107520079435
-116765560030
81438328609
19325758191
223220370991
-39995467733
-15392840004
320519164714
83800026741
-25583862937
-115300422672
32448530473
15654852688
54551208743
18019536683
147708382713
54804083341
377757584142
396334196594
37009322213
127693552216
27246160648
403489714719
313778268540
61724395114
46903109529
-56069884261
-39593934191
320816497318
-39823144623
378491336893
-126394635515
234823277137
52293562428
317754110312
-94066403048
-1104986385
125842252654
-35277354131
-126315282525
17219769062
-90418860833
-84132469973
369332811103
-52283623484
189036665461
-23854377335
-105375699488
411235888278
354038323744
33296290717
117217376527
315379328698
350404858219
349270912546
145841754993
116741376117
118969202027
317183889199
-62289924919
354927713307
49999098067
-102881293701
26699051907
1518538352
-47553327910
3020427451
-79078963487
-123558531330
416119074736
143975205149
-3782119527
-112491829587
-58242851946
223294970251
-634838432
-192298745116
-25816506120
-85042222274
320740839198
76007142676
248927779224
-117361247122
364814344954
401845790684
-79818648468
377001552052
-49493956300
382091719585
79333542391
162606626022
202735262196
-149857691672
21678046289
59879467123
-45694212827
388450609842
435066791888
400488049642
90659766626
341292517297
325004882803
-77266718362
290923342216
447610605773
436877562354
179164639525
338204329756
389840594579
344217352905
20107088885
-17540040156
-37718856017
-38410226659
424815296552
252061652725
2373595837
54422880147
286166811997
340396235597
2789017104
342559923361
-126144997257
97141394577
-62684890323
-119585565136
108924640612
-29595918932
-122250903268
-11290522693
-94303584587
-30308156395
334755529685
416214206535
208993161
9002291087
240319872208
437365841415
-35027689619
34579286983
-55557022316
329017664251
168835197356
306892434930
-5821780394
-20741393201
172315082727
-101878206509
391919079606
99989685190
-118797945075
36949774348
-120459515987
281935533108
309574830974
-905581167
303319374717
296541887574
19535542611
430077189096
335241129019
160292645931
71335327306
325976720664
-14219758804
53423487865
-26513603707
-5658251784
32160683802
55642513691
81873264275
-82575663024
-119788456677
-84710045949
43190684205
161298813505
-14624823250
26946282001
97499444881
273209163502
378086750884
-38718622938
-204565556573
275743200920
-172068853953
-82957977190
194769931410
-43324770056
173288507141
280298782410
118641494768
37883202153
-60472822780
347381716621
33126257135
28777943863
-38574634267
-47238550774
-4007161155
312259649333
273362562999
-24080779269
335560671042
-154273082195
116450194762
420426495308
-19203900838
-148645906612
-26391138757
43550053177
-886985961
281586849641
459257871223
-31861916645
-40615990299
349669878726
44966832214
121700568322
-82783520297
22431722789
111046144547
-28010014972
372579080755
332784228130
9392893787
449001128797
65576960055
-25662062066
-3528398883
-18571461794
412024127960
337337512386
304363300974
329346681177
44653075856
-29164000024
352020493592
-62476257466
426628024954
-49846084288
256035923314
424715301324
344079118456
-41897774597
-28949303520
278144267312
430328518441
157418877402
67213752733
-59794107237
159579226779
-161303355026
41420329889
-137841678377
-196548629971
108775945505
232806729922
401504663006
230020502833
-111325671018
91538967115
208308241051
230255758465
98998620432
204255077936
-6982546608
17801739503
-172050983560
14985627198
67649996462
114724642751
381895736519
203470347815
426151222663
-181874190995
393837385733
-120074033118
33157824905
-66271696315
328406245219
52827042345
380951557634
328788535311
91671144333
309437881941
307558391925
394679932319
434585842078
86307685213
83881867941
-12408660654
342016544191
-48227892084
-19544941868
15790422128
391902506404
-176535636368
391199113867
292633086324
80113909596
50846972183
358891085703
-163739682261
20914097353
173068175523
31015459855
-95376584934
354379315568
-94711067431
63620761586
-30071157446
221266795468
-175892690141
-121462702034
76088785077
331290594289
310803936070
36700957880
405278032804
-138619202078
-36671782633
211116621690
26401502497
106001947883
390291869356
126706715694
411697005456
150074137761
-61110244563
144258544400
126214747210
28130727391
3396896840
13429299982
410434220032
342703411580
326846637555
396329215649
146479989200
368632747728
10704898074
403833384706
173898886566
346800496172
348055846081
297611260303
313822724548
-42141364845
-8883787522
14515220263
377065283427
313116040585
-155370415622
-89166077285
57188007253
43899435161
285071625576
30104747871
-148547152436
192551205805
331725618592
300176391823
148427770399
366589822322
-22152257843
328223071262
198853998851
-30600944347
72106717279
295748029541
-122248336827
69634575276
-9562988758
189752087152
-122678131799
-176538184363
240926898469
-90076515778
-230687815015
102354092551
149005928272
119191727524
355218158711
143895191356
311319938620
300456950272
306294447666
14871702707
151210436493
169432188841
352998224805
133749570320
-32260747954
-112921014994
271828592996
316638156008
-59421276659
188973294862
397226032220
-155433273349
193533656201
-148477877789
335632986603
315570908079
-34179341565
21229025539
186408572979
-8468115919
247098607966
345738264779
118347010146
88290598754
333887573620
11821486418
30911596416
424518731747
-133761543219
340667850281
279887423402
322723795162
54604414499
320136484696
6694807280
3388578540
34320707179
170131994461
-49630858422
248248671817
439688090322
-58433461488
361391526922
319906681084
-33003881293
-15267496345
452819941158
-1332527059
405304528525
-118906744513
-52414348699
-9938612933
53380963276
137375334413
-71633236178
226098073719
261754483758
310935559516
204402581454
411266661356
126679740775
33845291570
105271918764
-83484414740
188861506798
-147572647763
-85477083921
254405623323
7392076063
-129764831354
-49578019766
52000438514
372627033860
-87098518357
-45555308453
393268335856
366293618455
-117793188743
158209475970
40698946173
69592973953
-116306853567
-48250089266
342767332298
68983277612
-23422821193
-64132386900
-186862382475
-75229931427
49437570381
340542558528
106985907258
315789613227
-23577354719
-25139661400
436174950816
158386108870
334437705175
-22980732714
-30171157803
-126709836258
82919782129
363778460582
18182019022
-41381315500
61649409312
-126201825398
-76956653203
323744340224
-6106036110
-68950410187
158736804610
-41576569963
19486199223
-99745647569
385465660034
-205865937901
196724360829
329759566066
395720248154
374693617352
248474951095
-148375702036
376073156243
350770599213
278908905435
329951294705
348817888434
183304532835
403705162991
317738493031
94004479461
4643734586
397034860179
-4043479385
82559837146
15276023702
-66863822197
86291012931
-69132611616
104015406556
220461277041
25465298109
16223087193
161124067305
43669757888
962951631
-112681655050
377959956796
156450162823
47207987843
-4657652515
159217924923
79356946666
428060873180
362508105297
55632663116
278591299711
279665977379
305702755403
48768992975
337892424893
73647756076
-98457369893
377070902590
-55581260258
-69465230803
358267855438
-3245814452
208560844995
118004662176
132794406275
-25080588017
372541084728
410658576497
-15623210472
359673102231
323844837186
-9442514159
-96256637373
209639170817
9944715837
-197729422806
372752514249
9209941582
-81142293097
413037926017
328455670646
-22676885538
-12421504462
-152972541045
-35268321444
443139566734
75408492653
-67277886457
80608852116
332056119969
-23019208414
349199224195
411912107806
345727698858
-24523574002
-34575532844
-178103228131
297979115197
-67895194657
-18194100797
-60001879345
-105793776597
454066331388
362562806710
-24994012956
-83731948789
-166966238248
352436802143
-107993217428
85606079964
16584143678
244947904494
124542930684
7720644167
38986534461
-32424354511
424820490000
411809254946
-103895752352
307172077219
-35715877383
178372495647
-19059411891
282736616064
375670693797
-11331640417
289185965822
311856303322
-92738064116
294082427758
226665346324
335157443437
-172212859557
3950643791
265971629963
92875812896
152681901349
-49882785145
19178647660
-18560423628
44699623816
207727016295
391681037535
271676958041
191609033305
262813890263
256905553009
415943879784
51312924955
-30040967880
-17948840488
364195482866
213782548209
-123061578941
93967175695
342034977871
83277554892
62212078158
87625479058
369662317341
114632325840
303706487771
-23341183465
132947286855
322975432146
-32649280541
331586009975
264919178217
364757777381
275785647912
-80753689769
-170549838595
391362342694
-100234328707
313654014428
6755613948
-102318757471
185811430635
261721125214
-107200822439
163647214810
172008776868
387691453972
-107974311020
15154924828
357438001828
-4651326052
90500977709
-154889721867
-76556493958
-36997513383
460691078030
23589049124
407684262750
376769772655
56099131474
241829281888
-112547913324
-83345847186
276003405201
281695437845
314028217831
414425228291
155898716953
-47854956914
60825394585
72698107595
-74222233549
130962695079
9553330021
236036824030
-2007258627
303635156724
89802597186
6362381395
52730884941
430221638228
23985698859
418307312135
340013299113
409342987607
50874835781
371791016354
147244964596
19469734795
339551917103
433033505173
-11087203922
253732256747
318835686740
-106733476260
340506088484
9755649655
177707106819
-656234094
394456250400
-1175755301
256710794126
303617315798
265025187482
16850955813
-110757213228
73988156732
71670098408
280817192065
314032706955
461858613961
12656738517
114484163002
-168827022516
-181673250460
73237763652
7922610000
331019408885
-97923912340
58003168184
328306012584
-170666673824
334641915144
9849615757
31750199625
330332829507
313373093887
90461872529
225748754133
157083392952
322040168617
-1876556391
418668585590
336626286591
44019517552
399141211745
-10458732564
11358267644
-159397990557
-295635650
-117405908426
-132192676945
410898547053
-16325018201
-112193413328
64238939419
67151416052
344648523378
59851978119
334851912066
342619147331
-135260652201
-4146774500
-114737538612
-191888312965
-48234469798
152669250141
303045798567
-74875050273
79059393324
-7125953861
36926306629
-172435954225
-95138725311
48472616313
317400691209
331863224698
46349798843
302330178672
416202038832
322301612549
344636340100
29310697762
439284105708
-104176269073
-196093480974
464257134411
-60616990231
-76356343488
316224762355
369704841689
-14597221056
348318951977
-96602350165
-11652717881
42463385369
376285271712
-141896813078
5259319381
433627390640
31187629548
48465946140
-27909935194
38292222844
-90150554194
175904260574
294978453127
175807961945
328134733468
69479391008
398148570350
355430521088
308343202002
321042397144
320531814665
437662046759
-6559133400
288611359667
358596420336
-27529985585
302099763704
405872761229
340520988503
152425555255
3217931444
48250440604
40864381911
60323353513
-134001850950
-5289594039
342579070729
418907148310
176172419925
-42486181794
312189401022
381824579907
429061108541
3593234176
3651335451
252222295983
-24712161078
347514725673
-20637574615
63056835789
2174745489
-49347447902
-35912173499
-121280122993
133635475604
29373017194
312809692311
332603113359
335687026790
335844162570
58911479669
15118738972
-132448129952
2270664315
-75016016185
61581620639
117103025082
380377136882
433405102926
398356015031
345322883902
72067923924
335864796416
290463996705
26668858121
3678075142
394098030091
397783565688
-120050025763
-11676200509
-182631143151
1120255274
19635506551
62510395806
30247716903
-5428115047
313352119971
103958860022
-15293788840
52045876542
248651542833
41797359320
397789818092
54101677184
-44882104934
362415294233
322117806211
45696821417
31109585860
72451427675
-91140358578
10405621364
327413745445
302275192906
282420702613
-131380173276
61085778007
232136953623
156181672733
148134285281
310661262408
87026081361
310800532179
9870370248
397462217079
401459114665
293596277707
410379675434
-114647748247
351772362990
330966859233
-89346426044
-131279225443
413818685564
-36272045830
10244173644
-133978650016
406661260531
259118571071
270543238944
-34984601594
3056984079
411994495875
-152618484820
16939682329
344976122801
89537615372
-51310095236
208756165865
-9604105025
299167457693
17599870164
-74327219171
-4777141344
67781800041
21841686575
-45932388723
368473027390
324777124541
319742931542
-62813438726
-47727896272
437461106232
5750929528
-108177833593
81623752735
-47818596406
27562672495
289012831739
403850238522
347087191127
230220320007
271435742455
340328665397
-50816375886
-96222971613
-26552875937
238909754544
3884002113
39030441042
33727036483
-38880131470
289758264653
392132391924
-113308386143
20656842796
-18846665432
360514696346
432419438137
403343205938
323839979856
272795245736
-152532056471
472258328517
-4134013447
-69139369367
360286680474
-129508214900
4265756976
666549739
343090017310
281958766696
-68513687468
16032384446
352586250202
152603004598
-10862688216
431845475069
249991024812
-185577405928
261104374150
-28236916254
314193437271
318334014151
41830119494
-17489676408
425674213049
-138708691802
-130346453598
-33796796338
10231432758
207459952997
-29246443925
418900175456
-111961790369
53801030764
28581038590
-52116323374
64516773777
-14750329542
396559174920
-45944640090
402374273285
73868009214
302891377237
-125643083345
246165185492
317592634938
11865318827
168676264641
237006182641
334733523744
334329870681
126945337237
476772019678
331072018388
-1640046724
424318078011
281353443235
40612757568
-81134206949
271626693596
-22346132847
-162629988010
394382526502
-26347337152
319091375002
4323384841
151777317702
-115396430428
352980322794
28041191878
46260645605
-112364547592
-5574954002
-118560598227
355952827469
38521844189
10563101454
160695343130
13366820398
33054178497
-30751238383
79292071493
-28585171294
367217292224
10529563614
349473750016
-31907861347
-118116613507
87555908606
51068279581
-43838148617
242781162524
429715742924
19747795365
319490504737
387868216045
373689007968
349687446554
-96771425018
359515693456
118297662452
-77736590434
106715477702
160556303425
344505306748
-192469137199
291225169886
37012570720
-92928674348
279339060387
38910658697
329746022232
-75235344946
45584985804
425612552484
296607297973
156874598223
819384761
31741640959
313435034247
67785159845
-3624710731
-104968732821
-26505859578
153479654674
-76416712051
313151776201
-4780292302
-47522568543
7206590822
387217537757
92458293768
207834938040
71446937206
-96767471244
386635232626
-183559252582
-25511382899
-103822792875
462216797500
-170303170738
-27888130768
-112236674633
-101282331599
26303559299
138513606158
74092791771
169806603741
-125057502110
36746118224
217241320815
316108106519
52094843251
-9848782178
-42248864892
4418553174
394460984524
-11370005936
-12743124387
165164937962
-3845396664
-83574712696
6697347775
-22500177193
141561386796
-37826885740
75515830803
385803431466
-31316182045
80496033061
-83149743321
-56734056443
-31611496728
5512321556
323983407715
-45974993241
233997706957
22141143624
229600185962
320372729567
300096762453
334179543796
347651043824
422541587990
69463239880
21677966482
26019175649
404267004143
378893929078
-13868706548
-21547136838
-118295775148
-188407693381
250166603765
-29699683909
18572798468
76924027160
-122748508773
53899944329
59296890507
-464730932
73369817818
-76920170012
-137725364771
255797859197
77867944287
361076812796
-5883223784
-20476259933
-122795746348
43115556261
433582405509
386310947271
-85515077299
-56864576526
404792507192
62417162737
342939260171
-179903829371
24060626362
33463531481
24510787629
-109318862222
336248556607
563702840
256909059484
-15307188177
221925568424
86738039814
40065704027
912365339
1459793810
-85138459726
47953927809
356523417186
-156410844627
152261952867
36244129741
341741998200
-12055725506
-63652575765
-47602120045
309256166627
285374063191
431399045541
394428861269
-20749303505
-74895677227
207617531671
-28626863266
163894672825
312066085226
298753665052
-8003412305
-103831195527
-140648523519
-18391269120
57257927157
-29835155174
13067556599
110172506755
78173049681
40488625210
321250375096
236268039322
101923056187
133122687466
155163495181
-9554205953
53442473554
32695773829
68691384156
18876523219
13987368964
93600976334
68996820471
329535701354
-94871959233
-137322893110
-117086021477
38202542043
-188056135145
-90350531974
435872166530
-4282633324
229968408290
349170468742
-100097895255
323713555721
399513422141
-37468573465
338816112170
-9327300980
13182744702
341215845737
11830798380
58416745369
296854785731
-215930214376
-135780282110
339020054324
4539905235
328703910389
-115797820515
358199298122
440867346782
43042009073
294333255548
-36873198905
-170248336207
-181286341123
-116172915293
255614117404
343003165483
295766426676
-116198576428
-120020544665
420866390611
-20075199050
242852718023
206946209538
406720514456
-148644261044
332664106619
16190340022
-27373240952
-145881603448
396529700552
62352175376
254900763582
107294661084
281597672033
325282548673
319555926541
26976748111
394683245986
-193341208711
54438396436
-2072759139
46612651498
-525260986
-7355740503
-74265255970
49800821998
-65715108304
377087424895
230273155110
330903995052
-150082689013
-13563743525
422124189412
13028772473
-32327224401
204438848772
-20621531827
76947635368
416723312714
371822916674
-114382014993
75365353634
-21202766362
232685705904
-9526674868
396583166111
295930310853
246164521261
31475810059
320181200262
162829963286
333361669473
73667364878
414876598318
14375227746
188701128108
325863566309
92571877793
-12818004858
22831409207
240123527670
314041190700
332476976802
40871618038
21630625612
49815110140
327326967307
-30132542939
293986060418
183133726942
402680758640
264030752056
401867614990
112307584734
166345838050
-17740592743
366008351571
18898382628
64305074025
-91137630123
384935191820
1529402865
-107091602169
17498500952
21724600345
-54540785503
343970710424
-57363144285
-11508382791
-23892057303
39999821884
-56465148682
163688465721
-80499364149
93817786748
124947584567
331916939303
395159803963
392443614837
70148849075
-8079754315
15205436837
33893528278
-77944539012
390337989132
290649867359
-175537337050
344022598554
151108344497
-96848848482
2850532169
80782859469
-23922468591
-136828942251
316890217671
90232035623
212332430160
332019134978
54806494582
-89207906161
393464547176
-15210673986
44161087957
-131698285777
-11968944726
379039750
197364799912
-153475383384
-113441696095
-136348328614
21878963401
336430930330
51848967176
334796805902
353329670021
-78089867058
-160209549163
60123153489
418171672828
121584496735
323819509213
356152625772
95354667401
342413645555
107274926122
82563388115
-147119882085
282721818859
425038718323
331293325645
23466283793
-22157369036
462413919143
-147359480879
245919972240
49833599683
309966599564
302229682677
-26285268494
291125385976
73806763867
459741176093
79459995390
239400776427
24993057009
282550682020
211283309646
305400749492
399451514713
-100410627993
300797496942
185112193290
50298290509
188428553976
227634309007
441915960089
15955765019
-4783028747
44904164287
336024265384
-12616970007
-162772300005
-62091380657
317599812244
238298693105
-30169402618
13390698735
116749788746
-19256638510
28334744401
401150286078
-159544466635
109201570042
-27897884915
58129963862
-3300620953
223079013418
-87308278652
369656447256
-35174988194
357281509099
212473649092
20122550466
-24894353238
4074137701
-114041104836
-74036285921
-19931557300
471467264999
8666866793
9432349004
14614213197
-154290232815
-13738346444
-41094495518
22131857896
93063387454
236147301653
80106255346
345513516404
293886011362
346463325630
-129462711112
401158730586
147177710797
50082887936
-111028850398
-123327331707
335695288435
-63309568259
337175216460
-160992270099
368884700753
56971682014
-83710703392
4211672861
100268400686
-78636756095
-25728699704
34147367400
125212043522
-12530863360
-55050442661
306600152079
-15953265099
22948916345
-116179604555
291955756481
93559962691
-105303181000
414620666287
-202789830621
402614806105
10731083205
2372391339
-122332395537
140363677821
107109884302
-25642807778
-133084094649
49191502443
296352868501
-45124963004
-47739592057
-59179750052
402660131283
-186233326652
-128366901841
64014996614
82248977070
-30168478672
-136437862520
234002546238
-71834827711
73907833396
-128575569175
-2715212396
-43360326999
-48554695807
27666266617
309323890613
389687476042
283023326912
46519635812
6810081207
414516064585
273361963917
373371908908
5692436745
35596975243
90240040169
12189281297
364956958687
-88700493343
103360729465
372906980996
306123922714
76686359807
395857959954
78107801405
39648888930
388956778553
-45392751869
321357965556
311702436227
-4468575769
-124625606368
410883536592
13745798036
179150923679
83399905685
312087776574
409535264256
-135126346773
406839343261
144831710420
333481660978
139659661713
-31471036171
75328955187
-85103327525
336455660540
-138660652910
346776043238
-70127036620
319660241495
-88693530921
-97318559699
157157750320
-214713472443
-9482180029
202550517135
170512922904
-3699966800
417059228905
9934473012
-25277018139
262811740433
-25453099040
254865715104
-4376478347
11282631070
308368190786
279423336363
280678959686
215127994091
1063365606
50887050159
3236924767
178439749875
-13033691578
189848887224
321952805971
57771368555
262827172483
-32007116240
426502858906
36636132203
217811712486
-61951778347
395667232709
498312266
311313611747
-99103676996
68763489662
138762660978
175233059529
323743524526
32218190206
175111369286
10157777862
44454491605
-57899571503
124914931342
-32239116778
258153476133
321419634474
302406288024
-94442291085
38275395590
110399701
-152165298893
52389418564
16260514110
-72587633247
-144123107708
187466319438
-73037073631
280213775269
300641285318
-40702577045
40917515415
313551676042
31201821201
-36042279658
-30053052071
425415367062
133042806504
-16158949065
46100589460
70770202452
-94559411383
-116087390267
124511770051
-36157434639
35801628242
-66602083539
141246829130
-115297511942
-49509286575
-15882431396
-8754028160
288961927618
25002067047
-39547446431
160700261861
339559490193
17948425159
357810646907
324572345279
300771838123
246456815927
-134068654080
79783308987
173278539872
64287907655
80073058367
-22285481185
306397664966
-31134527312
4200491872
409027021534
84736852677
409926085435
368395723858
-40426784121
-133547581172
62682251747
15889888480
328510860149
28639781458
57076036701
-39542189141
301610872825
237557094248
150952607639
234551233839
-66136136263
329144830132
-1323136337
29718876057
91959340513
-152360549753
410992444768
254174664015
345912676619
-80526383490
194337400727
-21866260836
-38076884307
-141403445028
412380590405
-115797820515
-72244796299
84318203659
150708129149
404122089122
-72581480603
423790140634
-15972847089
317633724901
4924335034
169942988873
-3389949723
365132317561
93455527012
54778574655
411958301132
-5826404356
395887279190
424090511685
-165085576059
22587633285
-55041201228
361900163004
59498154461
300447296960
214517178064
353638897338
425778445120
-9730472182
335175585454
283001792884
89614122719
43422937376
-38319641128
-67633383704
353634492093
-45825934688
51728042392
106746965570
-206648867859
-163749205134
5448481076
90278953696
-136003518853
-118251153023
123471772011
84699652199
179373442172
-116462898662
145943518587
159141059915
325010504442
-137228266013
-173266472943
-86693503459
31609394218
322634137168
-130436801302
-125189027143
419069110123
395010137906
211450107495
400620866762
339243788813
153757064674
58008687122
123119060205
56362000237
394505944455
192035773605
-46436294785
-46143766373
76357991466
121671591499
47077489175
391011567546
304924912835
284280743928
42667066138
396234182335
-112494439014
319191310595
419003731396
22528299641
-36630079287
68204777414
-104393768626
53826589265
-23403714578
422148404518
-68056037175
396297093170
-191510543880
95344014779
217427701093
-91937355100
153412916598
304496513494
349868741172
-82878059493
11811364214
397658409293
9854072194
-62925253356
-6857220340
7940705664
148912536144
39290794632
-55632824397
402543729343
-139537003190
84243100273
5615182338
65109970634
-97314308118
155665986250
-11589791846
381545313678
377064066153
-141236622046
369974065542
459999065855
-29468250616
-37308376624
-23761059825
40254375381
162147573455
355101348310
-169254420770
-115797145851
-56652314889
86645525033
40453003327
30539028579
67817926942
-119370126129
-148943831398
285510578719
-173042626738
446615175506
111809865908
325961155226
350622735652
378564654810
-47679737709
42239571550
44189336794
361258332692
-4474436253
59609027767
243830505119
405266594962
7479341651
-40116643026
10444341424
260165396309
-11833875458
15199305414
-74972075843
-167466156230
364392640576
-7444736616
40410688768
35063719824
54376229866
83800180500
11567379648
267173836756
-11806228460
86546066249
339682648125
293687059098
50564079879
449751706195
319664537589
-47808388544
-66481010403
310279324205
20941457682
301603863926
181076851726
28716018598
323394463472
45360048666
339957681598
-50309576808
9041737089
-8792044282
94205250823
341273979894
76468617621
16499891282
428647342692
-110026427533
218846433061
51417154979
290003282123
309890511845
-27263512250
369680879673
42547590613
176370014503
150220636597
411212683553
-143457773981
-45503398405
184397403073
50070605968
-100473960633
-37239410006
387320577332
321800443886
41547878719
-80614909458
-78062055592
169818111047
-126063250980
-48719792609
31292778936
397764866910
420764823978
59122602486
92348586839
347006066311
385293045026
317510127996
21538079069
-15936133320
57111761916
277164984087
-77550254341
70537805707
13193485712
21266740766
-110135789411
59389389436
11731411010
18032948981
9650389130
333548562773
352202371597
250551721628
-99150122296
445784901971
-189153582690
297822761147
226867193988
74212618354
-76716442358
413173251796
54793823723
4478486396
-109769682232
190959112123
42338219039
219115646337
108925293624
-177426225866
-109817162746
406874107424
233977784140
49570239309
71549773553
294637129062
382799209553
383218163966
108486073840
304232733658
144961396602
-67812726745
59047608557
39068273039
282770409797
56313376747
-2502505811
65137278308
3169372120
-112324351285
121019097471
326711147725
82754794836
123954368837
-28846192220
8275209098
73551492877
370897506929
-6850139644
24431540619
88503206505
256713151981
72394793339
4571793140
-144262185047
399960890981
307306297478
18024944434
339051455706
-31492876764
-140841274164
-6373602975
-94693609743
250276917556
269910377336
6053159206
48435468730
408473460556
371118138012
422511088001
88278646841
91457542598
-33186748892
384929566615
347833633444
4943758229
-47364840274
303879746990
53080705489
419230590278
51276752456
344648523378
-13630239896
434736752104
-3130967850
349088515259
108311962450
-103622215798
39395805370
306050331759
339412361164
-108268880108
49741690127
10400456023
-11825666436
354982308619
277424991210
-108702457742
-15987373423
31584791129
427500099441
102444234478
-94743840335
60065877136
104582399625
-87735425458
-123365788960
52744977779
200425322941
132596137598
198058928685
266599891345
300077136027
-81070561380
318617596853
392136788165
58520026125
340086347097
-137684177060
83484199153
3410645334
-17166635062
-46571345999
335315117734
233020183324
413173251796
393120841167
44633880643
82539180486
331034543714
347019084893
-97487370403
71965687964
324759035080
67612755799
41967308221
359758738540
51277638943
307278763952
148476009995
327192935293
76845608111
68552263340
76962984990
195019543829
385259710428
-64353532337
-24145012497
20115127657
364780482542
404485069534
449691766547
76318522028
14033817374
396941946460
-118458708875
364821499059
-26723556569
9186768046
-45017731782
-109484516678
-111482284952
79224278007
-154158171585
-132686799184
233477253118
70316982371
321767375691
356782661518
3543905700
453059856297
77569962565
-147591868904
-54936408344
53387376879
207265410362
40603139828
-63426402435
218186927776
143387742461
310267445304
-81670706590
-89675593311
384584260208
56285381656
162609955674
181182763400
-16045248286
23340400373
-103506951930
-4486904576
122117896163
-151226615455
-11944027107
138626650575
-22731422445
168892146472
-72525552857
82369617354
325007099656
-163714027762
279449978924
68034296945
2618992139
-78549453112
47877754390
-110109061698
22626405694
404625826544
12217918509
46003987559
289324800295
-145899627921
1970953297
388606168054
46730721843
322855170457
66124164024
-19544461708
204234967739
356254956532
-116566242114
165074287315
13374310938
-96710548401
415561977317
50901179346
28461478654
76269775340
-133363086951
114334109942
365536842663
31509381138
52841146440
-1581647104
-45104638737
79065659720
340718708006
298736570393
-87993217803
204897238775
50923450816
154185083446
203556568435
68060599956
362497302023
265208013037
419604018055
377134099548
-69323312344
57270303731
158808582793
67905083762
5738610366
325138238466
-10938093285
60265029489
-100856296053
197641949014
-15561195582
-50374159112
-7870471701
220066218160
151590158799
305922175743
-73326824598
290592431564
170289414562
415311776086
-28092385052
295648198070
13238570367
56954303276
281795904563
-76162284070
321020075110
38445141665
328485708194
-105652069974
-21541811174
344665716210
197313028407
32637219481
138901290983
304993418404
172196647502
369724044523
420185622370
415123636668
133792390241
94809529236
50156329929
372093835614
28999489304
341943308227
-123886312864
-80375212386
-32110147498
78932804676
65003990191
135225945973
266591130640
192990816157
326333945286
357391850916
261889980632
16466572450
333635188319
26990639911
58084854524
53448998878
280724639875
-26972815278
-32463903390
359728197487
120062865113
1873137450
469609560045
68893366253
387149081233
-101885036433
392931498246
70604867704
302296861816
91029173010
285363422789
107046927355
-100432467746
346623211802
-2142308604
8042172256
-24688540354
84364954783
-61721017941
26140650724
373026141241
26684209640
-101277563493
423789310036
335447595476
151712031033
-53889495758
248957482223
-145519674330
169845104769
-154049832976
248718454488
-32880263824
157476341471
27389166552
330181213910
32685262946
-24745475876
104012628643
83517387954
404906527930
-140278588171
-31784323162
-101757500280
324933901383
-23101166752
207627679093
-170767078420
-35129579474
122817400139
48123393045
-55686874031
57651989413
-49729954735
355764373997
321104736796
74850893033
259182751396
394155302740
10277090644
31637842847
394036380129
119918430471
307358449080
29484453476
315221637558
-132351265063
355391269714
333469021032
-75831057700
380307065351
-143861813718
138448637156
388149502898
2315194867
-121289762757
179771192024
44978443348
69001430900
379648091988
107535226986
392253622157
409258244481
23554811020
93762461746
318907529063
372234271493
317434007657
274841475978
230743631813
21789673901
375647208094
67357300084
13661679293
59672035900
396681308604
69421816178
-39921420024
308609216108
260279272963
355142155834
42883796305
58228872433
20240325222
268753710446
300528764702
69589308470
33493831029
233268274023
79080936528
38721461776
14640423963
312938407836
155229638240
-22649041289
-139004585602
82570836660
250127368868
43889125410
-55193975121
36910603403
-105908692466
292655074637
47560789916
-84049573464
-12930046179
402341708995
335157789079
277610855191
24552865623
12328558387
305749721037
231228039614
-147510382765
32927068583
237983386289
-120554707673
30876374725
311668180716
250063268895
84210759551
335085565396
409588695457
-84519178096
-90558827641
350320668716
259388512187
368219139031
413736577302
326647761185
137209903985
347014042413
-82811419770
303292679637
365531386360
102088157102
10002400080
355425325969
62522927966
387284894649
360135884404
362234639379
-26819786662
392480560099
-93084213722
36065922093
151613726500
393621879205
388832919782
87549681049
21123539092
388193947823
172060522356
-39626111107
116237338136
-8506675868
-205697786795
51879991036
350812222859
117466673739
-145329303753
-129732776796
140487278462
340914681823
-4293956073
16953155477
394779174322
72609266308
81276271036
357781238938
-76884349904
418488063242
364718331513
5431716583
-347228859
68761920644
-123823228567
-151157262176
-30490806581
15446337190
-24178463406
356848722870
115886653949
-65762540677
278687902259
-179802040965
398582016567
41208067191
417977511768
-7695653987
90141050132
322632551099
196683167180
238786563165
-47916417817
341270680637
79695740390
-83558816861
-142562664085
-23314699902
-82428089571
419805105758
43854704838
-11959622433
-23417512591
23204723674
-31929329667
245074842805
57304433770
37495483691
-8073987727
65766558642
424823554329
305411726217
-1848086574
-71969189120
-196597512340
362211871330
-85805044939
-55887156172
338288587650
397677810975
344238683383
88206565924
358357692658
388092373940
408576496801
-101073129939
-66635094192
-4718791172
-45577945043
-107493816209
72542650983
306478419504
398213601281
175162869698
-46733071936
172052308349
-156975191394
91351113935
133358385502
352579515569
-24828268882
-5397195626
-104887935352
-60297532816
316854320100
130965359242
345565154601
184935125625
299274997450
64680968105
-8094221240
-59724573479
27238539131
-87092649666
-35976725845
-136806264286
-93428712465
135936739036
10339794212
122056562645
288969772920
217181051671
461884892460
-67440646591
-10043767184
152921301062
-57015755744
177483617831
59747292335
78080264234
-35274360695
-37331848397
-36760366504
-8273987282
190480175946
12166301038
304981730481
376782017117
451161431260
79284138786
330858153588
164071215281
17350308241
401375590298
274077683823
-10606996789
-63197407864
-12014354719
63395946801
-43456117649
-73222003340
403313711075
82900937242
57095127060
228814862062
-16082140287
384191516229
376473433941
318890805823
317547906272
396724989735
133867873772
268780299453
172824387686
103575447935
-94817171728
-71964771266
-146318538049
-1367744562
-85546831365
92406251691
-2073970956
144173280201
131841212783
-181078941923
-102196540626
-74079577914
178210045676
231466629619
167212236583
-21043910556
186012377748
227907149802
362632694795
15210628433
115697496564
-44637919928
60960370107
184836807201
56122997484
388020405417
-86263323671
-21556878972
54721140196
-52921021866
35162241418
-76939082406
385106578422
12770718506
119130094576
-28001736479
305969292401
260280863010
52884791142
53428722665
-172281264677
180022097162
322742922429
-15555074432
352728711918
284398398540
263822771
47111984783
4452738493
-110272199774
44291584220
75054308889
-173647285045
295148021087
-69750492118
354332863203
295950021561
-44656050024
462168212711
5004471245
41002281819
177155968945
324083730041
-76001161979
-117649116308
-32138374151
-5230336898
59603930289
370123669131
280977311825
27705446358
59967311551
381300552202
-124842836497
409927187309
-164690494666
387856509129
-67643220342
260009692285
204141716089
148915831643
338870438809
48810726458
-86027335575
21807713450
-178428138348
43158276192
148862027599
360696674233
-17795966425
374846065142
432292102693
46334996114
-41941214548
-42181984324
-14473259769
31472629009
-115821361761
-66573276485
-107446480808
334795158872
332776945179
354919464572
168827989202
137649913953
-60179045224
-65944096363
-20097128470
21276440765
23267279011
-93836427754
391167820864
319189295457
32669225169
249385384004
108701912403
-17014898244
261608709911
170892792221
71155392227
19146928483
73032335515
-79348259688
-19393046970
90413821373
392188569811
-200888642509
-2987467973
121432744712
75860954754
417453589360
332722499721
-29511805420
385420682410
-49199492774
149781135380
2232198758
141830135652
399638813365
-28854344385
-37735145337
-88207045178
103237914523
-14478742629
2374356485
18878585573
-14170382654
229666837884
-163453626476
415789921153
42736141806
-166893965389
363475288245
197832534331
323266573245
408215608009
31757284589
325046195474
19271704582
77057671987
79184489432
108606745798
-133676668863
-5793764005
142831395488
52480469399
-146755282939
356341398494
53777909408
355502957106
-73883548100
-109815858509
369317080485
-116268128911
308103852343
-157445010636
258211814248
-2757709503
378367673479
20186271930
29090434190
63254604297
241798904173
15064307229
303610231803
37554544054
-109477188039
391975742172
323554223233
-37052233922
-192989547286
37671426752
-63543438751
66904798875
-109822507502
331907674782
245139764274
171136182296
-80185149676
281759849089
-99184752549
174778442158
205656981243
60881054036
412281529691
416262371941
-16567222356
378331340028
71303164841
298749666407
14387266338
468402658375
-43788306740
188361051623
44880535855
143548555440
-137751790032
334650682947
-74621950900
426424249421
-82812911509
436387907745
-115257537971
39328188269
-186012901008
-73739413653
-87098388801
347906396492
386005173721
337226649031
394042837076
22173748613
-12867984813
320487643586
31587506163
300932560650
335827234847
2309482681
76889516337
-109612573952
306593951403
14734991856
-5123348420
408506915481
6289902201
337292274051
307585382797
139395278684
298027486095
312211502632
357339226914
309385951632
415453610069
61764304315
460601358091
45881398488
399174008782
36910186369
42326424873
170480246961
-25122030957
-150417317304
353884990350
282610536459
-104468253204
-138452785285
278363263522
56412752336
59272478574
319891118265
335611927211
366105245311
331352475387
312310922749
291583951455
53783955063
56778914314
-53774464235
372910895918
319809254276
203533269484
92479061693
383504525661
349424122068
247792451249
54732155219
80647566832
-1510821848
323582222939
220374716014
171477126898
21451239544
286198496822
-26710641381
-109591542663
374542419729
258515829721
22822333953
-88893376956
-7182538044
-143342851668
-24136170852
8502303447
431174462149
322334582518
-158128782414
-89814771927
-100536249328
-56095297682
-32258708125
30888265419
369943382564
85636961423
-9731117546
184509352188
198603864495
140191203608
388988810241
-4557920304
-114490155167
6766169760
134595870874
35709661355
-121797350603
153994460182
320004787699
-71688224918
54068173194
37774003409
4306482580
156817377331
294417447611
-163245752746
-2536443866
372255998376
-94760929052
-12363173895
108383510804
-5859540235
268002289886
69520494045
-51078637805
-3098918588
-15724874370
326090471165
-55041811360
-60418318147
417997349055
287998095476
396484678836
-16432376178
34212123857
-940437558
291457314684
332127269710
-48458281997
205600637694
-2124370840
252543249858
71945224234
323022289289
-74502940725
432924336616
-59495094006
71178086249
335700640494
-64810595111
-160713867619
43129728581
104343708820
317276982057
-155458461655
317264268662
-129408337209
108438609441
-122937324598
-51064117425
885371582
77991419561
304024473381
56588607866
-70166807059
161892524055
394760037624
406966124380
28150598909
37288333711
159204942005
38251539611
-156108370974
325218103158
23862198835
75504741270
38734021893
400134608129
-59943491551
410637444822
-80776807077
7511385505
-49153567045
313992908040
-97544466049
290803957355
50670154334
-23679756302
372081935751
127927143345
316309669407
368197124437
56645811157
-55123738169
-68464600253
279253522821
75588185363
-100090252312
53836371462
-45803247649
329618494503
358780759573
14163346836
-41808706965
-181670376234
-22915972977
403346904893
-67060104588
-29090671929
24861916668
197299531703
14872328235
-7862983736
-120798856251
-105959173988
387616260703
-20071689890
334375401519
65736595082
-25054368684
44044430929
-94380974024
321032648221
357628839643
142976555087
168447552317
-21767557278
25554374184
160684808960
31829061635
-23849247234
-48783153430
-128176676868
267235469122
79008584488
396886051036
325876408396
205034184069
234764260694
-67427250386
23633359540
328183783263
-71672964617
296654868762
405756026579
465661963709
424974778394
-100485418981
-22824570393
50999530292
28315345639
158485577826
287084350193
-21022817834
-20582571998
30502160700
352235706581
51074821143
20477722135
-23487670990
311391724226
71520748281
272056398527
288470429015
-124011726090
-65508484117
313014063133
-87188775450
-61543852415
382788270529
92711869004
-60008218678
132276515742
-27371896471
-51023609687
334136385230
147058039831
-110728610338
-11903813104
-26353567198
-104771928426
338551175775
-89904641911
214592122269
48341947185
-98478644329
27594580382
-108124436876
55253993432
325541826367
-59773347917
-178979115818
68768757665
-29876152090
-44141050331
-46382114738
348485528235
-189517401382
305842259259
65097287360
39739139481
264665491741
117954725276
15450486219
109795798175
398922791165
422531574691
378647696039
-74725449168
373996017907
-151335324015
-120405630596
-6387908793
-90791690297
65425806020
-121079449898
-4323909929
-65307731635
426185400769
-69781990028
-74551029157
-29345721016
-38057389698
172551874327
360602118634
12198644972
-184723998967
319169822828
-112645290533
49895211364
452800775030
91075690462
416745764978
-22962352778
180274983362
213360027806
-127772127060
164182824479
453155237506
-44871320721
372984937512
22463329169
114905984605
-103101128704
-20588002929
-104046045453
41899198998
5308397220
332862044498
24841154420
-27851451860
147960928370
-69015356311
-56769412138
136817438249
-175972291071
413280533386
-41661541104
-114227421162
298889625812
91610810538
72226559668
331294902061
314039289465
418715816024
150107691544
92826011669
52550887019
265905286352
116369457475
241434639815
1492685440
-98802341411
336847550262
7676796899
87344265834
-99499720204
-25338445644
135079498703
-117441494776
-77950791389
-91514806241
80100544970
-19742976603
224534105133
-148878759766
-66733002112
-186644022044
104861824163
91448753621
191465176866
-46374005866
445408605362
282246361434
333188812301
-183673598673
-9167294150
350367365760
-102233117603
300433494154
412643879767
-19875105357
338581640248
-1731375032
82971105180
105405466514
-97546607433
-16276502514
293062892403
2881649953
328046244910
252063572409
315011627653
-126555665942
68818477178
-110082858767
307913904374
151474984289
-15561315647
-7439107931
276144001812
-110961534394
89160504459
-168680850368
50305920686
-65474791009
170068630214
-174840486
50275344946
12465247887
320277074886
363314148291
271758328636
64644179011
333277040989
383713816184
-115279572811
-106115799262
164964122892
359364201064
-123840715939
-19326984342
63302514239
351080053942
173539828460
-56515552476
53990840179
249658197613
297872064429
-15505346971
195851200869
44444417997
-1366629336
-30325932361
320836566280
392591165853
168881501135
178272581373
102706509502
127821575266
90448339311
-116164192335
107468335441
-81895835427
22593714752
-177958206807
-12262971607
-23520515158
37526091954
327099123565
-190424186037
289120154341
64585655628
239807853567
-21437762355
152022096373
-103266758451
-41444585233
-27147002555
46614409824
105611175076
-31478395074
406296829743
-3037665320
-86791238233
-185810357988
-9385177805
-74854293336
356752092643
315380390197
942314193
-30803779335
-97102122636
395639688416
262682661083
-7719716386
14329187738
339593693820
320627646348
-62029910348
225452930755
145885838143
-37043138592
333737672585
246603654813
375301801583
91257068436
31618202951
382676713715
337110264276
373760023541
-46621917166
-109175256163
25110144113
416488240814
127668995177
18756823971
46562740987
-93758369596
59935359560
370579741502
-92339398077
65673235451
-136992345479
233114436276
-73492320592
-68743067097
185810273374
-62587903254
10969913402
319745345217
335766176772
59972570119
12300986559
274899602825
153707850523
93079809930
42212646971
311368752850
-102884119743
281777323197
37524675384
150581659443
-124206081929
245948259854
-125117737780
7517090962
60322168016
73574112688
245188714712
426226916399
247353911531
11720384288
-114237852541
49183905
349661685960
110917276208
9438457284
24168172897
-60098821260
-117433625215
-8387914933
-164390682297
280909915730
155051915870
-138106029518
-65981696363
359397140121
9712624563
4815353010
-41501884016
237468415770
151749166225
-100099028594
293759154010
140293274253
372931487836
247297950394
-58425085819
28779446734
-105723899238
-60167436648
33460349269
315503325166
53367361922
359180276188
149629248882
56548096978
348639765643
103605820721
361112160086
318285480766
52963441948
-18727909085
-43279251566
303936219940
-163847280644
16758928889
288527316808
272800138
85111233207
-79086674058
18835499234
-15588965258
-168185473385
-211600495900
379598716325
-50147995072
184404681867
36290444012
-20819460602
-7289462288
-5785313595
-420614434
29810981080
334974972760
55958410281
303831934341
-41457530809
317051686640
319060310148
-118736213487
29434168504
15625635203
401010341770
-12233978268
7996552455
44513266702
-7716877081
41759901464
-150617543198
-129238081797
353070966214
415443993898
335511090506
327399476836
-27586244226
328146081858
217086307480
84787219958
7833125592
44622079679
273175613006
12684519613
-24292296063
-50597749070
-41492315847
55490062567
-63338589843
42388483459
56666651829
65835693485
16327939870
301191914177
398986681561
-118042138498
-76227007769
80255520902
35993208760
165816551774
-140604297149
328166768985
-6747421523
-131130146789
72236543000
317084750300
327433612224
140736242836
-274722200
383564185296
289745311661
-61360493205
-3548113357
-19027434123
402406632543
38888065668
373845118803
-20197786900
-161379821460
6120400293
194185779149
230992599743
-91264315922
3128283942
388942088020
65894686426
66403086184
335546708778
320884291642
373393909103
-20646856144
44559766669
18862687337
-14152143453
-149770869787
316865069921
74763802015
-29744721949
172427533215
313365608407
132116296990
30537218176
137578081028
145853629147
-2281506440
68611152421
34159507470
2073828806
-129740354618
311877478872
119653808498
464031980117
350780355228
316681537689
98725496067
51447539803
-81713864641
361946736450
331531306644
118844491206
430382497738
-112806326874
-172956014901
304438474683
407798653263
84364954783
416082757665
45805434270
-16074713127
69674710724
-109264634205
-134729239915
-128165848064
319266757651
-10765421370
36365312319
-42587908761
-227019638520
50563841126
189214066733
325034309609
10648559304
-74601434032
339154606350
79905282887
-14151387283
51537384307
-180831076458
370539150209
205087301623
-11616212430
-84727804126
55920843875
2641840857
415780193873
169578954880
-156952600287
42743254911
-56874804499
-161501055869
-81630138666
49697859392
-71293586470
27469425799
406971317675
395770776749
433686369321
54152815268
28595175614
20035726664
-108941225095
13041113531
66710531336
14009466866
-1272317674
-73842112503
-51887599740
412796530199
454429142427
399949043143
428915004583
-107933645272
83287600973
147130578538
41315291577
347718370582
320507517143
-34870728888
347285488531
264410567602
80535113107
-24813871557
379476136491
240089103639
412250267221
11358420073
-25613585442
76312537681
-7082401784
51617021947
413617984717
144751432783
269685677349
267747261610
303331630985
-47072601903
52696186459
-31324990076
73694588070
-81715415644
40217374292
435577031183
27014183003
7011511632
337936562289
432700626171
311331619978
220003546275
-45143436444
-120029784891
465816586746
-8322027323
325239312484
118241507086
323550884852
50058973706
-7064140138
-59454121539
261810334488
352372125893
53632249884
365211389616
49703766787
422269224349
-12914338443
-87148509563
331707576077
-1416468759
353657879224
292634493506
-24014710776
12659557818
-9066807243
108684046210
49217296424
-194379343848
363491937595
347678815270
169544884266
382028604870
106357282126
-20800788164
302352918287
357731945990
-90826148459
-149790715823
9337208531
312449737026
322860067484
349374798383
58802594091
84828121774
339214415614
298324749349
82140409158
-9827938834
-18572072379
-90555400325
347030657612
118081709439
-113366328338
350146477037
-85366948781
347122314855
344429935790
-91471011650
-135304332372
-111725855752
399813962378
79906989385
188221831874
-3771909830
66867658502
376466357198
328348582277
464669395355
314367947851
-46038014072
309489087165
55435201224
395542755253
351260949035
256114037752
-72866080729
384881512290
-44239522071
-16702015231
212754411261
13049085626
393566010273
321724904120
-94140938942
299623988199
-79197729465
-111635642693
372433824892
-27168168955
-18622594730
60510043810
-88223069133
341829178268
-11653223482
149412577202
-63832792530
165598211948
-44485634395
-141246740254
304367830782
109850223560
388162738411
356687884088
28776649311
-139979296019
351581926321
-100524122301
-116777537784
61955437796
-105175602423
-113127221189
419028123238
138422848676
244070448337
19876267689
397070094813
-49516746637
-25906839076
-35095095404
37739807658
44474409094
-56985061272
330745129300
131569002615
47252260324
303973113148
308513758610
324970494708
4748116459
-118002277456
352778040127
-58098019196
-19747432003
40569954766
-71203507085
-68463814542
-21130139868
406633664248
-19421959416
19509258317
63102922689
-36013975231
31360159106
363572880695
373801417649
286438494033
-129321958096
-7481859472
-127367597708
-6345637518
293922989793
-135934356466
-163803894491
215163740713
46463595734
5346317593
-42505065458
333447143199
323939788658
415853245958
141958138832
-70710037599
57425027762
424622393670
314296142382
102047574552
381629973059
315672844868
-106138324650
224502922751
85521441030
-165947219799
-60308391468
-26239246945
324594207454
382125765949
-108129204549
83264544003
305345453714
40232968967
229354212707
58425670535
276838888749
369250297249
359815937299
402038340655
-106436786607
-14497017316
256895140667
49078745836
47033051447
301962465994
398309740970
124175408009
67961386194
171021724868
-34348059365
-163368678847
242033546840
71350667891
334905723721
161790425631
-193321249974
96036103457
337010299491
-82381749226
44969618159
41279510464
11906668767
-15338521632
49973300897
-89080226991
-24378446532
22041836337
-83538717542
169783242638
-41078921405
10832603487
309300779295
383697376225
16840610158
327570737977
-49268523875
145214483701
92287768821
-68180405961
22276464270
314833928902
258767035062
360403896692
-163069022009
425903087981
413092725591
10181909400
-47712823162
338690873394
133598301892
50603549557
-115362950808
262715641996
-44140897615
-79454900574
378008399003
343680144332
-24353349059
280634183333
-29876037233
-88722314561
433033505173
-116801047454
15514705908
388273829146
-34131968508
245234955500
209785193314
13737890742
299625625054
-109686239310
324060325496
-73348677322
35628933284
354375536119
88791732232
220986276691
382188792450
460259501215
376241199236
-53830005124
-24605220616
-28790321839
21122486652
46131958945
291219050630
367592473157
352488940515
350023311380
353424433499
314624031138
30501726810
347666625109
20228439740
383400636784
335453149085
67258829822
-175732255500
-95334174127
-73550937491
124358384043
54982699189
56206880673
385636890590
312746923808
52873559827
818246709
43610499684
-79460472626
-25459756453
290429231753
14042655137
-44466914008
56368745712
5615050122
82736096624
22269215985
-179518335246
200319987248
634288374
348666309882
327542409073
46765782146
-175263819529
10314930971
-71052053600
-150159672432
362568513764
8568879541
72146117965
334057450832
-176302547796
354118363323
14507284813
45386854477
294396236470
164417478750
227170484690
-136720293731
459307661573
323172276300
-81826435332
414719625263
311626294421
-135131799315
-29571916576
-40996444206
-64581727625
141457362522
155798007709
119607571841
22623521743
62020469440
-52366959620
301586595473
278570826295
-73557188773
275357558266
-60588098773
-71875228594
72686765777
35766771200
396052693800
372073187862
-5763059780
49539182378
101373312614
92443134391
85330750831
400523713213
329511707552
200400052741
-5178405645
-28670444798
-44293705649
312905625635
25468067284
-103344135849
40587710040
418222231778
102022636445
77753218487
168059866485
-47629192880
-1854976413
133959190032
51976530190
81547293875
-158526633339
247932002563
51178574537
77092241114
376231899724
349638262453
14663086882
446791520183
-3341303054
162672999416
387119042332
375353431734
56850046022
337367789810
315223831590
-104001673089
346750678669
360777093065
237530344301
155294039693
-47771131835
-24319295064
91740718173
399261006603
106893256503
159269838219
192778656689
181659811729
186561485374
-69747179765
-78765995468
-36406652806
-120203002156
266660377949
160604604195
64483842083
44552261377
414958533021
373851686332
-82124655769
31659836202
390631011523
-175172727995
280275475651
-48879935052
-128508452546
353155161584
-74952038358
10312953753
84947914121
33539712129
63216795342
-71338631187
38853653315
114267209370
170722959484
-172245927722
-68161377891
-4213212524
327176637209
320100607009
-83897225879
-14435252825
381888815323
425383044634
377066286545
76850199244
51771066947
186384803885
356170196660
-51828193592
407440337741
292667565271
-156322817
45024798966
28503894699
-118180522060
272277088219
-6782962466
-56071524913
7593462213
70126096322
95880116068
-51261429326
-107697694597
305339469210
363644717406
101322369345
271583753988
122433862844
-8443402964
176458090392
-17668576446
168767446195
365358374378
438750274319
314843576100
370485164631
428849828267
12301654630
153826195371
174963576651
-223390199811
21346738066
4286234317
110797252182
-142286427637
-81873778418
-54463713542
120508097669
167984438086
432315821175
-1264216920
300959150927
-100897955613
-127689305895
28446220928
-31041666767
39207712708
7965335809
45962343920
373699789474
-172485401654
-101761599121
322462715211
351418864526
343755141948
-917599935
-68274755390
-10930592485
256812036072
74423937013
171778254042
327674064732
337114917927
-120584993821
-31011457639
37041596607
37627541598
278468885946
321489168929
360651938524
21727065378
-34260056004
-112594909444
-73864292603
235578304987
395078225050
368374055683
326460124330
392027889249
-8876088766
-127950388076
392578363071
-104086054819
282566205349
13290577580
27379922468
155977928207
316748448463
153541836898
271832099038
333604237292
17034792236
-157169909189
4269749456
62303410481
71550991463
-110914628948
22133780134
178071906130
42173341443
65807443473
115100302555
417714740208
373312933137
345109243718
85334356661
289391847808
83308165122
20561330217
305346835613
8874523279
-95770322796
119176462664
45486190384
39449053760
58290805510
395509253964
281143974431
156210866141
33715289639
75368395467
318192998460
401688648024
411210449536
-99783096017
108646650757
419110610270
-38941290941
141028917308
79100952018
-56916282466
264992027207
347015397443
-4406015588
-20514731496
206206037381
340881812138
139736964475
428366103839
20386789593
-96088561583
301052967480
-22071422908
340063687348
-74294398022
105618825955
48156308879
284248140131
-32350206030
387532308469
15111450857
74355083977
376123240287
-102790135198
3636238710
-44325821897
221616148062
19802441617
55797481452
363130678195
42841567611
-62644978581
62739334984
238375011567
137182696728
-11055351610
-2485162728
-160167140131
71096292668
341828733607
318096164309
335723209993
140213100489
-26192895094
206993859825
467608040428
406495067300
71205414586
324887568466
176243283192
71446853817
-145456431578
-131573813404
221753181208
194573755222
45386854477
139219018371
78398679928
306674235333
71549145848
245773605364
-46649560121
-76159433021
-97363632871
26951567728
-13203397077
-1194444150
136886146872
117337069693
-91086952642
6891414561
303306646680
-20266312258
-105281074137
41831682782
417134282397
84768021084
240738980492
297654375796
-29752704174
450212682492
368858596932
-10139602071
-63258597002
-102265676014
-140518471989
-29492877675
295250393508
207684556129
124448489388
324314710157
-164824954117
-124711112429
93202828589
-45760687390
338920778063
-52883997985
-120069142096
-34317820544
318080674692
322275563010
321965186993
424300299482
342836924300
-53934002274
325908885002
292124847364
335774770368
281629720715
308293482128
203003394617
-73010714073
76620738774
10703718567
383196391277
10487834128
3560760061
-141780744777
320808689319
35797264686
-93815000310
6313831599
-40162378838
149866640222
450412090442
288639168536
-38982094266
223003288612
-166412721968
42819002401
-191994120102
42856805134
-167917574504
-180803106839
342118572936
-31547252867
37401139314
395694566574
213238392101
-84983101539
86174939265
-2830215780
398018276996
401604876731
-138100715471
146555083066
344086576383
292266202532
51421598469
386518265080
-9732678554
392931153803
285649120486
159564991346
-60484294885
48694856582
71816003858
322185212968
253916586421
46418988593
314879388720
43786352313
285537693523
296671580951
389138156509
35094224735
-3276397501
337062921411
94777760514
331274681737
-86686882451
-141998422931
126638284452
409160501032
325486982162
301438683488
344584331805
-77787199865
-22308202261
-25622048851
37219302111
-82986970218
28356850266
53165865620
25217990569
242672724835
296675991759
265596061289
49626351722
68275336458
-102208438237
359823205132
347592192656
328934004823
224952281643
-89531668691
115011906215
11116718231
272362004570
40110370426
-1914451299
-169360483367
424139157138
-12864377787
417384115615
-39576132326
17743614160
388622779441
54661099522
89156216627
-205489761872
329215086646
104605664352
316753045601
-177727560749
357059245180
436279401515
4898054443
-75683747604
85528487511
348038865065
-144548342599
19781226556
199749100708
-102463964929
58546646448
-132282373426
12280771290
68598698247
39754773626
50058973706
-205599586582
6066491514
446512599132
413502721985
-157489802439
268699292408
-207026102540
-56769404902
424604143844
-393065308
16320375496
-51573051527
-81131521248
-3114950449
-29399099311
21339628074
117583963954
59391673780
355556163892
411653200013
379483563645
-39337682419
49853813569
-79503424492
391609747908
-189770350812
557464348
-5600480623
-49996279312
48641750810
194757577108
320444999332
296236396816
-71554222632
369254944100
-33060269840
-24825451662
412642157633
-66637635886
-136314662093
40927897522
-15579036638
156615197950
392343259707
41265811016
-73229784980
252034114327
428737008190
370109170758
281695437845
331558353860
84080814856
-22041778706
28918920666
85544074508
-228483912984
-2884670076
-134147672511
417993740429
302709787266
66538538947
-3168837964
369598651575
352630724511
14586389383
223529127143
251501886056
-19473565024
-22148751319
-29665155237
-143212769965
35951502083
19425498881
63268021295
37866659755
326500821505
-13142674683
392815410275
248446140495
277213984981
-95783602113
352776616693
79690096106
-89138672378
333754445491
65574304801
-32039875738
323343072642
298701190077
-38567190643
5413725755
174458971878
146033552827
73092464125
-157757674842
101848632008
182174494030
157031064393
394315168241
-70644178992
46509668796
326438824071
176958657628
282812475926
-85096380647
55081744519
291600845097
-70021668088
47869563136
-72723772538
97793920181
318647171985
149287243047
56376287099
-49465348945
-25757932978
-23225727065
-147292651134
139035059024
108921696600
322260257918
-8239766227
-115062450972
-92240210855
200098401391
246046588402
-93324467614
-94408505333
135071651339
106153767625
264629942992
415168663895
-24968291871
208553079609
347965642437
-26268449752
87801652286
439702366418
42577311553
-63947900982
36657770959
-128285544252
173393392481
255896118878
309970925276
25624793423
269848101215
-108456537143
-85265951549
115089438720
148191993596
363282938523
71542622795
-7569749197
-77389395919
-87340934720
19935519153
42981883109
-32818818682
49150987482
118768224892
-47168343107
26754419670
310772423190
-4810986985
271944953140
-109289368079
287344815688
8921596662
363191518661
357618152063
414355088393
-5448632720
323800009227
54069869639
-127937294409
364988161586
346314610530
335604572182
117283527111
-6317169019
-20805882472
69182467596
-93141207434
-64274052274
332322307450
335359635067
295708008076
293748170519
326394937640
-32848682044
210825640954
-121809634880
334982303095
-6089625200
-21489603142
67523076458
-96342533803
-25380464113
362641665077
49713755151
-3214239037
-72866742603
38788823746
35839915849
89287202578
60133954001
1093839229
319196215525
4046928337
437404170153
429451852448
-103906679358
242086681199
-42468287009
-356891082
137448003644
32671238199
22232656474
151656122626
430285466201
-142942196351
205135000
-47506815795
243932594756
58000595060
290290017737
-142411040412
-35939445894
358428388218
-78595456030
148895249846
193823421726
313579138553
-63400722349
39359879265
-45950858431
434981153786
25371141503
134868547537
-92927294062
141228908226
10217434097
78445419469
-23628119330
46366996262
378388153069
-71918070928
-75542403804
-11710439858
50246564604
266344008000
85657038617
138463176898
306819986619
-44666647025
-132677008556
-59282420878
-8613374131
457719370500
-77207990734
-106920873670
336239856212
-81300516632
38062970831
221285092885
298212601959
258479998160
-107962991748
377273900317
2516925107
227230070582
-1293564204
63125410139
376179448211
-53534625223
173437797945
-123668111579
336712128674
279687142178
17211031246
459541493899
368250804313
433365552551
359832283860
-174032953463
-128463992295
-128613338407
387965542777
8772886291
-20919496818
-136537486781
35954116318
32932995433
78308910474
61365223915
352905436828
398243298782
-66343603706
203470039891
91447731636
328145365216
412307197374
21105145604
312908939793
384510926181
-43683795863
80264468196
283028014638
-43314668480
246764554844
379521978587
-23372192804
374552924648
-37141143443
395569397439
7040834112
-13317760896
51430455822
-121796234574
342502149458
-191916914292
-17332636612
325042700993
-9710203943
324150689190
148292318711
51827897488
248717814428
157324476933
256496622935
35205570390
-136656777375
29569572754
-13489634614
-65642215361
2504690661
136221482955
168657597152
44238187630
72761883050
-95082767189
-104063356995
159817560273
-22377002741
-84154062036
50100294355
-67380510048
143236055740
51237266194
117536943512
147932905911
404538690021
254668619819
437190679922
20813909909
413572122141
-72078310505
148102985834
32933716332
20147034204
-71643360450
-71224063053
16077074045
307551723865
398116959619
345220156500
303147336342
305562937862
-65795880260
276475559796
376895222297
247681929819
338995052589
78976661632
119880386880
83751355566
-33979197514
181676367976
5156313833
339362208338
456515581161
387415426877
-194935595281
329495691130
50436927139
-99163055452
-185829078135
67306611053
51895675079
229750068571
-120053930577
385761744180
117285568869
29854773994
69926067851
338963654649
-165479728812
163334398997
-178170337876
335364358274
158819015833
251435548958
375387445873
-131544648990
-67126783663
-181742111963
42115297006
271443808180
162027773054
195346162588
433919998452
9654671738
128136974666
223470871136
65097249612
-159575828585
423512560412
173146947249
287560387065
372864135248
-178457111095
77619546613
-16188513827
241050972996
344567297341
-51459865324
-10527205082
224411291601
985429331
294383902621
19880999490
120080552474
336540341199
95839794177
314567011419
35193017589
133825107342
244691800759
-106434153732
-140339211862
-136747165353
-24546502590
326787929692
40054674176
329341857716
-93067150522
47150730730
-106476216967
375943806448
128919204831
104202970407
357397113379
278296056740
-31634199863
-140754821660
-20592894652
-126819259672
-45606389307
-97091633625
353161673223
-91531373757
231988769083
-114855669596
-112286014614
351099518426
314471434445
431379333420
339183472999
174193132809
-13888198319
-9457295414
-171971344458
-166700531568
80272191380
-12214336871
-113036641200
258003312674
308361282490
338573104916
-14187928812
5962810308
-40307194448
140039302306
284551421759
51423149674
83442863184
16088320858
179596756775
84114207194
288628724286
278900343966
283273337673
81820390317
-76313942942
410025451016
323701914070
47085543405
-79876594926
315857591350
-19396376025
345837137052
-7183575276
147762916498
72494032347
66180701756
80169163784
-20779204275
200153682978
623261604
341394346291
-25005484058
361190653646
26862766402
199082650637
-63621276183
364739100384
12546825260
332334443505
-20803844675
150891814620
1626116969
452746269069
385663513886
-49387223319
29727969493
133064181681
39322151308
-83828765865
31065013447
-164209616991
190668789320
-98038991473
37685194802
-168277277323
93558491835
-76443695357
213427618974
-53439527934
380331925209
-14425277209
-72995216941
312701637510
124351996247
276566013404
-134723562921
359958430314
272257045927
399890293256
422300108833
-153277689219
21627290328
-81701045500
76675060008
-168461595276
410539329373
104371022541
-115180302033
92605499164
391293434792
411631583492
390679835099
57362968110
397779529065
151404767453
342060996364
47513820431
144069004563
-115327562032
52311007737
356224633548
-27131639837
-39520214240
-139862732853
142337985
175837319230
1905418802
405279136113
299559302777
51378521185
-90752150410
-101000776087
-15808304845
-92855472957
-75510627326
-27912230811
439555985895
35953157644
462911240124
74668914029
-84400704927
404550459379
341881780084
327777459579
97170874184
169837181219
-125296686581
344649066098
190191564201
314625231398
141742899027
419068313121
-181544693389
148372555723
250375112529
274238159772
-55081485994
292996094787
363116651724
319734155455
107561256363
-37162598734
7670815109
68562395372
355460000320
82775192716
208080019019
-7552852090
-92050496582
112701727298
159103060431
-78331414416
282106794688
295567649315
359474373499
948219944
358018705634
78650676171
-38043054974
-92335050725
417359662836
-103992067356
427155163454
-84231866168
355796357545
-160688559349
-19473981410
67108836274
-130442238370
-113063180500
133078066436
330020960349
-154606188852
92467325752
345449112314
135295841768
89455318576
408878860139
-200509302514
-167002344110
335036536692
-126547212201
322670528082
365599385885
171703973549
46000730172
63394088822
-9297908019
39545321112
338540329384
-15376896836
-59832523916
314576037589
299411875851
35059736618
133446081086
317697363171
324360020185
312213184758
18349471299
258739429935
434226547352
-107728827487
372348293251
-26300067629
-14355549336
9326582933
84172708215
325897013897
99600997687
158088313378
-123205712566
-14297512824
247443285015
457388543420
407460596192
162435734795
268157772212
17680337964
340115973517
342763918974
293722085658
-33964801508
309096677278
9826833062
299681947952
395816886946
-136161110623
356056043910
299278551790
-81737095575
296968259983
-147082941372
64764918009
-159998093944
9891354131
-28391984351
315532914304
-1348757668
-28713853343
468010985074
-71502690402
364314304649
415443809227
4836911514
-93313202607
39967592821
5474673926
79288413082
352156571143
336439215819
-37973494874
205531260430
-125022399917
95537304798
366048332317
354599399971
32578945622
172754267342
11020654659
-144320673708
399115855500
82099195942
-56309390273
7503773940
243642425103
-87354100653
66303282105
-94661914542
270178669752
296841177383
-130243986521
318689348946
307257354010
38272837722
426138718742
-2535294478
382579998416
-120071771061
-43150210777
4202568392
12897253785
-132089771401
46686943753
30472373753
33678632552
-119088964201
374939535912
-7660142068
93235472822
75298693876
-15654589824
-28628613423
-100715871681
35527713756
392768776289
311894459968
-145971861473
273850230887
278473235554
406651359137
348188722135
-69125738570
309414725486
16857383469
156278049881
270430256599
-18396043039
-23928934963
36776819809
159675484636
29356916962
28592610855
329723917544
-1962492622
70429159601
343287363685
373979136013
415399256308
183053521374
14290032938
-46361761623
369709090192
-68551734526
19780879006
138589502455
377343527245
-87824139664
-143839179203
-112667262868
345186072594
356507112213
-76699722393
55386229109
-112497766948
296014803323
70964169562
349938147853
325293490405
25182891900
38308005050
2501136449
-105558178403
21240140994
434784048983
-12481490602
54876614337
-109164522794
-29242930949
218651884192
74186984511
-83554833216
55690783034
201589050524
281869550555
332397909913
18710587332
-174814907243
415954423301
150065943960
-8346031029
-161116941909
1778322104
193516593919
239063016087
-99104291654
217608179770
444034959207
72282859133
229072410845
319179349091
15075314307
399354209759
322991121530
195490200998
142405004570
-77294182059
369711954873
370328090609
431855993367
84468306575
288504844386
420044250006
139614450352
325270707893
27159126604
359218838387
-157245346291
417987853322
244048948174
451904525011
179121304086
-119700938459
-75442330841
328640513825
94754015445
179664666198
-14596429745
308498109443
-73717354052
419983459851
-13509197242
407377320097
300399635150
391175990158
164949422845
-130996927585
34580143550
322352839612
-55191572377
-201320228150
260867110402
116573521134
-33336602837
206827180003
316732860595
-53057232566
-21156508724
46043176858
-21742006163
318162585889
-215031284916
-193524414979
33344454759
-92900396319
11143331642
345815448484
375885546751
44600336389
137903117575
224085761362
-69137298832
17682142351
-78802800478
10684959703
-16404391103
-53229556654
38156641342
180137778752
74735168452
-50569995927
404073307110
395915173840
284801372313
-74181594197
-97262889511
302632191929
-178868502463
198383590832
326951810837
-21653074749
171138034512
-2962406635
16164666509
65415685258
462044736611
34712165808
325953533172
451590500803
-15565627544
84384103634
459728630351
-69653097697
-69827232391
315076297108
-5045119169
10488184957
52877617999
294136219812
56742691689
-82584163713
332784228130
330274778449
114308252559
3428979162
-82128173098
-72627355962
20791771168
-36120497773
278487586109
-95069507181
-171020139118
-111533151691
-95363679131
194650615291
337953048964
672865855
-35704294953
462345811498
-59513589240
195255334413
-17754306200
2712740660
-133464802590
323900253420
-81914887237
369909663147
19511566270
-13242891210
28229276788
308378066793
350618399792
312029513198
-93029696318
295186900911
10443492904
67278281973
109407136095
122073347820
410994283960
337198675182
-1502255239
-178209221919
294422861016
326664618394
50945426156
-5100909964
-42323693490
365376997826
426184225808
17811827281
397961154468
13098208849
321770167614
49129564859
-56243858632
-58072484605
25374886603
392549261283
423640129113
-105208394082
298302787572
4367099619
291283412140
139045613413
-19464771785
-90279785455
261256086846
302756087036
-28753315580
329325659242
-55562216014
331969785999
406388104446
48887804448
50190359760
72804658717
-51418400173
-47570807083
-36998841656
-37385994963
147586062214
37626450883
412656888570
-21069873031
371035215804
-857441412
31435938209
1979022426
-4434822433
340627646631
114743887969
342265639468
-18766851607
-35587017486
-190194539020
354481321941
-134983457832
156310303432
-72872962008
-132853461634
75984551535
62323852187
69551017399
-21561805737
248979741823
413833822119
32743894616
-35249563921
356593537513
-13603828218
344018803339
319293055338
-71992139811
-29129661263
59592175710
344590261071
31514761363
-143503802640
118042130368
17456604702
155739128310
14236036334
149794942316
115250454194
10508693688
-53949038389
53219460785
138563741204
33547936669
13427836988
335180564124
18794000613
-83772590291
406312849917
146383453423
26915278683
30543604165
-31672346287
297309208261
-36414131377
167194075667
-1934192975
210131340079
32727927858
177872598856
275498470015
43116796226
-168451605146
358797023176
88936525477
-7267893188
-4994041404
-36263280498
85674154540
-45869481925
327348755962
50748132779
414009527970
20508973676
316023530558
-50672515186
-155814570838
244333053361
362173834282
-11902161392
89200891878
85179375127
292661208801
242229631972
354885244076
295817570831
-99425162045
4782837081
58157029303
4953103635
170926215370
412948088212
-13544308035
-128653169193
430965217774
51310846034
168893074146
65498094638
185164796478
106337828901
-128163323689
423986184530
377732182934
361722942193
98381794241
-1219348172
397708827339
75800043733
-51765517954
170186427859
274124143867
43246570181
-165157177015
152412810188
412591739438
160343155377
341912745406
350204689519
120802904991
9604971630
-142197624371
-117544847235
-43503853297
377728147659
351017671863
263493539054
90779830953
-81708522754
-160012568579
357303557406
352968373591
23439135223
44205028934
413792853424
-43836016795
22980991576
351962603786
-67545840889
316307083037
346342855162
-135062868321
-4159921103
320998976246
405945192844
-134732821807
76708271287
34163945278
114712215430
329030685294
-100859655435
111256858922
412918022279
42052507648
372686108823
-82121467211
-88361045013
-157116723072
21145349740
308230102105
-23278881998
263964445211
73983087852
-50014163616
57588375502
281221722868
151311549843
-114563660245
295295285067
-90692479880
306909638822
25184757674
385955843255
-1963949189
239198489833
-2690213850
29996662738
336124244541
5850271607
303440370177
-15348157344
101548308298
302156849045
-179253913844
-35093245456
50749436418
152089733510
175893264781
-33536771939
21185197332
89439163170
299880163303
87845442946
-33515502928
222854061519
328099609313
180088249438
272492893007
383295630301
85603462107
331890568601
298760042300
47081763036
29090111571
304060739855
119167669274
113109327207
-19105847939
436236954907
-23555566179
320782923550
434925286040
244543269696
-126828774658
-20170279794
1781130862
316141705207
22513280390
-87272308493
129807748792
-66945107637
361963225574
32388943075
313918079180
-115671340444
-109507204943
18052536539
133752540011
285347670750
-82311870856
-135329006981
-47674868479
162178271598
36451357044
272771829040
57174704667
343856211475
334032883357
150671659762
117054458853
-121410522269
488970449
135436264375
333065065626
31311423751
389117430577
224765631054
41539362763
344716656634
403213149066
-176544916059
156880845077
-205626308605
334144294989
296652265186
-132715347818
301615831070
398945342669
81628217333
-104136458940
30592336257
300004153593
-99190769460
175699914099
-109489323630
-126298009476
91653899448
19466214523
335283236213
-173237076728
287171749977
459650116648
255006080817
332056411541
-109272914475
294621825708
-60811467224
-126081046664
222649826505
124619769084
-42974048308
-10789000168
311898060509
-117299799088
340723556698
409496990320
382709385148
188906022309
43684091605
-102429658355
168497820994
-5796307294
-52969081524
-142553001366
330187282593
245064697264
98062870732
-5846987770
341345880337
3160925602
328103794955
-3660679186
355593279794
-102308112666
-226216879305
-152234419662
1528079911
-158946564680
57290289313
-66498426288
-104661273551
-100217389494
-91177409974
218515150910
213580984041
342050552084
64095186641
11931601173
51508044080
-134714340517
89561175401
11955756493
17526112226
388870100144
-49361253822
235433070990
391250751599
11703424279
277987258775
38010319255
-74121911064
321422960242
296269962322
-127198528617
147115457461
337740017926
50161965531
357690340700
327625944190
7369167017
350562698629
53825642758
436795814079
345444678005
158430444645
14584549990
-109720638958
357989318791
399429155150
-81022592901
8126778940
391519235240
203944586214
352912385032
108962656577
117080124085
175229084567
235123490957
57607302949
-61730681448
-30539464905
262069180253
-113060839560
377250064065
94316358603
-184994448217
-7006309969
-10947451531
316718261524
153801989319
49670074421
362664835365
26652286717
61369393005
59089421697
78963593351
427036552469
289479595618
-143285088625
159588372203
364062628215
6053159206
308057285866
20749550658
-93888181739
178042795469
-116754317107
437311842137
250756257472
293130935237
-28561108464
183919206864
-63676212475
-149068537254
308794815609
153302619585
-153575768204
260823461196
-82533378930
-44999771916
43721782303
302214524647
-22471218206
-22896972871
130650112522
-17024320181
102976820737
412808451177
338842048408
13204437973
-80366273085
32880840053
-37246463422
346290480433
-103161493270
45123984995
321221069154
-98670864443
-10367672846
-73328088928
-29212680305
-106281839118
1656389009
139802908061
266553399367
308547665420
-116928762787
84962988642
11098684001
78894975725
-19474153036
285383516994
310251409366
58871664491
-166696395440
323303827882
61693077355
327372827473
160488302894
-103593855471
-5847037821
387601497483
329374708541
44949078290
-139946838607
310380813641
-105949306182
211759336574
-70089156353
86689113038
386165308580
221482254902
325082882497
-53608482931
352817798275
174594044335
188835492517
109490376124
344516182117
-569540331
-186055719474
-103184062309
-20209618962
295337958454
198915443516
470205082804
167614230982
-73985366382
374011296591
11759467864
54614082990
-52960112352
128654203356
-158212616972
377449693026
410176741407
401660007690
8061137729
7392952145
137019678890
-137798372212
-38948460631
176134626427
6106475578
406377392920
308425347869
85723965641
293936014242
361923304017
-81664385132
286910971301
-16018714726
338856789632
221538827069
-9321767064
155884252512
227345878879
-22559099941
-119145177147
21724966966
45984664681
353666733895
-166530354684
453061237542
408987408443
348140899353
-7351147318
24518041842
-130701668668
-16713691982
80250978681
304748526741
238367665761
15517792710
-4262856990
16064130369
34402038441
337842603375
319887688957
24493430885
-18567754730
2266702922
330714399152
412610016872
310631720048
-74157084777
-13157209025
-21682581788
361631685558
27227005197
-193057800588
278164298033
-82655786258
83522268981
368559092502
1167710202
-3166687231
334504046003
-7988264283
-20714205753
21150543333
304124999731
75503447286
384994871608
183448703153
-176873017139
8720125822
332965518422
-141289034783
19359057801
-149414217022
-190777701390
80984912797
324809710779
5359598417
107661793964
388290879021
300765202916
150910704868
3428459520
-77838034100
-107979378144
403830862649
-104786585495
303168154063
373710227158
9631963908
253552872920
9736714484
196556334889
57473377162
-21311115754
-30777601786
315660436943
372989904504
286534698746
27531218713
-18088723222
-39109088882
-11537647442
120598751282
70654897377
-135386570579
392929875067
71327854337
85266369149
425673907134
-61628034751
47685705883
67993352558
17276766793
-37599323627
384526559000
205174002323
29934608127
288565943144
223350356067
356536853784
167229213306
124151513621
193543999061
361426377313
337666231294
395865029906
59445018488
310264509216
-79355664597
35266280854
396445171374
341853613019
362637126401
15917306690
9490576764
-3888715569
11170843915
349218022790
334392346563
425534621119
207114916453
3066859251
324447843336
339171735829
-200312339916
417290994254
301159009785
319330572032
391740494657
343368686730
323014215008
-20137390562
355905401135
-137352183169
335960308087
19671152653
-34265543905
375470436633
239379122844
313001444611
122712222252
-2066780274
172748540956
145521953583
-192283260695
-72248862745
-149870466293
56840765516
345402908367
393050786421
218277910009
284640064720
63127421855
150712116676
147299937847
179137456531
396783342341
-13493146277
370894778051
-36383622750
-51759887290
-46124394117
172189440190
51969787641
298862593119
14862281127
354751033290
381644934538
411618600827
391367414682
140765235926
-73383970814
355398261533
-26087571883
-81262582791
-18926914499
391092725939
162447637858
179653787428
12154015473
76470920469
72070666869
-79669620354
-159104196807
246960234595
308918523602
403803409479
31717104775
293713603052
375253612972
343295394056
-10009478435
351598052624
-21210354160
-20228266743
-14992648099
397057948764
151452482369
137039839999
-135024258562
404679214704
-1309232387
349845737741
-123699490875
324007827683
-17491474979
357687606076
240010395505
252711052026
316382984904
320414762085
32528754802
82592880308
46212899238
328844061710
329354810422
137483285210
292734763782
-114606911891
59960152100
-1148806308
101618665575
299180044192
145832922752
-69625916625
273620968713
-19330285999
432431106657
55647559132
168593091350
353476836126
334146273845
178739281981
-97061099474
54649616565
46514893359
244931275691
223604427937
-177874849210
315765191971
-10324582946
257536822296
46299344574
210825640954
-103432644402
-80187710671
309231118797
-106401504666
85449168200
-125976908567
363904269756
111373167350
318198518498
58827980763
20373481052
228896673207
40161665899
302984865382
-126146811537
69146059107
427780306768
-137934278632
60450457380
-24234357864
75262624995
192994699742
31746968530
19093449378
-14343075987
65649720445
51796134396
-105928411842
-134432105813
300481997183
169509854249
151571987510
78972487285
346348814325
78353179428
418967499484
-127812847548
-6760749939
86419799376
-169419738334
156381236518
-7860450273
368989268277
30580052740
48696672483
-13827106015
228449121395
76155233259
7397420313
-97684142811
-100499767835
405280226221
-119457140081
-84372416292
-42987180763
380902168270
338817149030
81567106596
30537163400
209943273398
-2438126464
-75576565026
154825422771
251615623485
331962223135
-110839392286
169003954283
232363486413
325947807615
349825180143
-61430530206
344283486246
164396706023
303162250921
394139483552
-57821235689
-174608073374
462363607662
133481156893
-13677877504
-6956920742
-18238748114
98065781847
10546464756
-680045240
150459703604
223978426519
236494777088
-44439266720
-51708273445
62394631393
-86251413025
132164741314
211332144558
409479771992
-167388711152
53327858966
282903851169
162398667410
419319037256
310354175708
100708456317
320251039498
2213849894
-191148249179
6831237776
245592093701
252880383134
60774082725
212417993752
-171774979459
-36338584115
355815169258
-16667634790
459184954847
136756596219
19681722794
233332128849
232283354956
347400573776
205310838971
155253304401
6983346418
-37741472204
313637499951
12475033532
416550894266
392539512811
241892569580
-118036358787
243924661214
414170676744
-1597457683
-125448439883
148943177738
138846210698
-51042248867
237162398220
-15216163337
392372992189
6821822295
331769427982
101692300465
-66839752975
-61093637168
199841879832
410447024305
-90961443337
387141414358
143362984252
-94876729658
92320735856
-13021741
343121480350
295170756783
261735330620
-30650336577
-151184637086
-59312690040
-26534545185
157334543581
382863039438
336651543551
-131400065462
-19272720131
-42677314029
306251882623
19426755001
-216236026273
48053921991
-27237387200
23750978097
-114226946464
-182971831222
333795366099
-19210294780
374778410118
44180326630
73490827080
344588909835
417244300690
-25605690039
-107708761230
351371123194
56573433749
-89844602605
-52851762502
-166138585663
-61677419495
151246747625
422546136908
-114000035244
279937917960
399183922540
-4668506359
52548047971
-131569659215
460078385837
308667996901
338578375010
424440489202
419337075111
78309791631
-41396462635
181163505378
-46086927493
-129058164959
367634314670
338825450754
-43135562217
-9850676273
322306932695
372818526094
325226609675
227865970853
116202411406
4498295120
289185745723
-82678905798
284823124347
316539382659
-147017475414
155716487782
56123669182
21661180944
-58136549283
48323651761
437195984975
172739434070
-46397003079
380380249196
-14099707140
325973483663
310994489705
8441410764
335258443084
352621226792
114570802489
15894193746
327062568865
362798903372
-124742677084
401099690931
48762338642
49104744164
-81208400064
-43415915815
91734382296
306326833217
-41051532753
401957482854
-51559710361
-36730134912
127142450214
-146465582288
-42417486240
10636577015
183333462151
226102066723
108687284183
14374150770
125237857570
-31260576460
318584521538
-198625806839
21446753997
90513919908
184295616913
88940736831
-112802577334
-52440135881
218032856592
61228024741
83580081807
387972137560
205912217386
-17475182564
22006870117
317936474842
67134653544
11416978901
10402562431
-56068759045
-122159753847
-51602288388
-63869341115
-130536654007
-16509587828
-59058263819
-170141839746
286721274729
342108014464
-119231904748
-31060420229
107089374464
331556413118
-190839834216
36792322035
303209446666
208650770454
381745518515
424440926923
357513119936
28598273941
302790145023
9461012188
420659905881
193616138029
-103043612691
298837434895
322458711035
42444386459
309006669184
298996600678
-64617700869
418872678148
84905982843
309631319313
51974728298
322294517884
375759564413
407028724637
-2195017029
121618593295
437436264044
41191162586
-41403018792
-6799968268
-208956218000
-35803975722
151606932842
-102130263992
-5766576236
343959201242
-72082378897
-8402400048
425117524730
13142609318
141256963386
221105252481
344905123707
-52625413419
-56537461235
-48511073631
313912070594
300649228105
243368330207
410326744237
348749632637
-84036290540
112227323945
251214139301
401099690931
-53308063481
-92697286638
-8853186719
122447775593
401992325733
-111409642246
-14012169897
1064760836
177642307546
21584264037
-50654578444
168327007975
31090550590
422663584608
24010767023
292936678263
42494183949
142734054663
-16647015021
60186182864
90732471346
-1868596362
65137839470
-24318695607
4367488379
391144039912
-108427442554
100801756582
352063292687
329206348105
378641777733
298889625812
397605754964
95229824433
316815093423
375660528967
-13666419770
5575828811
383875935417
207269753495
-122612276893
290377531033
-5315115852
384542267632
-116109433491
-15336743320
147152433405
322248627944
24552865623
-34522357867
-20002723835
151129855799
422198458893
436535672479
-17157313870
-51348817027
282211827010
367055593794
-89998947182
312410698735
362616514404
206495823367
345510514794
36611926888
183857551887
199955710745
299389431687
-44631409205
-59563637009
413994786070
-5559551304
281689359240
72144136845
42524804598
-1353861403
-80728880797
299554826125
365637895925
-96938166799
358014069024
-47326282537
-96145754970
52316593599
-127008032063
-156274675421
-80526461843
364496186137
-6296426092
4250004350
41466009505
227093885269
139299031762
76754191213
-45037114865
-39408932679
-25269678364
36737309041
-7402711272
44619214936
429016478816
54608044470
-4451329070
89132436986
-746742592
-68706289761
413761402809
-68352636662
308936566321
356695439626
-51579302472
443731743307
317674914375
347160708103
65282060172
-95517175701
-68683584508
-116465968221
14423626103
350825020993
404121147400
108483334156
31580625309
387599946523
8308930358
75935470398
34806417389
13903061715
302490340165
297799735316
-68184971498
248861636453
-136291075130
7834225833
21587640069
-35232689336
431462493193
335195861879
295620465097
-100332432333
200271077273
64137523771
244091317677
40416854038
33320120973
-64358896142
-174853082745
359178259845
-11714747303
79192379708
360655098530
84857685566
241294854142
58649790125
-23068534972
164698170996
6299869880
51812331449
351246602063
21893348118
360222165847
15534306311
147570414504
317462201713
307011548279
53222104462
318239013669
354659883489
11715813540
19526560980
-176304475832
187232439705
1168252493
-2307056784
-87190343332
-41204018548
345730636577
-79800097093
157365665994
-53173617725
-81694392785
-32738875624
306810591400
-94616810220
12134018113
-32923574947
136721135239
18425985433
22531117765
404393918330
-95592459650
-127033552325
319453683033
402832869762
101325894929
283286163039
435875159539
-94380820948
-136837523688
154166403457
-29174531621
-97569508429
-84339597718
-211950138675
340103737297
393042786326
-32662646431
249207075782
112511261438
-65400618013
414431525474
-180592458918
192853838204
-2588768072
37577444148
251351383166
353317044371
-120151273089
48595118739
59316445434
128404004472
247286900370
-96345596623
14323219843
435349218138
46521940867
-76978940511
133078416675
64472276217
55769979085
292237879615
-148920409534
-1199813863
62020962376
426286018893
-111015337133
89655671475
2898233854
328608143
148643043108
335084983747
-150550883083
388114755768
199232550237
-140527518552
309805169707
369078278135
197848421331
422077465494
-67524806165
108915854386
-13663284678
-44443345909
52567506466
290026586329
380357805392
192571065686
96655079043
-148698622109
-162793007720
403632310084
86290583971
394517839393
301909426639
366591905843
372831513921
-133844636435
-49080138931
248891373465
337938459863
247731995838
-45020260246
266425800409
383922062455
-107202231119
-31275477006
372684711751
55461311772
396111819939
331891021505
42050306282
387961180922
412665570119
371911135056
-107097821521
57567424804
70641130432
415464445925
88546721799
7179814753
333769066662
78087925461
-102090681894
86360664278
397579603069
-118410349258
313182526307
414687514385
194965217693
124472279589
-118433246009
13573377855
-68417167726
281340923585
-124507796279
17882480339
363874968036
-12190196457
-4552537777
-18136467858
-81780448865
348648985856
142797066582
3343811384
5624137456
-186013991558
251610754655
413477124206
-35303590578
382579373666
430413729845
58475124808
295092166612
129661040114
10398060840
295153365211
-36575808998
-60121204546
-53395583456
335016401996
102507206796
15903251067
79227761583
374993077844
-31086759540
-81666854427
281095384975
119033967795
-33695294982
-3864490434
378612696051
158123037443
339158058053
394524047661
458377877992
361530475784
36350705795
16710764658
129633855127
-78122951195
67000485686
307890957467
320664950163
341775786903
313384451363
404687891725
-62500924521
293386613663
63357841241
400900805413
-40136238181
133278205358
403615413416
368151482810
290926570072
156908675582
-110694401062
11755901173
-18439884875
468925326265
-99782143374
377074170719
260958545918
44142515981
340056715953
402458164971
408267069204
-123826946720
353920185178
-139125772215
-203302227817
34703441305
-199640059462
-10019383358
470264039718
303826269310
-83470797365
-114087288037
20633825180
30199852213
24480568272
-48645399410
20110278915
19251137105
359571757948
407031830541
425307400643
354963426049
-49299336038
402252924602
-44776983020
-151786591802
412493213760
-91462358324
113349873025
151390445967
-117453953343
-7768750876
160219118102
308223420729
-12307476725
56342762890
11474706157
269570937236
434095002877
143184492993
423630295033
65553749993
300593723103
204095430881
341137454451
366292879186
298029137750
-18929961433
293184962424
39041288209
90286185306
461372568595
28605385843
351758703141
288595520589
74325743361
437361118830
325771130231
75519707040
225156247602
-105877177856
116043121040
328175644292
378827626810
361414389926
400451155889
106351475593
281635886576
65631916320
-29612446903
308493030733
428856016215
447410632202
1606884612
26415163162
310012179750
22995807198
27651529843
146539877365
3114626285
57364216780
-92057185538
128085323151
425195713125
383130142752
64868918515
-181648049321
323701882160
350910435576
307820762711
266332498316
-143892478525
119322064127
-119207206089
148743648218
294257301335
-91715900857
325624288558
50031144236
-38612766132
324465880290
395905271005
138492013867
55495302634
81278303519
38307919878
276436100630
90642355652
-91803238212
7469163346
21835779184
347325868015
78514377186
-106967253525
68967692959
294740322839
-14244021039
41507048849
-95483537024
6308339709
3210866252
409080367470
-47608804811
54725257310
-92343485830
317718619190
-18490496727
172265866020
-96709989005
-87482296912
419865618070
237062178362
-135808140021
399182297577
-127539065194
95842983203
53712357279
308664522083
317439639374
-122655643109
-89862644221
184108507677
-41417765637
92566409893
141965509823
-46243129627
-111672006227
20454768052
376397091412
78315423457
-106871048859
-83672455853
39856339399
365780865375
38886422179
36836716187
-4600009014
82619619663
-120489946215
117222679959
71974878247
29974087477
13656858503
38706441136
-78879506426
340667858035
92048017010
372290605348
54599606575
108714696511
-79480662785
48086963401
308916831782
121334685719
289888386874
-16502970943
-102139811317
8081042224
-25175449064
-184288004317
216674586608
286411039217
429590433124
182166588037
153473894816
363355250634
257680529403
327652891738
1952128984
-97735522650
236531704415
247889771291
319852017781
319527253203
419502653158
412372172052
53648096880
27082923594
31807807410
376451851467
344223999367
-21395164732
354575182304
-37037710836
188596520093
323777305901
-4168255213
-47711086165
10810683765
45207808919
308230102105
340348725185
12644211327
236875177975
374035314581
161551814154
78712792455
-27091486884
9930607642
-35708006179
10221716290
23243657742
-7922937326
387754438184
62660125797
-18337161501
313514464650
-38865488593
-6245086227
56131960057
-76721536856
429648720066
58896649342
-110102190413
-93725997482
-73399072172
-3488281338
-34526109917
-111913908
-148322604890
-19623054899
20498917677
321557923629
401161813400
-3444942997
73856633851
323097508189
-15364574123
-109195096185
70760922540
318904469721
-109747199970
-67903464528
22996158163
53417186069
57686161452
-203955544718
71330700190
-77032092026
314592446131
-6627649363
65631916320
-101039662633
266433327067
-73963046138
-106211454084
388893231632
460240398590
384774671534
-40952155024
19899133174
289434572875
132764053342
-116556814449
-33711521865
149356352085
14508294812
263255358064
361821640796
417056310891
7460184866
354193599030
-42091391929
172817045529
401781088204
429839232727
60417788515
297190700378
402980420731
230332006593
14823293701
352686616129
-41056579130
336795015524
-21168520890
139895134761
-54334495675
275088374246
336783101808
249570965384
52730261998
747989988
70851226340
47988118630
61028083025
307108210981
382034645492
-106828979571
-51020872494
-20846711968
179381217181
268515235590
260996195973
257823558621
331560535480
-191391427253
55499451525
36992631764
124548657564
122057766220
9799261241
36491500342
285164747493
-104283007818
168818498683
90407086867
451459332439
233697423577
-25262010926
-110805764275
14017886068
65752491959
19658943795
160340700368
371696371230
10454451685
148792282974
322551780320
-21861045219
39474321813
80164776254
139144655315
240222505470
415026223399
8741064522
31061451048
318765520840
363028759440
-35002555042
126738572947
-94504110102
72830218413
329554641220
18752855680
-5329784483
-113890496459
48879039392
-100616817480
-131093306950
305599846569
301771510503
171870077937
-73046887679
382889510835
322349483970
238681159944
413407780724
-118687819405
299411079003
-138566854837
11356817502
78281670638
56161430432
319096660321
28487601814
238155250139
-48148111686
-3920631670
122790727336
18217013356
-121399716339
286716637399
-18535935104
323883038265
-90851195633
281860401934
316536996709
172357073040
8082422211
-61391847036
134604983127
-48743027859
-57907093639
280359429183
78279849931
424749996413
152733517527
-16607348707
303906707711
204865648205
-9086322706
-101399229242
387687032727
389612163083
105839575826
-3609343814
-42443104815
17394648620
398607111416
45172755550
332907528979
382542786864
415116182742
6707711351
129464719932
9023918793
-170765781297
438080561233
65763947139
305058959866
-67845868650
136991897085
158060430909
343091430055
48616735060
47650453509
324025729645
303753720898
365322976695
63804246421
343451922676
428360013177
171569083841
178870316188
349185001773
14504202326
-25862286648
434765831813
49599294677
15865770252
-178918819377
-135225039642
-73907110967
311867453307
298995174578
51415148968
72188799360
179634806069
-158371104215
-67082592556
90845900018
102464179711
23452008189
250203043236
37648490018
61757544129
347754544396
35476833418
356131995828
-115267817739
426034730700
-160255146492
308806932087
-40880686690
-37942865123
44684235625
-76865290612
43148921062
30406266869
416482356299
323376757274
305800019259
-33074985745
-66904583605
-2854990331
409471194728
-17601784836
415950852522
331561546482
36316568016
420101975654
-9115664579
-68360438811
2974502302
395516769795
306602508286
-212875593194
325407606344
27736653112
335546708778
-79732672148
-46363376017
94448177260
348546883055
415497745165
406454572317
69220604827
429221162779
-11470181994
-125425553950
322393403560
40918426887
-108084151914
-29887790537
48626599950
-39865046173
104615482353
53748261398
-60965826608
335619040022
327544446373
180369084752
-56744004368
68903154303
338766014400
58335188576
-95749160015
418405071184
45819361425
2901225706
-17839269707
436555061204
63227320270
427367156346
2475967199
147904305262
424192324694
261779266416
137309699334
-149317214172
278022729016
335828915864
-81930381403
19762458446
333249696077
105125495956
414270448855
13794801225
423715570105
416346617772
-37263540856
365334667354
-167524100475
-43544921542
388687315653
55691559443
-99578605005
46591235807
350920532431
410895707982
-49454457385
-108593587796
93976169238
-124059471538
1156987784
291925399393
300562708467
69010926728
-71306213865
-148804061761
53188057367
41678246596
305851583766
334459707428
133382359848
-117541518473
308400909873
410164976414
15014804846
-139865792278
328359885986
382573062466
48843003922
-49380493902
344096873607
91035129769
16490243566
13204437973
301328607389
366640658730
-28708630627
213952405662
11687645593
348351282121
419496266648
-108212414966
155206918234
374729626478
49001998297
-64375203221
332103138083
11595672701
130451394044
369777937771
-138709491142
296777627561
-873478514
-101129781649
2472168557
151265757445
29578966120
7553212719
14333486279
-31683321091
94850293387
1949556718
-220351530604
102776269884
-87355210551
-25425592339
282769955216
31225166403
267621615265
445131166565
-65081822322
-71602994565
323470036878
132799987876
-98565984287
-121793175776
27367201346
350537388682
12551934071
327010035980
341781864725
-18677274424
5190739722
25388539635
42320430796
-145162595741
288909287796
160680874660
-102475778071
44393137383
50327587735
16239341078
-120329740676
168129958288
-101208619092
277592020632
295753389387
461053693926
68631389248
406685968813
108049167223
39515245821
409772380756
-137558068673
7089228838
-24379858508
64587810405
-123352785743
22905259226
-121483264359
95107533066
-44037131785
125893985935
-142820768526
380159952337
290841872935
372716419139
-97563827841
405224771925
-43647968520
337798509030
-73734553677
6520307482
-25043075253
-144288920425
124577681732
149176952175
26479630141
36778422044
48711146699
148656422710
32850168833
31798086519
434170715297
95877031290
357214702422
-24517040794
-76696005846
364461665768
4173887010
-81584970942
-149595237582
-124390912944
149384303845
5473244358
-105697059889
55787433870
128177014530
72406869818
-26223187779
78728126031
-8348964765
-95564385640
-91924450654
207699106672
311484738162
17651191494
97194943112
-125805632468
443602164781
315289437022
-69616611281
265042929062
-108678220602
294031026107
178858998151
-14940551487
42320959184
-29866939385
184487909805
66369250897
246867816617
372612097048
74534448885
-83802448699
2896436223
324490599790
100395424494
-61944103071
95005296300
36621989640
-70728017621
-71464299569
-38427115607
-19922362603
322930958880
291979762022
-12704392929
54702448784
314202203519
16399477986
296289356769
-23856886338
410605036645
-2759158783
312043567120
105157584484
423661219986
56750344308
101118212029
166435020729
429694172404
424021612190
5201722053
238835283590
356804046020
5447078956
287602531798
-124333637584
-32858471191
-130974258008
324074572280
353752202580
-177824943256
-80031128891
307371790517
58997713147
-63038121351
39064676884
-88056294718
363541603429
-163528528438
5257747208
160539307265
-130208599586
-198678354163
58954130096
-48786374733
37990617724
247859676966
333731062386
152811531112
334525736229
91503230114
-3147760385
18815593152
352331171527
-78363520972
36377214670
55943371359
-96844401774
-43725524448
327754020611
34019204295
161962175638
318579489417
314645778975
158245247598
255073427142
275194995181
309565240014
403043912286
383733001241
312273223105
336945644237
2096167158
3088119413
-3987271833
214748195643
79654474028
10632966939
23049894638
437885256561
-85948312635
-77715713514
340161667490
174599064954
-64794814748
149547046372
389204959192
213281500133
-61094994980
-21185531855
327823375793
-45259858634
380856429878
214091328712
-11125665880
38474639721
153394887985
287937092962
315921318207
342060203770
323749960711
157690439111
-71599473796
354566554173
60395668078
-2189950413
3694502400
-52670960841
364627388938
321343482499
334548761049
320250692774
363837401231
395149020582
-184369919658
-27317816926
80425319716
13241967822
315511285066
-81840099153
374429936146
234466438013
-22986356920
-81664385132
87279301807
-25514401149
334906635782
12669391477
-22846174715
188466263121
135967192789
324112431952
388832076754
35568587097
77738815576
-30833027205
4558491968
-9630869771
289787967358
-14653417838
50286004793
321089150806
-66912591089
149394348347
340156367049
-20881429317
-18543912256
-101316760656
37057048158
10421245784
-7096785902
70418037409
377662010088
286838312579
385581338524
315125469294
338953096022
-98976963886
38945837466
49458870238
45316526894
355540566481
223297300669
56838930496
55298576267
-68528505727
226193464546
407184840383
22767893033
317782826662
56533641964
160239454249
167136757539
53376259819
-63874492131
8351577715
110504971313
460199733496
186380897323
310958006517
-74478396431
31246560910
391987200814
47655460958
-6856184833
34682962033
126341380648
-140150035583
419346441715
9602794241
345115788029
374791925673
252095813674
448633950337
344835283353
-121485135559
336601128436
259855740179
-25308292798
325548682594
409592731343
193886382422
-130826427614
382833359678
15148054766
-27147948330
-32076952832
1964941159
303294305548
-56664846325
-112359975395
-13685082378
-132328659649
338954053950
51871660008
393365041871
37805742297
-54304810877
347525221617
68230455248
362685696174
134862373472
50015942766
47884177415
-66793082459
-149088524351
204820894343
351281247110
-147157406548
335534198981
469506722196
333030220617
-146784913229
79270734525
415057225224
128724126334
-20981722353
398927664250
-50342151961
28767813657
76896999092
317126118900
17743566663
65399421678
274303036317
-32731466920
343044690162
329154134313
27191594664
432947120197
37319267695
-182360219221
164189864492
-185257924374
373831824246
429157287872
337220078594
285940099782
386919905318
297120431693
166668031821
326006696190
7520412574
-19399256462
-108538611770
104629387966
-24130485821
13014820915
-78931373720
18675556402
426993298829
10524517980
399010611026
394510914923
336456817213
-118411110842
325494647389
-6050154599
291507407334
464840578310
422627830174
-8930718262
405286881208
-69601004403
300498224741
80488810336
323593074671
-37984979661
-73154856543
396324942827
3418307686
216597859945
-54142492748
392347830624
-10350619950
304454680083
-150628127433
322354795528
-111303926458
16895578011
155512986374
7466587810
233983337599
412112033034
-105626348533
-108464825410
-51002839885
-63513764516
-9195984140
445849328485
66135343479
145837906027
137683341397
357002861785
-36069802074
76436120647
-45071265084
34560820334
298340893804
329292485096
-48706728786
-60902100627
-12643456312
393116049634
18948566677
54906068201
-128509493191
-132573499632
113842369253
291117723376
-133169366902
306612090333
-42387093021
316224762355
214720675711
20455244829
-128645288402
84891099727
11109558102
15994430072
-22091156273
-22808982988
-5421099320
-83346376862
205046061
50205546797
396364289022
459555656219
14240151674
2605280359
296959263992
-7977431565
212436198486
236965070994
-110007304575
18322931604
331104530144
329652333838
209304234705
-24968291871
-203922592365
290793250732
296771238961
336750362967
58540882624
-125896004651
331372414670
-52548473600
414103908702
312139407521
328628678987
391890651130
351341409127
-122882409630
59233675594
47113882645
-20370167281
136322099442
363573681080
-139783910076
7958057292
282769955216
325961155226
-99899666816
-791823856
334002417371
66922919506
-29031758490
82865876820
271678661054
212934616393
-43739059870
16645012439
-202394658585
335267653740
155131974346
-118343632083
-40588441706
86183459189
-27285531768
318955354821
64470551387
279566300579
416531906797
43683941964
-78857370990
397924420193
323513049586
-61291669772
167469501515
-30895048536
338121884663
-78211913548
-97418695526
401957935467
-147254392933
281977158776
377232214792
331463998643
376667152684
410103512677
-126140976969
-116469317711
80377520010
56552813173
340209923923
357542064801
-97292306002
403697001948
45257448107
58162639146
-64386323604
461142211742
210151041051
55903770426
-49565856716
49541871787
84568450712
-152446558806
341656028405
75090367254
-60442236784
141870003646
346396740179
18782147098
-82858430224
-24264992560
355230008247
-163440294474
78247311063
193122374700
-155320078361
37083878246
387400569485
-130208786812
94644161280
-2936769336
68100658642
-66486987724
123235001464
-100102627721
307278532424
40811149784
380269388303
129232135945
144834980520
456403986397
3824576336
342732477383
194366405137
-102811331555
404847544060
-32124409425
-47417796540
406610629043
34012089287
-115460987692
-119425011208
-156160237188
-103083070882
-50605041092
156652063915
421490839550
-145971982157
25297168561
-59714992114
-46541529005
-21472710167
78349596615
375641227196
162050783430
371819837042
-174851354653
431450227686
334792753828
172444770770
74625755392
26811063594
-20437220912
-10946372846
19490652532
146281422516
150012662922
81478556178
7424449935
412403722636
-115528834271
-91533274890
-15383991875
91015391532
-74101984152
-133000325300
393662414335
430319237435
-37373125826
469225272525
245278894277
151136214063
24124263422
-103808902360
8889834738
-11558477841
411366117244
-38124419231
387227975741
59087575641
318392129117
3163822726
-11970570852
-119701573251
-47512756510
57947223630
-111190459998
437448422976
346459515174
58762150790
361158465729
373360392703
438114338368
243443220935
9726151026
386964031064
347917724184
-70636042659
40449294772
34834583703
-22708428137
311871568371
-144518309067
-169217516033
401517323872
76475523662
-22075946330
-48768947169
40940593242
93507392401
-42057720019
311748795002
420225245981
49154109829
349461025249
405069022589
30983447946
16102632539
64649375330
297571231866
413428327312
74352870
422088541517
51633066589
389546263217
288019466311
-99890244211
18954956629
94242297763
156608923975
-55685547902
376888050268
-56585751238
425555113128
-29886307411
324517491714
10455292142
-18625647021
-103943548051
126173665756
109582669
186118299651
-142968604074
48565837626
-27206679232
43034422568
323938329473
410434470772
22007584706
462456238940
140212325371
419406529221
11840987954
117623700824
113771965739
-24618607161
338943114227
341266521832
294868828151
-63450545418
375785490460
284546537441
68455400721
329200299146
-35032707531
51228526754
43190174488
153655015959
-52575015680
69421816178
146311195378
40048347115
-144007799762
53265672219
419212560845
557420697
-20832736037
-52495096888
367556919821
-133176861395
232379531585
397640097434
218333531470
115469121978
176111593995
427306903054
405479024351
340344358533
72111761963
-97031577822
-108015205970
140067790200
98033866906
11320816354
-106636094302
324341650005
308937315772
285130307803
-8274608559
-103541152773
246115075424
-19524789355
-19143831618
323695133573
-11840173965
318928012193
49615442031
-73533809580
-25723694637
-44866310241
305176701865
-184017623347
417509796984
402600349852
-27331429083
-3767814360
460406903793
311619557461
46910035796
-67790204241
-29150040922
25915594860
186988445043
135885155065
273644198297
-15351335722
131217974986
416251762120
33493831029
-118230613893
3140871036
63919197211
-140120333513
309049262381
77173952487
222528099334
396715609579
317784044200
171635370247
30953878013
405680922641
-123031195496
-55978790040
38090440522
-14492797380
118219596109
-99940136188
137835249179
-35616817461
38940900067
-1222097814
336599779759
305817738207
-7078275611
-126049249488
77664451823
-63598477299
-24776751737
355968688721
407157271172
-129794313041
162512495723
-74589751344
281881244414
84424269271
110050385410
3049772679
37540106408
-32045676428
24270487925
46204793081
-113113277462
420504553128
-30371363263
67718232046
-3674023899
137114413489
298425808620
10959294279
-121682460886
124189523152
347913892091
13566628115
34443502634
211674749423
72983000751
154657381659
90864937548
344594741472
-12175642067
-43414066419
-84332391162
-219161840336
-3455944002
127059001008
-27199627
383840632751
29938059347
322793474315
396827056535
410857867753
-12134492284
395509253964
165631968129
-123281657426
406243355217
35963658754
18385522164
373334317740
335252582889
19637487405
204872683166
178939155661
87197808359
36170400087
5387166857
340357813317
153722271623
5913729523
287070347017
203383876795
-48807235324
-73053251953
-82751391747
-113892025164
113344788645
411221897685
368533317091
337678581171
24174356862
363068469577
407869453342
-24219361208
102749661760
347948859100
-59773347917
204351856100
151100665031
303364627068
347010190743
-21485216423
50853400272
322541991944
38169579354
35019312110
-189118932718
82812240626
84947914121
397300164787
328530597034
270211047178
282275460691
371589521344
406489306358
217649030820
387712395870
-132364813131
-1750396642
168387186667
23115702891
168242347980
-113935229645
363604309738
292470453859
-33165354131
27523131633
36887007259
263736940436
155644447360
217662898133
-117557191256
369569790401
331039563970
-6674630390
31761643843
311295459583
-133017755700
141459585451
310730999280
329029104945
-72455611525
-127456443542
-76587552417
395508857766
299508548322
58403832514
6806792603
70418789093
153390883403
12798598648
-110236899117
412353725209
-22652797233
233189894106
287455392304
236242081136
75295438698
91301037091
-65016579706
51413610120
-88203371357
-85501972096
-124508476421
-74945140126
167571779959
64681826840
-148275752436
-32081880184
-119574093223
288231189816
67823444255
-4107887864
-4431800102
326184929609
370112943679
191819501406
382975167615
-19168521821
383808829700
93359130381
-67568719624
92331000702
336852292342
304736779344
311602617305
-33888035076
319131878667
61710719000
159491854419
389227537370
-8974969375
70886233900
-128139705530
42798444292
265964033522
41080291240
293169979277
-109122440015
269704334957
342793582702
30873117233
104511962510
55995144699
414383608595
-95932287949
287904155776
306468396347
12391542192
138303569112
252834372372
154063912748
34038325362
-47858595469
382011257691
-2566015335
-11836721170
358519026084
260569122073
-27929692996
-102119754036
137670779821
5791163215
160381653274
95971045018
4548946547
-86996055547
412331536470
70295899280
-70965875914
362043465313
32092747632
227219144346
92658370599
74722475642
-102863639916
-28043802093
-108907777865
-72832646795
-151110783569
418049891898
55088043476
16239936850
277663285600
-35040447409
-78388063767
55951716076
133195882143
-137557381133
298095318310
345182320097
10537629358
-14930683549
9395035205
328012830939
-9929851009
48473156174
409984139951
41956478724
11533408418
357679551205
467303864439
80144167989
285302952498
352237293933
145947929141
369511349229
232416266707
-83957299174
52456302844
313148566223
31202130503
-13512746145
150288703890
-113557277814
403511656517
454809040159
88645995725
-35479844021
-74732289194
392695579613
-29092156330
317875380958
417422283725
347274845011
396999901822
-89463190636
-196701118026
373338811736
6859212538
256945455963
166080045627
155759377726
74289265771
28269105575
10830073507
-42679104616
392677073914
128149130323
176300008980
26452953548
404762935075
347472416274
193043334308
245035945338
4646286223
112721919716
-4248419594
47373859382
161554697544
-118573965804
39516049679
416876550833
25640891406
11184788104
-171910921342
-38187594577
-54882009322
61489265004
331921458698
358124310570
355045738143
298647849756
403593100987
126976750450
301182401941
417071605168
354905811331
-88002263610
327552456898
299522419872
334307663183
-18383046021
323057486556
172601088288
152709582696
285741006658
318310310004
366729429699
403905655945
-19000001287
-75594098536
267932630337
171924981320
227472653938
415436565478
111502870255
-82343921045
413473304856
289810216331
102679575103
365052228178
235399001231
450560249516
427763098
-81952468082
191556540669
90954609502
353937444527
23240913906
7361441825
420618976894
444856032958
7813653999
335578117531
234884133842
310247366063
35883909218
-38325500225
57183914127
-51385860628
-159764544288
-34562553221
25559374568
-19589266197
199972023597
375665994893
-34208231880
42946394191
-6519239468
79637590938
312451462115
418356629925
419598936890
-149963706194
-133116950814
300586817144
16775251270
-111601972800
336048884482
303230183564
343257323806
91319859166
357604705958
121772786880
323040271493
431555597394
368649092542
-117448121261
217553566150
-175761606699
411589537592
-58395606745
3386511345
-6452339609
209829352358
21399003862
9607612277
-143512173403
409009361919
329958040476
-114845118016
-101855033271
34243734056
-143790520887
388288830672
316659551278
379735248339
357100015020
307971379024
25802680114
390095437820
45997126041
16837056902
469668181193
308307725677
-62309154282
373330774371
265727999602
-75249575507
10573085191
144801689242
358658831068
-42415672259
60585195900
76640708027
-38594870503
353686518229
432831438709
-127642434995
51511630859
-48491155431
420488830945
290357776968
366172502032
348290326737
206002081991
254010352199
-131710675791
-41907626371
77760830219
128699125214
29149085502
188679218426
94957770071
34736748289
64759279739
158116884376
-93409655276
352778000400
-79367403679
-34936423912
93834608367
-132973671925
328881409303
61499301563
120440629005
-75618847824
115834992336
5770542096
137541993055
370362898703
-45992893220
334646013682
-50770240394
-161727340762
329342939840
-20853275253
-10303985753
203131136815
135800734297
9760633811
284475767328
-89634196824
265454016501
414934011411
372005638883
452730601724
-64618189790
244994068875
-25203514161
55266663482
407870003504
318822459612
69577418369
37009473232
75756194851
131895263012
-161659225520
452958464474
-5300908339
257805360890
-11319493189
21142880201
272823634034
458495659547
338886815753
-31480107897
46734508695
-19162612437
134967644605
-81207664610
-180676481077
-126154152981
106101794457
410566253568
192248411616
-200746847442
-17516788097
296835328863
157812416341
-47969596801
329477509882
13838562671
252730859374
211942145293
323682045794
-10334605389
421509574727
321771216870
241581983834
-99619889788
14481451906
289170809832
368733418872
414558479113
174313133249
-21938359632
-19336410751
-2436082680
417325619307
265846611414
-12441344010
7471899370
301386194922
214175583531
136122920440
456403986397
382195238003
-109819596336
298729145051
-151166156595
331158536086
356987300953
-1163925792
-63484405093
-112374348677
247647678515
119816926974
-10510022349
-62936956753
-52921621925
8264294326
-542086875
-84482551950
-78704606443
132462126155
-90316911183
-146659296508
11453417926
-26360324364
72935220643
359766180773
329222867335
-4910318019
-115927630098
338194074483
-23388439863
-128324327743
49224130880
57314758279
323741231598
264856204046
57493727414
51322933994
363309464189
-142215541940
50337559264
284697037114
48031450552
-53072891533
105211523159
322434196656
15177693266
26440329334
273512288063
95863389154
316672103264
84744568595
-10608273719
-69787609569
86894178313
-85706797994
-47867736379
-57744317942
305910059471
-19120532803
-11601644440
330941405312
-35440255740
257143215668
339950628436
360771072121
179242252682
201685494090
-65058416134
286836266790
-91431201838
-167636965311
44779018020
133206247147
12188222894
1718058181
-4633416936
169947382423
387164017170
367177897971
346507469674
-103777818216
-75658686281
128647246930
127984354030
357840130604
-182493823259
232504159221
417037716540
62973363451
-52111337741
437033854407
-100502365950
-27568437826
398366676978
-98669959563
411395096620
384589535600
286404515
330578475003
40167484784
240630872769
455398087049
-35123294454
-186595020749
414018969174
19888369759
83354165509
-127328008023
226849737935
110026281735
226249959713
282842859538
355565270406
-2395267045
336601856947
-134821587174
385268873531
147487533198
9542865985
153455395752
362095417137
-5919309708
-6211940118
76932240988
31636982427
124276441047
390398904950
14309695379
6373981166
-76979658133
329938104920
1333482075
145365397271
272296737416
914980438
197384037598
-192990697878
-48455875685
322388549415
142189060340
327433524089
279508562080
23106313568
-109147640212
-90014551596
7074827184
6510656094
-105476548316
59544515580
416288183474
325396085346
120327847889
378751934114
331419415861
-130663908874
-125180035465
271054135835
70183218534
334982303095
36691082289
23974750974
-117640159511
178670997782
280416041208
88185528769
297398973699
108197358436
30125687235
-143497835200
255063219776
300070469229
224387676065
386351808309
102970412512
25759209253
19859321692
-11083453781
377227621738
-26215380979
18044466721
181019062931
-87635327940
248840760005
241663134830
129305807550
73103489419
2196560186
-38465006347
40151628915
107352901242
-102876980758
33260618798
116237886623
372492168938
-18983136146
-37452906006
219109220011
384649007592
245602545214
416916692390
288022287839
-5304498863
-181454560112
365696595867
82668850583
417871853114
-78786743925
355234398860
-82886966579
157894291604
417326468586
53859656757
290727571868
15091392659
308558181505
64660216885
18719849459
46116538019
459442893655
-5651785699
-30463538020
-26113233166
24953750089
29351795811
-98306666989
430125819513
-29579802482
-40272847168
-152731947472
82690342690
110332113219
11502358307
429261034500
295125435650
301418672922
167599999415
120568775430
345568696187
370191783087
390777947345
-17635833804
-79992157931
293215964308
377681218107
158284632628
91160845817
407626976730
295229789602
303478496866
374207129414
67932014828
283950084211
-154075150371
49391426212
-13312072127
-112754980473
53479379221
-62321658040
72207328040
344021165012
316000931912
394539455416
-141906213408
-151338557234
115928463565
317516593367
-37917685382
-17229200973
-22513734328
-28221595417
396948263469
24586921922
394907060948
-112480621332
94725558020
109174360429
-27782109315
-79572288795
40852229393
-11166709852
314928389699
433580440565
82956651020
-186261613206
-64438009909
255276172643
-23586935365
-14215467944
-128255841439
319497214427
337656413204
240518377811
-31320502227
405754733033
311131135775
214115601661
419236972573
47390271353
374377672260
5157836016
111353779179
-179514110193
332414525389
463399092843
-1019933539
348960636334
222424468945
-109234461863
167471369317
392010293919
379130558930
-78852817253
300590936994
242982422706
350958694757
426866954370
-45462045306
-62467439260
-15111107993
73949476249
108305613194
-94311277635
-77593101801
356402535329
-10705731240
419335853288
325909404155
414760857848
13722801668
48200347596
416510115482
62113384565
431976699951
-50984594167
364056723450
-100402639591
295547195172
-73522936291
107593053591
305098738106
407248615248
-132908573844
49383409718
12860421338
-119517702662
377125129574
309392834897
153041550562
280514119238
14627887322
37877027858
60991469771
-148490472094
7253943517
-39757522719
40947622335
-59824419206
431254334940
114994243322
-12558263796
92658797795
-85399061028
-9655369382
9529565242
-82579922508
-19925397293
70817413269
76984654916
-104497658066
8862132161
114449471013
-88243107050
119192112842
-94699816742
-51174281306
362098284618
222321875555
132070076304
401557977508
337498873022
43668373364
318991348293
-72038708811
-112498043021
402338838230
306087229397
-54012009125
-39302624174
147428168478
16742207288
-76988972738
-25742656073
33034245175
14908449464
-151654119708
-108155226236
-102648530764
92221203358
369182360777
360711000806
300952785413
440453842814
-26471093135
-10626293528
-127393306219
-82362262218
372545919962
2824305811
418065831489
142604214768
275518940876
258963499823
53825764350
-21151710664
183543538682
-30283813253
436791876110
-132376399978
41176576887
125700851517
-42736256897
-95775988918
33988057895
348036580831
-354623582
9406968804
348012595242
423816992928
-11617644549
-57250296277
78194639876
43207516658
-25336803047
-44746771950
72706203433
310054539083
14746681231
330845126820
54245404420
427890976710
300933131787
-1203625985
231958153045
363102369372
466280966576
-72935209433
9414868242
195155732453
-255639897
56810571173
328833061852
58475034113
-24640802297
-80952460164
8569046957
-101825466157
-25493379218
217353952533
-122796528657
4579468547
411047629077
-65030792540
180061797376
-128416122241
-100414613799
-108485031575
-95932812783
265069888180
24023611245
100195602391
-109731406652
301896128457
336740910324
418642426722
-101793128922
358765517730
-53990071676
-30541732177
304945920787
235332558272
-33089977368
362333158462
103263351532
34875942998
337287503297
28650925318
329602415820
86351093750
335773116994
134900246928
103726708286
113271640796
331712676389
362728395001
-24714378855
286653985593
311047592159
312706146241
-227069796845
-16222716873
430533757562
139784597307
357719673359
1684183923
-7156373892
-87134726925
7965874901
-79329539844
56946049197
69566624064
75640075831
-7576718076
-83974221968
244393764971
37818579301
24149654269
62889547809
388963531389
429515273444
81738529790
133914445005
377889652930
73570360384
-178194182765
-84522602642
-83138887969
355898506038
58870301421
-41693188630
88636974211
350758621505
116996219362
-2151431350
-7105876038
-98585562840
-7207927083
270131531617
420988782771
-123683177430
321491711611
460024864437
11704709981
351594191662
-144470576950
-58437423460
62373467163
199760998491
338211602159
-25022746644
-11479060863
-92825307155
8495618514
428816675041
335124131728
-23111304391
51127004635
335334800593
145855092605
81063408116
-59227486129
-137620160053
311356479608
-11703394714
-50580114785
153027777608
-112270632406
329647981483
328872153859
336193998815
12855287438
297951549144
323304723633
-104162390048
220887851029
114389681380
401544183413
312050822021
347732880855
-9390449732
-168958922405
331703272035
86678098989
65327693637
153099079012
2863102104
163005962814
260859847143
-49612413149
18432720278
276210490859
93907463212
344868441131
-83025519366
328959887230
328852475728
370789848801
81306084179
138450451289
18017169066
412810123396
-89798018431
132001847122
92448474690
342996110764
-18429882658
18927238116
76011362708
-31947523506
-21774436486
338687086427
328907563276
40562750274
-36903451905
8938621472
297022155074
265705581596
-60973737732
-33440359224
337136962186
18372344014
6023451228
328632940500
224559747663
371297679563
-10991925252
282658266793
366478198558
244912165368
-201770312565
328691143753
-176037248544
-136055918126
50664663458
27900163387
84995368190
362932926418
351065491268
434076834448
305356193428
13045195270
423661219986
80430666419
-27058092488
153169017307
-13833260770
124851217208
6711394027
171518468574
43638843943
146669387347
235904354521
-139855207605
338726770790
-23804185676
18087380796
-30672406583
-5124448114
-102387659985
51052314233
32019494526
56263483250
-28587611766
-52999922894
-99573128347
377505538139
128163155981
-156434576765
-24459886131
59935842981
59613387156
63015542171
428428264197
-45974499127
319143944201
331149626139
53424412946
-125957521678
-9739918552
-33327060810
-36726568864
-14009270261
402379669727
234110653007
101011457811
246979907128
388785581398
8663119073
290178172139
404326736434
20509543340
250417948610
-147753080125
46198225664
357171627877
-70057991427
376536909592
-15805659170
87793713870
-94368496852
-107902541200
-36987852549
39932831271
-57961254529
305295036531
334514695439
65539302509
-93789448714
-112479516619
342117757668
288337512241
326467716384
81391371073
13647605089
26298181616
-80853721620
307077393682
49020670253
-207878178129
85238893048
-24574948644
130661729944
-94088938019
171231716781
-61712730235
-43037356353
356849844561
-41735812216
59587010534
429788553961
90335056333
10424751655
334627871803
-125114223871
320730194017
185492677855
342733966324
-126982362469
434296354754
-30067556808
381734617132
-29990344608
-20273692858
319562374628
398863062382
357137548830
-201162294583
397324994913
322801733852
240505413968
-172533453485
33000797562
-18653691295
397217904612
-13807839758
311098014221
261620794839
452322682718
313359126026
232275529913
318633958878
67635444179
-32705029598
214489095513
435549854403
2130578386
-98324323966
10654927536
42135750521
28391052735
1251860751
-111868027736
-2627449354
34413241106
313234050422
-158405851605
98902631842
418497204980
90437931046
-183170527628
-31801697711
317323208186
279775200208
-23448406375
89702176688
-129823420386
-84598687356
379245659200
103949213
48119415236
325276564247
85424864963
-117749315591
330576999151
403668344112
-25717064375
425045419593
201025879199
302238335238
-763578451
297389635990
347647828089
339825454565
90232337590
361799161747
316103197390
-5990738548
-8163687184
146990843654
9827226451
304541487704
32512728465
74102317294
392393378439
-48041677182
12404973088
-110414987691
8331614757
194082831454
8025301778
-97940484895
7788509166
-111320942850
15674419146
289449775559
-211180268829
368960704699
-16537252723
354580856640
319830231935
1497545327
357225373557
355792032086
-15788166583
-19681356706
168325165927
-40825050181
-1157046115
184153000569
55894875560
389103203173
-27014768832
-92905266601
128125309594
38035686657
314127025201
-139444525646
-12710942860
-119592554177
434870907103
296410033281
272408335705
5239911448
133874858000
307278207553
343184215394
331896195774
33911412317
-11960476943
299983475468
59210906324
43890650255
299942060389
351249526243
415480009295
-28734659024
284787762211
115985813823
339816751364
153339629695
264334988240
-23595658551
219380684704
-66909843455
-46522598592
-59774507227
-174140734460
294218518323
-110957513179
230927269347
-19337418766
366769052330
367653583286
-62870328022
295341144484
322525422618
415521165488
-112288459277
57306027183
-117929451472
-123366114999
304009483677
21634229138
-117162725322
153049457817
89562979626
8597400563
-17156023840
3049177436
124413582140
382843376864
359828874108
426260252123
-7762840851
384872033722
-103670720936
359018080200
294365326958
6110970048
326592137730
108965433749
-45873333121
72098201480
-30480924877
47975125472
-91169669552
98971901566
403189726369
-46260153159
-57365464686
-91151243347
1297275424
431233323890
288370873146
21060518359
348576718831
225396316279
251715880284
309523662339
-12407174124
328382144035
94930605633
360538713153
44260410854
336771895799
-38399253969
-6474108042
17387213470
137287182021
302041170749
-83994336629
7008945803
-83384550218
299544532829
229722171169
-116749659241
431396293118
196420081287
-48964015029
160843858753
53923632480
337444156823
52563394187
-168724931622
4896514727
127083936551
-319402717
412093487440
31339412845
-148961110820
-26246902358
304317039040
-11654561211
41520757271
-22490552937
-35470723200
407968624113
354679600254
390454368040
-99119521393
-94696738871
-71899364654
84155088978
-23285701198
-121698628701
19485276053
4740616785
-44658677542
-33087029027
-32331602338
248135693747
362348096466
10393720874
296316861151
83826289023
392215732985
-149979862936
168615478745
-12389080920
-52462048809
-12489505263
-147025890148
135571079746
86812757367
124917659505
-85388592041
432897916279
111394033686
50292442569
313210515736
-31543240981
354039529664
334948837708
-128912165050
-92452516043
40016364493
14749412520
59019961524
388686146605
-20930211563
343116249283
141610647177
433405102926
13626926847
-27859150087
321263749362
-112887927936
349312994943
117331434440
343802142142
73202136071
379896012142
297750932503
436843085697
-84993859462
341899929342
397441511641
-149236397707
435108371321
-42549487327
176437385603
311831390200
29279424180
-2208412810
337883761061
-110901648652
336719904460
-18405962922
-58952631153
-130940708873
-16791240104
-11115409065
415728060950
-7830931244
134107462238
377534443167
321491805158
291104428954
-119229537406
330334285819
21251781371
344193236822
-128721346524
-37344562349
-68415024501
211461803314
-139616347876
6806148152
-120460577700
390541568573
425020151069
-62521009147
-81593532896
-103707382166
375659144276
413414789824
-122101007908
4298220164
7079306345
46350073038
151271658258
403388011365
212186824044
-24544566550
150537559851
142261709090
-69366812480
-52830138442
-10982758870
7346456213
347948548756
75000515740
-104465904538
245296845887
-79104982537
-117083080178
52034637695
-13487631696
-73625555576
-13477049171
32281543535
319736018936
2433604991
-76317446256
305419772842
706255969
12806014605
167065364287
-24502409365
221880528587
422890581049
61679300500
-106347264811
418535339637
361576738796
405955737930
-172930554458
47219043339
350765778647
29291590210
250408510707
309572034472
321392247485
12645590133
-22939426830
398180352919
391744049723
351005001059
286473531806
378995768496
370485164631
93851423878
9059330553
43868686509
339508230576
296048385518
222439371298
142511031505
355135241608
432911853579
320016444483
206580254980
-153743888740
236771921313
-114705676102
134947567198
-18414400592
186978510381
114899881973
-126940113821
373533516867
462625554740
362576961816
231408708956
-15877802204
391550029347
-56433667080
405690843361
37264214830
-65348663141
170258023408
-22402188725
-79004399799
9099157216
81232997431
304788911711
103152145043
-194018669402
67362593043
33692195847
407584507755
13623289666
-62839372154
-48330970821
47060273092
-75404704591
386920469556
364129218205
132201614482
52901273253
72656637234
-63613038651
-175075630906
325804867737
336616850040
-86111749753
119872175303
382608075570
297145682878
960908292
-83197099149
2423186193
380517635317
-53038196559
354312954409
-50771182690
114938122301
317572587926
-148797428214
-115499451926
-86750239427
-1462846273
-43955152319
5313850800
76692272794
44370802335
334804213824
97016668480
391068473702
45943094417
-12459037626
194185875624
92591582165
137681154801
345388908919
294646460331
350860449957
24384352353
-16577219768
-57413527496
366739987201
360270077209
-70863063392
422945638839
-13374831191
179129031263
417753149719
-17961776806
25228633738
292489427479
367008914564
368615363112
106226534904
-149619853705
363869942935
-121172565038
83816987874
8624522201
321133579473
-13107135811
362807482787
381265086878
10513760633
-44985648137
312196987302
-10260563604
352053894271
-15556045668
222243347483
3411023714
328257455289
281217370293
422395753291
377722557674
-80883635859
428267284840
-76059791807
155508250113
-5818258107
130599806233
389829690768
-126846921490
336209184713
120916565104
-26231921768
-37121959554
-3623024501
-71548548900
-4950446820
-37948302654
-67987386978
-211137103604
24748365114
145522296546
385409090286
458784338288
-127580280774
263017009772
317670687146
-21390273613
40706320396
-116780303220
12964518389
78360072203
352650540776
262154776122
-115355109645
297121453745
-12896165900
107822492546
415206853889
78493705320
13748286666
-85691326508
320817415718
166361994505
284909053755
-97819934711
2518377638
101855829146
78470059670
19137761105
-129656280806
111457657510
-83892572812
283342187352
-180450233915
-87807571240
396368100288
-83198078049
288201391080
-18077460347
31102572428
17678238061
107564631381
-15829962800
20781872174
871816284
86609966018
-98088063012
378808613130
353682206395
444855059699
347184462566
139563063720
423997528736
191927598320
323412255287
362436112017
102741848453
146636397989
154859958953
386687146821
-91368684692
305708242535
-101522869144
-82931695567
-132776259474
-72133791788
416552523377
369541848578
51398361298
245580581538
291243673850
-129364255555
82086211184
-20310164122
-161016318436
-122068520438
318068202190
-38955672405
-2937445787
-62476261472
352827796436
328355786634
328211742884
249779501727
1772735196
-12440881613
213921459371
200867161198
49705410881
108728173786
-42216677566
383020001589
85554015872
-38614277383
157087225376
-3973505641
-3610121075
162694080805
158108734929
133620774188
436395788750
161134253418
402413444232
-38806329454
74711999271
-77972891327
81047584753
279041086003
155450222129
54429195995
277286913511
387177054333
381382898448
-169621953705
-117216090642
-56508154729
28851269311
-63829643516
334534639506
329719256223
-91750330171
50019116916
2974502302
-105350347341
192066148454
46476392465
246944592559
-2093719071
-12238024008
395948864531
172984894188
-139708702490
155592845583
-49321387077
-16251130414
265793023472
-24476612507
124187151514
91320523612
-9933538551
438472042950
-96040851770
416497013590
326374072962
287472013044
109407136095
297863449031
4256502918
-17747087475
322262934640
325588065353
-106038554442
321501133631
271650238331
18937363815
-380045205
-139633365229
26586743081
-95008964916
66824262696
84058484257
7810813926
342065406848
421925561411
109081799253
-148808357499
-101965815983
303380838591
349597353085
387589874779
-173942191470
-119306703496
210986410021
377094133862
357211548284
295279784776
239072834145
-9853983932
10223162468
87514340831
105441373204
19734666141
332835257689
-127709899260
76231128157
473261438471
239101075234
104217239750
42534455133
-85851457046
296661816821
343422710752
373926449060
403532325470
13069888922
327159134188
432703033735
74776133568
209157696706
372910736827
369777689354
-101953136028
-75661895547
-23652193216
131349759248
-43807642179
-42849441700
23827897931
86801911129
-14423666600
407892292850
74039977167
-58465139893
62740192374
84823752521
264145229318
-69311118872
-158150260214
347802664322
408887711010
10268926318
40640746711
-5913667529
-82321866004
414025110653
199795477273
386075963732
46147949488
399665071540
65904486907
223393258069
436245027229
166814890248
355102294121
469326792592
423183682616
330637735292
228877865256
55869405804
246964932486
-88820936421
49938584788
372623801067
-11945785804
131741652494
70923266773
17430248818
49575825300
-32991835714
72835532577
-2506323298
-96529960927
207377641106
409753226712
277911696820
174876613862
-20608717572
315514797792
260151018492
-128850995062
64802303400
327394180949
98107466256
-4128312360
-28073363210
-167900770839
416908475402
299871944995
356697036419
55697990171
332120495230
3603581644
2342463847
372032249072
107947807088
98670417
424512114417
131386078771
-71645283988
-97520944738
-37133069996
165549532863
318104238492
323655843807
-129177021240
-6233889607
164471967945
-22012505284
-56356739124
72443507547
25733628838
328167277563
31018918347
80019065499
-17605639609
201513047318
44320000507
129055466051
9154820439
172102986988
379233633762
-38868841643
-83623651315
282873920675
336798832509
22966014024
-111122961434
261569027419
444175292784
44166698822
17265800068
-118156676852
306888635558
-57580103192
343980728873
-29270922499
35680087990
-109080658584
343001063544
-95689413830
11381287718
-145721465634
392089322732
173470856531
81628313323
427831998745
403754854579
12316165102
-159186726905
315591940519
388729927214
277085896204
398449488502
14584622564
289538619517
277784115217
-149046819531
57227765117
84356274676
-31276393346
90819652676
-166547080961
134217631949
346304057348
12928489334
33126257135
280161805807
19036057383
-21561629153
60458120283
411609037650
-121435791077
322760462375
278612060379
37126178296
373132090564
-127057004900
376300300086
-22255003716
214136669907
5598767567
335331354872
310001344757
305094926863
-17373278637
-26773799402
374372362796
354802428781
43398600025
114050405696
438659337545
82466219055
148685616372
366471950813
59642307291
375893834656
11266199867
238969538772
-101124149518
178277675399
288999112933
10222455785
12709004509
116636498561
-44596196525
450207190024
348586561887
-26169667249
77334813262
-53414238918
332989595442
262184599042
67263568086
40035086861
29590002586
362314731368
322547306093
205555409476
248595394056
-124081192944
385588600810
-120806361080
396256434400
391695210085
18622853972
-44881437074
-14589440280
18110191838
303361690649
249348712684
223337937374
405541449040
401007348593
-62753096530
54995925594
-177052047720
80316658648
317143283840
-141404338086
338395793003
320178966574
-51185929509
407603341618
328827230027
270961723596
21033784575
-201600665125
-77270217709
436784419119
-75951739054
44624571784
385943983675
300205462678
301184759121
-137306479363
385112839477
-51037085525
74923085733
34946570478
53181174532
397018797642
31087027717
262297437015
45171040014
-80267674244
305840558268
229248871661
-63391478175
135882423949
-10255112034
320989722843
312624280180
-59446530576
200259453622
-207694048835
249015550844
329386500047
-9096340230
288202008280
48608871707
54106993111
-52111460013
-36380552915
92786432075
-110410201420
158568010164
417850104289
58175942334
10530073792
368842553887
345863978987
335255262419
281953987733
406956271827
-226519868240
-104175402600
94395566973
-150768558753
120812168676
34735989417
293186094647
7897589391
344373578321
349108063591
7699716251
380448285549
290999647209
-25035422347
-179558987186
384162979082
355872291710
244680956327
-186722289373
-108438028503
348588240407
355990438920
358938682480
-119531099635
-87742024744
210876408470
-24745789345
-50636278779
-5917206968
-59452084930
376111842723
95457894165
10519498350
357241430256
49665672703
301510235895
407662660299
72511452870
312457565459
40442913782
104182469358
-85168752205
343366633044
356991754478
379018587638
67570593075
250450009839
410275466560
408158795859
58891043584
74013041682
142386285124
151283472505
220324160628
342818632111
-45028133700
277282964146
398306472300
145855092605
-93077998730
-141462889171
-118822675079
-85062628027
47757834727
64760556694
-79437831014
455006316991
312385981809
340190280858
313722715131
-151793282556
-84430743128
-109278386829
-76763893553
354853441823
246072700746
388637958382
280381541477
43160683023
2593932683
-79739780308
390438307821
-5265055910
39849849516
302950568010
343424923365
-101273112549
277645791590
-81965551019
31409840459
36673386753
198110187011
403049327395
40466280241
67484316883
126119577831
18701762208
270886725459
104656515997
-4138035882
339804437561
414174329256
-49669899814
-149168929590
56453713790
-25344486819
332543346452
130152636461
4453366633
40687850046
-177255574869
37121523618
165707096218
375681937645
-23696692022
274086165617
-158149749715
67279724219
-4039700541
56755911204
9351946073
-61645679999
69419001570
-79136807550
387162935278
-20617921839
400435098041
350618103589
313068501893
61781382506
141020310175
378615687346
151051081002
-98637853196
-151799202562
-11010333276
107461478816
421020879470
35559054254
61932631453
343514938813
-8413197000
-421348303
219444926265
-124662118847
30211857210
313696948968
-118616435847
355912370857
127396911398
350430209899
69628398329
286939158033
51190784704
-60923499479
29754223189
162673421064
-34557226601
309753019681
-41523821980
147275860873
-91989634506
334118900843
-37442765266
-96298740486
-32773934929
-110772054541
-3620380427
-23515144463
286639790505
141461663230
325701373023
21539086518
321573084722
314897751812
37347948180
348704819503
-19971746353
386344075272
317364223607
-62481387025
321417398673
200715053357
470127005725
37471237845
-12644732086
9848821283
18743187025
371969810247
345816380791
305718745584
337695862564
105936913589
439820651363
164040311512
353362737663
114899881973
-5284295452
74087147977
-28581614450
122167770187
375377822889
80891815635
451045822419
276924732393
81243567189
400644824261
-20029756982
330456653124
247878371395
33539459248
252100674110
-22486875349
-33672522161
407414734150
-9998024138
307414413562
130183355078
17618788515
354055024984
-10716313561
-42195130656
81380407217
388235637821
32787655564
7820337689
-159619910913
159038148751
-70165278326
-66975877529
90738127074
-46775188629
440043987662
315909857358
61098215177
-63591746383
-213374346759
75421683112
43243419370
436239664346
38974358580
369929467985
-113213406517
-15328941089
55871658072
233710940361
312426536375
375222813585
310781548604
147114429655
80873998555
276997736884
235848399170
361917748718
-39207402201
96177938064
-119776919408
434866050947
316544655962
353213593074
-34172776399
232096689776
139274346102
415527574954
425934983729
455953191542
-128630141957
34966732621
126625688846
-90860392540
418698897072
57821439621
-52677558757
321970970939
384291087560
-14749830063
295208935561
337436785706
10768335018
-23283678064
66621703334
8101543836
367848857315
-25112975787
-69842228816
252888640053
264590737902
419296486143
83685524240
153930230151
309668590838
444360453744
9225375961
14981308068
69595373189
52675411960
-86022889876
-54063855547
14821722867
381619028756
43841399595
74127894738
347951734807
27107427733
59327281882
57309555643
288729636479
79886748819
66085030180
-19260282947
414266743267
362894189357
418597984725
-44383648347
258088485643
216556536922
-96113809047
47906682062
306295435217
22602177825
338755846375
-139210544630
145445060870
282842859538
240533540330
268157321729
-54225011476
315337491840
-61908743606
71507996197
422945945827
57046637095
53786926561
-81630138324
223881263163
-1669097904
151590823217
66734570349
226190389388
184531803368
291304567569
104809742210
-84058409442
200873151656
327457869283
-162451817635
100760687509
334897410900
-158948656974
-6455028518
48333610957
281086659780
184865017376
55148664283
290153192121
245085358114
9396906124
307372013493
-5402328075
-63620459195
50135700415
318334014151
-162225725557
18509262312
327509811193
-108379731879
72113929387
13922484478
182360364169
324592044339
-130873850291
-154921157648
170366463001
31642388221
284415493687
442364762943
403183647408
288196182638
318984025472
69697563982
87779570882
347307581798
415889536876
-144489495791
-633120674
8325444631
-55085858796
90425943848
429947123916
231766127422
-130864127959
18113628949
-11212925646
-120691268874
350075911838
42192943900
168959362891
-55391477589
407671516319
346318923731
328479578268
93915408585
365698177410
177226006281
-34791513595
-5213437719
424481750784
409382589407
-34947531237
58199908418
-10903020079
-3727530608
2606821347
-51789793894
380773637640
-132938536243
356487160706
159014329724
61814387423
-22581938323
-75328648817
-120239095782
-97055921024
-67549699130
222510601813
334210547092
74724155990
-71004491665
420262683007
301710040822
35795893453
322673302017
257493296679
26306373849
398316057070
37726214718
-96061966744
303095630646
317678950392
312065297583
450500096147
178593238289
337936562289
54821443918
-133449609907
6616982759
310729874389
57061517142
78189747692
351192521208
95477704378
307616798748
317600273338
323561290484
234985251120
263272187685
-42026818836
-58934532338
284961455533
-22103054633
304620642549
-15666418711
193667308052
459132172545
4803768056
-45618755036
-117970381921
398216730182
150196819915
250674137487
337232514392
23152086097
-52514760043
14929006164
328529333277
177937307173
-110680508329
-26524129087
-98542540130
-39368409559
335806434867
331004985088
303540611025
172071289616
233270921358
-15187913788
350439314637
161161004573
-86056434490
-100135160861
49179894044
251319011000
-124874344810
-180481294337
69582015769
-33262298338
46856573444
119869909563
-123522880886
379025469088
-4490866008
151643600943
-15656187395
285440775255
-96147328240
-45949103119
38376322593
352118204679
287736643346
-101065928299
154388602784
352822207274
330239465777
3731499510
-7701466041
-107119485710
-107386097163
144832416469
-83201670270
27311924830
32761743114
116079489372
55515854457
331540890370
-5996767251
337870823532
347403295052
3762882064
281682658543
10100193542
315907128663
-9178852697
421928443420
-35850696839
41915473362
45463195211
306369408510
60855486011
342807628165
423918166669
-23964047783
75066040983
85825026606
282473558108
66312266616
72339149071
8941892965
221855054923
-130004163728
-16353590865
361018833919
-4867453929
-15556363435
45770898024
394666169344
147367520677
45039281236
312912858898
412240114609
-163046279822
215628358899
66772174236
-29439603450
-25857902210
184907409783
22505636106
-21271269777
19895185944
296239071
-3354567929
376607755168
72457847213
66355584821
66048434668
384663916179
377038015781
316572077106
-147065724014
206709009580
-31663509587
424604143844
325528929222
-12248746495
413933747650
11024125667
405917587424
55342837846
9960835965
29663255600
297616782107
82809631529
-50165944322
-5501216170
116759672222
118219948557
-61976080231
217221179848
38701335387
-112302632145
-207052219193
-148874635975
-104684197853
74575380380
-4583088506
122464338034
211297729763
-23279284476
-98131443827
81721874581
-172627518582
-47134102894
345773639428
-63320363089
53221557666
84163391136
51111183253
334804759885
-46361224533
50200221535
58646095861
190504572352
-118452133697
48699061060
150146751370
-4108956773
5334808238
431043810073
1389217043
347763577739
89284893301
-74141869873
254857567187
175223798631
43635190185
-99293417052
204795462298
354899497209
-137026729534
26576095525
220266652958
350128818851
134345221640
-215513491180
48789899543
-188590327845
450652437688
270905385474
-112644669598
25218502890
250600651102
-28166197929
415064365783
74963609171
-58948998392
61450486595
19326148964
-15099340477
-36343535871
-29259657269
226171327522
-93024912522
-129601842065
-46011426974
3025480220
-141584075406
44406664946
-37878105004
311432620978
-41766041638
327870350553
-2752135065
-156859363504
283650510199
-174238976623
32450717808
262321601348
174588121055
158231132994
-4899620147
186374497440
14344352901
29359743366
400703398905
247126244521
345044682319
52061603797
341169454641
-18240858103
-18396153037
2416915712
340440446860
-18956976616
361832469603
315235785142
400718734439
11717587690
366347999464
363840815962
332070950408
139540688329
108322028424
354183955098
70539129348
432861634745
-172621391413
-28928011507
3216163034
-14027375868
31578483635
72997202419
-82328792746
157625069202
17953967524
75873839433
394185989644
281655864815
408618123709
431613903219
7014230307
300110596950
-172179022774
80893721994
401213305086
52174069255
425919308318
-150953614935
-67734681645
320814344085
7779361191
360696843587
-21063148555
47849626006
363565711858
296290400449
242599552426
-7795886260
-98884965186
151498465474
-92844517948
-28037479705
34792999572
275891816274
-106031493778
-15778541135
-17939326600
-204264531962
-112330869885
187347313247
148680881
371827345445
243328380896
112087094585
60257817374
-71943811337
281634609032
-31108709498
273518867683
-70706310789
11087618708
266995994600
-63733768842
-150297011187
125741343369
3765124024
-27622051946
322885517575
102592040042
428235677435
348011005368
792779391
246655305562
6071090838
280705822067
415256481925
34703768367
-4364529342
216439324681
-44028042797
40960180907
167217331859
164969093051
397583552397
375477867131
114636301481
192490034014
-61801563759
23198665786
-86598779550
315574890536
252723674779
58156935144
311779745524
-106688064586
-109236317106
426738746730
16234305504
365587950816
132550413982
336793119265
328134104398
-85618836620
9246539678
15813556182
-48125409577
52262457223
-37077250580
62349216947
22164601203
29308142628
30322555439
144205649427
368335335825
-219374047251
7744984595
52709278985
-62076159284
456454190463
301543817216
-21266447309
150201839243
390524724412
-95396813003
48557415539
-129766537114
-70586040305
396227524072
-385913558
235619658168
6105944599
-24613275792
93224549755
296128048609
255894402
-72770299587
203628045753
108528188771
-17810195117
241855580439
360050265486
310869449708
-15349670359
293832372118
-36077583650
-106232474165
-124207414141
6311769988
-78365100786
337233973653
128417129626
284333251875
-3104644841
-92684478814
-495441681
240861243085
32695773829
297332349713
198721114972
-1471261625
375526557111
251236626783
287218860647
326135442895
39445069242
82885786810
305091865786
218279600359
205693962574
325086879689
-122197474671
56721692628
46067166486
50749871853
73270178618
54561414832
356663021747
12160799007
338007633208
334654098071
32389113097
4956648891
2411984509
249256593477
139038276594
-88580376739
39678639917
216536728672
406850152078
301875654489
25252205609
1337888853
-48240346238
57266138385
-93804041722
-107945801017
-39763111981
29071154834
2011907320
40906822941
422084328551
-188828681793
180864641435
-47830396957
392919531871
420650169084
115791730029
-50934076900
-123820269665
116788939436
26176939123
311569121458
-190241056
86003598754
-24373386424
291648635101
348071583267
468692420426
-24146938690
-65802711240
128197614759
63871663522
-85485389622
-54942544925
313469769459
-24359243
-117311509438
59866687960
-166483484950
9147198605
-33658239340
285875428472
321085266961
155236245392
296384536741
324905615262
321410051773
29513167907
335162285408
53331928827
-6887501904
270881003452
373952577767
254581175904
3258583737
273933746113
3739254545
-30968600589
339171942759
350228286625
72760259964
-32540768304
-5811740970
238805164225
24010860200
-6823963156
-95512747252
2318341444
-59714363282
-55228212277
279327623633
-129968327548
306038335551
446329888759
-42852467229
88335204386
173252122173
324263128784
336918465536
309285151569
80196837572
247503510895
307441893463
-70804460110
337473213483
-157716043436
470431449935
41981446915
-108489203024
349831310807
10915865004
319664537589
322520058408
-130512228694
236888223973
333737294198
288460546189
277276307335
16541096548
-33241497857
125188576165
-48565318200
-5498245902
-19564521996
292290368929
121469598723
-18739544923
333084805800
-85632310938
53951800861
315397768900
-148036729477
202157289317
16014117618
-14493678145
33849218083
-115289342142
105634082997
333972386789
-36531935741
306688426228
302401564342
412259933462
-19779187263
405271435960
-100564030640
318354106485
69018861079
143973151074
-119508942865
-76348115718
144530044695
365343858632
-15289158126
268690767595
282661246213
-197643484956
173762685768
155977928207
356459312292
326156940780
-80297032466
352446359792
7146744252
336931050768
71340008021
107185895144
21755105419
-156685564383
335704916462
365051522045
403922747869
40092631632
-47467780774
230407421215
41352791210
205944412665
-29310708341
338917009070
4502508142
285910749411
54322059910
-87182812146
53865513876
170055130107
38015290205
375437207788
322656138438
270368874168
10245621054
237001392604
41605656129
-58133776368
270491500856
-42498973955
-83225042283
-5914694343
385970791832
337337472494
48764793780
302824630925
12452929036
407619655505
275721420227
279819762291
21251370822
81652407770
397300164787
-97103201484
374218312453
-75489473718
-140212522533
37661442548
-24176391001
-103749333898
302453437944
288643318178
-21054182183
-24962568044
4516483758
1382488314
278431420331
105458811098
289367129723
86534096958
231730248508
20505934533
-81599860276
-35989293618
331808646334
336211368335
-56278078472
-44969354268
50837574466
391479520466
65387442217
310955449317
432030670347
325216011572
50129977943
-113271276962
56419894955
407745371484
224661838636
-120532164157
-62008883508
318622244320
343192328574
138451252880
55006090269
375943806448
-124356287319
-88862434672
327957623151
414068343515
4482537257
43527902737
337088590453
410555257348
274234501919
-2880258581
104668568537
-24439099833
333363081336
278248723707
-155410772465
59442605131
263549875494
332401360308
-98407027025
387808133506
-25049028843
290832691470
38757051230
-189864672237
126298705168
10492083125
334877703491
209221117527
337610811354
-75388020006
27862658574
-126326195198
-126024791509
81737162211
56350111551
72766988079
312540367146
57844197202
-87867056179
23719176928
139075596458
-188005442332
-130084625124
186580153480
-94106150540
294504509631
88201957331
-37057721575
-132408248581
293176693985
-19196536009
-62552875289
322903052748
-14475303315
333472671152
318666777129
83241010708
330057014637
-44356395488
-51971160618
55897391258
362131572293
-6615600305
-83398193005
155698962252
58096630998
48306921359
427924096416
301228825848
-9177411468
-133643749293
434260358744
-15994766604
143272584595
-41390415423
337982036838
62284786258
267952021561
242782223323
296721475694
328912269109
16702381544
35019568685
-59178943392
374196734920
-108746768036
412231187133
2908501389
-2514858601
50571166227
328033410100
-20048660201
-134897287500
62696237056
376082680320
341731481495
383825840685
422742258903
-23542111116
-111130396257
335176678916
267217658676
88079174672
-20413829589
-34569648003
304006227017
-216766153103
432173067656
223126170050
-120780282136
106041112311
-10676285739
-8524144458
343427515483
-39912301336
-114697113761
59602957395
139135449334
-223613306674
-197500549508
261924583267
298581237770
431325184514
171692141734
364822423243
76519609695
347275212238
318515535251
-68446664178
79500368375
-3755505940
217721819
-136446643651
-12677061119
375857831591
-86863081532
401972988745
290049931778
-175149965525
-59363492098
8838184627
-9931780829
93396310032
24657283157
18200850349
-114334942971
462335970397
-10990888086
300149255118
159622127620
340265678746
5527538094
417853219597
-34073403680
-40759347954
97741877588
-143212769965
-197537493964
82226473932
73931035916
-47575366611
6684259481
64069779788
-87131586677
-114705898058
134867788392
60010144779
135514535068
348193861279
344841514006
289669620407
-25127098660
405124223769
377443050093
53788988828
21850432504
1107880109
2691350565
116711529083
340662424928
26939083497
284944594120
409141031435
303945620613
312072550088
197177676455
-12834152711
197419036594
360726221715
-129427476393
63942884011
242079371149
416098844155
33762061289
418443032692
190467946722
334955439188
-55358916640
144303214396
301456515740
59204544209
294406465589
-46544100038
250851943774
451925845935
-103527218406
402681864736
232950885495
123821636130
-26670457376
303499559679
121279282669
-49415446023
276425091703
-36346460751
-53813253876
-119074846071
35600773187
-24747357380
-98671580233
405590946700
-6150342381
395836989708
360815484724
431219709018
-19252294448
44498937524
73351331908
152261179583
53245441045
15501885894
391546686916
-187826528324
-34776822000
428031103299
361981195120
-75958549143
-79748522853
-36198496862
-122059234290
64325710540
323800009227
342905083518
-64284704387
130241783619
375642778107
-10535348967
393777246752
-39055513848
-60394099596
162923363008
348130568594
73028934513
466651111183
-44625958671
-9721741888
19534439707
209219912339
18458780355
-52311956474
424897032489
383479904168
294235231672
392176956302
61705289906
-46566778921
-127151126922
-156265009456
-40870247441
323957401366
20321839839
-101605890730
-31344433080
-131244253237
411937536406
13079321184
49178667959
-125910562840
358073035917
-68589293963
215021519557
422987247959
401387422008
349341258535
398174500143
399852369235
-116238065503
411868134158
389310127587
-134454472406
68755050936
93530784288
44754996169
310711520106
71533368695
220300403416
220967357780
395794521071
45186256185
185879190068
-147209612567
335060696249
287966528535
326696129077
14780370240
65482978648
311145902699
278061784316
177868894758
354768749851
-94393149019
55595839182
244198366345
-24603059963
52239434309
-98990592258
76719348781
216226913783
65560452626
214412314391
325069581525
120772860398
34823847377
140605276380
-92399836263
50821369342
-43075409402
270839840556
291789706168
412005629495
380717140370
230537230998
131313805202
144115421274
320279225280
327281212380
-63943738715
-73459780080
232801400700
16405664717
-28786820331
-85859961384
-10121914785
149859211572
102453500437
70275750661
327986040223
421951222540
-36966867080
175391837855
4924335034
21124465596
-185673086771
57765801838
15955208000
302764738743
277378472349
37963069005
19091953274
336899046593
4323384841
-36577072487
-24813462740
-19992880482
316614544286
47320485784
136425539146
349315649577
353171801367
43833575596
-3317805701
423454404016
-180415245601
54669662528
408749253794
258739570772
-17383211329
62104385324
-103553931327
-68109978812
28012272531
384550066280
422084328551
-33314683089
5034395534
9082735944
259929935701
145362976940
46465852632
-16819940006
-14732654020
16386784981
24332036255
329820934788
-33869336692
25937349678
158357845167
-39733453114
106225821512
44357974545
29414875208
410490887834
-90066300594
127495930789
239832257337
-172950833800
362154080796
204813614263
384996874159
375465744874
151075040500
-52181827534
-52106121912
20555801819
35184028048
20701151210
226330175493
401106853727
436735834999
-3914473585
61922507702
328552576915
350979475597
-20093755062
276808261207
318423423858
-99104926903
4610270897
319114775975
-42722354170
378729711931
339810063500
315355644891
70894865092
241795390365
325091663339
208890956460
-156602693325
383362357364
19055585823
248641461218
-12714000864
49671945330
-122926846650
-124874051438
423117449591
-41136411493
-142269415358
50622824187
327369893316
-9065869803
-69287498957
-113029058806
426611057339
75623019848
-58398336097
304519909103
9576255311
-126691264595
-66743857003
7592931036
423311803919
160763466627
3741874657
-33830418262
324196766335
391981260636
6538551342
333162500682
-83868328673
37880082759
174079849468
335241954242
245313749233
318295841496
-158341478797
-89318582774
-96187086265
263424416449
269025978088
290536260231
64425522053
-98005595753
-125579806148
-8231088964
-68010250475
7871323040
67547133358
-59766533392
-78966798883
86876307211
135401190806
32777659856
119116431790
411445569219
-51178125953
341729052510
278169529238
-30023221765
-73240128414
-156197181560
329513655630
-41454449743
258209109029
343329528178
383502586714
-7580617671
275436781817
281236642668
135780102192
24204155424
328254948070
205266492448
-7824906533
323046397574
44812377231
190434403620
300230983029
60068184464
12001857906
-13029716149
311477100056
-93851731396
75196019717
56345447648
-135781547433
80678648797
-20701485244
-100903536073
33252852207
295184123410
2929111124
65242205300
-104444678059
327662835190
-109667328224
148624768588
134182511941
404058670986
205904613685
17945120129
309063846085
-29117122772
-68271026970
381850318023
-42506251157
317184464133
120473298629
329720713879
-3800225218
292163832266
317208050301
54113191843
174790140323
-161105920778
359612689346
197637964492
39926482303
183543739136
434888683670
102573634302
-2072759139
-111318198186
-42287581854
322329349676
228410647832
-1854805087
286687694549
78213510002
400912460464
-37120715218
34064458474
32777659856
404309423551
146188722742
-132618756593
-1476426475
317362381121
189230715260
303271082601
-63391478175
-1565977633
176763438606
-1214326139
35734773125
51785574154
-112533734547
374412368138
-74505668624
71989860481
-16304502678
321808069002
-95343079483
264060157696
396722759020
314013776729
-122524222802
-60980978352
42456340302
-90129631167
88608111122
300716088863
292420270444
-126503558991
-88133077608
339649706680
26175941169
78854382944
-122876828015
-69865465437
-53338301108
53320383670
-97677274154
113970722267
35504080859
-11474607910
276706415752
-116377999732
-92832353078
400759564019
-111737260715
120100879033
-80136730832
-21128748009
16734715552
86490779852
6342603088
369065454647
350613160254
-10717926852
128868549793
349539412171
21374068876
82929744404
-55789340921
171407101745
149235185046
259509172880
340060974315
179670352606
-30149605447
-90226545406
327138413249
121874703666
123125218994
249187746280
-50579351432
272274445442
-208832250232
8960276588
420754270066
-203473504371
-184397698358
15812697118
364404734152
56395221088
254990836643
28378202418
353666831789
241027658909
226620642909
24871463233
-134744626731
413042445512
51813539040
293205149919
85202912045
305963788013
271694291051
-18647528862
391029534276
16716313584
296931905951
-48335663300
128081985331
397543129707
133022816440
419769586110
-6794350647
413339603425
144039600839
338315863721
73821107719
57560641571
-129345843
-47645390818
108420183844
421896435548
260072153610
127113930614
-186244775324
41020304238
146928412565
74991352985
79081184177
386319488257
230614284626
338480308061
-5349603110
369906195850
281753736483
391263530027
394114267879
326390123210
319502673753
318049891988
86917971063
108714191236
-58629735307
-92798449426
428148398391
-17975093443
379392030023
-20713002787
328139880883
352340149935
334357331620
211664441100
410242579234
182140032781
333098272535
155115025933
53787803756
-106350751757
-48184586100
11295399964
104487927381
-107723489356
309916601159
400053667755
141705481468
-44672237367
27582618649
375501402451
-140780971285
-50779037931
320625060213
132916451223
346681083485
277212162169
10768335018
89692886032
-18508060991
287511418791
393279476483
410724143295
126648448404
-103304744756
-22062273714
333548562773
423047059901
-7458447016
460050285788
340951688619
375402529463
-143324929395
-85109413348
-16002125878
350948615195
-108828861617
-118063883862
403033760877
120992687682
46837490067
77032856044
-85213125608
79464082994
-6790617121
156000921510
-11181966834
412269790366
299489856954
308780458175
25400240665
1530071407
311219621232
-100511937712
-52107918609
157410481130
-170975753642
335294640051
350539437120
-126138402232
-25950675960
-13811179202
478467644233
428849828267
343248657839
154924017350
211646019849
-4968588967
-118634947198
67257617079
-2341919099
-4435409704
293292417752
-88429620092
151959430926
-51557805979
343115470814
11848663486
-38317423304
219373125641
-188554529591
130167222681
240266356006
-109416275601
-69016173646
-71917849407
52991507889
337303946482
275356888640
-94005291354
139135687284
30246957602
428583877432
-94676782621
396547776877
304495508191
80902771194
53875656515
874738992
-184584540724
44140767971
-102879009827
-155783990857
401068593699
9067345001
268982676594
11211500337
339836005240
9763732892
-21969665892
73360247870
-32903454925
-2204816539
50018043670
-24606296875
370980243040
463495104916
35622901832
-100453852035
-128173560621
314918212872
-41491341160
53265357258
-106195273150
92595381613
260980524965
316363126815
411545178190
43746772725
-1412373548
22166085438
392025877638
-95567240759
-79353576913
416271587234
414606443467
418907148310
-71254700842
317661185686
24266466040
41459966442
178767862896
104998451656
49367771250
126150090929
7982050955
326346864729
93354164622
435070140289
-112663843611
361068227409
-26412144035
382636447990
-18901777054
70738749886
-12507563050
212864152365
-96892619254
63685669985
298761097094
82215214155
15734139675
288764195589
334073927313
84947434951
303294290736
114580403514
381122574767
-91936577118
-31151092014
-57175071768
54560182510
-51041598160
-130847791032
360277568940
275357235909
7849995090
325771390092
173832935726
270536270560
5496481832
6230260792
62735440825
459533054576
57924173302
12267533611
-135700369743
49084849858
-50261174691
406912322936
230108812218
418576426977
2188227916
147162842518
288971208462
113761378958
350304771685
35595464858
411321598268
-155015000823
-8055092551
169448219011
86808422667
349304452132
76247923666
-147258705599
32719716459
158901207915
-86005159827
251827561262
205108241528
-123364795397
351909879165
-182499416851
356445724118
-15012135691
388319400357
388131570723
-144256790408
-104763597474
110462412903
77504595391
46229170006
57648353248
224368875021
-104118811614
-135516940503
-49881582017
77649240090
319729420331
182112849872
85710981417
-6104407470
267443205468
-141453130147
-100298248137
-52801473485
-54731642908
347223767208
422949161852
196444659642
287047172099
306219845190
107548513574
257865609509
332048326985
120399839758
337081727197
-30020278959
-136799549742
333383005085
-50351324454
-161882288443
110744712158
355588874785
-63906185794
-103277067851
-32269126643
195051016819
50900621332
18421102483
39415625201
-7935721479
26995901523
-87510225664
7995229664
-254771294
221961978645
354450348040
323378214052
-40048904122
353264886748
6518692969
-59454121539
102395102388
156819870945
172072241307
-8484474216
427001882353
-30401821430
379643894863
160139332464
-150385407008
-120097855603
326616144130
312565467551
292356817178
72002223519
363253638181
-98828774081
14638271330
-139955303862
414623149509
-105718949351
45821851451
-24390608883
334541088334
-22896661812
-28664257543
416607378606
342188742967
294619846449
232073650698
418447234594
68394504354
-105386617517
-131478212758
129438273968
416487377041
255272276609
263183575208
-130218452195
292441061849
400652225310
198607155860
114395832370
43109860999
311908543232
-166645445503
-11739170497
146311839849
138204047756
390398904950
246688530044
9850339738
366019927049
-124254494546
82644806245
194484854846
357160465196
37084625501
-52845428910
267105235071
397705103488
378213169365
299832237461
75462745945
377234306084
66908077542
338702550381
283841062265
338129820497
408029935261
64739802249
148782230612
-86847435016
48856651064
334628692129
248289599927
34330360120
-193267787372
-25924842065
-8666461783
87496934096
421986359499
287011364283
-54252350347
387024666517
305938246411
-161131706129
327396523543
105421760551
385521185933
190802923032
324468341738
71989860481
37504810405
356554231247
424446397346
17070887876
-146695109394
-9502475842
-101750312347
183277771519
360062706108
335810256637
328483527639
-118454520293
296462352125
171365275147
-49238062945
237085525604
-58413298076
51650868814
394379982474
-87407739511
75798462112
327936507602
364628305166
401456727725
299817525976
337298569399
-33006924525
395692300549
421991846561
307303934629
14380326425
6105319615
434659715251
350095651977
367130330393
-85333411046
25809692053
319490035813
-61597660693
131680388070
192046833994
359169793431
301024032094
-74100865629
4776138777
49483711966
-12145425757
414975950149
409882526749
-28259592752
358431306699
324182508127
332117041120
388242170490
76257078314
-31494989937
-16118109416
-20337379572
61721115211
303423557234
329482217114
325661632203
88791732232
323509726347
67999980025
24403813624
61791081120
405188114192
-95864317530
427374153106
95087548286
157771124174
-123426124332
-21534263569
17728926105
63743709891
29855322384
-35427312181
49709206426
-30428167078
369734843812
41535277854
149189557389
120158677317
306387620447
335930178132
353507824528
-7028469780
-157913858952
-25559214217
-159076906491
238242882341
320037450268
46963130020
26431516990
326280807466
73821107719
214016652189
141793633720
-101529391541
-4322110558
138267248476
329155292449
401048477804
-148033091167
-37726065349
348724456112
298452400496
-62827064817
347743048697
362525895331
52455777669
384104634281
384158806827
385557607387
26131572770
45640789606
284707325219
374771729091
12230926389
333174351683
-83225477316
5305594279
226312966965
258975127110
320279671681
335516637590
234478149578
368473817928
-81046952535
338754911214
391789205004
-19471424907
-98897703811
-129767267514
432877424875
123252166488
-103760951038
127014035164
10254780014
385390128851
-204800099574
11243126564
-145162225764
127020255397
-97242698327
113274421465
-117335274522
252779444430
75314108157
396227209269
75257095425
-97755474782
429470863493
307686404667
-114490540514
-55715142151
-123678778597
33751118259
-112776497722
376408941301
-85496328970
174255624416
54335717115
17746554721
297748351248
32842897884
324262810663
317671265350
-77154794638
402396563017
-23559274134
28790001937
251637515344
137718111363
-86388665575
164232028385
152131954052
156677810914
293488593193
414114113610
138534048291
-15811887087
340130318720
73047823654
2485205718
-25081448159
-79656799003
265100614161
-53068295883
-28670584742
2439487610
395182609919
166113171231
324109832172
288622030673
48650050320
12393900082
377464234105
66566921869
2587002808
335887571726
380512060348
321377075337
-23490896039
325191373162
21759795985
-33200314874
5109605533
-29125717447
-79235571025
300837307941
343358522510
56054723594
304979355279
43843914076
55088633803
3419293038
-28297732
334737983088
-100015553600
-98077937016
-96974896974
-95419355201
160061109201
428057652010
-34302963067
31325198051
-154492026890
353683916449
164872367842
402669903322
-111788738599
-65085474187
330228982686
3475773871
131652535763
31803376027
297563501200
305294381787
17848991999
-124782188696
-31590140941
392210430848
372344311395
315770005957
-74074159450
6530828098
-43890708657
56973179315
-13132390526
398607111416
-139890577094
321281727386
-91335657338
359858069607
16971558012
347798546127
178880895745
-25966294987
274860321105
57077878134
42508721280
8363204694
-34286373236
-97906793130
-107967547206
8630795218
144749048417
9872367222
-36659571834
254998979943
-118344167587
27595977560
181966639985
115246268267
-108444386731
-90452644414
381792629180
-106306081808
102839111066
299697786622
301161920249
336219256630
-158113836600
313657694225
337040153166
-121180541300
8465444007
77906250647
93773083540
11648769929
401451907077
-192955161976
236462390692
109703016165
160003817220
165192490540
83193902721
229269731371
404650389638
331544795728
-19958004930
69295902937
373104249367
116940019890
354770890900
373702038525
-83769864690
90407086867
155080609901
-30790977283
302305712900
330058182986
15577695198
25458920375
-99865280912
-1704546932
379430553991
399989979343
-113058340587
180496577213
-139152506297
216729992749
51834626034
79202974897
-13524034605
55763255842
-7700063546
-90273791171
11668766669
11132970562
322432405424
415113780548
346895836629
-113940209136
364175001036
11791101431
336551416887
-29930347953
100037898275
-31271480090
416173897066
340589752526
371684003463
-2031600031
295023247166
-98346660439
289668899052
-34930007888
-61241435857
21543261954
-13185234178
-128555007365
-36866106644
419032808292
7215369141
378437808986
62971735240
74693958713
460861026402
437693303131
321234345970
-10965848505
443758848697
376658175405
-157091997976
110491649773
312647088499
159722935547
-193407107929
318734608248
-138098437404
-173278203205
341103405248
61970158066
-21972123328
399717950727
-56035776138
326554562836
325566311019
441100447104
25456002229
150292446567
-162198045255
-1804527338
415706578528
51869801915
-46388070637
-192353964510
-401618432
-17378882595
165751893636
313510661374
-37683489186
375297070454
88591110750
10908872390
138119958311
354964274503
312165830590
91511812198
297599515423
364223057411
-40821088038
410091475398
-97013135574
363475288245
134862545600
89496877029
-130024174332
288158084865
161796630152
336922573583
-11736726366
372237281259
52389821662
14092154034
151184667817
158954142269
-81448852152
-26845269588
-116658156156
50922164259
188648234803
284926793075
-139191032811
157147945223
300573975830
134597813876
199687560036
203137800597
85739266363
-64626550491
89168303364
22130207102
163062447785
216295108400
-168674051970
248244935602
274043426919
8862368980
-158642813299
-29618336489
-64000788147
300984820262
172525412736
162244463097
399600180803
417909504080
-101747467833
342097358288
-18289201415
45550633890
51348397330
-80425278438
50386770613
-39367576827
179914897779
329245658361
-73378879439
120497819724
-56543850576
-24611057708
51165078620
88352750697
-20817420940
-102049538809
258996187207
415010222945
-125556621692
-66123489542
421891452154
-120072458471
409588972207
-5067514370
303503848079
-171196516345
272972022222
70966870418
50062506566
59686542211
128366939357
135281251
-44647745516
-73928102663
406481571921
-210915099163
284611423151
192966489058
-66557386377
-126575982608
33957017019
-42872812900
432318696508
314072542336
299296786807
339558632178
146877774616
54448644053
-87778643416
-44672237367
274730320879
-148468279835
324319943139
79830653151
319411792872
15596095291
-29615450432
364638360695
-75772204947
-25533534531
90746839365
375905376421
287085208915
291484398009
67507070816
23859948931
35976442925
-64816588513
383948071335
91000209619
374906325728
278131144734
10633665364
-92252461401
-31160008623
315538167106
51061166106
147707330124
332789545982
-106902344349
-115969817742
-8322027323
-63849906257
12373742439
114801832726
316004376987
323605408975
364517374457
-46834279389
-35312102449
172781883914
334259896401
-11286722906
53537053900
-55102148633
370485193242
-15071343187
4589772129
343683950058
11686666252
-36844147016
-155368708270
-64993074142
301190291590
45606827614
314968224292
-56605637446
-14823726441
416656640427
-115243611396
81379049657
-2092813516
299809086935
78246957578
-25781947639
-69152225293
357901347555
20242466423
241786137893
436237829367
18813506190
330109326682
20704552556
327823375793
275685309860
345402908367
-6477304545
242689914730
314007218951
156231119626
333124165187
388407351575
129664413035
-60369741828
44090771936
243237114225
247549385468
270224868475
334720938107
-20552136225
12520667175
476772019678
136040731304
25625127414
301430239791
196178961667
352575777021
-2898452892
-48018443254
289367841196
-10089449185
-166442918537
-108956360335
38567130763
207708321648
-139402528882
-35696318242
-92974323822
-70817448818
-45454888728
39670629668
-44742707770
182150120875
99410811897
43631549790
105414197862
23904317225
120801950356
-148858701094
-68416388615
-107073322719
151869802838
-121320419340
50421011462
-40335389992
127596841370
304540548093
45681148185
-84143582380
391801907921
19681376502
-217995985
-20731171181
408572826020
417965652069
235250832627
343979753554
-113767695677
-163104784082
328665462350
390728039407
297973389010
108160084998
-162864429431
-11336331915
393711513180
-15978689493
410290260900
278602389026
-35779132232
190336545842
405491125087
412996254796
-107747461022
-30150540343
395280190399
382833359678
241798904173
321218607473
-38498249077
293961446639
41014261361
284314212829
-127068605780
-38058971646
454809040159
321870133405
343900000471
89251264376
431310972951
69681919232
360178882601
-21236621530
166175887887
-163378820490
383317462255
275617122972
57366123646
-40191331482
12398008367
-82187121209
32891693300
271880964853
313049334892
152450590992
-102192363103
-21771410395
20916860070
342209506660
-107572451217
274291904326
320885981033
-164330998760
470885770041
-16725105711
49196717491
-47088267642
413714593313
415779220325
-84793646224
354144412688
338148739304
6456153148
54830114769
10789563310
53540145287
329489589107
323978094625
313401806380
156342140206
345259026552
-20901255558
329206348105
337569570124
32013496125
38962862472
44473117576
280644222609
462978359867
202352115915
279845748384
10821075328
310542093165
-142710359371
79979395170
-157233927095
332063043131
44368155889
49232090545
-104663973588
93079809930
59197399069
432520799015
-10198461213
-103704425767
-102861222844
139883771526
-17799075408
-9132236957
167487761326
325561260473
-79373817387
70213666000
81677298090
204928441854
-142641389414
236212749283
-22923716958
304454711791
-70171934334
403475569218
88533951559
348668079716
48340564711
204627813800
-7314930687
67558791376
248661522083
67860780149
-79112797585
5531640157
52353824793
354777989767
-19269253935
-72133875304
-88933946230
333353179965
110300449597
416322406207
-80927567058
329581027524
-71613395256
-82923104560
22643823470
83251103230
74149452505
373717644696
341209766109
-15904720601
-15204110427
-109096257099
44035210290
26232869363
-53650077714
54338933904
301511664333
400162921145
363260086858
404057760414
404425209235
371473013280
-76442938556
-103372099543
61517301774
92607376798
77197883983
-29802320150
-28039709507
424910809543
375878688159
-52099775976
333837666304
101546581229
91697127319
-69372471980
19947296012
222643165163
118253160846
61002751297
-170700507350
63250643072
309295789607
279151709437
341442119855
-26139167459
74135322411
-45705639457
337969940697
118544129389
151468503600
301785668524
-34416882006
40139971033
414840606305
130188591953
-126930040800
25927571391
2004079059
25693887492
12251022547
32415465341
-47075702634
14719213061
343463715690
-97329987176
229740813757
-4318849699
-153167290967
298780071767
6615927060
-64989895132
83980694538
358874656302
46415730420
224944965306
13195316448
341308469308
145782015933
17404572880
-165484737941
425459180547
-27376170526
53468196069
384809751127
60777496383
99582795142
19376591843
37409198077
70861869022
128208331480
182858471826
350102380563
-52836208739
149119602607
32526425137
49996640981
-150822522768
308153367993
350801037682
233867125639
59400520333
79593535680
335330749236
428616728809
45095436130
280510187027
293078231469
-70403705256
403865330005
27388475773
350513328810
4214429399
137753194008
110277975493
-12110692717
57804372082
358326090925
339571224021
-186849358378
-101345858212
-149367569730
41936618746
-142740585758
-52573405390
22121484284
57323608147
104227304155
-103055302211
-7120335441
-76066193355
334511332881
11835950330
-110186289483
-180964668215
342511734315
-85617429166
405789934683
-23329602321
86822529665
40357225469
246371114098
50635702820
422198458893
-4143736822
-29023972251
12260039704
17196358370
-97475189951
298771899949
291729763524
121816697278
-22004300148
-110553822400
458376367777
-140673185074
44127365753
56956245583
-122371634057
299792542593
-160746321719
360673554260
218436544195
405196827187
-73214387169
345087987240
165251472649
199866385682
-102188492936
431896737380
316461427452
-15151795506
304040430701
-127558310886
168097173371
-13426047583
123886625129
117557994412
297197501466
3122960555
136853122132
-120649298476
334329870681
278927336945
332551383043
-126091420242
416332441643
281865312549
54692191604
40503629588
425919541207
108683446003
369666811910
261454598711
136518129197
246800251829
345871500093
156777239335
359612256666
156070603831
-129228892417
-32165216115
-111862770774
460301803506
25476857874
79939619396
403915204603
51160393370
463088932944
402645323853
-122398250204
10324022044
145269095813
347903706137
-15446813487
-129156871558
108873757204
65491198118
-175275827441
24709484587
-85804010983
196482308858
213229780680
-106234281218
-28622586715
-47782037453
12155145622
-152457548618
129142152002
8195259895
-21116500249
-64247443212
-111213103061
46148774050
56372841937
17399793521
-1108503389
421368315605
-90155825662
114780121257
367238870571
51398838336
10062747473
10020496890
415995233638
320579881909
149216861551
113109327207
-96232972374
-123549359504
43302618882
7154466842
159056819819
-114939457419
82265997054
-192282758889
-29171137608
65432199835
370205549598
343483422577
383406011755
-73362227939
-26906644971
-32960234253
8970998224
136529108985
34791078514
277951493530
119554400527
11022586589
-84453436602
-110956555120
23930417763
-119828244574
72302891731
336956878418
326869299904
35551585166
-75844157294
-176792772296
-26113735179
322626256781
51930069921
401546568117
41007837219
56920871203
338561360650
364242796546
36679072489
-119439559308
282362382823
2202273221
-59057403962
-58582331098
116282615034
25221198813
-88563444762
306328758839
-88361268771
210879008202
-46802790792
338424459873
435482172152
-36068023444
-12713663670
18867076950
-126138532059
54367378383
413627750056
51540596157
-20671055308
-4623485245
287601698441
4205604421
-43638820452
79797130102
-42607752817
-216896611148
438371486161
195145875735
173424367528
-13298145994
12396068486
162138776831
53808513558
288477130933
292585261972
-32879411652
-65466863108
41896334575
256470098452
274572719481
-10682703037
-100780250002
323675247087
72628502867
-4731228247
46688740186
1849039854
-185388449310
-87075157389
51370891945
8260705877
282514579526
385184261948
324710520962
-28784545262
44378631262
49390195322
-86466663106
-98536996309
-18680704954
266886921725
373390550102
88015592707
197427206258
390386155120
191171873994
416102462399
253741334708
310258422343
-29883747379
-64580094466
11583092545
125264995980
239479415318
396378135038
417444474170
-64630856961
48215784996
-2350711595
410677624202
-48523523602
104026567207
391585833539
426502858906
337497912872
372259151449
269526072855
131429050985
-95927369186
2683494308
349412502697
-90311306568
-100729011318
-13323432841
7481403537
14401929519
411407213036
355074768677
304888932995
13685883751
-2154648840
-162019111165
-8743891699
400735130736
-27204922802
346299134238
264912826590
300884777952
84198233749
316189415340
369482440304
8710117240
-4112656956
153412916598
382691783291
212858872798
382388941596
307064210496
-75885996557
37663613546
-65514446683
40250640810
405348816831
4844731824
429681921069
347129339404
355675185544
32430601964
109357925419
44020301583
-218429111180
4266147025
-143731692611
-70147928224
391942890002
84178830953
50651391988
318886423783
337159939712
140892342754
399111424054
-167044601037
-63962830553
78020804482
424950800794
333619142362
308104378910
371605509176
71892275405
356969263011
337105244068
-72325026540
-79378776401
326882000478
142226869544
69554674433
389347771989
399805388784
105288717403
404950829347
307727096371
314087972103
291721506582
295098102285
1613874060
52472006054
-6931540652
-39858510157
337777110192
387972137560
360633387262
385476684226
345820941379
18074303148
-135111782541
329769498464
351373709626
-163248033557
-128315964731
66219347900
184132450317
-82356572213
263338899632
279681821258
-149949803767
26899625046
406612091491
72013038119
255072218978
301997836246
10403278477
-43191294952
384985461487
54982888239
60561477384
176212936788
8664725569
50112520463
31232953349
322396361429
309390421351
325597867077
-125843677396
298970514471
303557126562
23847991244
350243243596
338048866282
-71383144109
-113573526872
285019172582
-88664060945
64228160778
333070922594
-92819624082
233524665386
318684527632
5181205391
195036881500
-32861898540
1075806278
220106675176
112521020134
-104669648019
-36743484843
66384151494
58148068245
65696759842
15401597528
-1670526375
105645858330
163769481089
351851536924
-141671852047
-24709472661
348134670614
-18090409156
337287503297
10768744867
-79124069716
108965433749
325983457203
5334534151
-160218868118
-68977491491
182111471580
78803601362
-98761472151
-17318227977
441224443659
-9333877975
62746066752
422038564116
392352797062
-34235103957
-52995614766
61924569093
-4051783819
391027147541
57643267217
-14432917652
126952785879
9952131378
93315356858
348994268706
-21448234035
-86962782914
-26769701467
330471483801
370832922734
-20750577213
47820481660
311596226380
53673794175
9577127681
35229287376
361788141619
-38510450654
421928923317
161344571102
30580886167
93103798768
-60974005030
233346947374
102305868176
369189155271
-68132943366
291724030946
341862574645
200225817450
171098367033
-120134615531
-116015935697
136540473720
106101462157
424941138380
84080318653
350239533856
159728060364
183652934077
342990193055
1922552233
192945092835
166994135962
186640369005
-164724219484
-169560703686
248250593180
228537644179
-75574107223
160999029649
10086830452
195276867849
423434118203
291625026601
90299676186
-94818920420
-32990547760
-99989129538
152902749143
-1031320819
-171207789442
-136142346293
-17147543298
-127787231972
392535137841
409913639581
323806915253
433662756644
52112643663
315372582756
59345638340
-12255374695
396198625227
-121743508720
418525778151
28841439077
-97327269726
-125550386760
232319311250
316118320173
243312689034
387582955442
-100798318343
-32946388351
329395836413
446818563828
411912448794
364227635574
45285438136
-64261181788
-50843749251
-30316782696
124663524798
200617399352
-96812332037
-3299912282
48826752478
394792961719
102807322719
-23467482587
355394105496
385909085244
49184981859
343333812776
74212618354
342025566048
13922174378
-71598598909
-25128704038
311246291750
406972854440
330918315445
10134217000
-162194640576
319874211685
105815849228
-23759832237
-121786040564
468595141129
-160176398433
94799366510
376523042027
5751205074
324797313150
-120448994593
356112966204
168627790349
430553626669
139574927743
-10396198853
188551921275
22178586049
-88415645388
59575242738
312365757360
-75958307448
62177686781
166160996847
-142052211146
-121147864209
-10884138508
-6155510917
59749161179
36162914914
35394388432
-128014575030
58392697117
438954180096
-87626278997
-76430865012
-54001820948
95285045690
55340270203
58824153101
280977311825
-23638694299
-26700334688
32767292361
195015970101
-64147256679
113262678584
320886195306
-2712758277
60971664983
309822279520
-103877468134
365071626043
-94193383186
-97275882079
260223058530
269601053136
-101225930622
291447483332
309357895228
137455294611
33113045532
17982578385
27440371403
410588395123
359996436356
462533662670
417322614292
-141111147004
293461475389
96054163920
288523249726
-95913842532
65795795114
358931970908
300050612123
268806992843
-66953510892
436428413428
411482277758
249732123893
329248435866
274790961691
46982891837
333752275709
-124843353968
7918931512
-123019431212
392260235133
394413476561
128291190949
367895118601
113372257150
62183883637
63717169790
-53255538600
-125376269499
-36007847534
129034899084
155592194727
363948481336
408996817466
-106455631155
-2128956476
232732569245
448959717061
12881678749
142314919847
385934542318
43755275059
101487683018
310386761976
-18655216255
-68985962913
-39689836906
389361280844
353404387055
408704092465
39794349670
-112872147287
314759841210
-2313917494
-21600911354
295848432560
312467264591
-49278689723
-185785695411
439253042866
12406771641
349493434073
-132873466373
377080375231
-105416151477
431074788212
27719412334
320843219708
-43873691231
315986441664
70592517371
1608947549
56014333883
314895982893
14721354362
338898166367
418535339637
324490599790
87921200357
-60310596595
76104451387
283020194816
-79007822178
419106957399
-185507279807
424551785584
-51895879302
44512169956
-9494907450
56149854821
345732237783
158864630671
60580801372
-99128127494
-1547403168
390076335320
-59376020354
409579969732
304162628714
75403464035
303316222464
9187504513
243707502724
458520355437
-104360811006
239579665512
19202730071
382580562446
-140841174448
412730415147
-144149881427
198305665061
431747837519
-7599861612
10921495469
44668861383
51641235360
-81345868031
76468683564
304498002927
-19046759345
339445173876
-104226531973
206966101686
74624007584
436829099690
-33227161534
328013949032
164476611919
42894710775
201173674378
350746694694
357260953707
321351873589
44519255335
134374041243
359798495857
90269038024
352193251548
340434988577
42601748072
348188661039
-101061234761
407096263452
-1774949737
-177715810669
428821009881
40336505351
9411077751
10501053000
320159272204
-34818564858
319772617247
29417032371
-101487808339
29630435278
7017549770
358248615822
282327153714
413329764371
-32598307111
302903668737
1840212237
35774663664
-22710121165
328549185291
295321185265
24818711940
225286176731
-99346827321
366971142710
415100709299
158719531687
93763773472
307704686412
-2583324724
281785213107
265639647521
-3470155376
33703506397
-70613718658
-17376772564
333548562773
-35500523298
356520794998
92470734224
347723785331
391432955972
425027288845
302173092542
63902714024
-12556702869
46570074520
-12905306931
318537470938
330579076938
-95813020250
14448601459
-42176376570
-87188263791
69356963511
322343650582
295293732854
105903961691
456356186867
145484912133
-5143601751
425493489040
644827735
28980661968
-145597636287
44510327323
276793992821
-21554090126
356782661518
-24730170375
241304164143
35918802114
382383402311
-123263064613
-14249142903
111505412336
-19912873039
-5636738444
20188242994
-1991249438
164385114375
-127957382704
45175734604
104854616513
58276362665
155185516167
-71121068736
401051082695
-135461800587
52364893728
-80839712717
-96449898895
49899476489
324205050886
-27426962287
205428602093
3923479760
5537930835
-19371237854
-62833866702
114770179967
-4729087590
-29693205264
406749092650
411446230069
148134498762
36066963936
43434599883
41891598790
345458578226
10835810041
-8757670795
376111842723
365808531977
291693549304
406736555602
-65786820055
-136055824958
237321979479
16463733843
414818452080
347306569562
-55831060777
-8645461651
68286697863
325055123707
74521542934
-94915057149
332483608799
92282264782
416863945303
324828655209
-17146988655
-133548518575
-111816063986
71626575474
339114079859
340618942277
-6886751674
-73524343014
-90620257942
150017151333
65541594872
77214524029
16783605169
297473901198
-72968107042
-147656471735
90599848341
434549821048
344172298135
54853013004
88203491289
417655315462
-20250646026
334601205779
189410617784
464733402459
-153129864178
460210766821
-70681666
-96141586927
344668034336
-110490589802
-84451787109
-102088328014
160295880395
-22194591506
-30791246932
-126928459383
355245204652
-11913489444
-138562974604
21705645734
72777255677
29568070718
116438104272
29865685868
259893478733
290186759044
143413199524
49608196059
25987525563
296006572524
-7860371075
275136026217
-125771333346
361772214036
365029153595
-144686739543
2102433877
11189291514
-61669807335
418087676489
148174481391
357937194975
81175663549
313847590240
50184690962
350721822123
295293732854
65442200925
112441608199
-173191854944
15425757244
-70490360706
254713929286
37293407454
-90595005468
23756557231
77774653339
-97689283464
418552372781
3079807057
-18916440397
67457437954
-40522597445
170743945233
327889544913
293444881970
281733735163
335421398605
14503679922
150712116676
104372931395
-172449780651
296844188781
-100776041430
-33650873037
155882149152
-94773773739
-16352277717
16511589464
3546518409
195004567507
-95741314367
344642748850
189980902571
-92566874325
360851171563
77213829332
30837321557
-94153821534
52861837517
-56807755960
-3726758516
-44891017593
50619533920
45016903214
-38658598797
-57363144285
389482075509
51086070104
161541618826
467744884630
13264754692
296240290543
48679488441
-100632770322
19252109414
-85540353500
446483824568
-113029749185
-125454376457
19103711474
129885960764
372119966835
-25745114117
129280722151
470292681451
-106642282420
-175458554359
-97644279770
-41698922359
403954770632
340209004632
384796513108
143609934840
429577587135
-48670183729
-123966813342
301141586937
-8749614337
225587165618
258031598126
-20370966139
380130619819
-33797079449
241674063742
-62170122968
337360108114
-8600872290
202590697794
202076708343
362724171323
-80334923693
-26910637787
37990207309
416761232290
413685571881
338935068619
334201270979
89703371186
-67364373341
-98575842855
-174993436356
-44012524869
334288596271
-169115383837
420672689208
-167945267092
-76058807032
374092784116
326937436163
44616670037
-15085001555
262018032361
414633147685
406282811956
183617198603
358322912518
28942628633
344721649777
5921127026
-106353552280
372478557952
253098411601
249334383025
211138383395
150599500568
319894963355
57959697172
-223531546709
-92578955367
21445109151
24561977992
-87207082487
158560826178
-163004594250
17085094891
73806140191
14341096087
-138862078541
83957271945
160624692343
350558087502
340978829849
307657757420
-161799398841
387010140444
-117162135106
11876930415
-117332935060
353753105563
17012124194
28470623557
79173916175
74886168826
-105562300176
354950131959
-19647565271
-139612834557
24209564311
-50780400009
300942192800
240679311505
312673160753
-149307911075
-19315064447
356421270657
164086959857
427478971395
-45482379267
67347689050
315223831590
16385136298
343373555618
172095759863
140492563085
-32894116634
390051624188
318838997251
9889281897
49148763409
7495873173
302612191980
423319172902
56601018829
289118281954
234271714859
406811056724
95235237097
404947957738
-34836828373
-116162057585
299616913085
12415132165
352188607261
433889407106
-43454649353
-106952203443
202644111542
38317739476
6103620119
-4710791786
37577713060
-94999384657
286530021744
50663963278
88213954571
43312105435
424408546918
5496481832
-96154061470
323945366913
-110563492836
-105471024718
-75111271731
39976459454
-126113311099
263042816571
287915508069
323812670162
-77203684373
-25995654327
6785576876
63131728774
212469624632
-78617910823
240687238142
-22269958847
211955983474
-26919292102
297442904243
389516135471
10310119786
-29196174735
296255948533
-113971601527
68749245806
-169061600032
-112476565599
19217029151
59800469186
-2679725459
-112343224486
393148922136
13485427739
182122884292
230006404173
-136746085726
128961954826
51130993955
26213849427
357137620301
344130615088
289857774402
389340175230
-80304720259
-182589811255
133570646933
356962947742
-59303498713
312652314686
-183593469796
-44851512035
220467042
90951972551
29793298887
-87437362471
-57005553544
27678861875
112567684791
292924725365
314649898017
2174745489
92552429079
374264631938
355428685013
-38427609729
333153321253
287245574808
321325876315
1364451751
-173382469414
163928228309
-126669121680
-1786929608
-53310379239
-78610509606
66656297412
307381652264
-27879147713
416114424536
-71086928249
-45940935094
323391510596
441407741555
-138775348990
417882034113
2375345498
15790424030
62704298806
84787248533
-197843704129
282186111493
148809535347
375007294088
-82265124137
-40752897812
-82404980161
360981605889
83920714195
2986887838
414444350441
324406063064
53115250655
397921373863
135117499035
-33738130646
-19823546355
-76898168693
336148945906
387725530148
322769334034
332533815631
286730227407
410560538999
-83036765591
-70543675928
262244924896
246005372022
30863112751
-10757247120
1848158477
-16033634464
-126377723426
-171196461233
339874019200
379226159766
40079318286
187028900873
322148545479
-36920645633
205220253062
75854044859
-12966000057
-29690356575
-26150967599
318631368238
-59163800604
293612793853
-20681372733
317031717832
427839674779
-144503970794
-137285599809
-3941363319
-64423462598
-46037698396
11355924504
24837994396
381274286664
386503036194
41209182843
367285162303
-1653520285
-3614730927
-48062002613
418970695004
288522189673
313750328767
-13733817737
278714915137
56799851789
-46284618303
31047142883
400812454891
124672998638
307540112967
303767976719
158279910892
-3908419853
-190433783874
296664983334
349039430287
352884679011
-38117699095
305103652637
114563187147
50566534543
269495387982
-68992290941
36638333540
-46029496737
48691471145
80968761658
44079544025
7977518898
19667100729
207321203054
282612731974
-6428393754
370088677591
321570770588
73259061999
-47419826337
400173012014
-31859654722
42909382901
16284394277
392857146130
388175896407
-102544217294
13320620725
326342914597
1522606371
336641985602
19331466647
385912149623
-46536039795
26835810616
159352211519
-14845610907
-27878036700
-111842243390
146938372051
-126455934244
-64464768988
335980169577
8366224876
141236319768
51712228645
317211471620
-69272621731
-102343715785
379488096180
49382889645
-113923104490
-7109393969
1868287914
68193687780
-19481696115
-192210943743
44574369372
-39122228547
183316032933
281488305495
393395274947
21800934138
11204702341
356036222830
-17931822963
15467674978
332521953969
-98477476655
422911660063
-37686661158
156136958319
-52354228719
363089119315
-25234012022
289180322046
146775272611
406690176125
-28933229848
439387230106
114789720831
-123516112499
47890678011
163182556813
228934580601
-50095496662
205395099464
52850359723
-11209481740
4542231195
-55685939603
325400258100
38530917784
-149480983860
-10276047219
75439144454
319322254134
22675971843
-25868553342
66427680194
39494842150
98300296969
262636370635
291825725665
-43634834962
78197822562
307633610874
291389182612
-140502113165
-110006972171
-14314709461
296482014093
-53043448246
322238717511
212799724360
343215492735
153734582567
-91149782378
93373893999
157603672817
354751689827
337965030949
376527689184
-28190778212
399238539468
-138751540520
-73407599482
-102976195231
-29705147637
135603117796
92058691980
-70041713197
256028122674
-105709727655
8661893402
-28063474124
389610880467
1639104522
-114678001144
441905448894
296657205827
411069715081
146871817525
146036160123
328130356311
29214654947
26352114049
106696787292
101142872339
-197915764423
315937455903
77278082928
16584708933
148090532350
402966756685
120081881405
79598724890
343285652348
397293875886
374617019330
-528123846
307666893367
34621117082
-20499620993
-7414824035
44182529319
232755348201
23505892108
72693948868
341871165735
284696097331
357797724375
-100593716817
149985485397
37727266282
335936141343
-8664340251
337154204401
-102142961772
335024879724
225644871982
-53974913179
40239224746
403729778036
12933594735
430926432740
358067020726
67306540670
144194022156
320994367217
-92036001846
302788835908
93858282290
308875808573
342620218238
12974774588
-1525912043
11212570768
109305841285
280654313430
300321939345
-16515371724
-46933363044
5802267905
54302413800
95193427994
-214977125714
459513649859
-9243989617
3992737250
166155142715
-8103099761
169859890533
-128593180367
181195650581
-85543951704
14697102526
75953857087
286260969809
-72255564363
267061080576
-130019896666
-7695681962
308916881927
222252367625
260836336936
-112992679145
-15006379921
201789766408
2261180824
45949966076
8405290372
249364259913
416319279877
283689711036
85141996988
-19388304178
140154205554
2584348929
376719931509
8943498118
38327528538
-94982692946
-144320188776
388082419388
-2996554944
-108416673637
-54921595066
-66080154308
393109594061
39702267972
362850956800
-40724147531
100867255235
-13188560759
31104212886
407230461599
-92792886678
-24678913896
319156965741
3014829787
-17755189260
406278042846
-89544391995
411521327479
388156729867
-115922012159
117855502015
-51617462108
272107695113
-173305792811
152176871374
353827355629
-41979134895
222425977054
295998963054
99372298790
5553108078
-127322864985
-47467780774
115940923420
153389751382
91589082266
-141118468869
324511066038
-141720117349
-41907084282
-121240024523
38042564946
-404941959
336009186794
41549410687
-24567524605
40610035851
359037114679
317507567803
-64035625352
62276726755
355519272677
316477714550
-78372610265
359747475779
-6582178865
333521735257
68773777341
412957783660
340942271894
427173175234
-161895782243
367207459462
358428679848
276744573401
240928136649
322656982576
20961016882
-57828454040
299048602893
-21207284004
72694999542
24909701028
-131088207043
-27138756364
358150382979
23769571460
51992777360
107910751971
-147679213269
91446185694
-85525718355
-87983377044
40798783069
-11808181105
154155169926
322325270200
271864918121
-119723431504
-113127221189
252339843461
-18966405695
416494716247
-105142149646
74141396485
327674449677
324201218748
66722200050
-33060142519
316935195231
383001200439
-16849510068
324704679965
279746468374
-45961518699
353621525215
90723388700
29398377626
281916607082
41369619585
130960769
-168103500282
244981286741
2749998695
93284112997
-45964650020
-60230722930
21215912280
43781348294
416173050157
351411802122
339620337991
26364135335
198152705378
377983910736
315833838917
319224724810
391356458532
313233596151
-53073030475
258190986435
241931650685
65741728918
-164949562617
23156077966
-164931870240
49285306198
378641609481
3953092798
-146756876
374112702421
405444198510
19087206753
5002489348
-22222714420
161846494981
61088633689
198471378791
983778119
445482494940
382267821701
-42509146940
304895816854
-31480039759
-108974241267
-60521085134
291102004918
5875917348
431810193919
307793903279
-31436038687
413992580684
-5525997735
200291970383
-27806479135
342349150083
48446987823
-69926552764
-119645171208
7590363900
-247950826
6592609042
17558846769
339161417115
318580349615
54744164371
-37727173069
-52171323470
-86014776606
13155696688
9228640399
-83880510643
316072006314
392000876102
252259108304
-18548612489
-24765435374
334307663183
-118794093454
471938278164
-58792461583
58144841989
-34979263852
10439178967
-22118716466
81346296130
32226567045
70481822363
119724068462
343738731961
11682121097
54442110401
273959605616
-160759760469
-32364212961
423855306220
330608756129
360089333244
114354020842
-84022793173
116796966063
340546752554
-2353374775
416049972684
237708810037
19463356791
41060860079
34003184658
26493595790
155832419476
249699339577
-9487372649
56759415019
38528316702
-3268540288
409820953621
392088907616
61289176913
343900299248
80813928297
-111227614630
-77602146690
-10291916900
176840531252
425894086223
286286799963
-89568867153
-126164283018
-23447003567
-37095886796
412122823196
-61449440797
395803964605
398791805022
-89353028423
-133957199283
232630806290
-85255851816
-117666999226
45778491935
339777904094
273685597302
-18391664689
246714953711
112039208668
316402021378
262284580372
373477520990
112802976874
162377561387
-50613761145
421172741695
331247107886
111074950467
420703076694
311812962042
-36463053447
325046127000
269545340799
244987086438
334680566016
-19258610071
95410435084
70518761543
-57571243741
-38651862421
311223389601
-14566159313
320212390240
423383547710
56351914144
-136988640833
25219490943
170376294786
244000900717
122249525139
261406837256
405602033701
-81773475652
410147451122
451590500803
268766726881
78742418866
-54730769445
-49746095683
386349660790
147822303315
-21856598395
51328836586
216111840834
428384688385
-31954833354
78230024281
-25823880253
-185936065399
77974582255
351468199259
432346096235
294554302549
-154687504449
-109998930118
294857453188
416304755471
335321699973
163899224221
343579189364
-119857615066
246055367218
455520943066
35667989798
8240220723
-42481919008
296383310841
94493860837
-15412448447
-87721277705
-49151455286
316017373461
-2343106719
164606768436
-11302455884
144974167888
-127499996444
332353884463
-176219844682
-181818673546
336328560927
61355178835
175020161399
-47127890536
346917986538
-173177526931
80707529199
34447324731
50557617717
84619283331
-17011492732
302847560074
-14470135814
112284162394
220685994092
367909071160
-169082158947
-103514546372
-106391339780
376872323482
63083809972
30405334851
-172204742487
-37122704609
-29994928940
74813534299
383580000523
-4290742710
-79605141625
-15486129161
128280698980
-107622220376
57028269258
-118332198644
-3121333540
347425973312
997130369
271786040160
427969364835
-116127991378
-21925069172
-73879748534
46272366794
81856258834
-16830014080
287164167632
85059603126
198414269466
-157645498120
339356610135
-82882638191
384421643386
86826924166
-929616217
433003203018
49484445799
104803759535
-13523682127
-13241934636
303368604870
17406232096
58849084613
-77274015958
244196869072
-5194912322
65065135400
25137044113
361890956970
311112757739
50286788753
-92372237322
461349497445
-3565811054
51925567914
-34171636072
328210329618
331431099250
349995863503
436483353741
313283153609
382410369679
302373888517
15177622569
41238690899
-7668497958
374676926891
1177627680
375069231049
410459915541
287218860647
-22796199030
391670708197
7028738969
-127067311022
72680735046
-34701382245
79091420190
127828825421
-20794561375
58399493856
22027357354
295849025714
165363823166
-46718754616
-133586696749
279807030192
-24887925239
260123775985
-13321213665
-58263617718
322794989276
422475964185
304402169902
318047894231
-6174861632
416222583350
-82695720854
270366140832
334745227096
64052830883
395190063285
-48974290848
204364749876
147765627679
153269426222
197824358098
392479273275
415014978934
-52807698262
79619553456
449946201228
241298725979
-122609909112
328427186412
326241046267
7821912172
-47637775506
-41578825685
310345699163
397203083738
659423582
462623889934
150926861249
-137880630697
247179999413
-86380541093
-38351926274
358261611134
51725341878
-105187707117
-110186841092
236520737059
175900237607
-118585737297
-24460659709
43658314275
316932534511
182875254663
306544436385
400884951444
277166679953
65363196501
12646813346
139430738810
319139425334
103376416452
106263487583
51583231476
-108526258
-30425369196
-126429684074
-27790304460
-165246313618
-27523079322
457088891724
230640292233
6996483834
391530868965
-28182277374
285061211949
56367001671
-150767686519
14799625045
-189435195322
351436384679
93595464294
92031766009
311773580278
26738330854
300542112037
309286573474
381171385
-8276440142
157802148294
301765465187
405758656394
434756421476
21183805776
138911673131
-45296942259
233960636614
-15121897134
89841225193
70756296319
94188648960
328689307091
64665832941
355526319979
451723797832
-804149014
233288090869
75734352128
38523571388
306139771123
16163025223
-86737283954
334522469310
326748030900
25753726141
43242211844
136840854627
230568898706
249082739582
151398893502
294718524883
47662728801
52531332712
-89767666106
468764039906
321522065298
-70568324304
-67046044808
-38735082578
60284372522
-60435459257
-8675221263
23234548836
332323957170
160346632666
326413856904
323977652098
-198941607936
267292712288
467707985178
211746843580
-1994024416
406803750913
-122922390893
10402175765
169562423498
331770069365
398954687988
268923490220
-152244685308
386962506537
-10187921122
-110544094688
-84400704927
135834345348
339460249290
-114317544336
199361532280
-63296694902
72257056025
-77338353555
129728846372
-79683983622
309602898219
16678156148
-52955386401
-28498256988
-76725559326
-161773639017
393325543800
63607732208
-85582937216
341035394552
455178725027
-151960837825
419981108179
3759774289
464168468002
-26316535061
-6894749237
335031252362
150977751536
39639624636
-4024930247
-9844921970
425618530458
-22997174419
332069939120
411603789462
411604708986
-2312425122
72427742565
12048185470
25092386669
414101088995
-103653431668
-45860113100
-34602115645
-149875190787
323480144808
412023849048
271840788996
-56258274682
-126203740440
70802374578
20467650752
12069865158
428863896463
154521747382
388913914414
-140962241242
72748057233
10869419733
338365734379
359494305883
152689626295
56881550733
-21761384656
322151697558
314045920150
-133383664678
134762877902
42112667267
359713764206
121138967762
411024811146
308464876126
-127119225894
-47787945789
-37334097836
327684658708
407447189985
-54448243
-48276963227
35664212648
-111354970868
10963663576
-5791041244
205045665784
-47623604573
93545007661
-14148374361
27685530013
-109429830167
-5655533650
404491780839
226351191639
-80332197793
82537586120
-15378492981
291977799675
386589762932
75164865518
-73327231200
154812304411
312964396642
205832238657
-48654542120
-84639951696
341607156380
339143566272
386625954142
288256397160
76425423596
-166984558634
-4097142682
73694979454
13897227328
238015129523
108539720263
298985293562
-84889788978
405326873470
113652544806
-164363220352
45965382960
301902251905
334058647163
348169470580
299628360972
-103947479896
263917236106
-15387595609
94386472250
327721970219
285922150175
26161882620
340000719135
232873658650
-158543626806
64935400072
139216631592
-130727750444
299704139877
393022197794
-109242113952
394886064332
265858124288
-65990303671
422947674375
-117544692006
-16276144327
428267284840
-60701545537
-194429716579
298915266078
-92230784319
-59951876514
250063256187
56688780087
373358983889
-163737654583
191244683691
-98353176291
430187513472
369560949423
19762574408
323756380473
-26572353274
-39235320113
386143816175
353147156689
-18454624836
96495468374
15653066617
427566154710
-12574677751
-55358411026
337066594325
347072767764
326958121664
-116679109586
-75198141740
70368580454
400941441234
397318737334
17039846651
304222302833
-114458401313
9129095729
123969607564
178031363754
262717790394
89330694867
284420843707
366832406328
226907803241
-99035971996
266387086679
-111085522247
-8161336573
58811090898
415562447769
-36253029440
206995839323
18856458458
-45596989618
357505764825
183439297337
-94259855354
-110588769832
-56829538576
1206324440
324034039738
87082032606
-21722182406
262872283245
-23369029017
-113734522741
249428939667
252748224347
-5130206601
-113323015006
-44281319044
-91569679057
-108548311929
406301489505
342290300198
-40402072982
-33704554539
440436626727
-111447368807
70089890247
345415080688
-49636987404
316616366111
308946399355
60226915696
-68991201984
-109430775121
-94975841283
301826455607
24443616375
378284800824
78090841286
-21900922779
-122316512550
22109280080
-27216144679
176307221431
96615674732
22362701468
-1785212254
-74431542477
416245311833
137921982017
340856942895
161542297689
3136419050
18102574137
72297721486
205509560959
42327918490
390761724651
28457014918
-7925973656
18994802236
152447996068
276164782352
68035836704
286920146121
-135345579915
419360567308
373977400390
-18715336675
325491327475
332387488752
-63095035043
19850751377
146093807671
-125401983251
161605199515
341910410158
435106583574
120788126951
-91928488163
-40138803568
402419572765
215450536692
298045966127
-43235629275
157094916093
-62488847684
-19014343201
93647799395
290487662947
-41988202731
-96218321131
70237631592
224993654410
297369585510
-99026822151
381469701594
46295120868
21044224058
351375940657
86958870321
-1197812875
403091464642
288400611503
38527201749
-138554200580
345380814000
236456459991
190601597236
138266747874
10043295314
355112908407
305063659538
335621249626
322736147714
-70643270765
306628735413
191349998919
109874698401
-11875621036
-177774508990
12933594735
293305821289
-87266991430
-91034793456
50065525706
215252671682
347068050320
159923771021
320373076284
9582028281
281964725351
303204745824
410731511045
70676163056
101303284005
273988290291
17629059034
-93792208037
154128390460
58485306190
421712082065
-56699175517
-61635366591
1163727876
132799434348
-123950519100
-66864199693
-105362475620
-72971729945
75294117444
-10225839485
394495569312
300233817712
398047753104
-89229146571
142627518307
289651973711
-58905739431
-51859246367
-134696087315
320781143943
321789869935
373536798662
186500574164
323272322582
399071762830
66521467842
321721660147
49726949002
-43810628789
393475582954
-148650861799
338156830620
298712637024
335937805840
-172638369645
9949730421
232239378767
398916324269
-28499730287
415047993715
-133540230437
-8592930843
212143132112
-9800214031
417163529469
-1767815003
-50619601782
329932938732
34995034925
-87883445326
301102578533
328649372021
-29555691302
-14988697377
-142205266663
-96665098054
84460277653
162710933014
305018106324
37193830351
-80083728419
326835996850
-12955726648
313980173568
-105677584477
42995754108
20305014413
-94792287102
-82242990800
-81033455319
30002047224
78818177365
-93383047907
412723692223
175778821758
34280457349
332383908622
359834135766
-141235014482
-87422484496
458928142608
-7660185195
344990616097
291996922840
28535795189
-4654937682
-161417823662
-44196969860
377153307792
400614169563
389059668683
147074352435
-113883070747
-116891301659
-75530899781
413323749170
251261628373
423543028969
11352952020
318542575612
-103958434582
-149983584672
155994280345
-63685058583
54355814001
-157005017586
49427358164
273136683912
18133663437
-21296952208
-46218921472
169649416392
-2593308262
286103157192
58934705648
21864917819
353497965871
-72878906611
-13284743912
294908814469
306552946133
79965643572
335445033460
308028714755
394890658770
23325572398
18544911378
-74580118038
21758972276
247683193429
-7421495254
97671132299
178304179824
395504124468
76600325379
-155174534301
114606547394
-165287142329
318788494629
39482167320
299560900491
91526498253
-36648444559
334271363908
163627771321
152417708596
-102889316328
31774133213
313674549397
315168936791
-53827588728
427057360945
298068335328
-62972822841
-52264137934
21431887185
16020941938
-11091685771
68380888583
322239978394
-10982758870
-51022204572
-101244489525
-125762921653
152433964128
-59592385998
65688634431
407837256651
43753968149
-39867372764
20740566638
-29159206936
-41339961134
118749993304
58455689315
-76304181390
17234472967
450927074012
389278505867
190052553963
-113659205498
354468593875
36768115165
-9744086183
-16566827096
435840803729
22278473968
13002467612
-23889343036
185594829538
-45539588562
-5313126103
-52802439315
-24992005563
197723883991
110842850358
377142984141
25276228878
210125105583
9131227191
5587660288
58892119196
-110561435286
337074254823
17953967524
-24450832231
51029601825
413756615280
-121035784071
326600968118
34353068118
-115996762052
-122308838736
-740779387
1252954620
-3618020476
336734259771
-144176020225
-101776928658
336232598583
53680995330
10390202321
208967901294
-16248828229
359481768286
261449635585
-11241082279
247217651569
14268700177
2104135633
-25882235046
39070678918
348497551109
78482936241
339165008304
98806074397
-52103292180
113590483197
-6240845343
316843908374
67941551784
-33154612291
338987473849
-68407485634
-2368555361
328696567732
-61683516349
216226472091
430919633469
320084558310
240085673591
47038147111
396814748260
48895431999
450496618057
413629502469
-1430986135
-177274662126
371639134269
-38779789125
281927626274
-6308578046
311473204293
321501133631
-49307106245
-82579825518
401243967253
-4929009742
95667447397
325206596063
341099827187
421253523010
42406643870
-25614132344
297834202921
-121981324661
-76451557446
42957218805
85407983459
413014181539
30325169788
-49404606030
282861335924
326487446355
252165000594
35404761062
98888365822
-5385341040
412810123396
-24015411762
398719715013
-108226874879
290363812040
75016558701
305382255185
372607020844
-85717188300
322032992497
62387337949
312300749063
72361829339
132533676476
98915774279
45129949781
22827837332
-72717608173
414073848459
301681796566
40188219271
292405655942
-172425227645
5977185179
420927396178
-72242888875
153789373319
919946079
93401994892
427256979684
33203485333
62094007797
329906009699
35351237546
299297530228
-44130025364
381899658912
138464056736
-161040150140
-173682059911
-29899369461
405794186894
230121459297
332642829127
331809700785
2468079363
327805831355
-61608704434
56755884826
-109086109980
376475680461
78347429309
408644664861
63653770904
300393845867
10833315047
151117751683
49781369764
-99418493851
150509847946
-88330883041
159818113186
-79404824343
54582719598
50873402641
-68570991914
-67164527303
292427227731
132563164598
73135509504
50874123390
11779135705
156188103792
358322912518
378331341564
53822819498
376508949899
356752713898
365670872061
-88442751254
329041870659
69799928387
-42491797627
70984013965
-117156909956
303106690983
-128721432262
147143232201
-5289259979
358553411695
6632697725
412974863753
417516566685
323409339966
27230529371
60837488558
3127175550
307711198651
-100279566891
147466420925
212989399754
-56905103768
423452013899
-46127539697
444013718639
-83003858595
14954421485
308866543033
93726945429
315421047775
-144104074584
272650725162
301359617335
49646086972
5197474246
-18412288956
109874698401
328487613782
402839134680
395573413781
-9467871517
211543906521
297813865371
3468934804
463995109247
-27552940007
292144567632
63667983689
23254758136
2644908261
-65160068126
368548017634
54343526061
-108144502318
-159649539372
-28871073239
-134531420241
72857602018
5939964477
-156653405209
396540134780
-9663718771
432159265076
-65242082376
148488148851
382519279404
219641190794
71042743241
70869850204
-151364301988
323845513374
320393943454
465245932169
-90534360440
33974294717
192216201056
334798313465
308353450420
-65195301494
409978319798
330650739825
92317749056
56221224461
273828658372
135238644495
396941056447
387489150766
4497533747
359962318307
364080008426
-18300163468
70464147632
91328382277
155061271649
103475313218
70905121324
12758390413
-14522989671
-95213133223
-50972218856
-125982468585
301766475791
-56499200933
261392078178
427240650104
351678601489
265151648395
-81168695875
-38307384731
55495708998
-35729541923
113371602148
-19105112801
-7593194201
11250290550
-117827092430
-95378875986
103313044917
-15340640387
230214369774
-7583986481
161208969895
301221061278
-9697285908
-8305240336
259029460635
-102399031617
-32373131487
-192912578058
-165921223942
73113232006
377547739776
-62013843881
33344380320
64317528703
335455643835
116128068720
-40613861114
1134095770
385784062831
-118430795091
-114590196988
33715277112
349915313246
330109326682
11428896093
77238249433
21620559541
127918127158
408873520957
243920167375
391472823769
-101355349862
252227702495
-23045614627
88863217875
96919112898
169013106811
59880159261
-115037083362
42772926769
-141159560025
-89618940595
416979946943
297863449031
87212553087
329686093538
345591795235
377941215764
3167110393
-36883221503
46526776602
-37283828155
55749254363
20175829241
244361486970
283287787449
451507270824
-190506459962
136220623946
170031218399
49053828056
8998278064
268426022911
353113458441
421199573743
143108530873
129848059340
88960944002
352367773635
281873880816
-7516172977
-93984008796
-101434966148
50760752882
-103372712747
-146797088247
382573278949
230631956692
130300059084
-1846853363
-160494078259
-97599927170
-134247739260
-98552651024
84860373277
425505735421
277275747828
-110594830686
-107179200521
411681233226
-117008925685
381083869545
158998140323
-142466068849
354930403888
10157595714
-120145141113
-74285518690
338678112595
60703357865
336313218344
13421819149
400017805452
20458793266
241954445988
333027043827
101791556320
53691936549
440359446623
121153119841
274042932602
267948586867
353172479150
2065855817
-104525552858
65752489567
-47221756183
-40810205381
393148922136
422077136970
331408772167
415884208240
-79660131568
218019695810
74505691511
-112955764276
317028561624
76998522849
20963228995
-88973426028
290225562054
70243988591
-22361631883
-27390814000
252454920860
320002901691
-46680740806
403800646606
-115281045202
337111837299
67372829963
-135203004552
-15120895824
-146462279734
-90347073067
412584100202
46073200019
-106594726459
351963792634
21281121235
-15759253856
113120329414
416167107407
402555945786
332145482794
-26690895695
11688419424
151662712226
16525197786
-81851826634
-11694912773
67748070576
-108856599400
-26979096845
18848680355
-21101343715
246972160669
-112774492987
-43790017435
74607503213
450051767401
14105470167
45910324386
327176637209
-105384398064
438180808843
-65990131727
299441856837
213919923282
88798946691
383089328745
441556423243
69541648323
190733499893
399286271550
418424596166
207036616287
55594614187
341821475724
394749078650
-130541768029
4746242523
255241915765
4862083177
425367957716
183416770333
196225801826
-85736522772
334519504253
-6490391349
38011515811
164700140538
-141214616637
-115988929794
361048790485
233966479753
247751779467
295460735427
-30828783438
349910274325
54285090432
33140736485
-84694678769
42991131877
403331905286
-80265340610
464667427031
416155993103
290802248408
-110982833111
246066488197
362317393944
358692910651
-8701622559
430456564386
89821668958
348736549828
3774138691
-2647249673
-74586077960
313751704081
-93652614391
308036767569
287052280389
-121836251656
105762200553
22673519411
427580708284
307876949943
-72227531367
436497677576
409867403498
68817120463
369073730691
433935118614
149307108734
49663109903
-167196656945
-93699683350
-66527744322
177459978788
141200651834
-36339238513
39647619074
87160594712
-4890584565
105264812549
-30896681917
-82342050184
402647369328
8074449738
-11548715854
82987991003
-125362834308
393313107422
103659551580
-56143128467
326696618255
9936585954
-142116150847
332339041410
5618959218
-124231811421
198255671520
53659537235
420038518750
334390747137
401400102549
155129800108
-30496329539
-8856078354
326857097968
-28022587081
-24918097722
-107516232794
-133524980793
74848672308
-137956241257
409258244481
451554017798
333980941639
-129270885006
-39965129305
433066234635
43697088192
417688504530
288277820618
304862210535
73131022703
331611703573
298087800907
-132187562679
69387162255
64835981941
-87061158887
-76421023965
-16472041689
25074256839
55595077345
453818437975
-100525639152
25726297689
285258212525
111909825360
-117375665825
256768019745
318518393911
-122421137196
-65333200110
342904707171
277699945129
383972894496
-548917535
-5610318226
-39779142822
294091006480
3851988575
458070885500
158053024541
183622476373
-92550019848
70634744401
318134323222
7997938410
-60060231087
154052550643
11296132206
310771405893
-1198808124
201326345099
133682939837
110536707864
-13426989161
74556961898
274945159810
442901786145
317942709154
25139110089
332863795305
-141246132419
-82449596237
-14462265925
-138445718297
238564374337
405362144878
62858252027
-6138541020
20537392207
-30210344753
-138287083194
47617873321
93552186445
-31784162048
-29510150128
-143461731595
325468647638
50918085552
-80440445501
333522790352
-30717340687
-30105928964
334067395730
321177429678
137395771925
266473391128
39344300552
155657827262
43998060890
408373103274
-119276835924
-4646884317
24840870128
-169489830487
-99277714199
270097361769
390590665204
411437402139
2605519736
405478313863
-50682750040
23388278996
72227108650
36371418219
345222291975
76915436138
262719185618
27774386057
328411459187
339054183991
16264103190
157990741139
-6970560742
-37636969515
336847550262
412876822605
107716842718
106606018422
320594114587
250383332835
326174278496
72388151594
-19351604140
1810962074
-92995115612
-168163452957
344225018629
-102099150612
-113068146985
325620135332
365967184812
77718858279
-93221049849
-127676836750
-9899412861
108416324428
-10453708124
303188496481
413897984462
247700298176
269497549208
291590112714
-73248359000
72514084608
237459698581
5084511765
206418137934
56108366649
177711145784
51239407561
348846730267
105810899617
-5374667786
178482180440
-43275822465
388870457755
-51455472290
6604005496
-30606013907
397490243936
-29500258829
76437793865
370531303905
393550738282
405497230001
15924252526
125785012546
305509542132
354912771506
478607232
60912262313
-75969063143
433028271424
55962747863
283268667626
-107955005905
426414147742
394495569312
-168673187861
-42875964795
383122203260
361455662994
369580889728
368160913290
234923590425
45856898475
341713865787
260920485011
375900718890
-149891169604
374112702421
136853122132
446330624682
-149584164724
381575165642
333185099444
-87663182737
7582108923
-86302566881
387108432366
282532710367
-84916903523
74764516197
84923339565
131169047978
329646396828
225962189457
67691926574
-120136199407
-8421338692
-65664040779
-71732161937
-125088513620
-39206427914
-60508600627
136330775325
6119162284
220440049446
-162966732023
131425804506
13568289366
376508949899
-135456051634
288244286516
-63608167575
321996223860
296860022133
13671126011
-89720146877
69921125311
302088107333
-78466710693
-41738632893
-90161907341
34800751550
359147542806
399778327745
-86713962545
-58722046621
302228912744
165505243157
414556622092
63718505814
278929465444
27019617663
47606338151
24903081514
-141554407953
476545968795
366962103501
1784392115
299810072632
-1731188767
87652385380
235569457652
14025591765
-4508123651
-77925082113
80467474847
-92824692014
157999968139
-27569536588
78298701568
62621198549
-8650734610
461487988521
362045772357
335712143617
-6117404733
341713105525
18839974477
273821089833
24499599759
-23813258786
281881639455
-108587912497
-42484370406
207093096757
-127487796521
-95702328194
-104354586227
-123339220563
380087132605
-110259856577
329211236930
346877896533
-98947973907
-103811728719
411022875418
418556191581
-79846728696
333283171375
422820245078
-737179200
-118803818849
-41849093247
64541551515
2260132019
59223542152
221302870610
375770084025
363286039665
279484694682
-98233989252
163452964597
-14460893955
-98931798816
22995486339
361114783662
294896601176
245464754377
-78915521851
325567996980
122282504798
307205963130
353624814448
-33323023562
327132092090
356372076283
232659397302
285191621135
347010504137
430235086967
315210313846
-24191795376
337324199598
339324030231
17907641970
61675127252
-102833110104
401792044284
-32574667048
401890287076
3403858384
-42011989876
-2662423655
264995438649
157040902514
126756441092
10210527241
79463231034
12239640566
341663592789
258409232181
18973868806
-31900835534
101807415826
-110147402060
151816734234
73975555870
-23434955946
378682568986
-72867699626
389599132049
407692749844
-59345638104
-147899177270
-6982474088
74015159750
17362955709
355665760492
12130232872
40085119853
-116009153686
-24537596904
314221076278
322598382435
-45115279068
-44150251670
8025814856
12375262029
-155979301385
47317150722
-152479611485
145464324583
139058568085
376859633697
109697835030
-43341474095
-32720676116
26698309417
-157861868748
-29026912333
10454419921
-121950767751
151317759532
404989317957
-114427911604
50269933194
295229572749
58147311756
286131278491
382798892979
163807444292
175626921291
271460987225
-21465199233
71952089849
342881946833
79598724890
-5853149822
5072998595
149011604458
15278269345
-17843371989
286465715286
-58982824590
254717616826
186488850912
41407297763
33619139196
-3070727963
-43729554496
278824672699
423640129113
48308853065
-73476935050
-30044756447
34927293647
23090329674
106389962817
304694698033
320020412466
21569349901
-99293417052
402199818196
-56635943483
-74676894790
-195852657211
4831140373
86210523902
36511322424
385626097903
63126882927
-35348640251
391015541877
281221722868
430201139313
66003222044
30736886720
345432132194
47986137105
-85299319561
342969226286
-158152460433
79904539236
-90475943062
280809772957
317719461126
424691141767
12343459845
151188380998
45912237382
-31068011416
-175505842508
394283402574
-43138242106
144879308260
412617921435
334872591224
356263286614
-85220823100
395683293079
328329200675
-142740137505
409757179696
143443761166
146312593040
45387631392
152885069714
71132238343
295955874728
411705984008
-92980266493
-99532215483
362367611728
333741090152
382174307367
-77208012653
-512353480
47614225580
408513516299
177292501288
-115759944638
165429467932
-131211541320
-133274281889
141830135652
430082543674
-46676164095
359690031613
31059182104
-90149176328
214252556255
358677155976
35399655398
163113500616
334627871803
32179926030
-72595421835
18364728123
335143617583
369857736642
417301690572
-123399885954
350039800307
46583933677
85598725203
-101907338901
43168513638
328574057007
44765891212
227830917405
127441123068
15333092993
-22735134298
1389133854
-10686611075
62981732786
9018449176
64696386102
195865431688
413365134950
-18434580341
-40666697585
112326281221
210706997476
-15714954963
19221968727
330508256165
-77561389941
62971558423
-170456657788
276431412737
31620653501
12813918335
284170777948
52283948201
-17959098667
-16684281265
-147554586748
329611000056
51836408543
318764688259
-112107077605
-4287804047
31916564326
164450457050
87298926405
-35276127171
247039311031
131672475873
331524726708
328460064482
-34990797675
-86261397682
5014998408
-179590490017
394595288037
301435260999
68417475967
44592749184
331704577761
301845315123
238219395683
408507330678
331735199702
29010254171
402510591330
349230937634
283850142928
349611163251
389117902495
-47927899713
-165580800597
425673907134
46953165076
-31881386592
376693492334
56368745712
276726069293
-183230216487
436073402673
-99617197047
307650104083
-164610207034
-55695716611
-18434628503
-124155419180
100565319772
327954004369
346863412827
108116954297
7175997743
24499393327
119654106152
277424167753
-21682738122
-107598656089
19729671179
308990435294
-92384808314
394961193887
336838300925
150527317470
-64535041124
-136875421165
328159702996
90271378109
284843291483
333186598284
45171040014
-16861069373
157515589518
341487757951
-79723887895
258795033119
51514113274
339147201766
117283321402
189171527167
69255799009
224413437433
-66126240827
309042186272
-31296791416
-18168963966
-41740768713
-24810775436
20887425968
-11654528862
11628680749
-11733961853
-81785225790
-24130414967
299684070844
71453183123
-70952558809
328632940500
38184470741
271827303866
232139903879
214561793896
320882067382
-6894415775
-79107990677
263168450283
322053897181
-54230144747
-97552686692
86260798327
16985659931
-4388177101
469194750614
51593011626
-25832193801
-100396674073
424122391328
372140592599
-26688280916
6013294469
323582222939
312409636846
-166803023978
-100929878934
99792985018
-53050577656
291084032502
231931635495
428481531082
-75434759977
41635090689
334670437024
-173495598206
378774489980
-156970102096
348793339577
-83175236708
335491983139
122706049785
-69029339636
313560117475
353424465629
96242538595
260722930515
149230018472
-4692856021
85285308844
29696022343
17244366865
410003573488
355905757937
-1508152634
22779632720
393645227777
413296715158
260182563429
337529715823
35453686052
464909889068
-49310956314
-112041521824
-7863481214
45477514343
-59575904744
-74782239838
271916892528
328478380756
47376126592
348833061672
432921305438
-20548177981
233841924474
119963398533
-134822118862
76399313691
333242145651
-144274904437
361564713531
36126492870
212002105659
179447356347
340326686089
11917811588
269780844695
-104243944431
-214918987394
123036501901
306373470649
361069085723
-63123292452
377156844281
-71254599766
-152933291563
-150297608135
14467282618
144443567760
97939205986
-91106345059
-129498271174
-78340345970
59845103306
334305621865
-10412192971
333707357930
386062782876
240741381111
417702228383
325183981135
-19530700518
-186796044429
16258093006
-148023398578
-36484267009
-86148298910
152389977885
52374324217
-32032693947
260573824179
-22934409315
345545280623
-93816093304
23985000030
383546373945
-135032508958
-30667525060
-91607532018
225191215456
211876434323
-157523686389
-44215422447
-32918200989
-156737795093
169537893657
84545339293
29250594525
90784088893
316284771279
333123729340
4536540446
15960364789
246234786226
18402434475
-43363264006
-44998851973
312461183224
-17335663916
273503250023
325262249776
-9211515022
133487430903
185144202649
-114313124419
302507357973
216100827250
396961729790
-125150017065
-20481533431
130636295130
73167150253
78680829935
-17442502083
-9737033697
86397360910
235972070675
23166370377
336031879620
388522446555
54329868938
-11827189931
81628217333
282758200950
-60721225876
-154907801774
183756072702
392695038234
-34737838257
333042967580
249822293634
314178559699
23319435268
10187950839
-105086030488
246417936443
183663725730
11600041745
-9121096652
302472061018
378831335488
120171495567
339789789239
321392529919
-49137544806
-16935057480
9592495560
285612685039
425401944869
-91956048756
343994507445
-156623903896
136822854495
350968965095
321113859686
458462907370
68813764371
303810156247
43247898650
366600995003
109335860406
-16962569508
-84783245847
50376714513
333875222805
12930485980
174431877595
146575428470
13701635217
-25236964137
308916440830
233431763085
205200013453
-70183033861
26337884872
21575970330
304504469859
29102558343
-87801384838
68997010103
393413361323
197509477580
9089506880
39626119698
-116274611905
-75427431190
-45300979035
156981766453
272571958305
14835349953
416173550660
-41726039697
77787616401
-53704342316
-190011959091
301664373899
385529102233
396530215749
-140220582472
35427519081
94447146687
54941231619
-131505870487
156660777421
309331161327
354713510838
246527025158
113288519341
347010504137
299760924436
-40283133792
55758400222
79390847214
562815816
-156149000107
330039264166
-29826197028
273269169732
-4991391556
-140869862237
125029301415
36926463968
-43605264126
-93821441318
65996755022
-24212921005
164794372569
268062195651
-199493411593
289240778186
181934952206
-14624378206
413868408273
141207920558
364557779970
36389398270
288274877329
82264221940
424761448992
44593953552
-31736081174
347903706137
397667289748
125785163715
-6431365387
12095388135
378264545200
330652353331
30668428289
328881760133
-55935518436
-178570052688
-35223409763
-84991212171
11559190305
10933168379
325973179912
47105328667
-108165793739
-22936687269
7829552173
201605084925
38810140420
308616465055
18194682001
429158712754
-94213618262
167957042555
287713346484
-105120546786
421865636224
-95970885379
-28783512853
144019092160
333711539257
91932357049
292446310241
-465225287
292590916242
16824085652
-106163281559
61639967026
217690625560
83676182422
369227694585
52249255648
335164421704
18024165942
6906812190
413398248820
60119624031
336414087620
78620589917
353166279492
415436565478
108802867519
316299326951
-97745189358
-1026409642
164439293889
391413416041
-101024462055
-84726379337
79486492667
17277903740
-43216184492
52715168696
69921125311
-123985320014
-88997966594
73451470729
83806151008
338536381996
18679450123
395041161356
142306125423
400850235569
283323080374
-25323585735
300600477687
467701737705
-145432084874
143048133369
-19103423447
194430002155
363061603991
285525713201
62900329674
240824552394
183865150953
196728507777
-56104133043
314925913035
-18721614051
217559941574
296182857213
-76209575076
95779592611
198480881405
815399142
327859098952
20317516556
-17517685702
323522670598
-47086635291
-68181132888
1173015020
225846222471
399957716434
-69646020175
-22136074434
324507028152
338588126257
328710936116
67638579339
182575893769
128552748439
-54239625298
285829934207
251266760144
252206874432
138916081850
-67263400393
390062457494
323396294375
289832907906
-34576945737
-78264115886
312228062563
276103176308
-127632493169
29860230992
375296506172
405279002349
-94662168199
306147118879
9057934001
355606376430
-101405174041
-39221463762
68184329831
400310102428
233880009203
18336392709
-136858283225
146981531639
-87939166799
-3306392239
5215773371
-38772221157
-111514118469
103754934532
373098728792
-90518829865
61817310908
-130389062323
243338740741
126088959233
398025511830
-67212831427
463461784933
301653713806
51806375737
-125071021372
-28799211978
-40745561985
59896469164
324270297623
93443461358
375865993685
55442466324
342964541898
-69017949094
345849217274
418215504002
67478539547
-137522750962
-32358658744
154791149276
360320431408
-2639739138
452577639970
426690960642
378608552301
119608935514
-8478762968
11814385744
88673719573
82274080977
-54643711246
-25108845852
170975300350
-117643224537
283578716846
-116964881314
294958598533
338660837980
39096669360
412202515733
312483140699
338722801930
94200650323
-30969178680
-35884077733
-41528029621
-121598140726
-11816000656
-13546903874
293983166203
42893177624
234749885457
73366441146
360169274057
171266231420
339434030046
-85241312554
7316752440
-89526744421
30455934686
336291696640
55517778133
78348227494
320847232035
447095815228
413130962401
30768551787
-93558522743
230065878675
-38028677020
377738163771
19348970810
256716147224
-149032748115
299538262831
8000920112
233707268325
-16334899092
-172802020082
216249059104
-6336272044
15347768031
228413330505
288693033970
-28928302520
27650234617
4581477254
294455910332
-167630981553
-23447121222
32758824950
247012968114
37709935126
14699878541
5932359517
70092352434
-103308255440
-78505099734
337366191063
-28571783858
298844451178
-31144938709
-17711564922
-90436522594
-82244544955
-180836089345
12548720390
71297511221
71082237658
360453076192
324356819644
295756066336
89198510057
92950631128
-5306574947
285945728881
115416710359
159210628114
-16279687389
79935518167
-153507744098
52295264927
218466954130
81789606338
163337301156
293085910995
-85903416917
130597159000
49805937303
346762803397
-27837133552
-33332247823
375849884317
222879765534
351404458654
13458712054
-30987726551
-47509196245
285985713759
-63053493720
-114560257798
244665364342
60543772267
322959926009
202750071814
241846323662
-72446851847
325727547671
327417193238
156407944821
-20164960277
332685872445
25727939018
63527914938
2229108600
72260522552
336093681752
200507956521
243897143864
156796511423
4329490723
307580439468
-76500977234
284079893645
360836674195
110885876714
-68385846210
322515877186
177049449108
357359605318
-188562777844
-172794246718
128646134852
139015567823
301683319427
-50933573032
391738304144
352529393696
387130673000
146879671979
45388578071
393682876145
75338619042
-108190661079
-56633662980
313596291014
225377934125
47710359906
412786724204
248975180919
350798256122
203715040470
99675476238
347715144172
429729098030
361646260117
328370010348
322682695093
114877469326
-8617576346
27807872947
-127648957602
-79607172051
416775315163
33525298130
426187922417
-29155184687
-39427905763
140812059023
424149154969
74104378620
340530374814
160168280035
105939808699
155941461572
226531175253
-62221773338
122753297212
-85642531334
-88594123399
-93693911831
314189393968
35193402838
69209758834
-112878326973
368432044431
-122971871330
387728324061
-149813449032
199383770630
-33482686936
-7054357998
397760328630
-139157631246
299605306528
263727540266
-2537160219
-111234805330
117720212359
79314198587
403714217648
406835418992
320559252919
4979227482
265923543666
359647148783
57126396209
70809245890
63017476430
336487333850
-52714875821
-22551198675
317428721090
-106783810257
7281876914
-63902762549
-85188665092
-128843559487
401302946038
-158898732570
121260433968
318281126059
-79069392815
-20667848444
884143460
-17746564205
-59293248420
400214159414
261345627027
-46148642
354833622638
392181526048
-78431570033
-109552362503
325641313971
306404490647
423285247519
11460307325
405243984243
35435323000
-87887864111
-13677549449
-94638608684
358948793893
-102049080132
-32388581896
-47098332819
290550909097
53565260534
-132191969971
97960066659
1066551042
171859596469
134037443633
-16864465374
297679372011
231873264923
324290991357
50313003442
412924197473
224733082500
-104798279267
-96378008438
-12697856567
32734850636
401056533308
313117676456
-111446562331
113771137424
281362435539
413193385927
261116106220
56255630318
322254039801
82936206532
309180479943
53567119449
435695686285
366655523789
412981112977
156784060525
42467318772
239024963492
358589859948
-51352555460
-24772010280
-147831896811
25506623242
356718698058
331037054538
-34397542746
-15173937750
361648486710
-36498641663
227987559351
-189503463745
-36938390112
-106214533116
9678316053
5751372292
329849939049
299319760186
140548324763
53352200360
58823709564
173848723967
240185994617
20740566638
148015975126
456987925288
347166093369
-22726037952
280622362968
247121005998
359113479183
-95433100105
323105683121
26047697921
394694541113
239085165235
-145255083359
-101170469991
-99658308615
10415833284
-52374929022
346935089556
278826334553
302531673915
286522376572
-23377904395
162864094367
-596016785
-163536099423
796175339
229433611730
-92943936589
247324094881
275350711589
342411288521
-9074794213
81321899807
391266749871
115180939298
-123036534840
415773835816
431145081084
1152652403
297973389010
-64742036919
-176671152341
-3063019295
-155055134710
337406113459
-20059775837
7294200418
348271554246
302160025493
12360466075
172691067385
82675887626
-134502524330
-73026462878
350559257983
-90333540142
416191972381
233261014441
77029319337
-104492066398
-66671398084
58431767073
248102450037
274947256925
-70958602460
99732945317
73205039630
241114295265
224021017874
110784218352
285638977999
-103301599057
302927511407
274864426360
271538037680
-98703870410
-124851728649
168099407272
376414610123
-44408037585
22223629493
418847957536
331723030071
73424249678
-40565979379
1399842849
225260684296
-97705892073
1201444908
-48648302426
-18143636421
301345994627
34665489304
-16136420262
186097036
3188006473
231900812851
-123215746124
-147986672108
-45525752985
17797783576
82624247925
76674458402
-19659062088
-108219886177
301249510170
324230295807
-119220231363
78797236643
-115089842006
270057082117
330190891265
66923081621
-136684355895
54719009477
-22144518982
12261689442
335985380523
291362875797
80472910
352613204790
-93201657530
206141708928
27694581373
19762796124
-16908759733
-21861056848
23593043595
88808732887
-22220612376
115129401555
-68033020237
300113111711
281929779659
321851068729
314507925491
63098922631
2802143373
395219048002
37130218736
296598233347
298252811075
322504064730
319518555067
308165244642
191693510646
-46489025067
-104601469117
67820430042
80784076
6855854932
-5333241334
467602776089
22196999004
29384400546
396764827532
76903407007
-151042318490
400249180396
43307678439
54794209886
-163401996805
-26689992378
327865371705
-61628868595
90802158364
-114757750964
-16857538695
49362443355
-64157997485
403384755430
69301406085
-99496020017
46520613270
424474892603
-72057160481
-8592505459
140346119436
322416082235
4207400692
385738137407
320357092617
338844301923
-31616253065
105462832095
-60109332910
-127789331846
76322749256
357282810897
329728499031
51622521149
-121003618548
378238797306
-4779252872
64463796782
157763992438
423672473835
28145330365
-103180119820
331947177237
41375387588
35205427946
435006708324
-120564841263
-139846977562
-70248615470
136780083146
58789099625
260090232915
-19676253657
-116101893470
81768923915
-84640973094
22057565773
-13487799067
283739253251
-24770467337
81351032330
47073292017
321947903990
11072457307
349907627330
431817419235
66823345046
-35915338873
69720393489
317728932144
147223144736
14107487359
-11654160934
138456916013
59902741864
148257502797
373596283993
58011130576
-37464744924
71387951235
414257767295
137149492269
363551911627
164427387741
171665126120
79306575316
-134368829651
-55865268882
69987247068
-9790989819
74638400538
-54837244945
161489175801
-115609831837
-50240817704
-70227283923
291615513769
-57688348400
-21960318341
9831620419
-1760420349
365308966064
48809790817
305170086415
375857831591
275354490372
-124717963145
221137068790
957422025
72438848493
243192242492
-3221148326
327206390582
-110368037922
-37575517472
-46381805635
41720224779
408472617805
42820623625
287375250561
158590180884
376561297037
155632522509
333931360721
331005820684
4727381015
243155293748
-13266803085
311269994056
29177798118
269152960723
154908870844
-115024648813
-42904479346
6274060837
2819132277
329410047391
-9803198338
-120004308184
-75688631734
-48660959246
39912003159
-138051309765
4307618692
6366028254
433606390149
153130123664
56572976826
355405846731
351994707570
362363349805
-31814271286
328637590441
108308737406
-168459353757
-56882558327
448973456067
-143447971930
-131562789751
250718112992
403886844074
301427168910
34325238747
305000753899
286590113183
289240272046
304278493546
376249647194
352902665349
-1094719252
12417541461
-127003468266
436291313184
358941185494
-104179983399
-120072332145
78452645436
348667055854
279424778893
225318376974
-125759154880
316227430721
-129133576145
-113440209365
47882743355
307772150831
18379819169
4753002449
169686352808
-77310775355
297984137855
45879208239
-149923362105
8790709776
232127839000
275086393662
-144113513970
400363533485
303541949400
366220202052
250965492181
-76200465302
83672328616
333363362918
311341790431
140190445656
80494841715
45599464992
344740514905
418429154161
169566786948
-42424952890
-21131472270
11079304717
23600018131
183084511760
22727074151
435492565308
130811354912
-7699657442
-143010833161
115334691868
-8007000294
124207679628
-160542588424
311331619978
-1368589189
59777287666
164680411592
380942872254
26566503714
-1359015278
249232272636
167419418205
-6468627414
289935328162
330579076938
79723382673
-28077192647
-33980227694
274571090390
293042630574
-1923403672
-111856783365
326971922367
354378482004
109594325368
-124857139837
9971597430
283263254462
-108708745767
76432444901
-69353202032
23374381857
169472939282
-21094515253
311412006733
150059374070
258283441622
132491288028
-66784178875
15148450859
-7183575276
310240699115
-14459817928
274456432271
-61168608520
38682773632
339172717082
248358342140
288168812539
171586649861
401587217836
46116319536
55002412407
-157325099146
183420048725
-13987859145
417363797084
244129978503
-120050033077
-9560387130
67123676840
150073209145
45063384114
399290790416
411748814780
89848723084
8772326166
159397918902
462610545098
413395176869
-54166068894
-864598975
329878834938
360238900314
403480054638
-94204247238
-132585001847
-113268857495
-14606995958
-19409305902
435271196939
-27972177028
341671972266
307599492474
-127981695694
-33455185256
332845572406
449922188933
-122250058011
8519968075
-168366558417
120916565104
174776880438
66689840374
385807184596
-134046435309
292832210050
-152478735530
318198314803
37699810351
305062924047
-116562767107
-94179753661
66596326228
10749385528
314227110084
375084742817
-61378997458
73054535763
-55335474608
306344563836
288292055921
315502108265
-80569388636
-11859693536
191867248975
36614123188
395669455352
5930935521
29754160990
50040626630
-70483981774
6415341008
49393191785
56704933442
-7220994852
362929229649
36737863992
349843609818
421794815587
282017757007
-2348572074
-69054563831
-46328486036
-57283108890
117037333086
-15537975872
15713209582
98445182512
148439241082
-36690309261
-182882111620
332702406971
271640226038
-153743888740
50026884017
-107650845678
52327879040
419293290841
-180893168807
171000092211
272632945416
-93466519601
82755478788
55713173457
-110273844140
234016986236
55298573489
154673752645
407282729302
-60310773056
269281920469
348423243896
327844120802
131090432961
114053669815
420987772655
97374659896
-185640778464
-38688012784
358596420336
59377757772
-53890157282
44836446587
413807199548
60105318388
5117409198
-77400035455
37259587377
52855575026
327127132626
403450899173
243585310707
34275797374
267244691131
32005267064
75763467229
-51844403315
445790260547
390710302700
63431656521
238625650547
237284309950
425558850417
275891599080
337038741681
-11433161703
164882158442
-23769478621
455664193159
322851179738
46707642579
-157350026666
66124020249
286973958527
347035917560
-97559904746
279900319289
-23806074330
-121673520120
137312636393
-51917328718
404195655523
413745354023
351691564418
-2712360632
-78749325728
102097488145
132134562621
350775374204
470509434064
143360873586
29319782495
125228153051
339632510038
330835641850
76869266301
106039382372
-16716642701
-77891329867
-43460160102
433111498747
12758390413
272183984853
320667551876
-64260235244
-133321816937
-36071866253
287017141503
144976924207
460691078030
50875349008
-48521020851
402131285783
288234273224
-119372387824
18835416030
-19479965296
-79767354385
21323234703
296427138737
285986632523
318479447658
18112555894
107084738843
-36604493857
333732764635
-104843130219
126378312443
117093007075
14756386578
57365867194
270963333221
118769762289
126263210297
299894857925
462974517593
52995360163
324400393589
-44288244679
-100021747823
303546419944
398136930399
13221655285
76040520539
-61024720304
-58640393471
10235289917
280195544765
179193164047
170946238234
10596017785
228418718230
-6730612548
309529218370
-5215005330
-62367852689
-24256237053
-37024560079
305624836203
387845735035
-83822234780
-83945145876
-42915717101
172566897615
5760865129
331212782384
316834631740
413934502301
434716165768
435304258262
383212477460
-65281513667
-51230349879
307374861473
-125846382610
160607457960
-161060924062
327667146206
-32122661834
-23852171789
-100540208420
3209759891
326796730943
-68429611302
52939026954
334439369566
179600905182
-9421750748
452618070716
11219476699
-1102086379
231919390799
-50925055078
375055400274
