228276718734
-199715518221
161810502951
-71838281283
-32002299224
-63963906749
-44601404834
-154067500847
-97624835202
19076581124
-78295348070
23875397712
69392684608
-100640008020
37821489994
9367604822
-208771014560
-61001097425
75236717577
-44259505356
-96191952807
-22921840182
-69967143370
170161409905
-75547784343
93691722490
149505304650
73786143671
-140789396977
94447280415
111054401040
59250419357
-194731949246
81097867129
-91826890581
-103994469671
-20139256850
-143933010118
76135333453
145872379957
10537317877
14633523758
50128772047
135330105307
-207375653275
154110842358
70609074709
100370693884
-140591922306
69482164332
76960655363
-91334708783
-160805705391
66599323886
55683554768
-161233878722
-176338834911
-91623183354
68404591218
-176769749060
-64132224063
-92674831029
-150460066736
98246651016
19667788685
-61344454712
-18778139832
79851780599
-81160922530
-219883701105
-144055245997
91691257405
-124377559849
15021326801
11812903642
-183561389769
174204845905
19107694492
184661500753
32486038637
49281586625
-83689044698
-18566191883
-74397146164
-105431907821
-22998039288
27533482705
-129927715174
-80050264233
39944068275
109118796555
-76003063098
-5988709552
-12062186541
179908590341
-625403141
-13384542451
-17695673040
108928284120
9658548963
-51906740962
-66274355351
43229904052
-70804957862
156154233964
103058491888
55955200014
-72836753247
59543872562
-27424388842
72157966663
-56331643621
-140930535787
-82788176177
-13246647911
21182416206
-208845080036
-185234040620
7966728909
118544085299
25535660739
-50120808600
-141443369918
-96825211277
167992442744
-191495379247
-8360169788
16943970041
-131526483215
71151222565
16767870160
58105213479
-10451489724
-248858637783
65579677036
105773072958
-15343733044
28988023207
-55831527637
25353656730
-69186632732
87335923943
-206780389050
-68296810072
-142361656235
-67964633399
76493576257
-167125544510
-19629313943
-144483509328
13294621769
-131382867973
169670232197
-170922761003
-45111948506
-120222574429
30442483461
75865638735
-208728327668
-37211112082
-54411565962
-174985632403
-112538991450
-15539477618
-108550198652
-186056038938
-171517506549
-208341057011
70689790544
-132102767610
41792195910
-175173547989
-51774390969
-192166323074
87013460952
45510878226
26222658540
-55596056028
46227106438
-26958298602
154609653034
54777677323
71195863980
-167416447878
77694330596
42820301575
-47468012528
22482018906
23688993901
-54033874994
-48674673401
-109543127033
-214447941935
122685810490
-77301001007
21937559758
-129072366381
-73812724015
46729083986
54428247437
45370886063
58151357671
-87353122760
-26625551689
145375704445
19305492097
75982288359
-22355874258
-120477011336
-60573447433
202550108806
19250590364
10396781316
-102353756100
-181035989250
-18388416121
115522969523
-141333844150
-181363443408
-7406884307
39744953978
64596253804
-102336548170
-76097692492
-151511192374
76559557410
-121095860300
-201064413821
-159007946460
-163145091714
32906877609
-39597359517
-198284563014
65437646207
34348982363
16791375377
54274022107
56692560141
-4905341121
-86282526371
-92966753661
96936750786
-124063600604
88926571940
-187549580514
62499366218
80460445951
6824230743
23852760342
-3791500388
37155088347
-201799936898
-31915126251
-194238331387
218924658587
-15658625324
158302895162
44454702915
-81881829797
121295209729
-175498468443
41765432129
-64098166991
-81325150052
-182081111706
122489010135
-116404174502
-163273859704
94555606814
-187069213461
-121144020872
-4634558831
-49416818960
-38817155822
75511526143
41788061388
129205389488
-12137226718
-158867002756
36177275864
169642846751
75083628513
-29569792025
-196111823164
6253010304
-147310463086
72384848388
56753456838
215554831832
50301852134
97005854498
127990541044
17862332437
49402479059
-45761887358
188314808402
129691512702
-91020013790
22736149011
4597288876
44536518154
-37891291200
147247559595
-171175192258
60769303509
76638399193
51438130208
-113160864837
157533552523
87401467044
-117323442583
-51634617938
41460275805
-79641210675
158597686784
124318050287
80170658316
20364807334
52620982953
-5184326185
-68645636562
-147142019421
40952670307
-157840203588
-152333920239
81350346671
151973416357
57901402155
86221840148
-107647455794
-136969908644
72339307626
134517167
44341350686
3029975020
93098975289
-51532288780
-93122628144
-171730847893
-100632541638
80667872242
42819552395
-23781295953
113403980608
-50251531475
-79142899256
73309795414
51350668639
-44483414556
-171064661756
34611004918
111054949928
-191603037892
-74810688866
78949793375
-102659258678
-41750806695
92212250725
-162242380536
25357656531
-16085201227
3299683320
-105073269835
-64706730582
-11571485893
131121191745
75616242476
89505949151
-179231649620
-160233684029
-14300078046
133587449877
74679709664
-85737762831
26987358635
51321214099
-63477225877
99797603083
56806062024
35146030919
94346795235
-78890480996
20855545235
103490545169
-88695196361
-14515441965
166797318259
2407285287
-169928273145
71023561105
4589902923
-81395827497
-132917891318
174970892984
17632203892
13528287773
-51018461027
189035140305
102309031630
125804216239
187993485699
-134012335641
55372478056
71509074621
22925653368
24349955078
-161886514780
-71302859985
-108844569931
-59548046488
84114238880
-15752676044
51544533598
158040171994
-152937656846
-133964075666
-75339615481
-80354225348
-30978974808
48934312360
-60251710853
88049891330
8096735908
-87807251663
166477445202
41155329313
206496903095
-224188484754
-34100250468
-157814420771
61282257251
-178649395252
152090279309
-179939561401
-62578451642
62149420226
92442478056
130027552596
-57660070969
40868285962
-32875492274
152257901531
-60676380073
5240492001
-58677471459
3297201603
-197646764296
-139386164863
-165487874968
83898874142
62813111092
-39791238932
-156545865190
64651834768
-6341124716
-77239952704
26882284807
36503717149
183809970723
-175920278144
147651035601
91659425082
6468677539
44255286778
-74239174645
24784213733
22507963972
-155989164868
-169684596088
-58273702715
61387699735
-55431155748
-212992506489
3991210946
-9029596992
46780175986
-16691444373
-15402085038
-194595354084
-74865214009
-55188495127
75583878330
47374834332
26826873305
-41518838965
17878707109
-157023482040
-8381859876
-61275156350
91313805426
117310644690
33534614428
50910795761
-96973734082
34711433393
-176406387333
-131298951414
30710102022
19518308320
69460114364
51948714647
-63528464800
-180884920970
-184076977322
178831529479
-44519745742
25349325800
-135767480676
194980963883
183052086035
67037360341
4497425833
22251899535
-169058772362
45650647700
62055157404
-94053046866
35652517898
72465925903
119066537033
-134488509542
-165537598591
45827846994
-18054354646
-172691635244
-239438462189
34043021091
-54883135072
-122808319938
-119750541160
-16733331250
-57699109303
-75459880609
8894508141
45864917459
20648037667
-177008342130
5254002422
-164968658894
-5415379295
-20218244387
-161905292574
109939715036
82076525464
23769843612
-36840341559
-22845514298
43695403752
-158589266033
-19562589957
3509201298
48652936225
77113837582
-14089415463
76134600369
44343740397
141056055929
-35891655573
21883585636
-42982334829
-213837911808
8869381731
110108670098
-232843528735
54817273032
-19719230929
-53569792846
-76420350609
-76779073332
-14747874792
-36677229294
26059595883
54037707021
103027572341
43534303368
49971664192
21071960926
45223368117
146558528820
-152726424743
190498687298
81419422653
2168902685
114462352688
-52294746436
66656236983
34306450475
35321375723
139956964486
-66074135949
-11926823739
116313497102
91915174694
49514329171
-176109307407
-6990791656
109507106248
96331040480
145081537915
30707012310
122986262343
-96561370238
-148360425250
102046178287
31356334869
-98308528530
-104018910992
-54712535682
93612551695
-64062557246
-170600177401
-118920880444
-86962773284
96391819342
51160067154
149108635670
-98066051004
-205441484709
-55142599561
-175057445754
83073912166
135841317666
-17717320801
-151086646707
124711508550
-26156522485
-75253519912
26683672283
44809595854
-119591189695
-7165475706
47954006273
-40017713111
-60848637678
-77688184453
-100949891636
85786454873
-88851365604
-242575186783
69802856122
17478243447
101853878079
-188591442561
88239135146
-178884082356
-147967730054
89132822917
-49919184231
39364940387
-163826138490
-62572708668
41577302592
-186112064530
-61540173955
-161671000519
83383916409
147077147130
-40437735767
-63343424551
72652246232
90146498326
7604491973
18028967311
-169294745262
-149645249674
-159017591315
30140497013
-47131873340
95768568321
17492705708
72787078051
34436736264
-59447910565
-101330261804
65928986283
27860252630
143715872506
173977532045
-85081483546
34442635802
-163742924658
163677513501
203663463639
101531398271
-71043240772
-170222608348
42858202348
-106452628747
-82896740711
82255690700
-80739662559
-47403207038
-68852461754
195633996520
35589201256
141810367627
45181775772
-48191111385
29643256858
-171584968969
-32405733415
186700952080
-73216123416
-100094490879
-32308700466
-56337084002
17155726819
86397955677
13471588777
-142379624893
-141603264900
86792746907
73186915636
-73488837627
175354286908
87367939497
-197111129578
-235777523046
-18993417950
48071861448
-156060278874
50289239882
-76302629177
-23105636232
23746136021
79979720261
51053509475
-80635889547
74429681344
105476577386
-157193279026
11088680272
-88474996621
42654454886
-81711210748
-46311506227
-246537258138
-142753601091
-141395797490
-175340431860
-58583379239
76312552839
51141782972
31225002624
-194926459371
-77045125583
48097658182
49276203076
17937219493
72904075766
45497773450
-41158139605
126055516260
-11363375954
16952586947
93052810648
72048315954
-128061066550
53406850238
-172636074764
-176254466821
-144054530267
53684727375
-88145810982
101915793121
111818725977
-167987699626
-197307916290
-107390999552
49989581358
-46383598332
39889385416
-42060374333
-157218735903
-55661588064
-7694371964
54715296788
74842938814
182388725705
-61210377728
158467880811
51670481513
14861921167
39368643571
16377486465
-76388281810
25348328116
216754998826
-184836258524
31413636132
-141653929437
-142596282320
-9928591399
30563822098
-60080185718
-76982506695
13594509452
-19018112401
-83020894344
-60688992096
-211146368006
-16484074694
-18145888233
-102694801896
70870255440
48559196663
75878418642
-127040954115
-28143023646
92066854653
48262649419
80535933730
-19708456384
-75399379700
89476866164
-163982036348
-8054921265
77188751280
35725261414
66790848264
-77729717487
49399547033
-7600533565
-164137749366
46545341291
45228621418
64726359057
72822213288
23963948587
-63217626777
39204434518
133948845990
95447787442
47959300831
-91627275485
22618130943
-644581422
-111990205189
-151899665551
-2210463214
208406678798
-155788996048
-64486382258
40506299311
-191967733959
-67644808553
-40607156651
-9140642264
-67134686685
1817722746
-158012185296
-80672716417
-8372238181
65186897134
185401864233
111779174891
127818280657
-90087409148
-150924932783
-51641213795
-62730833108
51170673402
-95342121841
5928135019
31434321551
-144265812986
-72850657769
96522672329
70353493757
68988471244
30271581154
-285453372333
-81035144979
87895963748
-162532609152
28720496960
85304200486
85655883339
9871710056
-109687466359
-58025265365
-174491799135
99590219875
-11882581481
20710607433
27279534606
133056449879
-16576279136
163563622925
-13595116807
-174597788392
89255278963
-65249067941
45026784842
109438426467
-5101252455
-90518888581
-25696562101
-66653411762
-52972692104
87936442436
6651123731
-107199848072
13045499634
-115140292484
199075392018
-9401125995
-75837128626
-79505919005
96229574885
-58487232513
91891257035
100378218821
73197334211
-26040636358
49051557391
-68897993475
-7648220071
-62058540507
-197202338730
33668459843
148001642804
-47785828552
-86898312177
-49523218911
-133564368297
-176125709701
4123495873
8565267702
127761287463
-184045014693
85550851071
-13206161530
-87527818021
129641032918
-70415629183
-25178262146
10014258152
15166454692
-163469691476
188870195765
11549655261
-134727947361
-154046568903
-173063095503
-154091011518
75966155193
41329147332
-40419591377
119003171771
21109460183
-85615085925
42592972941
-151495234861
-110463437837
33416956131
89008982953
68730179310
-167637473892
-50896000766
12960998523
86057724825
-139826606831
-79482646574
7386455709
185818336186
-140167580289
28946272893
-87083879691
115257575930
34862892873
33883236189
-69512317151
-173690030858
47671636404
29503550640
60116970925
-34250300974
-87257328310
3034303426
-79825913162
37505967507
-154963411516
-211998918788
-57050048397
-33662133076
44374931683
2543942261
-149659637829
-21498905547
84739495575
-170597511212
-61625231581
-155624716431
122276682574
71012734251
3790507673
10154408395
71216418852
-26379262095
-89078735388
49231514242
49951228673
-131718807132
102726932035
-116356472989
154784333020
-82374085314
-200353524726
-8713160891
-27165201635
12004719033
38332874354
-2885483094
4528434861
-191498552976
47445935321
-176828230086
179262365702
-148478643552
-106729622797
74722602041
141424691729
-50616534859
-70351437014
63746928467
-44441110999
-191812142917
77664102881
-87413487023
-110246716334
43721905875
-55318559905
99829187335
-93635084038
-38418672193
122126258344
65950708452
-46030382196
17668625186
-75469704021
6283140634
68570418366
-35650191938
-26589258593
-44542753043
-5559544254
-118137152249
-85365297633
-61300897434
4798415337
124822958069
-48050238409
-225328453170
203661766975
-48810567589
-23743341593
-80937978036
-107266809113
-61931077037
44234196744
-3324134624
-125964190970
6391552799
-81291014883
-88868714596
20471642145
-193176297729
90904067014
151437170709
-32963729025
-120994380566
139989115026
24321487013
-35349922102
-5467200216
-212755999490
17310410130
-4708325386
75829934263
4163790240
-126349409803
-183684379868
-216505897901
-55977276075
112883374434
-127031466642
124119497412
-144939584962
-72638684988
-155901955033
-110308892595
42116090097
167840338976
28497305130
-54874818502
-160327743556
5766195297
54346213457
57068551506
7161268545
50185699372
23212167180
124807663988
60741423281
32155423670
25182202628
31827088354
69898196427
86491825865
45888103174
-172193236310
-72587093757
121009103585
-54137079801
-153403698988
118011139292
203622938743
-48604658611
51677403293
-71069590106
115205372434
117598966069
-44758834287
91145989954
8177916582
19179968697
-166685871140
198649863882
-98877795763
-164524467355
-220474191161
1642406668
38904497781
43725912965
-11112595898
-59719631414
-32122520217
23637970659
19783061530
20183188460
16707997296
63270000109
34148757067
92925582186
60890728643
-131130279520
204037931096
19149743418
-186160788387
120397774584
56249594594
182897646211
-180619450125
-88122121794
112167052133
-137558999204
-69503798900
-37033848473
84930392405
-159991794513
-52193028888
49835282877
99860602774
-21568343843
41945844863
34117882597
-63723337561
-76166586667
-132227699895
82360768493
61534950449
67934737726
-164720513075
-73611828920
17275726863
-39711751515
191713878560
-172990393819
-73480751195
-137830704849
-178758092486
50107011733
117787839897
17740998340
-108684993331
-80951642050
85164320305
175495108368
119881448168
118841421421
-158531891489
-107267554605
-66359638452
84774238430
17822025594
-48711143615
-12896294640
20732728659
-75172948035
49193009498
99200651331
3164608769
164600028046
53496309703
10254135614
142183818201
-19242862947
-92495083427
-173341657097
53980966743
129433093294
-139139465299
4736523273
-23804423359
95482172839
88753431416
210388054228
16373313911
-48996970472
35189478982
91458530018
32519047929
110737721876
49869701165
103030641082
-39598315932
-45291199249
23980014135
77109379779
2027839333
-155683692485
12895883453
75779631459
80931857777
-310441378849
-91232110151
72851066010
-21823786992
198812366476
-152761541707
-21294516814
146964231294
-107759270344
-3999675500
37444083460
-97723307853
128387706262
-85159608538
-48099174066
198318406551
98661931655
-38344031250
-179139047792
-132980367998
-20207868801
189897937580
63980056594
71369563053
-66475832822
-145135865278
-158913355510
31425198000
-32944410508
-46357005707
208343554157
-69899810201
-55613673417
115741009152
-29450574896
-40137600592
37774725798
24282154477
82152741825
134934064162
-54886801662
67934737726
73124774271
-61844743867
203265460537
-164292859213
32710726917
-58144027045
11596876737
29057867179
-225296512410
142347610834
-77413374731
38296111399
-20239577465
-64677942710
-196250505014
-45568795985
-98423972287
75958909596
-114633223038
-92193476641
-32471931201
28883180593
4607788570
144609317694
-69186044059
-46593536371
-92448874984
46319087800
-36420695605
134189309099
54631056546
72546678325
-23459747589
81533657984
44676324090
-61125468368
25420599403
-138827482638
24533640464
68357577901
-18749050505
-33848284733
129231415502
57968325182
64069025523
118944556785
-120220788788
-36465769630
-23909903740
-16136933879
48659611399
-112019405977
52302497599
-76393502635
133825197042
-96003391570
-191038805102
1177906811
64748443671
-194797275974
-7602316632
210803679309
-174693969173
-159711408395
66694803616
-63294254389
-4256064328
-68868388125
43644168957
-94321115269
118618998190
-20679843792
-63024422488
37602685691
166810019052
24837537398
4721463759
123803182629
70096467884
-22817734866
97927489867
47737737189
124988897660
97533396676
8118190960
-32324124849
-128111039337
-131232106642
106537483456
120461400755
-60570663347
-161925402271
-56521030107
116953583426
-70289549330
7890134093
-27695417291
146753900271
-165188992168
49749693880
45776868340
91954429252
-49768791669
35283522494
81847289096
-67812414213
18085185916
-82695101013
72963542058
-52271664677
69107190305
22382584557
164529367670
5571466329
24435375207
126672765818
136400374591
89654411082
-43233584971
35095265429
-34720755536
-142648694044
178413258181
185602586230
-97339553239
-110199610814
-176902927436
-74894425048
132430762864
-45766707598
-10196260132
15365183796
209157140418
34793859656
-65588748469
183179966464
-139449104259
-9500622354
41595322854
63552540950
163079934211
89437087845
-52791469445
-81230432029
27401177807
47146647256
-42741006265
33709338012
-827727064
183395663584
-88831245313
-40804536005
34383755301
-22889345488
-9780910826
94029449236
41165293096
-51284829690
123038159727
-141627415239
-237268522598
90518402307
62180796921
59567488589
52207081738
35691004888
78454128354
55430882054
-183298966848
1103224733
-176971243660
201829553751
-23399049450
-125531950736
-55944106220
90074714680
87985626637
-9675806545
-74103296522
-31805117239
143292532256
-110673238193
-172223195790
-77962332950
-173061643355
30166914217
-167406567733
-54087494296
-120834371057
-227610830766
-178326944205
-141577275499
-67462569625
57332834240
-182762701620
-2953173870
79731988423
17261173263
87590385741
-20087000223
53809524424
18939621700
130484292867
158542949786
-86194501688
101668772353
133356646222
69589113175
94455249763
179819983779
-26180507646
77230426471
73710119439
69730081208
-53650286137
-106001406223
108081590108
-111524042523
14705678953
180835211249
-48969985712
-175661617970
-88538020312
-56194309628
17080698979
-8191811181
7017938394
223371949616
135713003322
215519556834
-3657712340
-75690682079
-63690503480
49775700378
214670540723
190097660106
-67246348228
24593000910
68639515212
80601396706
127485995382
-97410112218
206702351311
222103099702
20577987378
-49468063570
-87307062360
92559729572
70590544600
-119619200296
-121747792924
-92487537838
-108469612585
-250891825868
-145520698509
-160146059433
85491638316
-8966168823
-216327411054
-101656328794
-151311556889
7008901851
73495007606
-142394818875
44151733485
-112531459517
25016356206
67901381196
-181019040868
-152391546391
162543725484
-62116509752
67208865781
-167995946692
-46902468590
93852933530
-19128597788
87049736877
106573647514
72858268585
-64842239183
-128851856337
23418020780
88227532923
-176146323052
-29277166257
-167735028343
-43108639853
-18171454701
-224906388677
36623605967
1418518249
-21998976593
-86354206386
-233708359462
-81695924455
-170118624025
-213800658144
28659360319
76461825100
-86179776671
27772783533
154941268132
159350052528
47731441560
15070330427
-123493362274
-54116832115
5198487909
68389277171
-59816954110
180586408
39443027264
-54530020492
-138532102811
115549806695
38860064069
51674060390
195854537774
-9547788165
74251133732
-71442061654
-22757520328
201386022504
102504137067
63656038007
4489213145
-271076402548
-99264911732
42181766054
-13444273245
40311529830
55721662602
-185870522605
106887454551
150889121553
34001857473
-34568650976
-221661001027
150437797064
-57144247676
7095638955
93207086217
-151236621690
-7821958813
217603085411
45340730514
-152862158064
79763047286
-147378960342
65819062545
-79515359510
13463622338
-88201919245
72737681728
-73329351295
-69234469648
67948406169
-124489923311
-57624563
79536263733
-777506296
-196592999844
38226480147
-136755883395
140605498047
-69541771740
49285867737
-90119497681
-158349395476
-40759402651
-133244611828
72987274528
183805221712
99317866050
49036404375
13961529141
74489862546
-7452826817
200919247459
-146232925651
149476951338
-82966834170
45559623365
-12984391038
16025663119
-158221128730
-125503247908
-80133039307
87732649366
-99221907349
-119033402458
84928904848
-61941093183
14501694654
19432715123
-103794719495
50908377053
51046512522
84103993650
22357225491
-56347562806
-28918251310
-34298611306
-114743135005
27084419197
-2687198059
-204664372409
46272062254
85962451207
-24193026760
-18273996433
105710375334
35405583497
-123136456983
28049219638
88628407995
52058391300
7256505495
-182410892172
94940247033
28855852556
-162244916893
19533932080
154356738304
181878949504
-50619621244
-178959135034
-11527097443
187876321053
44655673868
-19782668119
91135519025
83211743183
-81552122826
-174509186138
-95997847470
189388979596
9115247139
-120114379149
-176766496955
-52586196603
25941642390
46578909362
32804645955
124325261335
-48368427012
-49366503409
-16374144246
71949091018
-1441616812
102464784513
25283295912
-59962142991
89428301262
-174273684084
23990051516
-35127876786
-14445423722
35075233340
19656330020
84876002919
30766301839
-80715744497
-178308453519
-68412761354
24639322133
-29625475964
-183217510756
-44300266407
49253504966
69769696236
117487862499
-77374288067
22722079236
82380584552
76204138128
-127329972668
-88842086590
118213653480
90401512911
-16452662536
125907525983
-33368658186
16002816026
-71249386544
-7219207157
41151098162
140118577642
265941722
-77268793262
94861612782
105094131283
-152702326069
-2321567873
39189131041
6561078114
-85290306144
-92900061998
-219586376054
77218726552
133803055847
83813954076
-159999455280
-198849144171
-93164799474
102401140833
30277096117
40120724445
77210128045
84325238388
-194305384901
33584829630
57199411760
-88233454058
25622898763
116341230337
-88735816691
22971201455
36892857120
-31383442930
-52588068578
65400358852
144426996491
6024917933
108952764980
-151578639433
50435824042
36130302675
32551289480
64359178871
-232523165094
-170347525553
-43750902441
-115917029678
-51892844804
-131479192485
-83616091545
23769155137
-34450404447
10424032568
-39813656439
126763969781
33514724710
9168528005
121414972659
-220511945441
-7207094846
-15063571258
104023474017
42805875377
-12484829852
-185178848019
203353477786
12131660398
-28111915305
-161379913591
71633375582
-36789778164
79357265434
145687012827
122243675559
124573081564
81502245412
103391679560
-127505685284
-47965434513
-68148154376
-80785677803
6838697227
-9225828805
77458916290
-45040499059
30126176914
160486504796
3062891821
33101067374
13193311310
-84934335312
87121834204
-11035901561
-90735155149
-75329186549
120639344356
-134820718203
-158580662641
119482326813
-129498489900
-162593563279
166850430203
-141021165303
-22543316254
70641529336
-160655636428
-15704574129
32732992488
-47625728737
106168027292
50416086857
-173387888143
-87660581339
129334700527
89203420381
-47619253962
6113777534
-63598057708
18572296254
-178924513725
-16890828966
198885181158
-187444811936
43273740748
-78690517900
-146599959604
-64594122065
35433530023
-161656272032
76312265985
46811255249
-6181026466
-146454618640
-158485805050
-193893693572
24344429948
23259919802
-61669246929
-74588052334
-38072730413
171552792110
-4357058576
182623249725
-29000419786
-51263977702
-64330377395
44596692496
-42063723210
74622631765
25309939063
-13337769906
-133955978508
-81130108865
-57959278475
-11097680667
-101040297412
-77698700176
31821013371
-120242554066
28446283734
53436862130
-141264964802
33523115933
27880670078
102894875172
-91053860194
-92816422636
87487852292
70982756974
-49886095000
29374122623
73713979775
-169057014446
192661610780
-93464099928
38857934491
70813159100
73254761159
-184886220105
-88572071730
-50887969474
-92529675678
-73344460600
-62292047408
79908046388
-158302887450
55218312011
35863510904
75726085564
-80464400371
59787924301
3924079589
-143846065041
24208804533
143230971305
148519057377
-119802174297
-155348215975
127670602697
-54872713709
49485866132
-175831576023
68418115490
28025251494
-169995540258
-8894491907
27782802672
20513979003
-71112236296
23395175260
-2193681847
-181088646343
-70294948747
44875618962
-105808011235
-179883240917
-91841541169
66929673176
-129148598214
64432648537
-123932557417
-174885797226
-97026122832
-93887989056
22511139408
-188211494079
-150290382186
-87913013869
-181475690425
83746235038
-99908177388
127847440278
170012094607
-60498206144
90896733325
-13174709097
-82410687069
-34043221933
-152855288286
-3027898265
-57915850429
-170971855562
-50527186359
71717214293
-2963050207
22171627315
-56333226172
-120565050120
17349720358
-176312909599
81751959505
-172293320880
-58752306559
-153529422712
97652578766
15210127504
-245171872206
155819041707
-64331760729
23602852018
-135362210886
86411307847
-84398620173
-35768271996
-1038343627
5575526437
21921676407
-8201011125
103191901370
8362419350
176552984041
56290748931
-23363147326
63436721778
13840455872
181915581283
-157100789756
84406423001
4286635019
-58013310041
197376483938
88087995167
44631949647
184355351760
27126159260
-148281033421
-62803890294
47608003597
32288095141
-38964336566
-95855941394
133047344778
-17076954750
45859213424
-40342466425
81068087064
-193319964921
67763333634
49417215386
191841730571
-143464313398
39899577685
33189662733
9423618778
-65174537594
185258603623
21875073404
20047656054
-14849584815
-176797878239
-23043121839
23661279825
-138392576293
-101670865015
124504172169
-159487127354
-71956370865
23522333628
-184881188926
-47187647365
56796258768
119382469204
-183874270661
-77891291096
1657300872
-124915405069
-47524262585
210741430520
56627698423
-40838788249
-86704969747
29196441418
-66101202015
57121191376
-29571184851
192906635424
28590195079
-168175576458
69544454207
107859602945
101055804173
214229859950
127398070506
-149445488594
31752947677
35378410756
-111017916183
145773227832
111054190871
-192554405273
79515905213
-184047375421
-176250043467
-95738846852
78258709356
-57504368081
94726910968
-153082221242
-165656539063
-170141098110
-175798964130
-77515568050
129632976062
-131987448568
16373761472
80259589871
-67197297038
47824411205
107236131806
168972353020
48991276816
183288522461
-163761035539
-162740423090
35341980944
-124853483852
-19930887199
-47409172259
136307065576
30759474017
30808273154
1811546074
-47167744453
97429742904
-104849486672
-48653731545
89305632480
-156753891469
-126972553460
-31744139083
72387956286
98531063403
6407260593
-68765581224
-26370970518
25101740723
136668929412
-263739556530
42523171256
-164380040137
99408500979
24878793863
-96007226088
173341321426
510777043
-78774322533
167485352530
220781049502
-71572715982
-115602722922
-239999841302
-70432934218
-82192071036
-28825776203
-272113537116
38346743068
87341881870
-111209785287
91069989477
60812140807
4688760908
-146437180172
-53166578643
49716899847
58101515808
-177992010701
70792301400
49487688706
-103853825436
53038030656
-9175351701
-23905247359
116610927257
17212972914
-70810427369
-37190994118
-77224834062
11749468460
-26781383968
-213079489134
50887405850
-62721563870
73234609821
-150203410162
-74639650810
-146776317155
-39810020172
42950851132
-182039872726
111305311695
30936105141
77158855017
-83852343983
42623688818
19120110503
-68550806255
166466242972
113455418667
-158952052258
-13797474029
15164111892
41503295611
11565616902
-145801724995
44894229836
71157812370
-147816006060
-159354191724
-39056524020
-117045879828
-113907941614
50200722354
42146283274
10009836809
109532009566
-30732699051
-182595978394
163174167202
-95222554559
-84884440572
-11781959938
65555919518
-86775687830
-81941663724
164792428957
98534648063
115546020213
50079432006
33437484810
-181061160177
6093411752
6331634786
-221991044926
109294502469
-13584210583
-86319162101
45682961797
209542029997
-86567661697
12437242188
-32479413524
48368589357
-83774964182
-53520672355
43450591400
-128293568720
-22095182680
66593949384
91693305365
216618008970
-89661633953
181792783045
60538246110
74088743546
51301988656
-163518560462
29954668218
31337980376
68686278191
47107654236
-52827279138
-151164793072
136165019368
-38031443725
51330376760
78481217559
-172162319231
93165720003
-105467978426
169567961545
12171720602
-60016766133
61549761106
-4531994432
64401032990
-115718326971
47586949984
110560720203
147379701831
-100775759977
-29392359084
133716262901
165780888108
-177523220841
-257018112301
48726062756
-112534369863
-71594645404
117684880981
75176277850
97556757196
-17243641305
139080115342
-145385597794
47729674790
20934200330
18128558739
-185020121756
64860046048
-106421775876
-17905543527
75077597454
-86445465143
-204407363403
-121263059298
51587093073
176199343701
17034094592
-212222792074
141977776381
-86778436465
38581507451
-74090601241
73879247634
18712186748
75897477110
-129274105939
-41209198934
41913336412
-251152572646
39050138420
-140038249148
37611163397
86088894125
-210563326291
168492338391
77115896478
8151580152
50286227588
-18214889080
-157485425562
41580217526
78437434284
-100478571929
223809725307
-82756271869
-73450317585
27331164004
71719221493
-136485921410
26262585019
7398659740
17241583777
32066347073
37385445303
85896225314
49627373623
79665106764
-7953540411
-37139587968
-165956731915
156999393540
68877878253
19643228890
190738242168
99424440327
52621134510
38896648825
23291146872
-140875907718
182175637824
68591340736
-139706723571
42777871034
44222835601
-40305364907
149922011689
152676085983
-227695177101
117229888779
-143775321572
-155068660402
-125449414185
-137034072044
-63113223743
-79677947872
50462269334
86875326462
-108193419862
3348208205
-232922232502
-126552400648
100061759296
-42607034390
-46373433323
-198539877241
48768965010
-43941495137
138736023962
-127836354126
117005487783
-153688143976
71144041417
-37713626256
206870179095
-59674002861
-67987272526
105619181089
210993521622
88233813255
-39678028942
-173289365261
-62897358061
87408134710
-60969329273
89459569569
51264301682
33038914918
51378611287
77309330007
-112144348106
92581782954
94143517330
17665466745
45164024865
-5912599793
-221100071794
-39888795862
-62534112269
58839153065
115138591708
45572154144
96264602150
139693605652
-92320800809
-16685718783
-170761343731
-141175321006
192284237432
14666549528
48313268104
-23963186358
136567360014
25212519280
-264108944611
-162099638737
-176013030680
-15126786066
33002345768
43949630302
33921256520
9697766066
164626964423
-103242654202
-59678199059
50538742754
93503571203
45199630659
15673453150
-98405691688
19858154557
-80842694741
78793391466
52330157869
-76007533282
66575264808
18616708065
167841862485
-73838354738
-168449318960
38626974831
-88691277273
-85355389529
-16864580292
64641563251
-231427399922
28097951489
95490353877
186722556492
-17009784008
-25513316166
77737208473
-77264174702
-64980810418
62031839495
86443556048
-138144965983
-150907856546
-83750003464
-48504671783
-67986316301
19726944356
-28280520124
-48435841060
-77444300602
94373526794
44999754423
-11400009959
-88976953256
-138089992976
22204948196
-173093789893
53572222989
-111574782735
-63296603209
-26813182027
3102084528
31859640925
20688153476
55392541527
-15664410184
184488095778
-97674176049
-150273908540
10877148412
-154041658539
-8185326999
-79799879780
-30305913061
31140669202
40482460133
-235753448535
-6850130169
81974547693
-132861904314
28258611471
-50191825772
-152189358588
131906308310
-66327115671
61084167546
-87645890375
-131655078534
24168204356
13742079027
-119339272441
-86415084528
-123249103607
64561935082
-172969797753
-14809753656
-79551630841
117273388751
94793078103
41718147248
93708227036
47474157925
46143772184
-9178122738
15492300750
-86846767459
88306122984
123940506921
-91487340151
-103037773362
-188047508757
115848491613
-159087075860
181822422897
96055233290
51878996571
9057526669
-46973474766
92824158120
-183399120906
12375817080
-183659270774
30836597759
30673856024
102758109551
-160786129299
-71528394068
126743459212
36761202270
-182611189785
28472033925
92955061752
89395107554
101753209156
94350152894
146940249226
90823598108
-51983647413
-130555076566
79686238441
-13593129716
24527457617
89912953109
-57838185871
-26005650294
30094219959
-175340409335
85349119294
216282823980
80811634841
-53115601792
-189926854703
135689261467
154892440858
-178162411109
-14933538536
-54651157254
-80178322294
133731943095
96658945315
-67334572371
-19309748743
-83839628621
-72438908743
-111402567
-4740359284
-22492965398
-187407024481
149439071223
93479192537
-71673106510
-52582808385
5197292080
107067651935
157222396251
-46845860329
-189621969589
-93824873839
67799973257
38447555959
-130049775915
59272799054
-184255441704
-11981457774
22228873281
102930947805
25683914015
-50372239528
59514807332
139088759924
-83641662852
117124580961
57640747694
-84701735856
-208257651202
-181714002624
-43141893693
943870684
38487893740
23352930712
137039004260
-60017854748
78062912183
-51616009693
101792323600
93725048495
161056914017
48397972011
-156275371211
-82833553278
58759341827
-36852901372
52253991767
-155925893085
-48828001945
-65959812658
109671934553
49051413083
14264734999
24262182916
-25911211669
-190016215488
-171837060239
7577499423
-66780104791
-66014923503
113160787385
-168162659340
-48262289301
-175796922366
-160897009268
-41666613576
-49743553530
-12147505438
-192580234386
198510009504
4090903579
-45438528405
-182681536386
150384872709
44143450751
-186384216247
111547438588
76511531741
25250844252
10820777952
-153833177925
-113501766078
13716896461
115099851684
60191039733
-51211097230
-244830276369
120965217842
-74952111243
27881624718
-102498048735
64303816876
50325857324
140833178059
28476155321
-74660330891
-169150437948
-12193077823
-110548709435
-102255745951
-11367046046
17527915973
-182374486660
118232365991
-88104379113
90401866976
-108499148537
-160435213024
37332830674
74483692920
79833526345
-85851646880
155104355653
107901507070
50339047807
-47947011630
169613202511
-156897033020
224105617037
-153280546084
-169968552227
23018613012
-51464767387
47100170475
-160575502659
68177817441
5997290126
18831135902
-96063521989
-170369287212
22018867438
149605330027
219420773656
-28567263213
-73606276698
-66697898920
-70310398857
-29897152638
126756905697
56633260704
1143211532
47269296515
171375078597
-140270110841
-64393056487
23880231043
-166276626271
-191254387377
-75871976275
41729604422
-36971691265
186223705246
-173436233180
-1487521892
-121558344180
39293775739
-111593813002
148562783409
-163566066407
-167589450685
-11014394221
66412106202
-70192331338
47647331221
175787845859
-39881464249
89199393003
125114963497
27320761298
137679655039
-62495452960
-56447405170
-212416850542
46756202206
76310651849
-82161900003
72963559430
67823345973
5538037455
54742359185
55593440670
-50381896909
-73854239844
120358110340
36012427475
-148047142576
44954482958
-149420502624
-90507096012
208244827229
-34618389886
-46583257228
112043255054
2399298562
62036343963
35182656777
-94268995422
76831879026
-79800159310
51032629784
-172028686416
-136727451702
-110957151299
61955458575
-101931346154
-176325306697
-38197000520
-55333728841
84269033047
16588331289
-114790814457
-79479162402
14784637719
-161127813108
72167145888
13647867790
-65874599580
-129445351057
117540270265
196430410107
162448971149
-106826188881
144892506202
30279107493
-6375173814
-25599759016
22682396652
69183221306
-202958779735
-51023368175
-55159394689
116953583426
-67123356577
6850602318
-155701539825
24829909504
-37056288825
-193380031325
7331002801
3417393925
207023683460
46887109810
-70407105784
-202710389930
38337773370
175470694636
-208361233289
-46098969490
-159451504335
-4032276439
-89466012506
-26992068210
-43585139394
135434970432
-154849865096
36414538007
-77043521092
-94854117777
128590069268
-59613875978
4024034075
80819867415
-161657784750
-89778711125
-179382582471
103516579266
33004983562
-76050223204
20630968323
70580083068
82903675365
28693916608
61133415976
-146397638954
75866443938
83090778816
107220721337
-25551860149
-159860414172
-235467339587
55042108666
-134391168150
10406739589
-95189720149
-63640825864
-36514550256
115448148999
88914945141
-70176377638
154498322630
91660039392
22597223781
-195133292384
160425642036
95254449849
103836542733
-132909783005
-94366730373
-90116749115
-62694438929
14520427729
75818923671
-24145755497
61450938500
-36075907979
-10219820196
-87470325301
131337621567
-57424255764
-42012311145
47038761450
-87719562152
-51269763936
-59170205012
-1854081536
166034922605
201588734249
3382775098
184962501608
87134598562
-30986178009
71317395506
139609901678
99518402516
-26667846358
44488411968
13442473217
88844846979
37979895576
51876973339
86334041299
99049942674
192647386161
-33477347532
-3129030820
42759547401
-95960799050
-6218373513
53754942040
-164204878792
42821720248
44771099094
-24326848874
118258790282
-177222109722
128601556476
-852452841
-176285274978
-73955385733
106211946752
2241433971
-10488012713
-158285684145
25391247220
27287363295
-24146160732
131567364390
-49317121370
-221847763234
84047317199
-190230516808
11007693661
37882114648
-160475681405
-41237126238
-102391485511
26118511325
34909719415
-90951592304
-17522073079
-139091388916
-139472125876
-14751881990
137851933457
-140599821352
-53859605841
-6802800617
49537149693
-82224022612
-51604579142
-157330041886
-100280582469
62435195734
-15026342570
-155616975675
-38077132043
-71667935507
54509552860
-40055908618
45783376368
2104238786
26696250748
-76008604977
-146635841249
-107405724652
-4619718170
-155321720831
-16973968131
-86752618947
-176359153341
-75492286784
55279759818
158671272607
-72783231319
65611586279
-143370519797
-68142660056
104289878123
11726028398
59248220901
38781938237
-78299499859
-58368373009
-115759466684
87764550443
-9888005655
80034527090
-110926578528
-91403410514
-146428627344
84142609456
50438950808
69612799056
62304138463
69771650927
7282740717
19990530638
65182262153
31598597229
-76927685438
-66623209414
196785657778
79333118853
112859494256
54563354378
-144781654460
-70045739584
89165153292
85694287911
-163498726528
59509600921
-130092552860
23956010969
-87106464111
82285231202
113443331133
-82724802770
138519437702
66698860752
-511686135
133688838329
176297285138
136047384980
103541552011
-163988739597
55692374912
2088023900
192770327014
-69080282303
37677933553
95384855244
-8941582471
135915595452
66218248182
-55216612294
-3449041672
74422363534
-84909466316
216301480588
87708974074
47756024307
-44227838611
-90947628984
-192224525935
-103235568587
2403984962
155767374933
156480178725
63189517308
40542384335
202450003968
-29208479659
-84523710308
-12031550358
173686590403
36391902186
151295395945
86986268059
-36663018079
82509365330
-81101245674
79714702661
180508595183
168813981418
-1246200928
-129337866518
135520478501
69767559167
-175944590244
16821505785
53319353626
45337576093
-44388525368
-152880566670
47622952826
-54801067014
184498437541
144756499135
-81227468298
112787483255
-63893252379
-84725013695
77521874411
-172603126643
-75084185834
-41048280066
39205714178
26452234473
209427133529
61916655131
117409739177
-29252508246
-64480242489
17586654486
-44697542999
-173024194159
-55829267709
67041051651
20899640052
7414746566
-159537453468
6890467094
-175300412038
-215044889928
-45068551619
82707416154
-62038560032
-122154809982
-43325914797
-41296329883
-14994377228
-160356299548
56524704920
152945282528
168581701506
84401488944
-3396973604
61537080516
197920814278
123227639873
-81004178412
-173624566868
-3658069297
114705358148
-73685735605
115575411290
-80160524023
113742786962
-14057848124
-54795957934
19250638466
19702730432
-125749621367
-37970937428
-171589553263
25846008810
-87254931377
47804170902
13809340096
38358912189
191751639077
79512624287
18542939440
38045681242
120505696387
40903730866
-19800396048
20990843336
-225106788424
21630904326
23589795923
-38817202931
18569845519
-53068134607
-90459655057
72712796090
-33200505485
-18843296429
79945990912
-9403396161
26502065584
126419650868
-154578802985
178680087363
127990687895
109758236885
24770800862
-37643707282
163410233470
39185587603
-164638007031
26256686692
16976885932
148881731795
-107416294953
-151349151374
-175906477836
-82641140399
42699851443
-160663436685
-162062720541
-13065082085
142723809634
58139854441
-91462410184
-61155549330
-184184584420
29735257112
32640884497
-4463236650
-860367265
-130504885402
-116407110180
-73464097277
-51724325584
-67345887015
-168902629268
-57305937406
70861073001
20097122311
2731223693
122873377842
70760178312
23495779161
41241709937
43810074074
-52328305992
-70439924746
-51473935737
217341580552
21115891490
25047445038
-128116735507
-94814721523
10734188839
-42753106028
22411118635
-28592026109
-59208722230
-34453066935
-133117607956
40953084808
-81975601147
-125735606450
47129278013
-5430619016
100563321164
-160806212584
-24841388517
74826069977
-32714404847
89666612046
66981066896
161528923783
85108824184
-27561558077
188692314062
-92539881214
4541482262
-9859798176
26716481890
-41546574613
152965727832
-168590004688
54746162784
-58591468505
-246990049300
-174119819192
-40888759218
-203505982250
73342279480
-22650595131
22460890780
-183606110837
92352882200
-30157435813
-62412334590
128236617981
-185449532374
87683028118
-42570276965
8776267686
-72281064189
-95001980576
-12534634957
111562896301
-182306521719
114640909798
-25382585494
-195250282628
-4539046333
-35085313508
-1107369071
-80271597600
-1375615613
145703379006
6041546227
32632057034
54495029409
-148002715095
17511960018
7037542904
-59088740669
125849690461
167690173196
-171641971323
50730010382
17343796754
-144706246027
-143834036600
-78369148268
-40054423466
47721944174
42031363892
97322043460
-134035797545
-10465174203
141597968843
-84529156696
38713912526
-23837500186
-135499983200
-238103821119
71616801546
133362921481
-61301024122
49683066409
-150381700119
-86487822216
-196157918928
-162570260395
65253938172
31096802725
18064459837
-56004100705
28092179044
26167105645
143365294663
-29233467298
-87139075054
-76809786330
106040693310
118824696325
140474019447
85041833922
-17914987
-149564451866
-96984791456
61506295713
-63987111573
-40424545159
-68448593163
92850887748
198576575755
148545649984
-24527407243
95988384008
50556216913
-106047508194
16257791983
-93416361222
11120672237
-103450561153
60485759087
32328442424
-50227644968
-25013193004
-209424364910
-32407151576
31139018805
-109127405904
-115488040238
127492410711
-145558632551
-141012635155
-70216145429
88896965130
-120978577260
186615167781
-123230803680
-2725171019
-74186463402
-186342327390
-169897187069
-63952112560
-53177556308
-101859859079
4916359931
-162244916893
46583857880
51031888810
126708908924
60782830698
20436089041
-49523028691
-121170115123
-171522075336
52344992443
-115475841672
11991775870
-41653344109
-44650564629
32631137779
49178962445
55855879526
83957127863
-71520194532
-196678188991
-67816441039
-185304521265
4289086841
181168362944
45454128979
-161520405112
34299880475
39140971054
-36046817412
-93841121867
-99659903745
186364526584
22721461238
-57630737718
98669972009
-145908011239
75856810888
-110302719795
-30797465290
-168528490893
82746142819
-101585097373
-187405495411
-64432079531
22009539235
-7548170861
60096350034
-93165749224
91543977338
44418481415
-214997056810
174607690266
-53454314805
-131347032246
7675888654
89673894724
-168909360231
-118381306599
-70831797253
-137794318114
-58284812773
115143423271
-77120092017
16615793328
-166608320405
222959232443
-210392271974
78286723015
-111610428664
-71183421118
76147363103
142852489872
162733958711
124807663988
-186421961528
-41504345819
39697831408
-142556393416
107033729364
-39739832077
-45066721977
133138904433
-84919057006
199446365663
-176407780365
110782483239
-102943227033
-43626014517
-63170347953
-133378854355
-138866951929
-193278097323
-9008582514
45949245989
70174916683
-206739723899
-191097697248
18250998493
-12807546539
-22686759626
-177258629963
95266601750
-36549843159
32736685596
185376659732
-6005644265
-145508290479
169880574030
80227026616
209081007801
-143301039296
-186808801548
-53912511390
-39221361701
169360531030
110168710437
3294592941
-15291550916
47082300217
-85612017210
-60421670571
24573402300
-66367077123
-90870383715
-28648724783
37340196317
59693434110
-12707726096
-103703427100
134533921069
82804800726
141085894698
171153333869
27637964879
29924172691
-53641941725
28197764444
29813725796
3552692483
148038919114
-94442775374
-86897247836
56291926529
-149277176598
-24319630681
155055679185
17822319810
-47127482178
146960218077
146731392605
-229220681896
37851544452
-129045938415
-50450219396
72352946118
59392542951
-204602036892
59922122248
-2044876901
-3192832578
-10589511230
-118042758667
52211136446
116779233369
168991443195
-80014724940
21577419080
-144362277606
-173548831896
23809072245
90793565378
-177487416293
39028258603
205737520840
129892729809
-190311299122
95169042199
55303944224
-106666389968
23216677871
8211568618
54858549324
93558241818
74745031080
-122386517943
70062385568
-176123376444
43680497495
112739270600
217525048765
-162358910716
55379187452
220917114329
-85452632639
-20443365335
59247064763
83776147667
188419889338
46914861399
-14567432382
-88751413855
-169473548266
50164221517
-104428831987
216586101173
-157336885134
79909279796
89499152861
-101828957287
23204024331
-13093409981
65057370264
-127544074586
3479094627
-43857601265
35310510914
25478855488
-57476088500
133824450157
-56627149664
-5236740409
-80232930150
65724669789
90737870798
-155375568900
47486771037
-70389188991
39480004496
-12372006383
-91002955323
-35015896085
38989209036
27343081786
18743415774
52461878828
-145190180046
-23611803211
-59713853190
-33732566252
13503916179
39455895397
-107117348529
-71715205603
20247804925
216938258625
-74593030267
34096573776
-12712767190
111078820376
81258986446
893431074
82202187402
-179595358262
6698267867
54852669440
-141646743255
82241458679
159293194552
-1370146912
-60462234971
74087139293
-72257068017
2232606415
-120155344488
43757784708
47409549420
-40367357935
117574770891
-182214617184
67997783660
-152004303583
54558560101
-62849925763
151142174355
163047313981
148127524905
55563378434
-2309071579
58470923548
77002241052
88945291460
146582731967
-146233584808
84328622092
144044203716
79417484780
46913914696
-71358478902
218896540078
-225241302119
-56514797099
217584916855
66463151367
140581477202
-148566032785
-11723873295
-135111511480
-173068550547
41697081376
18846342228
104879222083
129782683759
144057739258
49302038087
158785040318
17971414867
959973101
-6953968482
-125111313263
-84639199490
-134650771507
-218416334440
-70168957979
24860477916
22804230100
-101850284115
-173511263887
58361764379
-199521709972
-749132375
-79357130309
78698508394
-113448074975
-82988100630
-85622556175
-86933702456
80301354534
-51867975723
69803847551
87285558717
73573840857
130244658638
175607612857
37592805216
-26952792586
44642321675
17267066119
-59759200596
-228407370421
50438950808
-116430570031
87409127642
-76272330756
125789705454
103546353840
131235216738
-47282878517
-150231334590
-78926749731
-19699621500
-81904965111
135660926645
61265395835
63990967891
-139596091726
19931186229
-85164573109
78515767084
23816004976
150335604058
-7617557329
-54992072166
81973279250
128544904815
-13986682915
-424760105
38093101504
74041181183
33156896240
-101648033946
-205619885806
-161380062010
-63353977019
108040347319
65684892147
-63194719611
-128797736642
-47573600153
27425626130
80062888841
-86643531727
75008416527
104150871544
-87012729947
-115640425797
-82791860552
93049220867
-67645787050
68546731153
102044094135
77443911381
-15456186998
-19294970984
93240342729
85781630459
21422762734
84948590832
9524468387
-95344174778
146352935820
-169463732618
-189088826947
-134627180005
-115787401944
54624124376
72134660655
101041198147
28147550815
19672281246
-14207067522
-165219506386
99306745411
44615104220
-194459337493
-192481668711
-178677072059
-129513717660
215429765270
37604847323
60895478095
-32467734991
26324496451
-84764464614
153536458119
-70108371307
25976415509
-163458323195
-174776476320
-45511756170
-48225281849
-68327205161
125708622901
-228063871292
-128935011476
-3564979708
-96054516764
-114647931560
193596176471
-36574649396
-158419975346
2241843981
21610611488
-216026499851
-134250012832
99251275149
168486807376
49395301119
-198673559569
-72885578528
-157958967579
23186246449
-36231218675
-34242300857
134312922702
-131049290880
97311706454
-129628812773
-167742160202
40158936898
-140435290219
44451048427
-64551710735
-158855766926
68385175501
23224042876
54804858154
-19434237800
111368614247
-176890736632
197294655559
-22211200290
-158216049579
34157889706
-90613529953
68146379309
-2418698537
-164470901432
-39282978
103086336639
46668198319
-58699244092
-70243669971
-38528897876
-109375814735
-62231228052
37454298926
-154911735784
-131806238951
-119070919543
31874415388
-147068537218
-173172661214
-92262624101
28532961282
87915737300
103919622317
102661922682
34853210097
-88258253675
-68602274923
-73782683629
-45143038616
31025523687
-170874330167
-151428282771
-14996611775
54697669662
-46198850715
85265610433
214369592427
166972727685
78745044411
67976568798
62812210285
83022385216
-108032662337
-160855022878
23252366368
-189689382269
86403330801
-62757964594
139927885028
-69483344515
-167601618998
-47267489823
15137654885
-77157787939
-26097961755
-51703559527
56673784330
131122629987
72022474165
28476958167
-5456988162
-90968750330
153014389784
45275348584
51279771904
-52267035940
206718302850
110936074429
43236612804
-158776720512
-32987234233
-63447054020
50641399621
-34342481639
20513176863
162155332603
-8685354944
-158259492487
196039133049
-81400244529
25800683286
37560163783
36603129419
-226883366154
74953830072
57865648548
21916980338
-191632650806
48818884941
75480005031
-139264043945
-178008605757
41514277463
207968468480
69824079260
149766103321
-106868607607
34564835510
109796568398
71048640683
8608731580
-24630763333
-84938279486
100119486843
25139124524
96056645899
25348588012
109441318416
75594064544
-168327230390
-61683347823
8582610523
-99547184169
-83453458943
-5643337506
-242116339633
-158723296122
-70846106165
84539596665
-126031837170
-51381189572
125651824910
91035409525
11344801940
21225856672
-52322118320
11544528408
72094845470
-51035893201
-22370302329
8836602262
24266956937
-74835168942
57587615493
-19242365499
55700381842
302219813
-29396928752
146261494336
128765696567
-92752775903
-180799112484
201266902838
22123821090
120552082672
13305688082
94290339657
92320693875
180107334034
-74986313499
-34889081453
4977928317
-114334288878
12580177424
94041444937
24146215708
-40624104649
36536656020
-153435116021
7131436062
143074733570
32924259211
-82536496579
-65767778017
-16021713165
-68811875131
-50725464481
-23071116265
-43221087612
47852288311
-180230207027
41227358910
103915803999
-88643197269
-86472806442
124888690785
66139920253
-106306685235
61787831182
-21747921351
-155648476099
88805741457
11836033042
5578415871
-55394940087
51776082402
47766965048
13006710856
76134196884
128474839136
-93430474093
-46137145020
34201068091
-134779805190
190452451124
-61914021141
-7304828167
-67393467581
-110302719795
52792582152
107433330606
-212983422673
26686298283
-85484208637
168247720774
33732535396
20506110538
85058328618
-255520626207
57586948169
113639824800
47682967481
-54058870012
-180920527383
-74890683518
-85209959941
29994657624
46227951915
194822848499
80417803555
-28303087715
24453627672
84278698781
-154764133914
-101561967589
-164657508045
56483795115
-15051390496
30137383120
-84837290292
-193914352205
120430888264
-82972875099
-149604209198
47853483213
-72294322214
-87427568397
-136354158151
-115811785720
-9279724742
-178672045321
-78382668762
-16553826344
-165947567648
-6647489721
69147112637
-87850946587
-61247582496
-172276480160
-42880915893
-163067529843
-28122451411
-47228121387
79081255062
-185312675830
-143308427679
27994532692
35119889687
-181395233374
-8035372905
-73980323486
75058267285
50209492501
-20332847262
86947462626
52108104616
-182532060762
-35469478227
2514595947
70896232422
153769721700
190306307584
16487545952
120360858119
-151711433014
69017047050
-45711693602
96277979725
78546850487
-148510034487
33161148042
-76737652369
42929522827
-58164006935
144022523484
-38944899090
105356768151
94136836529
-144091791497
51030783934
-59274537676
8252798613
63910891775
174874460418
64401696661
65063042829
-167132011641
-34446978497
-71567957426
89612205738
-54690409157
190477533873
-31583360374
-44538592203
213703949979
101303666926
96820739263
-82067180920
147248237870
-79995081657
-158963691629
74929301172
60489038506
-82261194601
33445299345
153855040883
59051974463
-167941520430
14010631171
-17009351332
19721062653
-75879476026
92706669736
197201550405
-88746959809
-142769040261
-213501917674
-59699686863
28326235057
-111712055370
-167200839936
-81252203689
-30760332228
14557687718
-160954605846
-90120729675
-181148264641
51763792867
3542894958
-107703152568
96550848296
18902953076
94129278729
127132810671
87366688934
137999306377
80234446126
117613681239
-8015058847
79116848629
-176291538683
16226159184
-72552631658
-73250809453
157435894632
-71509678960
-73979395810
-79771767281
-90300553344
-99386972233
26451268739
9951495613
-122895928714
-227032242573
55150036634
30692621099
-144875998918
-100490756078
-95485571383
-64976441428
28180160464
53356180051
47783901114
-181300358773
47270066265
153364658845
-92460358477
44003243313
-1721297254
26205505977
-41874634896
-59232981709
-72718370276
-36563180775
46097955873
97496260736
-30153841618
135173231238
99379780076
41974680205
-15438050618
156245364458
-143838236326
79345331820
113449393801
36494706386
-86342783409
-53866857937
81076635927
-184040354414
89813655325
-28761981818
120904097821
-56256652833
-30097270770
-11060215899
-122407805326
-36163048969
44080519532
43198644881
51577996984
-195345345256
-71817521421
31746329712
-80323728103
205770756972
-148604341758
-165404580256
1636900067
112946205916
-197697502462
-88541543984
-58863017278
-14272022958
108081590108
110934934514
95043541161
-115516243279
-58431913838
-54510183164
125848866207
81559908921
-134809387619
34103991736
196384959608
-152327478893
5721298476
-66748456223
-57321715513
50418248459
32605782060
-119865655669
217603517744
45741815145
-222490349001
45385560658
-135653004493
-39978721165
-55297948976
-182265843024
175554619145
-13245898013
-180149326334
79664184151
-161949211191
-225789279565
-57127439373
-168514849043
218118509878
-17911726233
116324649112
106846950394
-87997873780
-69105284305
174488001070
3413984204
-178508972681
17382104665
47413543820
-97406733495
24655431176
76625835742
17856764059
49149595136
-162203718289
67239958581
-24260251479
-104938306156
217550261119
12362923010
-55110417170
-18449385659
-132918688728
-1138498838
50810160445
221285943548
86276197926
-79875314828
91126124528
217469080814
-203553490279
46818428305
-175557307769
87438643471
49355127240
-120717939444
-36977784219
35430603309
41735687733
54738887708
-56762235949
-177600274335
12225393246
-93460454464
54458120738
-50043124680
13962142139
-75011465722
163721423839
81700754032
29537047195
-49688886012
-203810619020
64494505066
127271306574
-92520697082
-156709826092
-5738223967
52935754661
-16320395546
218075682876
166554026207
143878944455
-36426905778
-116484185234
-155773832292
-102902022211
-71778958596
34167167064
41055643083
-186479657281
49483580989
79402806717
-62088220051
96678256623
126505831493
-16680594090
104075828558
115891190357
160988692673
175811198186
-113802951705
-138620437730
7456947960
-124112750499
-159877065931
87138221510
128552268702
72920607389
-37892786728
-237508121508
54127361515
-123088002144
18013102978
151539886876
18495422433
-9692866694
-156868372021
-22598433280
1679735625
-75060631940
94263758513
-100157053512
164773888776
57850738679
7807627723
-71705062470
46543674666
-38225054018
60436682947
-43396110968
-14999876824
-85144454831
36302140013
-68139789642
87345059725
-64743437024
192458565360
-162913476769
45815219972
55312228801
158029657757
-143714724318
-97414493505
-79210252503
-76366524059
110587807617
34491721666
32195689210
-137705632788
-145828658856
-164687073566
-119019742328
-51820527348
47489135745
-240499343367
70054390625
-42072760764
40300084571
44420991734
-153923828732
202680678790
-172685170361
-64101164370
68592235937
-63267641369
-57147489938
-83523929891
-143194419171
-93107879396
122924526256
200372504848
183588432616
-244216252836
91132603231
192808362728
11252398848
-58866250166
68945769522
-87654580189
-79821919103
33663602675
140083357356
-37477762870
53666322651
-9122405287
55858234769
66874304339
166610611324
162350950408
49528526639
-153839284658
6935369885
15490834543
67097822207
51827030743
105533660344
122418115078
131830014715
95212687724
88418208482
-88905586181
-131551115377
63028935185
-30094251181
18717410922
-86313746561
124762728788
-8714918506
-1768981689
-129772255597
-54229451782
-65157783696
41287335281
-66806554368
-141166519713
-54993624334
12825115407
-187604720756
-26980595823
-83836097908
26427919964
24959497088
-84076761860
16887740222
-35805386384
52715894239
-181079592562
-29950329987
15404998200
-10653930698
-63814741188
37347930257
28683651304
28613101944
9151728286
-23934897291
-14029042555
-75975216882
-164207710782
-40618413295
36255291604
-61002578232
-63651243608
-193126087826
-81029818770
-125694086884
178205352251
-43939628804
-172720978899
-86986839171
-69881925776
130831789448
-39393627218
80452992310
94791738463
-4738839209
48832573986
27940097777
109236376231
-184177095443
-146313498270
45892227776
-72044775955
-94650899593
-1192976448
41151474873
-92593936249
-95562596973
167747835896
76339206067
8111083519
48557199597
85030470918
-119149794036
-145840486343
-112492770906
-143191963523
5196441044
22730553084
-133893858184
188962917004
98162188501
100689826320
-148638845227
145647385282
-653673707
-37911222463
68434196747
-54856948611
23006673028
28482718051
-97669555673
10130515709
25072783432
-187685034373
-101398798241
-16587765586
-53101503677
-140915039225
51882918862
27295611867
-52209424025
-169056111798
-133828175354
-87633927682
36468624746
29428181572
184049352403
47115310231
45468194267
99257087816
99763567136
208027048493
218701759467
51566305426
-83362230401
-82128723330
72760173194
147834954128
-184055948480
-168816080320
39674410175
-90485675414
-156237274121
24496245153
-192667198977
-22457009082
-126173412770
-130627366980
43630447224
-9356798342
98417624882
-85306635455
-163010964326
94338916856
-154082649368
77224923194
96634846778
70824557334
86831117629
19717522565
90882748746
60530098521
-10978469801
-57657419181
-43844795144
-181252710165
-27938569481
94876385451
86011824167
31714812800
-34212675270
-59732829499
-187089916495
-10344852115
-186569683276
-145077285365
-4996812590
52030782467
187224863545
-114007737212
-81151202789
116741167833
147627395086
-48082342412
-57450907761
-2208319923
16200663201
191497702928
132838115331
168112384672
-116823100573
47340390390
156842294647
40721939765
-127323412486
-224580920592
48541195884
-162878822212
34124356818
-16078487198
-10249730515
-46879593720
-11195464967
-111174058200
94915143542
-171245184756
-166584480889
183242849546
-62626246884
214216145775
-155925393551
103081259704
67664122585
77463908278
79111022135
24188183065
-20694142980
-214090432341
38076963395
-168662496912
25879711720
144184233705
-20332496412
-160080088828
83908669516
-12194463180
-11928925423
122032180130
186687215585
220605623201
7943477608
-97658039690
104646097046
-210043101057
-59250627173
-170326005237
-101392654701
-38129776100
-82584647682
-35604394664
-97650349075
66723269891
-13097140056
-115309784880
23769155137
32196287239
-79316697761
-72763591062
91836915020
-26127249271
116090829393
187545597648
141771496647
10537325908
-76494537890
-149937279969
-124517882370
13751615554
-79005037093
-87065622062
72116301447
-76450539594
-44612565411
-31181453021
-157254257255
-87021950413
-57269796914
115120461142
-158881477652
58451286269
51369562848
101082010351
-81911137660
-72010234998
-76373858009
33074312840
104316739570
-43174270879
10614968515
-77799827721
46103204190
138487750798
-174352740821
33267451147
-152756927466
73995386385
124412336409
116685202338
-12211081943
-132784162379
-200191120818
-84021277369
-145411576571
-187934297599
190094786453
-68833476287
34091627024
94000967630
77955343227
-140341066666
-68121752412
-64298549102
-180600849571
4868180695
-138949978271
-1196511216
39421773971
75553602957
-66919989317
-54965314338
-143278504781
34965882933
-140716467283
-25755314942
-40892742244
-53600420252
-41063696828
146273667361
6160224535
42104799484
-11202083520
-167102150880
95563254392
67514449605
93891469673
-47102073246
-152043526632
-238201711949
71247345619
-33935480398
24884534829
-101630218413
-88740897019
42013422962
893431074
6435061093
-66786098899
191246227040
-135987850957
27884473159
19529209996
74080448274
-61336352210
12848264793
-146086339196
-24338419969
101267088105
180452204555
-32884456392
100882641979
76790737538
260955015
35517388443
-54967395103
79750562833
-195278877785
189586969531
70310811334
110730769995
-87033089049
-37901608771
-83353722645
-42752526744
22038313046
101035105332
-143306795319
-182719768763
-184708470653
-146015149821
-63579817511
30319804019
50271283100
103158921439
-68985872482
-173436833153
-27022047181
-1701270964
-143455759477
38006750266
-52283624812
-94715133798
-33618170155
90874905221
-72975519018
-100575992072
31559242715
86243483888
9268840189
-23769382097
-42307243866
-8618435150
-146895729184
-171918149961
-66389233888
-10678102441
-160801202103
10646303361
-180236759858
-23112180529
-13531135643
-5120686545
75860990087
-162903979980
102608257260
-6720012263
166262462720
48442289516
-83747277392
51227178334
5757395648
-11414912708
-10090424746
-52077857299
2440780665
18068123578
161008122042
-55787271631
34655259301
-133324840706
187111944655
49783186938
158411311127
23123707089
42195702983
44984978833
57401035872
-127822932276
-62176240807
-69554591774
-19395273118
-38706492811
198529964641
-34368311050
104383664900
-127906613572
-42430643357
35659773668
161568779728
92348092469
-140882413531
-20577008409
-138897787777
58006876780
-208916925973
-54057165027
-57472194131
23492413199
85850570137
86104395380
-31682290763
-123018665599
99582343570
53454187907
-142410277914
199587093750
-224137632929
-165683020929
-96124732381
-79334535270
-39198121507
7956143709
77345883174
129168655655
43713303560
65746120491
-111821599788
-208541968184
47113597714
93968627795
-148186517266
-160172073107
56505818453
-19491134592
25100338050
-108254584195
-59651057231
19215122839
-60470225345
1376837200
69081411767
-89202622443
137494470707
128445923223
-152343600649
19093832571
101962887330
45782672839
67407931425
-136879597138
-136667908308
47369332013
67860730145
37229273318
-144583207493
77335021667
185914199440
-31456584049
-19879571687
-56305263909
64825650592
-79476955225
45145054647
189979781830
38570727856
-84225911859
174518534859
-176196629020
-134259165543
-59796428909
-2990191144
129559860674
-188618910468
-32303371697
32685227248
-101125131111
-87264775406
67069323275
-90675853096
-167025090528
15280438451
44298234679
69413689465
-107355443417
73566569567
-7466558539
78541504706
-75514074408
-161440777559
-153524717355
7329031946
93725048495
-163986525436
-39677047694
-147655551696
43834252051
-205516046052
-100634187309
-111831527068
62529879943
66981441400
21102684049
26607845652
-34374719649
-134647590978
2717549304
-23128702155
-92938159216
45236746746
-182285387039
-93295270207
-80155497504
-126625428916
94450715320
-119125754093
-73947442437
19577247219
45878073766
-17083957847
-32263055940
-143223414493
65018160108
181263262126
101285085405
-36176771420
-67426835265
13681215822
-77327956592
-223116094770
2814020448
-222286642976
-72367306135
-121061036574
104808143176
-15826179162
69151491394
-35912471048
-170155583562
-209927453771
32099775246
116590125710
-78038413078
97858976806
-174781895853
34017224613
-149194842569
-93164055819
-81228352128
107226585726
-164871824819
-90572140728
-177794910384
-72852476882
95098023104
78285627292
-76737318364
-683306773
-4645753977
96747717048
-176449533200
27751086987
-121526995566
6141873296
82480887845
191639502011
-14960304956
-46000237370
135313677705
104395298700
120813988384
119661799675
124431868312
-54394370478
-130981750928
-27453531424
-31740033058
-135144658760
-20542636807
78393530890
-108526123657
-103352594
149512314789
18492777247
58917955327
-7929349793
37061245091
100754266394
-181334033020
-33554236831
-72729508747
-45079759093
42175555698
-9133152463
26298408640
162182977618
27344505055
64706501956
30099472965
38366260005
21034536220
194334409508
-93303318518
62030849538
34345504177
7786595785
78555816522
172195185294
-175146784205
-33554919321
-134658156368
-56273706429
-168681104562
102346804412
35027581237
156572650214
-86533553510
-197161396726
121357512030
67331821180
16613304576
-22810597839
-27458942931
-94431666001
120718385859
-95844963542
111627509456
68357192178
29237668201
52015095085
-101253103980
-101008445324
198700618003
-94988721702
-88197237074
-64248549013
-78223460897
28218756702
4080653223
57468901778
62011100967
-43710044087
-40919935477
180510780669
20612737330
17549673079
49803911687
-14667975644
-253458974872
82521256768
-179453021633
94430494402
45874547464
175867325773
-44710253185
73861308059
34880332725
-24249993328
36252311257
-18419738073
-82232971582
-116027125098
115323345998
-60200774875
-62548852656
3522065541
93303450714
-191031090027
153710099658
-67802941543
-159626013028
-30488008112
-103580317005
80303699970
-67707982849
49713764879
79352968635
-43833237794
125189106104
2028056532
68979523663
-208395135742
108399934910
-94695760859
123792736566
-42840693527
115988643174
29140545689
39037072797
80485019168
12722997188
-20315213107
50484003091
84148744651
20082092745
42589978361
-77095859282
-205412999151
19324223571
-50882870018
-73755451066
-129877414718
-75985235131
103399236154
52391791714
-63656763170
42710247747
-83511116935
-251523306552
161823370866
-179158770272
9818733729
-46708926748
112537960280
-157173597451
-177927596807
-60625324862
161505870467
-64151121291
-235708678279
189787277333
120153543071
-172900014075
-82724451663
179682065904
197198948784
44440796723
-169973008506
-26815372154
-24925985964
51105122541
76834322269
-134383069418
-160328922451
-33274904238
-86032468785
-84885507126
67226167496
161815667731
-21868564181
217358199867
-177348866403
-51866449872
88361862363
20419613306
18674737326
-3491285199
-68014444207
168145172704
96139121916
-73165014154
-51104324682
-69855733885
51461503417
50237822856
25266866195
-39042510900
28628243362
-6197208513
103970326118
59954847665
133731943095
42691355775
-21758644451
70478529575
-120717939444
39702745868
54072679899
87081377789
-208307017433
-48774660959
41470374744
-76093773635
-63198932035
-179756279403
-186951181293
39773685709
-81195088465
-20053135620
67511939305
-138462539977
-127378395755
-53979813459
201275860999
-16864589339
-16579750774
82981478297
-899169788
98620855664
187291124510
217809472909
87589283805
39893532042
58925262539
46493607378
109341692584
-190040996968
-35955149211
-13431087217
-222492316022
-88712976408
-89591749322
-72171231602
52607674762
-149639404600
-43926427974
15988068843
22412926069
-78418776498
177872964352
-80495251480
-15133763836
-130328278577
-175668976838
-60265922192
-23291002046
-100497973522
110902781955
-74498022210
53111172602
25412700125
49034789771
66463816968
53295499331
-11420957441
-69234657021
-66639075491
48339852772
-6581635327
18857679163
-148444014195
45821739497
93040789145
-60035040022
-85500942587
2766403521
-172390543545
143958077652
18859966219
53640189118
-24912024645
106829456119
73428405644
-41128824732
-177452505483
-120693984469
-75197269573
17721201489
-31874022138
-152843219444
59340072799
-182134041303
7697018483
147819527788
-142223743304
-151506958705
-72217295289
-102094629926
-83549568742
-85758006387
157922096688
-145920963594
7685316757
95739003175
-87983339775
118647236453
-181303268651
22768718329
-80280407792
-81164244576
107738620661
67743910860
-13448384441
74205992377
12415049047
80333926010
-118726972220
-16545975276
-52421699346
-163181815114
171148370710
-105013617006
-56989288095
-60162084914
80871981410
516468627
197474078995
100892028000
53694677649
145050804778
-49447490361
70223436132
118681994243
158176833521
191309131062
74392532205
-21363465276
33721669828
80475490659
-162075978535
36378682168
108450873934
-169775600041
70486751569
7539840010
-67340777204
87217531434
3470321260
148377505184
-144776012044
89005074786
-78573294007
-48572190233
-170655497484
-86067394068
-65127313914
-4197421607
-55164967581
-37020284537
209918611487
-74301161987
53631837082
146202467402
-47920741750
-220270455095
162544027091
82479661696
1650160078
29073931598
-106763544685
92594510974
-29472592865
-96414609079
122872184819
-58680204039
83706137664
-12045959028
56991018530
177521352275
79811725781
147473203944
-54766818566
91448510800
49770982255
-164112129418
-143934056558
190559068051
86737162732
-90964238440
115280488034
-33444266791
-163994272307
64641501534
17825929093
-115711254697
-45897307012
34933284427
-182147313359
-90083226489
87915241442
-122952901959
-151962533858
52564243983
34859642265
-101899674652
-37243850348
-116916319872
-50377102145
-37747365784
-90481264774
-89640154847
90350642709
165568601674
-162625024924
69611788830
-29799991425
-18395043430
76301845354
-131622190329
-154066653281
-168811096151
-16192728793
25304236606
5163364559
-57525334310
189874446604
-11089654747
24541215558
-69671763905
89596061435
69428838434
-167844276440
72447904542
-146974392097
40281070494
53651612755
11397463041
-21752236288
18631231202
-162229800633
-69832065351
163475298004
-78306926733
60174080950
37769858323
-169623050115
20636815185
123905596826
57027901954
201227320456
114920089181
186890310570
-232619001005
59561286900
50219155256
101520459397
-88252482087
-189976059986
60754771101
26738092001
-143965374880
-144513960954
-146257157612
-142405807312
145237912955
184119915717
52884855081
-51512929391
141193943182
-28065870169
-12908184860
-157117391366
-126548566263
-2541617949
86928671881
25477913708
-105363181790
-77655448192
23007946642
93709607746
84149270133
96219005581
387631340
-32200488437
-90390526217
137109222077
-49740546157
76642763218
-70795156297
-97293294093
-28669998695
-133685802218
-180704161649
94263250179
-85792939220
-80387272773
-160890320426
-153685835203
-161126225063
97863113417
36984041353
-21591496420
71156214541
109688610369
-52027124115
-67698215804
-166171657551
-22896414511
-121297729917
-176983979909
31966395237
91553234365
84903717681
119933018348
115088232802
72159270956
-38020082467
-97688617875
-13942669501
19056157370
8076606041
-170788324056
-138103145454
-168631744376
-131684596805
185940458731
-75036943669
35321861116
-2360076543
138324340315
-85164194397
-175389967735
-188331130558
-102660863047
-39306505274
-156687569413
-35995194356
118503685646
109719295998
90600717152
-87563250170
75930070206
-18750266690
32372633693
169498892415
85347398232
23266659392
36691771143
4288645546
-105797827789
74579502962
74635201939
46367435679
-88034267961
-235821930189
22709587917
59041076030
134312109614
19168387225
-59056210029
-56360099525
16841489419
56528554597
-110603414296
-171677315524
72882919666
182940997285
80849139075
-67401727881
-57878004744
-142436219233
-133996375441
-33701329742
80430294960
113828272250
139381778062
-44681431388
36149175622
-50390395421
40489633712
23707621407
-42324555368
48597961020
-16034980148
-192924834678
74534244363
85575534043
177504132423
-36280455558
214633052339
-140909149651
-37159162800
154798778526
-123961738299
-178176199837
-16258432457
4891265780
-207083064360
162606376361
-74082990444
-5603642631
83679761392
64772916055
50886690795
170486672757
-28925470098
95540675612
188705917738
-156202861044
214346496638
-69669752380
-30019232645
80607088840
155796462887
-29767768388
-51693740334
4107964290
-59778500644
-11676743538
-6373813625
-60604777388
25741545500
13402225566
200994744163
38896481182
-180436399515
-81880768251
106068584061
-164803520786
12328513406
32942276102
-11015250257
90785135877
-154691135442
-181318375998
-193561586430
-36047722229
66473377373
-209348756068
-141653703252
71504998220
43430448438
-146438447640
60727975773
15507942845
-102271506006
3845268131
53370312513
-89549330539
-55857031078
99041392619
154113658027
-170744658532
-144559066972
-96057088413
60460305356
-137587334687
118255703509
-172902105944
94009410081
-32817472491
-48098863155
94779051140
-8971578545
37819719666
103962576175
-113209219243
78315917141
32723847907
52541792042
-2967820206
-152868783442
119916398312
-168868833916
-9177459615
59588353966
-156332130125
-151373224915
114377874429
85111735240
-18952921204
8731325036
-16205550637
66398922911
-46145583813
-187456829865
-93814493363
45334460361
-50787128763
-14293419586
-110282110370
174979421862
-185027372630
137981358290
-150126194473
105285596543
213960477121
-90511903689
-151312428120
-58423291540
197659180425
43484275327
-60469990762
60100315440
73795350932
-37728077779
-162007045588
-118106673420
-86095448434
92664413108
-186041930816
-129258936444
25098317892
37559234282
-56656785421
14847995261
-78878942957
-82795613086
95278846532
-97529459683
30343506295
-182851724403
-78284999209
19344095516
-151335524073
61998022964
68655056180
-33791470313
13746730727
80667872242
-52034343538
144717513474
-128967499930
23455960770
48876261015
-166817880196
122435726423
-14689769255
-180600405890
19620424211
175770478421
-13893091147
24993128818
-129173701271
49147860492
-69694087286
33101577314
-47515060030
22627483493
15845082013
-126115554369
165805278612
99452656529
108125679286
-194042970100
-4169884454
-182363784719
45821432152
94025875093
-127578906724
103497533880
11972411024
143500951352
-72409329410
-92318729525
-4467556587
138277280365
57112685278
10772238858
-165730876684
39546871073
58649257949
-58864921445
127991314022
22735020049
13795047534
123423467906
-174247444739
-112972361491
-100896668801
-25607906571
24576991600
196310959722
-130368260112
9275487023
71841003194
5307499858
53849547055
75740620813
-76189551527
-87990386435
14664811016
-183512326794
-82663477491
83515586901
-207455108502
111846303803
3676705309
52843900208
99686899660
-98683244701
92941927943
-1266844513
-131232106642
71948838174
-165736828889
193626000945
-106990072869
8327526120
-50777175890
95540288237
91098639603
-172303746731
-168182403581
40797994426
-74828134959
-78867208791
-2234547228
-169141030437
-87906538576
-96818916362
-151585431171
4926133207
-23646635138
-188211494079
93108031524
21857360502
23879005838
78743205490
173215718907
31562535894
-63534141695
125365578379
80990663993
181300301566
-92559677665
-161229332022
-15478485507
105684732740
100729988239
-57163753386
47928650182
7454057901
65482819945
-152895283729
21361293796
-10567329184
-116032998875
12545763865
-129343323503
-97216272471
-17593286874
-138573862532
155556648722
-78124164327
43605382448
118718722480
-162619259341
-42394011972
-179603186798
50538743465
169125333670
175544527605
119087273424
-153260589946
-174270170989
97623730745
197461721766
78480172400
20686810851
139326175614
-149488924049
-15148804064
-25727365658
9399524015
78844098691
-109774971381
-56371755225
-108995214366
82268748863
-15382550090
-90365415030
59439260882
52759963124
-226546879826
60053996003
-111644562808
-150439583199
-9442781576
95155687895
-9967548995
-163010130078
-83875507559
-213312232855
27298893738
-39476358856
-183145020923
99151778614
174269486324
86871403717
11114884775
-159160165991
41418568389
94164311892
24882573211
47072848997
6013183576
106207534468
-5124457148
-76312062676
-101128676261
-230309620558
-25191361116
44816962140
-95006534663
-66953011066
-18557851549
-133972928036
49612648011
125181579230
-112273293282
-193647177548
-18739686535
63783145792
48596181757
5912675817
114516174974
115889275684
42448723341
155572591925
-271974061020
-79339136237
15434966064
-16056715103
46766498521
31273857697
-34671129242
-72655619636
-174076182987
-71716283525
-145353989232
6669304838
-52192337621
-87226469667
50108154846
14125557757
-53883431956
-70641421952
-16015193086
133968543844
-59939212260
46657684901
87330778062
-31677833556
-155606760872
181792783045
-31398663168
146949890617
-192216826609
103369279299
126066384642
-57789157260
109942559007
68425563650
21720029652
-49371144153
-91855134692
168672301403
142509517408
1106227781
47564606171
-173692684978
14761794423
171826826599
-84149932558
73850528774
29619622786
-58478710731
-91513491983
-80684059587
-189885854424
-9070212424
-2040336821
-15326302982
8211568618
74255474653
137136668683
48042251734
-76365385803
-92470040912
-26632030843
73381924542
128930505661
-45032133177
40122567450
21939114295
-44785190812
104732536027
71294695346
203273498407
-151046593749
-82694374045
-37689914764
25976970824
-41467319257
-54826248808
-106185195056
147935547207
14374961548
-76274493660
79587582261
160999708743
206636081516
-106140453924
-178168198630
-55093053905
71107992185
52509861566
-94872259941
-152349027945
2754874800
-183362848156
39347670516
-8051039938
98553680681
17705393356
-43444377428
54883448743
-56174014771
169573135646
38739554856
-186531275337
23837898990
36063042825
70719790829
99563652267
81234536547
-69041738236
-23416730369
-14489765254
159649376061
145718770389
17435658674
144282048900
25022619304
203306461300
-119709982909
-170462208110
-24146160732
52017895244
55282044956
8623212177
-28782373410
-5920467860
-180363555496
16565934410
177305229478
-196390341970
39093014251
-70170323540
141158333853
28989333834
-62570503362
180844883027
39160818356
-128806589131
57969376396
219385414232
87523846473
167004238450
-151161710926
78868716507
24756730845
-6730741411
-180290497855
-140368018237
93303450714
48036531103
-204443406710
-107392653890
45032031952
-79509155798
-61453109952
35693134282
-130443643743
66751996114
-237959927469
59056032490
145398125144
-98758359310
22686738416
-36143793052
-46490368087
-74748358513
50585870855
-165002213367
5723731030
83335148353
-168133996693
32649175658
84659037465
-87673670481
-17033912955
-27460639537
-95247792946
-174611015548
-4197890799
53702857106
125655073285
56567065067
164380248038
-96830925861
-94813078879
-41412459228
81779797886
-20590042066
138989648298
46984332497
-122277857838
116875634438
127711311877
40357133567
-28008009506
92571782700
-36747170364
125266677022
93144547208
-170021602533
37317104614
152892909340
-87416772537
27735555176
44729666558
60798590470
-107554567909
-140517776066
-53362837308
-158337048985
-3106905661
-166992651211
-259376924102
72757941600
-25536744891
-23104025372
-65355773145
-139478189377
-131390620309
-57193371957
8725248017
-66327606837
81745089408
-25987772246
-107765138698
47964826828
179991963395
-92625137876
-40367706949
-8556999858
47342585645
42800492223
43957795169
-7900955525
-182252909001
-57525334310
-45163085217
-174085152265
147614999930
95108500368
-84373242925
-201275458353
39554488923
3792135361
26984907907
-127375324404
-68622276738
19869334095
-75972849571
60521042196
-105772222189
143195513877
15620471958
-46613518725
6852529875
-111294455186
-54529090364
-21499582405
16607747798
-69614302512
-107283735833
94350238156
-194893962309
163243277024
-186406637891
92993131549
27940853889
-50158532930
31032634140
-190145372664
60440825032
82479056074
-25427193002
-151912633979
-98683199215
48143137336
29098656687
52869477739
-143164905713
58491333860
87520109092
-129211047723
5192749687
-201349593959
139581205659
51102307170
-77323013274
9921550720
-239862597287
-86040644151
-201535961200
-2121889944
163460864337
37979293393
-165813284460
46742357462
31775360455
-123349989845
-18212979554
37839684022
-91657437552
-175748753295
-58748195850
-133125582122
-184183241349
-83599740584
-169633728411
-42473007206
-156489172191
-53698888370
-138166976698
89906179434
38477281355
-162141260797
44467951078
84056452293
58851882274
75975294112
-45725115976
104221630310
-79322862805
-40854922627
-75971030832
146267827441
80611651333
62424841193
109414439010
105666305459
-14094867815
32550177129
-170707128566
72067453873
101673095900
-56742634621
109778360667
-190916621418
12516918919
71163840910
101311696810
88900914645
-105794888565
153795223491
-17910262061
-28028479875
3343344539
-123982514102
-90470463800
30088782042
29415821711
-86681637759
155030883423
-50898041923
178384375335
152558846
43969110646
-133494180088
5407770177
-185938781962
49404530096
91499026101
-73992636717
-75082667187
70955834295
91419995077
-121364786436
50474641423
32115414973
-84805151979
-208639361855
111606265826
84807200066
-150998451039
-99830292605
5299447263
149170688731
-247557000160
89746266413
52565076687
180476358691
-114435521017
49711960155
-112037617047
128852842089
-95194881163
120180052818
-169100550882
24955065896
-161583776526
-170353167155
24215488880
-208953393254
38055937568
-91076794318
-70191832385
-39444177182
105194776188
39311710400
9477681152
-64793810672
54669153439
99518840729
53790552412
14769316650
-20858138953
-10602861903
36672177840
-180525213058
-73515728019
106180944795
30082711908
28860286136
-187347917995
-203830790643
14325220827
50715111107
-76037156551
53706855297
144637921974
-34446622775
67024169357
85025301643
-86449729406
66921019936
-160506437573
-31669065553
186094408412
-215044931709
-162664130967
57275052196
17614444603
-57065200697
-15161469416
147195397996
-130706924252
-21173823816
-60390252149
71494003138
-72319371574
31281343889
-4491003065
-151495586783
91319385515
-27009109885
-17325820353
-175033223402
-194001984896
55663325131
-60196162611
-44032663569
110370319931
-80721045299
-156436666172
138483064483
18284831843
97694690808
-170267027861
-74754654520
-182287786072
-161985658859
37218255632
86808575915
-125721118442
26741713386
-72586579679
88748876845
-96082555444
-92482413015
-10929211802
24282099032
-82275751458
17823235919
104073795879
-127806707688
-82870997433
162968984024
-57285894522
-18995803866
173570088503
-110903830163
72155540733
-154181343331
-75772132456
77156583249
92878239732
61510071771
-146939770788
-168437159941
31869301978
10629230248
-186057425982
360015833
35633630904
-194113069730
51209501600
-380802233
-45698580456
-49969769874
-135042801166
-55023919268
167028860089
-9770584592
-56245493292
38856649870
2069446986
-84352713616
53871991151
95772454445
-199540432309
37933185622
156436826056
-122639990675
55030509919
216571222705
104290192748
-31636344242
18585062998
138857539372
4063951427
84170002244
-112893550171
-134272114596
93015353184
59345223327
-125356553980
-61963285120
34724917547
-20894121167
25957854355
-122383579476
-50003803478
72406502572
-12154106834
-42716778454
-68503698272
-48266801433
87383607800
-16442742060
23513004486
4933866330
-138432988786
-27798540542
149253580324
8395013444
41674801781
-97705732696
-227140491319
127185577922
-14203514153
-130688877673
-169154302
-81549508040
98258892177
108179745702
12976387235
69659746395
-175564550825
1964175353
-14792922931
91269141234
-79491267379
-151967570822
-96036091860
-14353774452
36984358825
-123459051511
-5497222559
93843687033
-165990479112
-69546751605
43432940935
-25307291073
121135304907
99785014076
-166895468736
-103734458121
-67005080408
-205021229993
-71505035604
-36028018276
75560273613
-30043385903
12773953283
3102643396
102600401597
-15623644665
199145436363
-125652480985
7969595055
-210699733885
10500493122
-101841971975
19900458824
24667997730
70837708032
97682157634
-83506821147
11874371179
151277141748
40761032938
-60324751568
-110624033963
18699323162
-84474726738
43661372888
81862925865
87245150735
-10970118202
35270444048
39936874311
73795387566
61342359964
-2036326871
43819863305
113413847417
81129308374
-66784450678
-22649331033
-10797057593
-154848705246
45145054647
81602911494
25165320051
-4680535847
-95814194201
-25856933423
82302545480
-57250867743
-67659350041
-140847076684
-134104820548
132273821289
101910097208
-154482726206
79524111683
-25760969185
218505447837
82199347592
79563275227
108333725843
16548479512
32326161069
79850460835
19569198412
-33863090065
-148987249558
-48963515573
-43481506992
188861746482
-66227140521
64051331465
40484990302
-158150167520
41502813218
-199772857123
94500505806
-61314904540
-86867393296
-142472782032
-70357751091
22984995546
87625372054
-160178958876
-162598996414
-63411637758
-178974611318
82025657061
-34446978497
26116573180
89229555906
-63012115304
55638895300
-64011314315
-17847914934
97656590561
156294406919
42004231096
-6696704695
91868451980
186952467425
60903409882
107300275320
26154746694
-182941265898
-26635626482
-192755909913
-124976741479
104893075228
-176387584646
-245344856408
142475594731
-88471823773
-46842891084
156569338917
85697515216
93636875588
37279358072
-158873158985
57179997954
-80360266022
173798901103
26655258374
67862876213
-71917354825
-97891343091
153317065968
-190341974423
17187107925
88224204674
128442472595
-113591710854
-57194671819
-15367042606
120384277922
73695125756
90112838799
87048974376
129033421624
47703979938
-72324904987
-142001994632
-90995390858
81721954691
-275191522267
36861764846
8078052618
41551723420
25139512405
17629870248
135890957251
-134327819568
-220344092345
-144464279140
-81186130768
-177579819582
187097794899
4144498547
-85810222948
20616098460
-164192109859
-183349926979
-8829852008
6065657989
31043998950
-5512086245
-53124952165
-91185134695
57641210612
-1289197259
170447060220
-21202630624
-82021282361
81141427463
149889053375
-78325549105
-200740653566
68719366926
171231065124
20588720234
-49507600909
142828052555
132485257326
-219436069303
-86493328040
4736274538
10203798336
88502405218
-142878001621
-203141157494
87746223686
-50172305500
-39934515969
97222065113
-196105083124
28453181705
84286069461
90188703142
-4710148038
-212578332882
-74067734202
-183006732280
128066591841
-94254653164
-58637471037
-34475644916
-11080795532
95133794850
-30495603126
174710103529
172559070011
-75520704225
-108878556949
61406133493
67109677156
12782490928
-168096388826
19634730821
-149972108834
-177443541046
-84586231317
69103562365
-154033592443
-85674787968
490884186
12361360770
-214622681291
-48503923387
49514688414
-119363244576
27483695980
167821481902
81025098573
-184473054169
-127204013412
97091771642
106207534468
210942973809
170792923434
20145423835
215346956510
140381025290
-103061969979
-18845344754
-38812842870
162196816829
36905331744
18272351138
-152407774697
56601313485
-46058147144
-160015805885
-64707513452
25888193048
-16691559158
-273966816971
76764365178
-2929705061
181495392081
-85403042318
-106592157171
198703363868
46992882597
25276790505
-689265370
3860456719
25070636925
-112218559407
98860853896
56147304571
-157179041221
-220116741802
-42914191130
67879444003
100351835860
91526386677
-7818187941
-10877444813
-102731517116
-171964824321
-97651685815
24731325286
-75822243085
-56355965534
13383136290
87896001175
-59293082076
15377037256
72904361100
101707417526
78122758009
-122866942415
-245111278271
-70194884630
102873038890
-117014715550
-147296525070
31082218141
-139542004407
185552528297
119195903461
-134292218889
53200017507
-20740473987
-142695508523
169761019403
-78642683616
-170477454056
129741905399
-128248644259
73474353360
-63734790345
34512819858
-210859353715
-168712510497
55218382352
108610362035
3322720283
38281779424
52131535650
42996058488
-187936047627
45261819232
77588334311
-184252044864
-144829017253
-205978841428
128048030754
120799812572
15413486947
-164675181588
74849395954
-60798687533
-39244347883
40959219564
46203407690
-109898787165
-163456916629
-171190422009
92056140602
41008481213
116261747449
-7157507045
-97667961136
-29164255651
-37789383587
-38019349469
-87749345729
162363407405
87258883166
12895371591
70857227854
-131133323641
62332795111
-188452735621
102684295331
129508208437
-152024049206
16913489396
-82352294197
51713623934
-57957217393
63969353678
93844951568
-8259209726
108040347319
35711559738
-49841477555
-148599885547
-25914453391
14298421031
52395617817
37569730323
25891493139
46788883974
96657420308
-82101041863
5391623585
17663774549
-160181885101
-3283395772
170315553061
32514301562
90860270973
71666456927
191197643149
-84213604996
48569930920
-53708691328
-126015427028
-199419467059
-117620020926
-151393358555
39385320203
-185561170139
-147955745530
-108633888544
28189319458
-64313829558
-22569418635
7710945295
89218648096
82219961365
-50185169684
-182277490015
165740281963
-130004532996
50892124934
159134756221
146574880467
-84788457932
13703004612
23667500364
42079433751
48243637615
205098728541
-119462711604
88507318435
179376432135
38787313998
12595105617
5263436136
22367697347
-67879754706
-23069654652
168304534791
143242879740
-81513068245
-6424251471
-208722195762
39500514534
119326085701
30075067506
44182433888
-59180139061
4339810736
-69775027409
75962639115
-3543594560
-153935717220
124945544099
-86928729069
213386942765
-157443248539
-84043684064
93113048950
-7087644826
-49542569989
-51565526325
-145872290194
-27802531964
-61957037825
152831213567
21110401049
105680188733
-173997897275
-47524789236
82347349006
-74408711611
-125134277568
-89005951476
39621317456
43925960702
-150917541008
-56153374060
-130495687202
159662615449
-81726762936
-7618594854
27211762908
127985999839
72114682764
-41003047707
-176075205635
109125926154
-177884289755
-6991176993
27087518806
-164369245010
-141626586713
135241149562
4339810736
-18596445696
-213671261451
113040493375
-45050170800
53248945274
212002763068
-89331161449
18271773034
1035073033
22348553141
43647090548
-156963746346
67256283951
-135216133916
-26046604338
-54575948914
-16265431929
-49689452066
-156564327336
71418391517
-64580473599
113561792574
-154951730180
-162738890722
59042612086
-96762664764
-159539016842
-55900545125
-24758604027
-50973027552
65269328338
94154123354
21640558460
-1043721610
-84442508823
-130105039890
-223990259459
-51024795666
-12981827460
56454377771
-90595388348
-124237346515
-125123182053
70144073560
99410603022
48944079193
-139588102591
-168358267451
25836662582
-139338691278
-29731615011
-152256233852
130904275270
-209342782549
-93137783580
-58797222845
99608554171
80537370801
42969506449
-1142444812
91152645982
-13792428914
38602381547
21763499619
-33750180968
-43699042037
-220395484344
-82229743057
-6735246928
146677500637
103670998418
101001499017
70320639734
-16383597735
135514651731
-38073183655
2003381220
-62753102067
-41181938707
14261620180
19411010260
52352441349
122190790322
58796150461
-197406468710
93817901663
83891086946
74289233823
79477867371
36056004550
66621823702
-203732685386
-100770692520
48545183302
-85632000460
-19007653929
6728375752
-157540059406
-43746044778
-228451364689
-126201727543
-2935740464
126320228682
-53398017788
-215007346194
128116413997
69583479597
-167785808631
-69372131493
182085570046
-72772981598
19106245219
14988174759
41485633883
42019913686
-153918676642
64684761562
41894591980
-170339158955
-91442296802
29683748707
109221534044
41794209893
100631300143
-16364126889
-168925954416
57218723573
25502686246
139522387050
27606588652
-124169719631
-200626364400
-195137857433
-17857047185
21444504244
94912130104
37318279615
41253569409
35742098451
53945094804
130732272275
161533244418
160970498946
-85584213981
48014654512
107319450980
-15870259710
-157867376220
-83742741431
-193157978093
53535179207
18528252378
-125405589169
106243308724
-2847835252
-56186068388
-33288327130
-45009119593
90653892968
47995445491
-34885518331
98003828743
25010527656
-248236679493
19890138129
-85939970553
-37948080480
-95888999506
118144623009
26152890893
45978218161
21238076244
179579264989
-116754867460
-21832779416
-235237559891
-79621364111
66830501162
128754051633
-148909334511
98451190890
-170411823836
-63223731897
-2686502850
-13106772937
-185970750942
187387164687
-197911642243
165196171968
-50157989887
151749569917
-129864464
72297228238
-57292359108
75620768843
-133306786273
-127075718286
-110634092899
77873790424
-68753094689
-96936281616
-74583387037
119231679941
62763356582
28462642610
78130850821
-39746478523
-137726741008
161478677825
-235081126050
-160277952720
-35469478227
56884166453
23724667106
46643527831
-61752597194
435568751
40767317695
-19261378741
81836326370
63018644928
-17746535710
-75797700706
66023604639
-83157431341
-165311411508
7284272830
20280015135
13470953052
-140948893131
25427242350
4906053937
28754649364
-10535542911
21659516399
-81440230750
-55698824237
-42146569813
32405503710
63538910370
117852231066
111021995424
-209569815820
-9402786969
41323868371
39621055266
-165756870134
93061978438
-127854158208
-174239879628
-178700064864
-42618276157
-160184867878
-111681747460
36396713489
-139029573730
-3656417562
-35342914425
-182405837973
-81698843369
4370408921
-39103194412
207442082508
-12328592627
-141813898742
19359581510
-203284124282
-154188382428
-44955554130
118078040397
51398935245
73683798967
-197285111040
19324587693
-32516756002
60317393894
54987100273
62923930343
-173606875283
-23422663368
69986293783
-226922590020
-126475443117
-42480962474
89276142116
-62585489722
110663742405
-97656857363
-53217753040
-92314401206
210859504722
-15264994797
-182473774964
184834181461
81041668456
35229107068
4775552977
-73211424895
-174475769214
85366494295
33541328295
34560661481
-45295564158
49873667587
28173493352
69573745419
-59839023665
50761995991
12214619515
44644916272
199324538300
-59344807417
145081616097
96274480706
-28304626351
42092960232
41671883490
113025300245
-129801313570
-111054025458
24350551243
-104094822597
-54592687046
26114639162
62922267001
-30712052528
45786961290
26030739807
-127688697499
-40589349811
74844026887
-85294488580
-31767932297
33868437168
-64058626121
-93084246282
67998290422
-69841867416
23809612080
-9659467624
95639646064
-150459722965
-21090019942
-24964942424
-15528730298
66977096762
38106236828
136181852517
-213731898248
83072547323
-158039892608
88608612846
-21338894015
10629922201
63643750388
79347164127
-85816489890
-63557256234
-75912040602
37901419690
128509123323
-66709595074
144441928185
-70253275450
-21043234201
159660866179
158411949577
74752352417
-45799439118
-104015447293
-79652449501
151981889822
37960597199
183534891172
-183319914480
-65494889769
-95331128839
-63470047196
12004225114
-56475604342
84343824793
-221140176050
-144225302898
-23071165320
19878459944
-162345917944
45540727826
38302664885
44509001341
-296292040623
83661660132
-60122566855
93147947882
59253251306
4505178308
-64773540170
57494897941
46977372830
75746245267
-41314897969
-45367143622
112449127741
-11253968085
67465762506
-90651390512
-179816675248
142876165189
204884675684
55058953040
-74555143278
-100460085054
18397490744
95385943373
-194102040010
56169549992
-85713729996
-26762867554
-181520492244
45039100681
-109644885369
89412275674
-114397928059
20076431237
-39044297024
-99991832535
22746530479
42395287323
-30434917723
143903329921
-187459301952
-100816630374
47521261857
101114066587
27637334455
23049913905
44709064208
-7221925352
-26041834423
8059850989
59398216029
55603314916
30655662896
-44684673194
154835967423
-2847577995
-84925205513
-51032162424
29589018585
-19487321308
100098914707
3937801262
46453825946
-173986758932
-143149582107
-16392883596
35020977102
-122035049954
-170170824896
101297653668
-128233708689
-111748658686
40623779962
-177321419990
-99392350710
168360491767
-56440892502
48202025479
-173219014244
-158534639548
176969411344
72094845470
-178172901498
-24012317758
-143216647953
35453518338
-150373808644
128039711683
5130483807
173846042045
79830931585
91635781257
-184661843859
12735209835
88039589666
123332626391
-145137718667
70778381913
111124083052
-164761354488
-88068297995
25342090999
174968416855
-62882292971
-49997147879
-54496615077
55423873013
84460050227
-193138650304
-51308574159
-77239020860
-19994825660
49612649522
135482749434
89616941547
132122607240
-60749782568
33509578872
103094135718
79061592850
-161202836243
21105718754
-159989895587
95584276195
48639391037
2871081806
51417454846
212930421262
89766319696
-159353746619
170817232250
-213011412450
106630963055
40593689576
103196876757
130989495875
107372530435
81684894768
20035070744
64088946111
-149044398981
11437945878
-192548477208
21916415260
-68979949714
198210474043
-78489786810
-75628013312
-63940043290
-80440431276
89455105556
-16217181498
-14045305834
40988297531
50877128396
165155107321
-19697791679
37078543271
50098354347
193857559302
-27166399886
50207875850
36449898573
153900952495
-239821012444
45170834300
-57505007831
52273911723
8496779424
131583817406
-73200618044
4125202080
188874525396
-140908101449
-38347437469
141652800829
1362087267
13600826171
47365743287
-169086150172
92293253713
-114704158395
-83070116274
181683011061
22428787558
111214521417
-125640595486
-156351673287
-67773137370
-209185033814
164972461189
113829073497
167183017666
-28436626571
-42441554933
42574047863
87683155801
-137133471503
-87658720050
76427830817
21674062385
-1820541576
-62690984001
-32066424758
-183373938950
-72900795246
-157715996533
86117703771
184418953397
84841918733
-200085692766
-82692801526
32135863429
-131616071997
-176398741836
56441845872
-159552169931
-5421528997
59974212076
-165736539017
-49872819323
-5470996746
127454699162
-123540156064
44609104237
79270051532
88126474051
-59492916667
90507024727
-96364662333
-90317350493
12254696829
-63685345914
-167094004311
57401035872
-100986487019
-113372920694
85696987880
85191952882
-160960576062
-129072217672
-20662693160
-3186011611
-142785818454
-169200361766
-26406786140
25909741618
-8871271538
-81913515497
80662326909
-26056236878
-7588880280
-104466029188
-55307629453
-58734664175
-54038863248
-127884615183
127454699162
-49623781914
183390374552
-118569162933
218116635091
-52169407880
-69171802858
-14292736073
71841003194
117226835769
2439106821
125677775005
61119311497
-134740788820
-192490577813
194962429907
60543028447
-16056715103
-8126670045
-45135535623
183033537469
181640288473
-183902469995
-5145892265
-37937916323
98674612415
72338251930
171536771954
-159446172668
-15422717028
-150630838914
41058898191
36677009649
193340994774
73965959646
71894568887
37079660713
-90266616599
-46468743856
141054389467
66186963733
-76076706266
44675120933
-124593094665
-127681612273
56912870876
10041647475
-75957533918
83680504028
64830644976
-204049206094
-99980087602
23046237343
-149582448760
7859183816
-19703864415
48905003385
-93983197621
137610306078
159984327633
-39288043471
-168424585273
-164028048944
-70786725272
-33538567135
-138302226920
19959305514
18488872992
-67677529345
28145966476
95448198723
25758184153
-97764024381
76919196537
46936818110
-20573611393
80158737202
36506994557
-175917943297
122033182609
72097976487
-209800269676
-154626100980
156598629814
-84009093698
26071033736
48471390887
90203950530
-82133644944
92075220001
15872992271
-166212696303
-145502917950
-102465543036
666346797
-10714520701
-153880226041
-190406167575
-13534471438
170306486082
-112979513848
-97300550792
53821050114
-88922639113
67766049582
-99786423097
-9531716925
-122487441400
65260669366
5863393145
-171098432439
2361467869
153014632214
26436469851
-185254730391
98356340504
40750523452
-166571331119
10575654079
34700234579
181951092765
14891609682
-61801463051
136758919559
24314838689
48435562274
179117517667
-135248087640
35502127495
-71605103159
66682226326
-61608363617
-217754430159
-64016700736
-124060367426
34899868057
-38339085749
-176083624423
-17701586472
91688439465
-38421283492
15638191235
11344084923
198103566808
44173526534
50655979529
-177099681485
-128511996112
-174828800464
-139313596829
53466454271
55395286044
79614475648
-126419950491
218882938955
214840229117
114012271628
48556274710
25919943733
18681050297
131861239559
18132241892
-103488034651
-93045680550
-125218669839
-192166679989
71342446850
152409562842
-134771308909
-157024056856
94160195644
-121382377379
-211872547615
41964695653
162063468313
2173222700
130688129785
-46024924012
-7559086525
-99367751695
109465116268
99672919155
-165825574748
93046163329
64570835558
-145862014079
127010096009
165844388391
-24266759941
21215316866
86518188465
25125176449
-160760254837
215583018247
-135452124437
35026505254
68587263239
-81204058014
-105153196777
78111467175
190324104235
-90102350840
-60586384145
152711158893
47354774235
-171106099403
30514411727
-86095344457
-71342634886
-14336815332
-162841888090
2240278952
60117377492
-108327522828
-242799129203
-98224408159
9406497282
-53738354762
48202025479
-55945995600
-60692681182
20611607754
81321437396
-246901463778
115188272738
124380417580
-22708034392
-95103943960
123741931280
177303186238
159088178737
-52687939928
-52505278698
144184299377
56174573613
98489218219
-104095414445
-77603346866
-141954287821
87955011112
96875673297
76207987009
59894524146
31604449499
81960565644
-75072556441
-197488176960
86326691399
-170941557357
25668489444
4660441200
-18997559736
-80835739647
33144973235
32716316846
-76615627874
-22585107714
19564669219
586974190
104064486463
65607224853
6900241975
150881693260
58461335876
-159323202149
25391247220
36865349149
-56497401035
154437741189
-49241434272
-167920477950
39259827002
82401179177
-34138560428
34406527218
-173247600364
-72025606673
-153979322591
-70995282151
-81268380043
-172540360731
-65499419491
-75685267243
-158103284698
20919898387
-72693892534
84287190097
-144161942193
-94960067913
46416367884
-91034856527
-109983208304
-98138604967
-140235521922
62079478906
-102150598015
20857342992
95881332717
111860399808
172904721789
-101454909515
81987177900
166325795990
-129326975810
77321692215
124449318659
26858832569
-68697401044
91488033721
-183751316238
-105099434585
-67402586756
43116548404
-20568919710
-10679111236
25702576238
42508575400
-185906008834
47476732124
-36512905485
-117552336342
-160805293256
-189570159052
72352946118
75093544415
13971719676
134379866616
-175454676383
-81926467952
-181000881091
40592838333
26804553753
24924014284
-63965158760
38279975111
-166262129260
81286125305
49940374594
-132121164467
-123873495947
30529481679
116024169617
-69599180760
-142862940295
-179171854785
-119794278638
-191224925616
-136317544612
-71549275415
119415293585
-52890862715
165521047295
-59233764123
-50332464736
-150542811546
-146483444182
24183210795
-7404238125
203137929052
153892192929
-70671121124
76811880771
217829296572
-9612246143
56757286083
53512024467
-147541712688
-14270873439
62720712954
53942441977
44154433841
19921493376
-19290436198
-78995690749
87438643471
-138124622777
-143443203833
4425399263
-64260350101
57312513071
-221794543571
-83856504136
196358804859
-177287800501
-173948935063
63764995747
-74231526405
135914794647
60996106472
42925390793
-6090731616
-8465091824
-67202734813
21472776946
-23504089522
27429633383
33758759103
-17246229132
-67312814431
73195642758
83268164965
51985285324
-65754508596
31368671338
-177757462639
8115472528
-3620134129
16527906296
-104643061478
99808193516
-127149932726
55243735786
-47256481321
-15296854187
76179975168
-2864736939
-164446799240
113987824181
-139184085412
-128120353404
-2656667489
-72919425820
132882071831
-104522540036
-41738440827
-81044101010
93503043529
44835054180
95422860071
45881354587
-143199927356
70110114782
-171562676580
-34777657758
-79061722016
118625415721
-18659828933
-65462907766
133344324543
-56237826993
16063456748
-113692699701
-24188174441
-61872959257
-6127063728
-76631525254
154984702837
-85081311101
-139113668141
54898297061
20115348877
133014889290
123252112049
100360155231
-219830540183
-79016725
105174371532
-63138700193
-250241494911
-66258293551
209775628193
-71405273844
-80707256089
41731690370
94884227041
96377496893
-48084455382
117143216847
41927658943
33492688162
21131635606
-22714505944
-78316573668
95254927801
30269660375
56962173785
-54105250303
54211277901
-61455592810
-66224240181
43416806088
-126279190088
-29819141001
20529507050
94912130104
-154849865096
-110186858202
-58349894886
21879049631
162047820164
117853362565
-73786230911
156233902467
75504490810
47914517722
34829751310
95394829905
78114097786
4480904544
-127652307903
197584842644
-42064613179
-18903246266
111200062126
-43690012947
-39754780827
-77235667483
-98387722207
-56925586606
44513708890
-11723595180
39384259103
13159253584
214200760748
74902300287
78863340167
216887887429
-29999255880
2812766048
88532720998
30764515976
172054179423
10244474772
-87218635649
89635921057
-85861486420
-12071155458
-52020204320
55995258733
42639956812
-32060580803
150997551375
-163789621075
-77751606973
111085349823
145278775122
37741937259
151670792390
196405667447
-83182993106
-143358146525
172793631212
-129366367612
14484860346
-16475238309
66886315842
-3288339368
-182605056374
-68692398514
-37506445270
38028179442
60137311497
-165448751115
-182733644021
-60676380073
12397534981
158476674084
-208449164458
-30374978631
-17420461989
-186085814449
44215914039
-93258326276
-204149896686
124045390269
198709414206
-51151399726
17362341346
38806070930
81319205847
88986597616
-82845790522
-160545069226
75284852567
-20886089235
17012412375
26350335948
-68178171569
161420244217
100192907553
-19043404443
80167138385
21127802512
60689528948
-82676965058
-172732545786
121997423459
-203474061770
90248686456
10568879326
-168817970569
90919501338
-173570936563
76431503539
-64735455470
-83203451235
96590006887
-81938560894
-59473294817
50727377348
-848863619
-25216684260
2766614239
-47069077866
204376982424
-111324569149
127661932553
13791968403
100962065355
-4930173821
-77255694751
-60247122803
146591948800
-44571326091
-156621308403
-36449382902
6082200398
-75502236082
13801206146
-136415540509
61846681795
79211146949
-192957611294
153864134294
-174932392039
72114682764
-72647709097
32389503475
-142670096289
15636411633
-570954068
-83555720962
7791508187
-71265966288
44805413710
106656189265
-151888819711
14837939237
-131921608729
114020319261
47278699492
-17889095828
-173328772980
192198539181
113429646141
164743874011
33792231091
14488996741
-63748560906
154895512728
-99336622686
-9281714674
78329018530
50748891402
103139827793
-166549109373
-81145502081
38094570746
-35160849399
165945885276
118350066599
32418966995
5019481115
-142480652595
-177612780348
166447071118
114792845566
47413543820
64142942947
-14936474943
-130526954282
38335977646
-138372862278
-14729885908
-25438491718
-153748392782
74057582491
-211227178837
36947144237
145015485947
-16249974298
115744793878
-41306688390
82881352615
174598997359
-45203614754
-60800354791
-178982778319
-157347355517
7557358105
80848726489
54424859312
-88239531604
-78054774759
41589640340
43538959065
48413590643
8643632488
48299754948
-70017251725
-158998404007
116367945110
94946054601
26568285499
139299742388
-150921954176
77855848083
101832362069
-109044943598
115581827098
192962474640
80185225229
18028880900
127342649506
-130566325114
73933555551
-90640701315
220911197176
103063562287
22753677430
-12751474017
-173708830473
86428878665
-47258739805
-72567299469
-53335513165
-13962092639
28941006902
-41111424975
31888257717
15703457739
-53312498240
-3661528063
-186482002659
-83626665106
138327282755
76341752993
19856289942
-62048429104
38156102883
-205483341700
161068337790
-84838222076
174313498462
45476817724
-6790705125
26407862717
65602119123
125440307998
-57531021456
80684846891
-9349696620
133657258854
23615430330
17636134101
-135203074848
-243377859575
127976529748
85835596993
17013671938
-269860485569
-157556300211
-115186983933
124568084295
169077943993
-34239634554
-81574919358
-77884991762
97613022010
87745357554
73218875214
37464747667
207331926409
-137724546477
100972758130
-223499414527
217263508441
-77153955676
24272123878
129667427835
195495251
186722556492
88883788624
-31132116566
-92957984881
-29554451038
-29585824100
18493167630
-107356286128
208505926571
-68919931686
202449452685
-48717393606
90964710099
-37160626864
176893838959
-5290929996
-160743358508
50443973051
-134920624219
81300387899
95975246311
63141560013
83786102200
-71452638411
37406265270
-170746434719
39736156919
-126657780712
-176889183072
14299082077
-25893805970
82747630449
-73531143585
-88238581385
126772028328
-176452731261
20805296091
-109674419355
-111057994796
-186792333665
92675358473
31790181742
37689784635
46591603315
57312772297
89554952357
79512003994
33882262992
37003012535
-86715251961
-171146065064
-95145141090
-178642953017
119764038307
-114490141973
35984740027
6863980464
32666105916
75608935148
157824709909
-94771485860
106359354056
-127184952562
188516957476
91602061136
51965294754
60665430564
46731901904
-42872790279
3497507014
201124056397
38261125700
156911218097
-176913783796
-70923771032
-177698463846
44674945174
16846787613
80457542363
-134329454436
-238314958283
-178593077708
12788922916
54089147545
-10283823646
46936419202
-64274809718
-160264568406
71980064241
-4957865604
-10794131485
-183603691424
31608442027
-81450291515
4055801698
-76454625041
3561782476
-976906504
19441560109
79727187230
172077598220
-245088905600
93701233995
-48310830853
-110343783076
-160176407839
45045953592
23233606202
127652643996
-55448042655
24350107456
9841793332
36941027355
95219294932
159020331488
-30421909153
51884276631
83305878084
-3283395772
184902506388
-158740903938
220605623201
-75387115847
116092896396
18787688139
-1326417463
-15965906840
3194361160
52759963124
-30194932027
41160733967
105002193000
53109457575
59953557956
-61083830798
-77395296085
77693597096
-11886430967
-77436943317
-88170953565
45484379196
-159391232350
80687038146
-110459943284
103320133159
93193165796
-47275941200
133402298897
-77183851021
-51666252764
-193660881309
-50505601811
-103053266376
-167083172380
-78622803283
-98376914329
15639014043
-60793156409
-179853517158
97759643711
-139460924014
-93749419254
-5044811907
-55519831780
-81157161118
-147006073612
-129675109857
83957892285
-196709357215
54410957303
15515069445
-175260349302
64954616464
-13542415793
121342281849
58891818410
8706041155
-43640763571
-155323593882
-42321917068
30362468414
132882071831
-16679955930
123435179074
-78579502843
35783988916
-126811693423
22364535782
-29316482511
26375885047
106994429734
18661171383
34888518805
-58635048182
93277698754
-72240492150
4273896019
-18914466514
65797246117
-45161861037
70412713592
-184656357696
74504814991
88123408420
51128436456
29381735467
126238703828
25403669668
-77096779692
-168391620341
-126343146790
-169576712891
77829000287
-56283626458
69392684608
10205085465
29893446118
129603533163
-129071177174
-59359078370
-187645267672
150901253983
-77814401852
33744003379
88078952688
145071119511
-134263179891
-94254854247
43368079504
-579968357
-145362172429
-55871745586
-56717151395
2829555890
57975775072
36853665572
137179435764
39875988154
78908004479
88613198032
-158975695734
-197806519576
-221897008141
-71153994906
-83281197515
43080731031
-79958134898
74435117756
90238731534
-123247398260
54653498426
-74421130250
153482634297
-8213864305
-169696522531
75435466117
66191697905
-23217107572
-12187962113
120941413992
-83888657702
116067774331
-58168466782
-80192723471
40925443240
13800679735
-148781099089
-46984949755
116998738705
151898342509
4120216961
-59831343397
103146956432
-110172226788
-49161373276
-49063130002
95007999361
54579371626
-92808101762
-108254995307
-39808849376
-165688525128
-3211240969
-141185106195
-113792214960
109880367976
123811208901
31373878644
-15790336084
20539209763
-35670963593
-145856733714
107056634637
-24278726010
-64865179283
4033350664
54888775624
24843517292
-113725398814
-203062253494
-67510443106
23143257650
-162797932690
-175035270112
109003655672
108967320774
88382593846
-116165672161
82498890886
-111483205228
-7811371135
81544971422
31135609096
-45423517288
84648615674
49690650531
27651423462
-153485079419
129313880584
-97513408936
-144193543539
29636575758
84945250575
26238557656
-2879872957
-88064811517
-72822807272
82046708822
-139597375846
-209290860132
-120357058651
89319041833
-26892499925
91580465665
-168086665962
22843156264
97901568507
110008851108
-39611066082
29696398678
40578032289
22683245357
75353055946
182197922625
-99893336443
193034938469
-3868179152
50778888079
-75293382793
8907191833
-19503973482
127976112304
-1682321865
-164510738081
125966565047
-49549974231
21676390541
79389996664
-1686670691
42968996896
-54192370389
-14281189678
-127790054348
-109110214692
-63638778084
100368417247
-66610123556
77019086128
-184849074241
201746538666
127166334961
115448148999
165648666478
10458937995
31204987019
-65586895918
26607659993
40598854993
-163718918787
-38499590975
74077819031
151930656750
-8560546055
-161974253230
-51252091387
-86339906835
66265632424
21494061255
43765827091
41193384552
41370099418
-177346832880
74419304032
-124598637490
53563184864
5285676498
28267889273
-65109805100
73889271619
-54475709104
93661453474
-83932039327
-98298673001
70244688670
-185039450704
-66517549749
-156943009264
52520496045
-21153155732
79799733761
-147626685066
12247504012
137813095024
-66629046029
129300738226
115530238438
79366660726
94463712927
68606934878
-90354122413
76121944537
-4227924676
102579436446
-64926034081
119391940222
161729258938
-164114734163
-83736595349
170151695899
-186063096466
-196411362889
-88492276520
156942839630
91479710876
-13091651966
85825461276
13254417284
65973377478
-42839172483
57246924450
-2850835612
20161242673
47404756126
-30541031223
-57097548491
-83942232952
-68468253401
-208467946175
-65187260015
156012287451
-84688488049
-130731279992
79799233490
51006585400
-129413561282
-12740370592
16478570726
-84578623621
-103078104122
-22165041454
43209698892
-174574278053
-187419112138
11417049814
-63863363417
16731471080
25640982647
35138205925
-233320905852
98342140187
50553842968
47205803244
-186865943221
-106647508281
74830862441
-89519854976
-25326805288
65827127721
150761777561
-69879404964
-160373843766
-153376246537
-162456844246
-58192523598
-31891269766
42332268502
-146670752056
-147289297395
148485688468
-44633739331
-50661196044
-174828863174
-172460660261
115619154819
-133212357960
-96287865172
-214126578860
87437259996
-84878783056
-48696791367
31438504218
-188174997975
-81695069686
54585537504
-56862765261
-84292384674
-87492094348
24792543478
-42929091159
-162410976115
113182860449
-186374658757
52667208815
-24604278115
94775678478
102401932893
77129277320
98583130625
-64012086080
-70287569673
28845797070
198216137492
-28060729072
51415088004
40918825927
-16959735626
-103340844987
-27567045672
-166608928192
-6790156342
144767004094
-168692314523
48652511938
-88287113997
31343176373
-61436650193
87905865149
-30162916681
178997146247
-48044620221
-51969870156
-17415215520
12322672293
-25149637915
82646194724
23061213533
33992989771
-49089772674
-3993954617
-215917333440
92881391395
-236889787765
-1153482256
91392068841
97916623830
87176477392
-184937654567
177189974274
-184115545257
-90952915380
-48413952479
11153487565
51217497753
63334840099
-267158501293
93412854316
-136801560829
10125072076
-87622754573
79579563713
-128423248898
-124441389327
-150502477701
-6718450162
-244680697835
29285163146
8836602262
23267854732
52663471703
8276569698
-163207171829
-12497014284
-80359165783
52068356338
-233953781299
194035130931
148239278283
-144297654725
55898159285
71471290233
92116391161
44021911350
-105373679883
-137135524985
-72083304625
73787254764
-55133822066
-182265843024
-63769421405
81648123414
-95985852149
-145191176459
-145375403419
7903631390
-176260401890
40104155808
-50928571370
-173167715284
-65643283547
10538086498
-172949469906
27591878187
-166418787652
-28063836669
-3407667906
-143047294707
-59267159165
-149044877124
-152132103466
53230287291
-43115195309
-35456538760
-29537968673
-172389123578
73975424587
-47995817049
72793514539
92474727731
40478428906
69158614944
4411167554
-188970043573
-39123134060
154876050380
-44674448700
-176404472861
-24585619270
56754276563
35668553411
-83163769756
-87405733866
109989116713
-76321270786
-94818309873
34549422630
-51142981637
-126028162335
40797739657
-120575326053
103375860619
-175824213783
85107631485
55088504278
125708996452
44017344493
-60942234280
50058404469
-102447852542
-62461461726
47950939024
39478920373
-90924181895
8264964917
73117740085
24641985596
-19420353068
-42482054116
-136033203866
-60531628804
42904499328
-78632486108
-59975760722
45485331012
96732422493
81945038437
-22763103809
-89514320943
-113804911569
104075828558
-40841078888
-90218264958
-15777362742
-140865447241
11566917408
-134810437843
7858988714
82299212037
-83483461068
92806873193
-70568392174
-98312900654
3755404324
118403697916
3970265447
-183648451407
-58265564592
91402954039
45658890838
87231819292
-206916771865
81181034081
-57822247239
54630048272
42207262234
22631735628
-59099797245
-55598458405
-123573135385
75157029646
96100589004
-100406879500
7114608128
89346467939
46665115587
-65530336076
-57242685233
-72397762188
-171687428748
49978444404
-155251843473
145846758482
20392486894
184143756039
133362844289
-140658133505
107734250208
-189681419484
-122223480095
-109156371727
3341880672
-82888286260
-41030042729
22097593499
-51688614796
15460689099
-184786448242
9007480237
15641811968
-81892371143
-95714553155
48440432006
88977284939
-40227464509
143488707142
-11427026809
-112891841322
-6823028961
26638037825
-192630632337
153263148602
-50369437951
-3649588797
67461087137
197628133150
-120927567488
-16778035462
73298605164
-33285904491
90306451542
122005076136
53541527146
-82307673739
-60925806073
23634036624
-60415530084
-207015976958
-163440556879
-104401500401
-76794509642
12108158319
149278275851
-67531998493
-215440899024
37781362460
-134604879101
-140216546474
-14263827627
-49600360997
-36274807762
187728284076
180713696032
-170219799026
36454889865
97837053251
101078277776
194513481191
180315769872
-136554067901
79414777490
218133952794
-134882954157
-120636946574
-174109166747
-18159373101
51230705202
-102865955627
-174967538614
-14221911014
-187683846884
125761151126
-14505064398
71694806321
-128357093406
54022758624
-81992040001
40524955824
-204127188355
-39051553611
-70641793852
100177657
195848735178
65670299543
106077921931
69927917082
108569248517
-160193153244
-80437717144
-79513014423
69924807323
147257735123
-56290535361
18894105930
-99951172500
-56955220659
84634160281
-32477600299
19841900939
-71765031721
-117524895489
-146702878763
99982693372
-24693943476
68245784958
88835293807
717847852
-187327052591
-75925713272
-18406637967
25736891833
-66492006207
179927906764
153410885824
-49824902935
-38282554786
-125080197802
-147353279661
106748549487
89409767826
-16196106810
-92024173035
-56861375391
-129884482009
106013919853
89544338110
10993951423
-99865420235
68504217387
213867059866
-46760917173
-54423950055
43951331247
-65633748892
90084286512
208690518681
-24693943476
-181691422613
71261018358
-54010644828
-146634846383
71620762061
-58011867449
-224215069824
-158183577531
112831092133
12489826337
80702340262
-71877827066
75959068746
-195344037222
-180730692747
88274958252
131505063174
-2997066441
-9219795401
-127121191679
-145791992188
-21434587788
131099130362
-67195707087
40228975276
190526879411
85366494295
-160353021467
-48041899019
-221379393296
-2383214310
-56865090497
43861455946
-155947015814
-93614656946
-72342201130
-38307096553
-82658419503
-152327822801
30771729114
-40745715858
27018791466
75758648489
-86961317287
90572760297
-88027667243
51928585797
163229936829
31095632882
-120226169775
46048853195
-31998545988
-142697559498
40264221119
33950975453
-68164933984
-169679057307
55602044192
-59933555376
61483012686
69319587818
-60521352137
-66980770217
-6129722596
150327954688
-205413436569
-180003990640
97234591535
-1676202170
-39539433138
83893059837
37568750709
13337144993
44356480765
83517691470
-40422574235
125456463556
-3433823795
-42193444996
-40625779965
93528003080
-37121064621
43181525216
-10454649731
-98155022857
-77568302401
104781245531
-7018659745
104896288666
-45453742399
8841517680
-100224780693
48362733803
106761776372
-50030088784
10850762271
-185135883173
-69699343696
-42916094775
-67049754569
-50476135005
-80125233980
-114773788124
-115101083696
117815918216
-178736592180
-95115339303
157383399671
26289945520
-207314952462
66622539635
-37759138370
89795856764
136446338307
-86080720750
-51088888226
-52279937036
13448294343
-63583496331
-167946804184
-65413162893
-134776247337
-200848515874
85461374900
82170183562
-176989853540
74728432115
149129812561
107478298390
45233829846
-140257529600
-42703576015
5321618687
-22901786912
-107100441834
-98139396071
-10523752636
-75181390916
-64131376676
-171032944362
1946882251
-89592020029
83579936981
-33747092796
-61033805432
-86331876450
-244387462301
87243512524
-163960026872
-65739514747
80792225302
200585920698
-189305821557
6658485587
-116398945961
116479243652
-102423019991
147015249042
84922385936
45791863537
-30263187006
47761652319
45068186063
-136461039140
-43943404822
-242224803274
54304983569
33901615210
-213889825741
-181019610083
-48427799676
21249100716
127362914864
-148350798584
106523274698
-75235373179
67347075683
90781478981
104871112969
-159153802481
-49824042308
-185409165884
-102797571042
-21196114195
115585087413
181814799478
-17530890718
-67100614133
-84036587186
-20572745434
-89712524307
-137807642788
-14873283641
-185197001475
-76693559973
-33563712201
-25075474938
-77781854694
-51737400108
98163326501
65626093769
-72470875849
-104039351411
141678241062
-207163318792
-4438950902
-110667794834
-131347032246
-17614071000
193989975679
31625858120
31183895500
-28158037927
123393601730
-54477007566
24350551243
-120707645245
-148790452635
52682780571
99662430027
-66096058501
98664882654
-80901507916
-25690958996
-130875475160
-148988571016
1469567222
122652507833
-71890600881
-66725280186
-154547711703
-173792606897
-58935312857
44662195591
16598056188
-22961149197
-43305841183
-130965997317
-80071517911
-95315577242
45223663423
34128388873
-98305068765
-76891093052
-244528097521
-129507077073
54035129639
153202589432
-96633110026
56560943596
52169711505
-10111239393
-115646287077
-174982070059
33758869596
-192241671205
7820571056
50977677761
45458609357
29246186995
17179016999
-86150104619
-12727025793
-30755395819
-22429070294
-37934431031
4974364888
-20593892660
-14450968438
10125999169
-9228891898
-143352729611
-77257407057
78569200124
-161866665660
-28624947339
24613107704
69878528056
-19611708882
-141456479338
-15374952658
123254820251
111088469735
-79231446820
16840772988
137868911238
26592509557
185717984155
9726481860
24447695719
-180994952328
-71337486139
-128191727882
90408559914
-79746968870
-25429702551
-86587951887
-27765183379
42943295493
75457725442
-39566870947
216602329761
54257382797
94233110151
24793489396
120138548453
-8854119658
-77380868914
-56301335604
-193232356935
-83511116935
-81206806563
11620683598
-173647834028
-63885292142
-144522432392
-199894151950
19859549495
-90928325193
-17222576593
140099984388
-249899186344
42582839765
123296384250
-61111854343
87430652567
-109814618714
93191847316
-64878359411
-10327598981
77110260758
49514975608
-32241671075
48175392036
-154743449824
82159178399
63273255357
15663127277
-63687917341
98929575740
29181175985
184926942557
34256326111
-161592849350
40842295284
118010979926
-81104442336
55495931922
49561692512
2752483868
-90880707900
-25363982251
217115520461
155086496189
135843353408
-15368757910
-46255366570
84610035949
-91686164213
-183811516378
73080880540
23700905330
-109615810178
90159994654
69824079260
43015476370
85465248687
-87139075054
-173847960807
-14102830622
71676630347
47448942903
68565432300
-160312940656
-158153271220
-11897858069
196369471481
119898732970
-88079967762
34854246823
211826460931
-43768717911
-189449041162
-138690113066
10475625653
203679639246
105128019658
-188843546643
134153655059
-88125609767
99272471685
-46491052541
66787206256
8602021333
-20824954978
-6116593360
-53290545496
-128663196385
-226985794845
-100370047167
24074240035
60151058359
-145409726128
36604190222
47505789616
-116473813820
-204359694184
-72176317647
-35266832043
-86984996906
56978272713
-104693616043
-178263312484
-119143306240
130541763921
110544450701
-133535727459
85589453016
214063768457
14509085355
-24895426331
91411530529
-1609568293
81540637804
-156154672286
-81918713310
-20454626495
88250861304
-13651815360
-1529052305
-43024618613
-147738003186
-136601032152
-66709490037
-75486786282
192350184943
30919667800
51837546905
-109180783325
-113301823910
138140382827
42784690061
-48664710054
-187756860706
-77066797012
111159089975
-39214081918
-137087102761
-157741832147
-31820928764
66487860028
199561450792
47185511609
-11926762068
-131656879757
-65512635215
-71841920107
116202107044
94693581979
-218681227442
121754933260
-80676830165
-151035540908
65507324962
-155093976351
-145929469736
24401140765
-17488318381
-127931802433
-231877850806
103579843463
47527235543
-70752604633
-79881107886
14768074634
-4535679355
-116512711295
-165247874117
21765381240
58412571838
27297382577
-85776174451
85572604532
34045539154
-30291341345
210251658726
125570083341
138444849101
201606098871
-137859412749
44354921309
-78300335620
-6857951158
-132685574110
31978269814
106646209999
85016416775
74066970210
-185683693408
31412463211
95112013519
76482396779
171475160273
-130089668779
-17125073580
-176983215132
-45958406590
70767816781
-73846617901
-7755401788
-114289692075
-13701414496
79812304103
-49406005739
-83212936432
-69363638787
36722089922
-185972337826
-233164335400
214737867323
191075760790
45519246297
53814557529
116219715112
-46231370522
-93205531220
98909163971
-58267694541
-178327802227
-90749310825
197508961427
-3658069297
72338622860
-88403528746
-53182299727
209681861126
90529842536
-44377507400
19803707176
77406266850
5659797500
-14373022380
154229586077
82726866914
103161836114
-183155335685
-12939963186
57177617567
131497569115
93354561604
-191687841863
142335016213
-2286947064
-33554128737
160006948662
61671524387
-147780600651
-186300578417
51470791667
110685041034
-147132568434
-34807427176
-46151052418
-47995817049
70648013836
-57210364942
46724547772
133122724042
-14624285017
-8367736914
34283265254
-90414461111
147573842863
-50727010072
-71484773302
-89951564550
-185939666749
-93737601927
27997105156
-42899926979
-66110409469
-65585715854
-81700062119
58765281173
-68245390938
12567410925
-13376419704
182056612965
21127802512
-3181443689
-55858741332
179604397088
-204683164546
-35750635282
-20374756869
-151441007622
-13168049058
-130325883554
28439083033
-226676642174
218059574239
188002820417
-70641826920
-64848111975
-89002877362
-162051659134
156064470036
-166684669680
-197879227560
-161620499324
-46208837355
-142255177915
-68082481343
-42165538847
169174435502
37922635049
60317393894
-74500159957
-81404838423
-100252607670
36007717656
75114424276
15118787405
9344529622
-63144730067
131084990903
-170581617889
-202512476311
111289581426
194398766030
37705485327
-22840733402
-79593922779
-25844050387
113005579779
-65431414772
107075512950
-83159694793
59977076912
69638683071
-168940771809
58488626832
78709475532
36480655627
-158723365459
114512768528
100095668441
-158682515416
56803732072
-62748998291
-10996775819
-87020670531
2512896588
-87385504105
178135262410
-8684994115
-126864257158
-242578756048
28028901436
-71427173364
-70740483311
-179769611645
15981151027
59159928212
66410453598
-181195325857
-67201828234
-97561983792
-213586094576
131500159929
-76837450035
-423373504
-81852398316
-166962964995
-169622467530
-72500854180
-160629967588
-29491946059
100866628768
72394201388
40874490731
5648185818
203619822179
66801747944
-10070373530
-170805280461
-74399689739
74101377302
-207354816921
-147462822462
-84567199407
-157023695780
29260409971
-64857592380
73038029747
-78607457048
46393233672
-52144615446
45771455383
-216730992061
70786204904
-56979049637
167089114725
-68694345478
106720657117
-80355926682
-183080110888
-175586964257
1629218669
-13961280126
56462489530
-87705459421
2085981761
183060956213
-184249153243
86066637399
-155661822887
-162148508192
-138616088003
-165229987506
84451829891
-114782771245
34807173474
-39252400939
62805165086
145896260518
63455747752
-35420530048
131444345473
-22702018153
-998872345
52417008338
-170743467091
84385507835
45602849100
-179756279403
82627909406
89691609067
214544684702
-154348067646
82572578463
46889561852
51639005017
69004754423
19629533258
-83235964192
-61622873189
30024510742
48652511938
-95812856630
-176560168601
53383998422
193231677498
148083048625
-28911109357
7673862237
1116905584
26408059193
84153585548
58292610085
-29056510024
-143804045833
114331140791
2329533073
39416055815
77960749197
40699895981
-145629656878
-11175796892
176901445411
-123195194202
-169166815368
-212133213101
21443349873
-107070439406
92145238528
46710911890
-179918351266
-74503410566
-213356244038
-42830224729
-166096605452
39703111696
-55059648435
-59518297567
97214958162
52105179123
-80387169960
-65985296529
-143311956193
71742605342
38902404577
46349565283
109595624326
-106768102896
86089974294
13667626162
-17230124770
-142420193543
201028474973
-183518650489
-146964115706
-67397409025
16996757112
-17708692238
-89118760338
87629641979
89129152542
138014459076
74969559905
-14700538558
-101297615118
-40086452030
85136116120
85975289088
-81319180499
-67089656261
21411586929
-216899667729
44948883250
175844088761
-144512734615
34287838827
53136640299
-69828630042
35311340053
-120380314665
51821954657
-54176987025
90350642709
-63428229305
-171963669642
158494809465
188171313516
70403290112
23804463850
-35046596456
-32322727461
79588808821
-55470052293
-150560780070
120197463907
-60788555789
82825705635
-204001537729
-60555540842
-5407250476
-184579129275
-23790058608
73637530053
33253065521
35505957409
-54621719281
73326909905
53323374313
100924716820
-71615145550
-8829889451
-235629089743
-65781536452
47319362946
111920392424
10155835189
-34383939711
76664591052
95598171764
16222781497
-53414969689
59747592203
15010878453
-131516782554
-28478343739
-61000958335
23064042547
-158815827125
24496546306
48769071323
44441789940
-133533143704
-89062040158
11224485577
131344202273
5987988897
164069587462
-64933554436
-152954495428
3911881025
63432528547
-4905044274
50071604582
-148574497351
-11781226345
57712400100
3274217160
-4909618356
-155024939185
168238694598
175499912198
-162030604372
146035177535
-32907388270
79194088714
102553883259
8947820024
-140388423450
92645638693
41885403753
5313690213
-53801661612
142504137039
25097725683
-3642010579
-147109891514
56078824842
-151344138437
-98358712210
50284333924
35422491453
-190309915868
33886012470
26308726640
133178096525
40194792366
193350890375
211561464954
-41378558478
76096464165
-115813917909
112369651928
185763248967
-14615333415
131443549476
61369485411
-39913568100
92807706700
-194421568641
-157439319045
-168368094532
-151368261308
99672919155
-50580769928
107031826552
-18231701205
-100157768376
-25259923154
22039289600
53994692847
-13827425074
-100857792772
-231258845968
-44620278703
117616916910
-93427308988
-120328560664
-122601476248
-117033170474
16757735528
-141364672357
-83954669900
133093221095
127341345041
49243932399
-158683432551
87239132965
40973863560
-182376755961
104450234475
-91487065745
-78926794467
181456305331
-58286232817
-66304360870
50398623694
107761540217
36546982158
-95149615805
-36739561795
176000041882
-96546748147
-74240893454
107339003159
68874261393
-57767156060
53953724240
-84830628347
193534472550
59436854920
59988417361
61045270862
33477470201
51389737988
-62717512264
-14021052014
-144603804851
-135931619493
54435205081
17965564557
194524388377
-183759959148
-15874027681
-180654180419
-191480699185
48545183302
-130699752007
-72062786743
47458137937
-73010574100
70904522250
52123084743
37817751606
29721538489
-83942026788
-29425014083
76609099750
-115720957209
2516074945
-51403781572
88764909469
102175179550
-145853578697
-191065382391
84277999657
99345666538
154651135790
-141896016753
-35060908033
-180400774201
17065559859
65346436084
-149786515595
16281313435
-104511530579
-12859963283
14309622878
59186504987
-58046809492
-78160502121
-67066906747
-187421071702
-13179922934
-156254844144
-103195676330
-82914772830
-75805463250
-14538769605
127930364027
39540761647
-223453889532
53667765732
6712304014
14972236686
206710154792
99762503353
203511408217
-27298515014
-73385135893
118802063895
-41396642174
-85972322304
43036410103
-85821787623
-128392531340
-25570846189
11676323573
-15146082280
-165535131138
-150043489784
86295153987
-80140810606
-68942428573
-5498653753
21864771378
13169320875
-114034368989
-15579284095
160262720393
-62901708540
20126007091
-16230518845
102701855800
26600366617
-113016724272
19065161303
51786503783
-145648533979
-131820962976
88900914645
-18949958138
-112596401578
-57342097067
49831238334
-26449553906
188889024526
16447839676
-138883022773
-32952853403
84287727373
55242117245
-187456752865
150021770403
80341255568
46551589082
18684427416
-154648954313
-106317307086
42834219414
-81845834078
98197841359
152137032365
88121163582
-24915385699
95622504569
31931716406
-136471228442
85422318484
76111260173
79741842123
-207161016425
-49699973512
85262110040
-122266912964
-41898098400
-73264499971
39765830698
-186928878424
-50527446189
201225379970
140757626049
22362212148
-162256046458
-74592191866
-69788730379
133951146297
-147598396702
-49971676775
-70587795969
-68568155429
53367699591
121370912809
-41406798012
-244685436982
133231801534
142666283381
17576649762
52383145257
-68229568056
151364408443
-199784773346
133435814057
48654615276
-49155314572
71242276889
-160296534987
85220138970
-77410442993
-15185625143
-54041567703
53149013059
-193385238171
87141309528
-16556912998
213405792964
-55061059951
44736020134
37647981794
-243817644547
101766979418
-147136591040
212770692500
-2093363547
-148343065114
36194138981
39897854492
69749953814
37189266327
67185042710
17906482014
37630186201
51654711362
33559397653
-99946715907
-157083558044
-47976670633
49198275589
-21231411757
91238662512
-79645565234
17475741000
-111750975041
-91957673892
29102905343
-164572483117
21871276998
86382716641
34656363721
-173753268054
108181786434
28480410508
12171720602
41930680712
-10708648348
25865898374
-35409114053
76170410056
-160791211303
48278531722
-64738072971
96679641994
210190615826
17051695874
-82435384895
-137132441341
10870720153
84038705817
-132145303408
-70770501481
-81884062604
-86105281014
-85648647766
-135037173417
63665512172
-197374533692
50337397194
-23004951404
59444690834
117118735169
-22717114005
-152768787396
73370243675
-110360523388
15950962606
18279525444
-40154967580
113192278884
11332266627
-27476922992
-131059356119
83428322658
64036127982
-87234028574
73013266338
11115212523
43472732257
11370269948
191389039335
-64907082770
-82848385747
161052575372
-38949329651
-77874382816
-128646895002
-83608834412
24409750453
-197227338227
-85896034520
52529624216
-85852195202
-88160654736
-33581519962
-81212631141
-38121521085
-177058405498
-129510135143
139147207729
-57375359828
171501637118
-1420802935
114010871214
-36431066534
108233733900
45773416214
-135995013037
79274048025
-152300167789
42518574962
125392985114
10644869305
70114339746
38942877077
56745278267
134565490815
12061268349
-80391855823
-42471328538
66012997590
-160689775647
-77249218936
38035059005
51024697993
84710321114
-58759333752
-29355171444
-166471665384
171851268220
-191883743083
-78159305406
105223143446
43835410982
-186348457527
-80507017027
1536646668
-46032737141
14268859456
192836723963
-87798927010
18160137374
-27560795833
-24803725475
-57546637837
88387209196
23619269622
-244539226414
-89681192136
-54592687046
-73995425708
-5735968333
-25983612590
-191396463324
-78373524121
-150971118362
36549637532
18468164566
5811727913
74030847488
34194799733
121810597838
-33887956585
-52555307876
-45968979041
21308235614
-22530678762
-21427473585
29640241865
184448844757
79037703811
-162495651957
-78844898412
-181200225858
-48829690049
-64091898007
-5653555423
117006556012
-185303455732
71258645047
-90183136628
-131289844440
39838468381
78814337487
46996104592
-116757309198
112421740635
93692900178
127253118137
-37179961565
73954759064
85736599258
-44548374992
64400565236
-18119028558
40227076390
-19095414216
-192370721404
123333920761
-107289779654
51980389154
-5168478776
51296438379
29314033163
-64027084996
-213591931224
198847993738
47117314068
76905108746
-153943833387
50764305297
33401111316
-10745123413
32551415136
-23964289171
-11113927745
22158118534
-129302655986
-169436263198
-72553729012
40731284530
45172290549
69600495693
-66122247849
-81926383581
-47166626940
41633272279
169854435070
-136867620912
-159992921394
34346025112
-170570996181
4957828999
-8118442561
-44202383631
55482298744
48789863826
74351726682
-183223051429
53639886855
-132053069310
29002751379
36039630007
-119879192933
-94664662645
32298872744
-189681419484
112391862165
-179074094042
-152127125548
43937175402
46229646453
-190642217568
-243579408578
-16320481680
-62560562520
55224805422
175053993425
28604306095
10064783069
42195880239
161000851395
98841927258
82875083533
104397136681
-12438591496
46081010919
77389042539
111694000507
83155558211
75031271209
88172700193
8254038339
-71841050306
16428290003
-24249955403
-59111716374
46439101094
8532532552
107111029057
32592912307
-67643386712
-155966331483
-45721770996
193630659786
-77139747029
-123180236424
-50962883792
74369108674
-139915199890
32420407442
34645356558
-254135937131
92114340244
-135452267543
-4199190224
133641866756
-13088304659
-173282424908
-164018915415
-140856468310
-181561956476
-111033845128
183653315462
86562032787
-118103200491
-129434208937
-50529268461
-155803481549
69757325463
102767463298
64312046069
47327681267
34795384070
124199300558
218140491689
-72852683152
101269759586
-63486897423
94240573877
-73131936655
-166427021162
52489027364
86803662167
-49372245168
70880940516
14516134551
152999240292
137182752361
59843636765
102373918413
21569335926
5935162356
27857435533
-62775505528
-101604323817
77980654866
36094326077
-87548346298
-13196156625
-90374478888
199198130432
174270549970
-9413620575
-152561155172
17691821302
108189257480
-114032091020
6119375550
-41842253904
-114318842021
39259375984
-2690224570
-183100099252
122972798562
-135974875903
-150960183950
-188062168672
198504346703
71041159406
-108461759105
34801025460
-183052314745
85653496348
-78133200000
-8252566053
52388026350
-83757604914
-84091692716
12186596979
76166348223
-87752668431
13352345862
-84788196364
93290348110
13214775867
-24677029938
106886189694
17066869577
71217144702
5395775372
129476442280
-3460272150
70930013993
-124028955525
118260396010
77188751280
-184201906100
54825178024
-150739784749
199617363785
69084577069
23834011115
-46470719940
-28548286016
41357104044
74553683819
-19408748479
-65919913057
74576622054
-66633518990
-37676469781
-19828687964
-148060509953
-198301989446
-45710971510
-20269609614
44812065634
41086240215
-104702466017
48520158147
-182688732603
40361206988
65850407533
-206004410187
-134134008166
-175583261360
-167806213118
-143159356154
181096590804
-54842590484
-107732918829
7845894333
196489011351
-49375105896
115835056395
70455675585
40601983474
-30955131714
-137215338072
-189963782118
-98819521354
-55903009605
76940446904
-142916202441
133057358035
100724688796
81384805309
182450285960
-82862528131
-98187223621
-53173561912
19559186242
-54448922964
-157522653892
146743756902
-102584985355
34530012708
-172460527307
25974582221
-73556024821
-69134405955
85953555964
28198578067
-42719618149
159826254251
92265792246
-2010671755
-68567919938
137167025756
-64397924086
31493446433
51979843189
-69318356297
136852980588
64173984431
-92938552140
-41580866465
-193054065260
-7331482364
-254918291490
169668207520
-82330679505
80443556631
101605392086
-93658323551
81513462085
50142738397
132917081311
7314416144
50913275909
40713100533
5652445549
-209588834244
63632507099
-2945704204
14097453145
-166624590448
-56153374060
-5334348366
-114888859127
-10026597668
84715057954
-33035632058
41182576614
-87158315764
90583641960
49710648796
40680111382
-84552003473
44169984517
-73862306522
-153299829374
58611822605
121508931472
19619696842
-41768776471
64326747372
-20075507487
39367923604
-145032412085
-66113444564
26463432786
-85386391158
-56669454376
77155299408
87901884921
104578794875
177942864689
-183623540786
57442760499
-179584379364
34471440321
151778755088
-83175443006
83471499028
24322221361
-77829033148
186914961597
-103261035528
76838252697
-32504764117
62618684156
56738686110
37491463912
-92065771100
35897514046
-173539446104
-210454304233
-66289964681
125637899782
52394809307
-253441646621
111606027474
80139787951
-188680358646
-110143282655
78811374134
22925734605
-85410207624
35269252209
78806567047
-125745455881
98908009994
122411405979
-155054808905
-134518184327
-3103895689
-92594120910
-28081241691
72248706919
84526812551
102780694679
56970877504
30703489925
-181986803518
-46853645700
3665612605
-8926335377
-67115356551
-101632949868
10188660454
131799596503
-63810324614
100722100212
89945925257
-105770545757
81937447357
161569330011
-115308845509
-31570370677
-13979984604
49104863076
104465225977
42975270462
185620789276
9155941069
12590909233
76252856585
-172369623504
66465266142
41457132019
107050509126
111402424455
216037932844
-206005611941
-110026486736
-59794518521
-9657984592
78225935132
1910135724
109322891444
158452109119
32175145049
131588817749
-163838454252
76847343870
-183620380631
35995131202
-38662219025
-110680150386
-108689508149
26350866046
-104658729638
-145460195050
71952052689
-172072489188
41986199973
-96610304753
-78486972158
68515567946
-91674595412
36240200765
140068564253
45599397538
-99446375930
44213242500
62137029919
-84720604574
105660851086
181677485823
-94221569970
4148116189
-146085534306
133076963813
125522208410
-63018628599
35569382005
162586277961
90072014067
92819591342
29603058002
45331405263
-23943691165
74416321503
-129952464880
88829293029
-164417924546
-53339288997
22501313549
109392818325
-200491993781
-206969170496
87657880656
-78836413896
171711082580
-79326898955
-209124076555
175146384067
139849383000
168686372724
39739556284
-132235328003
-44472013646
206502780587
-181337782280
57613199377
-18438687011
75052822591
125894321801
163974707273
112625263519
166533337925
-89742166874
-34365479353
-110624033963
112929809825
-21666731136
-45600115820
39014944827
-60177742039
170660326480
124220251594
-167997579101
35272982318
-6668348319
-177381410346
89235243563
-138776306618
57299104007
-131899152441
25424648999
37462244793
-13969791317
7964525732
-34269935038
-29401595523
-81722036187
9378334595
64136518163
23488618965
87918902282
84491836579
39235984550
20900255908
-164748564946
-61996036371
-50169910765
98964732413
4257891968
-53742750810
-22667291843
69291233534
27698237043
-24366767625
-3213521653
-13762234063
80449727338
-89889039017
-158965534919
155936749976
29410849935
-104937553613
-23978648118
40866680642
60723589952
-151256916862
46083902803
35699450750
-90812296384
214596746532
-131289086687
-92968690265
189021036189
-76613672289
165978899622
89090994556
-90229113239
-33206484715
-190284797314
-188508966789
-96569097950
-4279573768
76076045976
150152839269
72965398821
-92231355860
-117836357277
74639772027
129820237086
-187875829712
153088721056
96832875121
-191983395948
29193602727
-12668667525
-114871702071
114156402614
163952393359
-51346746442
112563699521
-115379822634
-45647989901
23550554628
-214359545857
-140851198049
-206222708211
-227984421541
-364065301
-58969224045
-187727324691
-75907765335
-157270599931
140936982136
-54854841933
77352069746
-160353300518
49419629486
-130862416742
162106061004
74003175862
44984319564
37011029885
-115397036502
130230772401
-28623123926
32127346033
118567938561
13356349064
182891441653
43887761386
121336105690
39504066591
95377184112
-73959243992
163628015912
126337015466
-24807884568
15878712366
-56424792116
-178950694424
188846495226
7362242473
-44106202684
-68422329829
-44938045484
27068180255
110947434520
178935558982
-133991733579
-155112045428
47489135745
55098536610
34908471970
4261590979
-25780514313
-55384195870
-35528071489
102627486885
-189061923267
195778020240
-159427128773
-161554465805
-5062191389
-68316273045
81871681811
4514110086
-3884215468
-156591161450
-71912030922
-71588959527
178160552642
-61942845921
-172321230229
-128394926625
-141845207291
170045218419
-78872792156
59482740766
-150761372011
-104409034151
-198503242345
109579119885
-179940939399
147528973659
46259147595
11647065218
38768729847
-12272183218
193057393907
50822630901
625614532
-3284654850
-85008385867
172806124386
-96770638879
50977677761
-123436042200
49110284538
-31372636107
69100043059
-182003466786
24073829990
224128878244
78426295180
126743264857
-94960799119
47800111640
-59526364456
-38138536146
-66865034395
-82207404767
31666379571
34547669218
-76473752042
-138798245314
133308298352
-139134618461
-182852137636
20085091355
-151240778974
-191523381982
190332657903
-98931235081
44172475969
38484924039
-45860456235
-73502451423
3222221061
97098981259
26593299728
3782517392
23482702259
-211840458318
166460321276
102401140833
-200431927216
-111209645562
-115940458090
-151642690537
-185116144553
-7537999861
25046460219
126594929315
89606028545
-116940407482
-3529548346
26773423012
-52892075950
71645748450
45435247895
-248215433652
-129671759762
131656720807
-76629968302
-226551090931
204691072416
-177333091362
-10230608855
142397469771
38293035340
-14891988567
24547034560
174576681254
-67812271699
-182406153970
17879085387
24856448493
-59878220951
132673509553
22528208554
-27031138327
4851623179
-13464792465
-74926556553
147134300951
-13926568568
-95944797092
-54307735216
3656578706
77871663759
15460091332
-34207320691
-68218362227
5302509297
-5467200216
190840338529
16984696806
195598952171
-58047415523
81725767177
16527041558
95753543548
64661812909
-93436780772
161853294762
-54128590334
46879498859
72859639646
-64567787499
77129768893
52437877345
-27157775017
-142219464053
-40225412258
-83397983429
215711713220
14316753327
94255725898
-6321033545
99277077330
-49971972789
-3759473780
-234367336971
-112309014065
32511804203
-77419683216
-208358449180
85226376257
42725773237
99299281978
-222017219378
-240798821505
-162919643548
-155829186359
22273052699
-187089983648
-72197843413
-29390557762
50065273870
39720364763
-170785655417
-72050658491
-205482539155
-148699646509
-22235359015
-27298286024
121804053235
-141089877450
-75756068109
-164869665575
48536409350
21277496779
50717022925
-50430955167
82236983712
34482510980
-56403387179
-125802212489
55802306962
49756685432
146844577514
37154347218
-90893682121
70412128037
-40088097563
188018813856
50826290252
-124503790388
90705219249
121847876072
48575631958
-3539552605
39077541409
-184575052525
-111300088664
-54611145270
43044339449
-23265049058
-180099702351
41946517262
30571789321
-149634515446
-158799578927
73129378930
81454656004
-92790495960
-60317547515
26598776179
36938367461
-90467361962
-12978554143
-230476487805
-19576773554
-59557100802
-99438717372
-28144954015
-142406470286
30631612170
32874051204
-74132797949
55376142811
-57150756733
22667483068
-100463502391
-148102344659
55945631875
-177876916808
93157295217
-88841248097
-40922876146
-14829927343
-47558161682
-2120775530
38958546631
74208219037
89563846231
8981709636
-37891291200
120434578804
-168473618561
-138243764572
67397081951
-51671661830
-44526918647
-57850192658
-44465679360
-210601409409
-62743263038
17400304100
-20706210430
-41211714822
47381285754
-110572992184
44428234934
-85790382245
140886874869
-60304405307
42747584761
-81625478587
39781381976
-215263774979
-77026859779
40671662837
-94018557512
-48213890689
-44570392264
-159325558835
47790058473
-139697043666
22569802972
-68117622531
-66331978530
-96858945173
-215124371269
23554881554
15516346805
-182279695993
2064821441
-68547672983
89966238065
71418056630
-169880631329
123227305759
-23317851210
32078246095
75776097745
88885604282
-186782953487
69725831989
-169785462362
-15735334039
92483497678
-263134934608
74798966822
61458420772
-167841212478
-143322600212
89952248932
80482919674
61777634674
-51102925486
-179216249535
-163296575131
71368065167
-70356427447
-159056759334
-56630322477
33618820000
-87185158374
-69545657044
-82223334922
53611534173
163364571472
147022910532
-250358211803
80131957597
36449125846
66369507718
11815120240
4306889603
-69333800908
-183236287047
63434172749
110364082132
-169116042037
17693558849
-41719051307
38937646031
103391034937
-83231431220
-94352406544
185939619184
-62116509752
-183749214606
24050193990
-69975981797
20598424343
-110452208349
-89884674665
30968215830
48850787413
-60041476893
-66599786532
-70332183592
-52277638935
-56395010160
9404915101
-25366710371
-25807821632
14049811279
59039599217
-48510294115
-151455970687
-7800616227
-38855095738
-12308062886
-15279501233
121909212293
13451175158
-133377504648
-156471207189
9998642692
60221076471
-135049077345
-69539616647
-167202207719
-189467948728
72782685506
107020158878
42264836098
-1773716077
86768483408
82035332674
-189840819062
82672046524
53002911244
-60151449101
-87135938299
153203996887
-144825261625
-191848139363
-158726905348
5181336409
-135641766690
-69381912309
174015440491
123159486294
79334487886
-5497739033
-76570911227
16590702265
-77313579906
-13865931432
-52065978006
-182752056363
5973984710
10172084053
-169430346205
75826156790
219464610169
143229765716
-91953265914
45187483771
44889955075
-128717800623
64039767580
87425320377
93195156396
-27950063730
163425699972
25823877430
-15407851016
-82377027119
-97710037536
108126913981
102541361428
-181344953761
36310936369
-159999455280
-63445748219
73908304564
-168004820809
37530574378
-85084844172
-49184607410
-77469905211
42022775548
177163139129
-64343416218
-32089747534
-51552911159
-25407309256
-138156374143
132608875296
88803882587
-120367360628
-104430011321
85249347920
-164696335768
-176493867374
-31900623369
119987440839
58253467412
41328935691
-25042595938
-112298777873
-85064509387
4175225865
30338001349
-53508514859
-45896816085
22211031748
-179884121558
-8377521546
-94092722074
28626902553
-146194946696
-53554525325
59215474054
63797618712
61661592531
-122951435031
-28383518570
-177564485752
44839669069
-16670586470
-93337095334
-143336813769
-55973564664
81834218362
96991262972
-41376811232
-159714014673
-278493687
-70367002145
-197525469371
-157535780087
-24157569556
-55760467896
-182580749360
75187811695
51518534865
77740291628
-62925374438
-54197827283
-134574101071
15444454404
-58600944466
81999269072
-82244841676
5023104269
21385359829
-88450006126
-44468636627
60066352902
-216314227675
-64569863947
-57850456748
-147747917119
-13758867196
-60783143317
73902363904
-223174942197
21212870298
85547724112
84560820673
-43397888124
-41383075459
113046977036
-140293151022
112902279703
-47324914391
-13567716239
-184957258851
106997747503
-92361571521
-110526732034
-181713820359
28005772727
89512971127
19488307860
-8847712533
157474229202
-174597805277
-40909925130
104038598379
-139944377482
-65131330696
-142947729088
-211267487849
21003792654
8536032057
-8382123277
-82626248329
80002242133
31388841196
-133758063859
187495529511
-57025141958
-92124168587
119873345391
127673072268
48089613609
-25428290768
-90473981686
94153764088
120695950028
14914820949
-84763900729
-12480776458
29977367410
-57521849657
-37060095726
47922382936
41621943687
196999403860
3337118571
-72604911222
-121529408881
-109232907597
85521234191
-119143710472
-24101529016
129921785966
-5594311580
12840102251
81931058600
-14363018528
35636418720
6053116573
1939343279
-214962077079
-167995200155
-51029723665
65297821479
-165894362438
72845086438
-84913547436
153926122691
14100309353
-85594649092
-2043920606
106212679402
-26565808747
-37029894143
25953160937
-174980561454
-48617796116
98609226484
-82061222172
107438588458
-75549839761
20331333665
84358974952
20546163267
12074439200
3229814710
131598738998
216719919805
31088583073
-11894302792
-222890489183
196571452451
48673848023
45882722001
49950761118
76895236973
47141063681
74195219368
45845850123
-169151646862
-178022643455
-118701613760
-30954272731
-66328528669
-183748817846
97380473268
87918902282
27823600955
-132103295706
99114100997
-93007713526
85461374900
86756602002
35528578679
-112185632941
-49312043676
-188357035723
-139951734594
151473023341
112655902875
46808186883
-54103461655
-152954226592
167841593432
-199472205578
-92285968155
127735809008
-155464273266
98078530988
218989461356
113438954946
-71184588121
19068320715
-106511191370
-86993921153
143300494784
8795563087
-54811039762
-26406209164
-25624312704
-148688641465
14577430598
-97786087560
39589016718
-28326396244
-150311799503
-67055264552
-97968412421
98056726215
114840778247
90260114645
-107562775529
-118313571704
-192731771492
-179967092021
160386874344
61377016733
-73102030562
41176039263
-47089695328
-157691415352
21274767992
-169842050649
-18843358116
97003652284
64413057163
-13237578853
-91355693431
-52570960254
60905304596
-59155965796
-44509200271
-79297477134
191030374013
-187283979951
107371800161
110854123526
-96516898164
-195706802223
8668687356
-43930518046
22746741032
-97200228282
-28173232619
191030265730
81510072130
90744924728
-67803071553
-74038806228
72803908046
21072660780
125559019329
-106808456765
61994690316
84611216153
12035550285
47496394483
36901021492
95236059606
-111617778503
92870489164
83256922464
-72192037692
-145384274442
-85387934918
43446261120
44672961673
-224874468727
41667642183
168752757381
23887158710
-212486491338
-85349790291
-166973204319
23479074122
-94551929367
175766288218
115012067605
8711471680
-204508850137
65407590510
-44257368054
25462822039
-3255824424
-39644286059
39056946134
-230616138863
-73635139799
-37028322837
-68112229370
-18747318911
119806699606
-167958256003
32764558335
51127481251
-66240379327
79836205081
2918777630
-73153182017
-155827565052
-44531022968
-94873816449
147830148659
-49272909310
-19686345411
-215323836371
28571058687
-106332157151
118123699527
-54581752770
170310145814
-82866565383
-86952601263
54568763901
-253838803039
-11995856431
-112363371464
-191189794880
26217795177
-117490344100
-148592760910
-142497999179
22172704626
-140509633051
124509138408
-86243959890
24593249460
-142471411744
103874891547
71252418440
192383393215
30118245329
2856282864
81333821640
82661197389
-86406156374
-199016284665
-90553064767
-209232222810
3780042366
-96333784213
100626548550
88076648272
-71532193546
124744764503
41647680783
-150739542652
124290853551
27711174266
-42456574908
131920223177
-170256327600
-66903980740
-143372537694
-27423863507
-113925572634
-27041365722
3127456615
-31105230069
13874665497
-172032559736
75112747763
-3014779579
140550191230
60326913163
163863400006
208713381657
96515144985
125286661358
13438243641
142719021014
-176518132592
-215917333440
87611951649
-53270166040
136418791270
-43554128855
137632806443
189683599216
20884261289
-80447238293
42794518344
-160628782705
50268490491
24581475102
-35885005353
76353121896
-125715334463
-215092520405
-155979425215
-48216029255
86150386233
-25334426007
34694219482
83483618444
75339822946
-90450444396
-66487689893
6546546984
-12851889720
136618741719
-64150776118
-18791761705
84080349073
-141520942944
77459556328
6238901976
82365129228
-193622532307
-108572776607
180380651296
82517841954
93077290562
97021002132
-90707316911
-93578716519
126164463155
-108558052356
-74678964434
142226356190
695246582
-54287372385
191671714007
10404242854
-141492563081
-19112641398
-30030256195
134637881399
-163050021637
157784779867
40661265037
-245691606827
78643370618
21161058646
93629583016
73879310351
-8086234302
46344723285
5291615786
62535308106
-55633403082
-73922824310
116473168625
-192641863629
150282365312
-109021110470
-82464647241
96267201591
-198044440316
-62334348793
-163632191302
114483855159
-95526053292
-27848547263
-74877978620
61518632498
-81261472575
-17388452226
-121563944114
19215180921
100257637030
-77665844555
-173270682249
176321735088
163621529423
84584338895
-114712667074
-46966449413
154003763416
-182892817150
-133523071790
-82157079005
-63179925687
-17093799709
74825820773
-88805924554
-104063466919
145180184403
80015110561
-121414195409
57820817088
67608313196
64237191449
38567702486
72409167081
-142686117040
36732922725
57752283845
87830186470
-70398481779
52408300263
154493667662
-17721113012
49486542985
-120715888242
128811570228
71753718976
5889042984
-171645781291
123282332721
143383877538
-30242124651
-147814319311
12745277918
-152550783502
115551670339
76044475964
-86248060535
-59603640673
-47824109430
2579220073
-149377920097
39486695976
49831842400
35752281820
70621858867
-9698835252
23698219146
184649140248
74606935663
43596524165
104346684565
52551491096
-174336548800
-78351901610
12957831674
77332751092
60871001232
-25221130704
215793770222
-86437071619
102466644084
-149932555875
145792590138
181973733509
1778962373
33739144031
99787879801
-180562125353
79391030121
34118407810
-45531691020
-117952451612
-188497836897
92570771186
149956744878
192288279371
90073448423
41357170725
-172686954298
28549097818
75492395071
70817126913
-21930582031
-17148262098
-64238422039
105079177549
-135241262748
-19617670606
-141910186933
-177106590547
23166384083
-191187565867
-96601270184
46974825108
183918129614
-78428093276
56353195585
-190659930266
-118861913530
-23779912856
-80830334441
-75528992924
-152369237388
-8591689525
29786408234
91492382154
-124421234349
-135727697472
-87570160037
55578110080
-61055712504
-24820189513
-51058041306
-59618274950
-47805547354
-145672171647
53361165762
-116805759129
-169471440041
147939043839
-5875586631
-100272248062
-232674560879
-91463454281
25005088618
-206726287496
73820116449
-160529772100
-57817626108
-216467472791
-104337414727
13505647287
-96528163681
67470887906
-206923834996
-26818984066
-110931941159
22686312815
41318716715
18426848023
-89834115103
-41128824732
67724382318
96902600935
-116228456114
-61073407382
70796713829
57977316295
-79183587074
70866628205
-26163175255
-181057000722
68654231194
-58660092286
-85918254860
-155113286023
47902768260
149279105557
-92213418460
94161355784
-45105474409
-114379146071
129619308467
-27171625713
-113983854116
-71728374689
-23835644326
-154089936633
15779503587
-53036469518
-25733039616
171571663301
-78649258642
-52374094498
-20485178985
80148123818
-57950308508
-168261535372
-28861113940
17064359678
18531536416
106685447585
20883873401
70385581338
-60434720709
158561629812
-187737401523
41236693739
49934213064
132965628257
-229438177260
134332439133
-133715341250
47719305114
14782957783
-147273761929
66183018078
-58403637317
-132532498709
-95453848102
110518839787
-91782445367
-158913646147
93334172178
118963944190
-133337309374
-96489169006
-115077895927
109284135029
91681194109
-4041457984
-19112851174
-23258484902
-132050357018
66980504534
96507158961
81207145759
54912300280
99818765716
74877677456
-150029793096
73457494624
41716059587
-58353285569
-104990495467
-137028055798
87430049241
186402175564
95212724795
2471493847
-88477637489
145183744552
14598351275
43512055110
-19771303266
-228435878600
32467425589
-15217731506
70382655790
69115611056
153508746646
51804903939
-88490536897
188238890877
80086039210
-128655707432
-82172308756
77933461129
-169198201179
-33366417687
-21368580348
-57255810642
184600124787
-61879025092
-101702668701
-176583233697
-53225531378
33237373439
-87837514368
71983892902
-155820156575
201469488774
34840516498
-51905826953
-87578671560
57285751932
58376682267
-63010043799
-117092936182
134376575708
-284587935703
-137400081762
-17401724150
97031514103
-69801374916
155782165060
30402001664
91447699155
-90715512581
28555419597
85697515216
-82370871366
-65828019508
-161607998855
65719746937
128109088406
-55699504170
-162029710745
150978514817
-87048959225
-92776828071
-77843269405
35160354961
-80972014772
147530922217
6527321014
-170462208110
213005059992
53842761029
184408717943
-156245068021
-87312869103
55155090444
175446829409
-36199388499
-233908072545
163582203802
-1181711850
119897671128
-118065263949
-6576099125
70161193026
-172560028500
-127743040440
-148890182966
45420344490
-63456508293
-145299425728
-49580926440
86664627768
36122352142
-47567671195
-132165265775
-7943149515
88889278476
252479083
-241932359741
8245644481
-30166521837
-3984636337
-42903611515
-22179875086
-197541299037
-92921864071
-122966258409
-141588217063
-254341942021
22061385106
-5359748169
22674320731
-148737832777
45675948621
-24855653829
64517382784
92630059641
-127273452085
-159489338766
-3338688956
110367587995
77927657211
-1618113978
-176345694610
-10114115801
-150293080424
-156740872166
-60674138845
-60545668242
-1855803744
12625974337
97468037001
-29061632842
-72517583868
-57850368703
-47465878377
-38360040877
-81857542348
40302954363
-75694619467
7592865796
108660453617
103656624368
43259490203
-195618162948
169503576780
-90685864762
-13874254759
-205961968877
14380675503
93456567387
142863884945
37348271640
42175712648
-124317085360
649568473
10942309620
-29349328086
40300087727
41923272903
-90750467579
38269663889
76758573386
-69792878680
-181861815575
-168497339538
-30573559076
-105040497004
60199280021
-96731082584
-72815264360
140337882451
-81948305603
-38380777445
60713892046
95610761903
-125657973451
50851407124
49227384212
73696398858
-63966588491
106616220075
-196578690749
-51022042415
-40208728613
143463961061
36100080171
71456977234
-192823931229
137625902684
-15086495054
56904661185
-186909391799
20171214216
-11565095758
-6568126196
-66857945121
46344443597
-185626456091
36429247683
-51150657994
8144561995
65220756908
-8829096428
106881626561
-158075595325
209101548278
-173095739062
67275721122
89945925257
150149765161
-46182869873
-42746777236
86200359677
-36323878846
3826615732
-36411716397
39848371146
-32799869953
18872236443
78489919314
115110076049
-186869845412
-172716538858
-8052823103
-79304567975
-164133930922
72303650924
90976886170
26303733240
-94357910609
-73296038785
-97906955416
125290099399
104875823155
62070442279
97914284238
105875226224
42420152187
-202789002835
-74387423936
-44484216702
142444559337
-67351803025
174992432116
43345514356
8707601314
15766323159
103701065940
-92561089561
-28127540481
26988872445
-193122138686
-58401054050
80052020019
-41890901709
-75582142911
36992332158
-231733574165
-76509087614
-45688400425
-158935722555
187772308673
38089881531
-29102808219
-89352781706
-102482215514
5898751853
35706752547
102348127765
2323278497
-175089957975
-144266517627
31955778351
29981423908
76952842185
74336329084
-56276312488
-71089506583
103311153468
-77021498513
77633072245
100498730919
33981626455
5179968659
-180724332144
180265324518
123661053757
-80168809332
58296281218
-156746695661
36474120236
-63434905719
104487390355
-175920278144
86164707843
-69204490186
3497360020
43531042121
1550165285
43743908535
-72719476898
71357522103
-148598103488
28381405250
-86328392427
44035989100
2391856230
44170930390
-191786294610
-25998268832
-42737081091
112234479656
-141639480003
199721190255
193533147073
122138519024
-172830847065
-57496539551
-193421961119
-140926458859
176686514429
6772323157
14254248750
86302467544
83259228401
-31658922449
-95591293028
-127352263918
-7102906974
135773743753
-43325628322
160123942657
-48053070022
-52729879611
137990636474
-112070959862
-27593917540
-230487311346
-84898607832
-45417126427
3896935469
-36879252302
-108193497288
-67786287857
-13340840301
164607885120
-118421307558
-145299479137
68555107498
70688680485
-97686544193
-61860519824
-177364219863
90735944946
-98518611243
31977403393
-83272816118
-51434764687
-80186858122
-181805556439
176415467862
-30404679345
-75222733103
182288812058
-80415413534
123076582848
50323119085
-5607781716
-105438816068
21181544980
-41029727527
121131830382
72492319081
144224958181
179122352595
42630012470
-142869271608
50534799847
-84364899027
15750363100
-63322409201
-172188649829
-47941231418
-156524084998
22180333544
-53536458130
-66251746757
-43941715689
29579544247
91810087707
-97057434141
-189713178153
-164234272532
105748057929
43015353544
-142025504590
-132218546173
43872735130
-174198840803
-81941624785
82328071300
-183349641240
101695797963
-158796543224
136472000304
-173227038385
-152206983056
83027237885
80723920914
-153830999306
80380230441
-174543312674
91374782612
23863956838
-2041708314
-168964103578
-19166658684
-74153679989
-36101900271
-81440780584
-79986097452
167282001404
-160688464485
220642935454
90224942684
12183427228
-194531399748
-4200746149
-39191446928
119976886065
-157198888804
60552834679
43565420227
-198549168722
-110945574417
191044321308
29282960414
-148517509357
164224991306
8892684684
-13329503177
-141988972582
-126347366156
94025891365
167600365609
90732206213
-101253103980
-92803096091
-174277727113
-92177824962
156118069502
-193728388524
9607913393
-55120333195
27342457233
90794615875
-49915884677
24470146634
-52624107745
-173635937803
122090535647
206131946376
96244491866
-85807162970
-81878744112
-47815434693
-192497946134
-19294412480
-15447994081
52656131012
-16703629754
40670448244
4009152431
-124400897504
180312307289
-60112644995
49885039995
-132488084337
-179755140825
-58193839308
-147755084917
62788153756
82678126943
-33010423404
-87799543973
-28600515751
-144869717387
-66047227495
83365957004
-58208511307
41488109964
-6990791656
-223256424064
-22293511036
-163858506341
-25282574040
27302708549
-207409063801
-40329675649
-83137084000
77779034186
-165789085019
-134799685338
139313069897
-15325237970
61686560833
-82162954421
-132408226969
78466326710
-191664099791
20961434118
-13815378421
-11089528681
-58383184716
-91863469240
-15379918476
97779765760
83602769512
-239970255469
-58949293682
-173981244789
-138562073387
-60980488152
109276346868
-4484353785
758252940
107970552602
-120863046565
-90471054318
-70673934849
-180043050452
58493780431
-158134440996
-160713413884
197036631284
-54452987325
-25707138334
102636873016
-159732446640
119054566257
119500910579
-110157441029
-109275169007
-138204907044
-96691313255
-21682694017
42837975667
-148609960544
-18127263987
82051685373
115300155966
-22497413120
-62974610206
-250802244003
-83527599147
-177893143478
-171686523113
68967012413
44594144819
-118564584657
50621212590
64741033949
-166580377095
54068264704
-188772453641
11699555077
-177078175337
95554769120
-17719909976
-1926272504
-178521622275
-64280734109
-172743860780
50586096089
-18554249400
-78289091423
-152637958044
-37667081476
35037108165
-25225924436
-167584597958
-33936421144
73303657564
44215742191
-34932700619
76192658466
20261638248
59436142067
133572381751
-178523758931
136213651165
-38025070442
39309956010
123891519570
-152134893003
61092608459
51308034302
137681491071
61577890050
-143060535535
-219944782592
-150146285497
-115519546683
68750134593
-228162310498
-144803692959
-123141024892
19365187184
-102332293741
49777232030
-82536488378
-148538869781
48898592874
73439866855
-27340669032
-204199196364
-128214948030
75577517838
21487575213
-44557214844
115894113196
-22933461305
-101362893227
149589435283
79760201209
-190208820007
-69674130628
105865196455
-182295790951
-23384181240
-209122442795
-109231782175
-233868170145
-38551258049
101972537857
-56414842271
-145101058002
43748686479
43194371557
42580100533
-55479542618
86281193101
24251232210
-12180384155
-187243270083
110716912448
-77105001285
70727729112
-175313444240
43831824049
-4059767383
77102046394
61739636527
-170145635151
162847834071
-10587330043
207156861278
-81413271026
111367306969
-83590319978
82413203454
177023007040
107185538287
53505257101
3322720283
-184196095228
-181540391434
9182254810
-188146214103
-3530572282
-73742813196
79468693952
112383072575
-216217830224
82382037975
-152576141572
-22462088444
40573515838
129910367697
-7883056188
-157037989731
112301739431
3133249916
84996333356
-45050170800
-184483050096
-43426162525
-221661001027
140602325213
34081647089
-226362260472
-70974592873
95442752403
-144106641175
-245744414531
82648102468
131754090997
18700141940
84542416395
36400604396
86446221070
-137978620562
102931776122
-180579629994
18396183426
46944429497
-4225399210
92427018619
-81123642403
-213586094576
-59518297567
-188811177107
70286450406
-3298262114
-183124322943
-56949202264
23859692615
14724641845
21248111222
-148620202224
27256280870
-144829646580
-205469057141
116720780046
8526370054
92938796137
36598780218
14286635797
122717129369
-4476563579
90333505249
-187883882984
-86231193885
114355971723
17899756936
-177430164037
32581342467
45571895370
-56882213694
-98007673548
27684957125
-75412436874
-117990046760
101968280508
47129278013
-130791000486
-133197115785
-135643788706
36535215990
117085422501
198334484565
-75669981547
-43586173859
-61963681456
-163348175845
-41080221427
25832976072
-160062485204
78000160910
101262190155
-31927771153
-64394110837
-45006502271
217887050590
29563503183
105001224055
64685545663
-16624670675
11795245199
12614792565
-54066878590
-69218940159
34020341712
-124344363663
91205457241
-140099939675
42000290520
188069695509
51629605174
118131490541
37858665289
54237507599
83954333866
36335818363
-41280709563
82850046509
38892512193
-52580016475
111038431996
-99684647647
-173905982596
-100630682333
-85919606414
54639470656
46398606278
32749617972
-88756943436
-28178809488
10544904258
46804232444
-48781415319
49194301563
62583022940
-256589019571
-179176353863
7402767832
-106477329374
-59228697565
-36167798514
209918957804
41131702083
124829386170
49678740157
147082404470
40955488072
38979112707
-102701781795
115332343430
-198842972817
37127366781
-87777402021
-60979446693
-203739018314
-70739279670
-87865995574
105002198760
-56647150186
-107126531017
94708691898
49600599725
-97543111497
166628571321
-69104985864
84282299708
778791210
52552606897
19208158815
20936619402
-141048635553
-31664489626
55406718171
80117478142
-11044840395
-84709248013
57714365501
56035982444
149147835530
-84945559593
-11850051204
105247935819
126802983091
-143526564135
-51911143464
90438882947
150012244701
-165822495182
-79988487193
-30608995284
-139568437095
15153698578
-226682383732
-73041254347
-181730471397
66300803144
137909840564
-190106180345
33599318135
29465823586
-153189123690
-77543366309
-3818769071
59295810650
-136715843184
-57039915794
-90044123546
5471178007
-54957238281
195444843927
-149041450768
84572198214
182200361141
-171633979451
-25608778831
174038800343
-130238238599
16435054106
-2643141337
-50820350428
-73607005528
4171431876
-72983937746
-1431476723
6796122339
-60376918971
73895394603
-177554593987
52942679596
96110242918
-131748181332
89352329000
-84994239967
-3140689753
-130356237761
-77770449230
49057434368
113455865452
75627240294
-25149964495
-118121799689
-7506166157
32137541972
70086806344
64697198434
156181148287
-60057268478
-29794414864
-38795469035
-174906900504
71533662995
-79859344400
-66754615144
178195778421
23123336675
-94529244666
-84267160539
19391080227
-18432795300
15583888992
-113753571036
-176548878093
-17094051322
37409988921
-74073201457
89634867280
-122539509610
-94822777306
78054299775
-18023692223
118717553822
-20312963171
99559382817
-89641265696
-209707321197
15641822930
10107144911
-38834157681
-107566140497
-83592990159
34299147834
76060569823
87344191303
138383873424
-169760629648
178318901480
-109162934751
-87637805746
55439816770
113161706335
-143191963523
164464684001
82456323378
-92151309693
71888898683
-88593030342
46084525508
-129437678347
72375339807
77913079530
-60085800582
128252784019
-123684737668
5915733272
-212990555043
50070191974
-8426568987
-169518697874
34693510669
75875720897
-100730235923
-156199537048
45960459742
26751095491
85362553306
162728581347
-174760844120
50681152309
68090351490
4102096727
-76968602175
144310569003
1570401938
97236594065
-290949628234
32206638069
-90516920002
-121031752802
99437637967
-81147584133
-42229832107
64047771791
-100392638442
-171744137268
-76309392497
-75111151047
-153557019835
-169401598916
-270662927573
69759675631
-92429016043
103324758651
47196482454
-60871111185
-189274000617
36251873196
104311158453
-57777680394
-184785927645
-85330981082
1076040582
16525081157
-52765520612
-7033066205
55869431044
-87495347471
-85327539138
138588895331
-154458349154
52553846699
-59998591405
86340650257
75761539812
-172879670362
-8642117259
-8277817085
15346138265
40284863449
-14310510819
-118850185983
161139747656
45408533639
15315699425
-23495018316
-135676552356
-132776026376
-121735286087
-41357284888
-167841852875
82845953616
-68879666451
65228086859
-81299612386
68317746000
-158693842950
-94215591813
21879161470
-22392975523
-40581467052
202372331044
33532863641
-91896321190
23034771794
-63335281084
57222727311
92568763437
125385897463
-27912581608
-204474921788
-129650404994
-76746995313
-170869392999
-176043832544
39473425085
-9952419478
112307644698
-23435845753
24668924880
76154851862
-142268887509
26866923623
60993688947
-29088629632
-65749927935
-67817865363
74614178242
-103235568587
-103009979489
75045830416
-42006206401
-162438037646
-62245242998
-77505063038
-152900052898
20999065514
111389748397
-62291856460
-55818186338
-162171458324
-63486721034
22108971552
48867887325
117050476070
76994814629
-55851827326
-135967329951
-65551090495
-34533497671
-132363104683
45830129244
90960895356
67776600399
180837078659
-50574445462
43890623613
-232396324306
56870668658
-132563215400
-75321019036
-168444937156
39927234982
75860069624
94877365655
-141012635155
74769100839
-141229976040
-12836451941
-177583482520
-66253685204
-67430230882
-230418117926
92747022687
-148867679066
-88075510231
-66731880505
-138825168763
-245932588531
137115853282
67044278621
-167272639616
62511059106
-23804003244
-159971310963
-550700988
-67895619620
-4611333566
99613739979
-63987964574
57557254895
60020836306
23425236841
216084288163
138125956056
-46400307153
-126336924673
-87844004342
22450014687
60344888535
-227445615539
-47748104420
-13708637993
53175822957
47087376713
-82067180920
53351622986
-156239060260
59606704288
41618419403
-75510719229
56822421664
71873864478
-91336290200
24561781339
106770686885
-200565069616
83644169552
-35626274778
-69841867416
91611272424
23818528087
-15301086188
36490860195
28420017401
77721045886
209744905125
63505597470
-14018419160
-43732320875
96359283479
-29382927596
187086916712
48469488880
-76170446304
-107269519552
-33234692457
-13384542451
17316812564
-116770374734
215209813468
127483418633
-167593737636
-36843016640
73900790754
-63703393088
3663361236
74733354791
-5406704824
-23552268228
-147894106853
87098908157
-100849407994
-61073592480
-4006153556
4026057969
21239440997
153553478395
-63579222698
115103024531
-55999114562
116570595633
70705822620
-45501743208
-222338845350
19075609957
130884886998
47800542647
-28905690256
-94743648220
-36039464294
13755804613
-100842510478
97753889597
105063726113
-105574426107
-181223691703
-18617721899
87292265491
-57528951649
-176236073128
-127295580892
-59114466024
-2097181539
119081182601
119046355104
-177975016704
-125871662968
94775678478
-2011204070
-6961692184
93258924688
-241904465247
138696369414
164768082551
-180800508748
152198682228
-31667367888
86085120846
158620839056
119237519755
-178838642316
42877510423
124274630832
-114266421011
33276152487
71257448084
-25586846436
11981156212
-194158943198
-83160820683
-59194389550
-137766621465
76065477067
49310610322
20437197871
-144044700358
10516162271
-18998617218
-85932452804
105164879039
112267047586
64104888969
-176247858523
-144715392579
121847239750
15283082178
-77938835830
49871396440
-66417943190
-215042646261
101270669471
-181699019707
-36160490874
-26017853687
-4102498741
182211146787
16246624266
-74904011097
24887997539
57175420349
139070065219
123724296891
18995799432
35572372991
167394188453
-71609021888
-131222664684
-189548259421
206742581062
9899834552
84022266870
112843277450
84002787156
41650487127
-17157156856
112514465890
-67669890058
-98466862569
83687866339
50835012607
-147327757284
-2219965937
179206477248
-246501933445
-120046645435
-223039014349
-43498921988
-75681626527
186041756208
44214333851
-156515467132
77317003680
-89231926946
-14869367168
-121552762366
11612134264
46909439594
-68822848225
-9775182151
79241354504
53227459988
39543718790
84021241368
-171731977592
-90009851109
-64704634814
60763581191
23551978527
-45861217190
102253828914
-98769511214
-156597454017
8079771036
103385268648
44472589241
-105588573755
134230205620
-65058587901
-40848087863
-78680868162
-174154133791
-4463140018
-177070006273
-87138194130
-105605381411
27649730739
116227733398
-16273582987
77585838584
-92269562849
-4781779634
81840007622
-136189130732
31003952649
47892665773
1411939636
132420918434
111401333336
51826812219
15638235797
63498856085
81408551096
-161088405315
35177912808
-160027095983
118439462106
128137440531
-23342070684
-13742727007
-2199063730
-75433055839
-186046484819
129334326427
-92836058455
-17408069972
-80206860965
1357652679
-38928810590
-148023285268
28845751532
134513371859
-96367637034
-186579580506
41606529808
57465769353
-48945490019
-174403980035
-59755486818
-53099207405
-94570892312
-48587487778
107488149618
-7734962250
-76664426006
188785239766
-56611223133
-73941032773
39854001245
-179397692909
-64016992440
-164761354488
65045307742
196759803601
90618359602
-25902085842
-23264728794
-5687377937
-77081122211
-88659052874
-143769062303
-41783343184
30068546190
97633955814
-183155335685
8985116878
153983382758
222195753095
-41168493847
10687885924
9279295712
166848206386
80324194393
-68619554209
-40054448924
71235831531
135039633387
127687266079
-72789438861
-139681355895
72259719177
1833455897
-8740634819
-63378807163
95719891131
16074430615
102467550
81948199580
-61128767707
-70463919607
-70591051014
-100831850364
-91662466689
7176754361
55441827618
97690124907
-9494666689
-63459333318
33365075680
39977184903
169635702427
41124667539
20718181001
198885181158
-51310122965
-125183834544
-23127268937
-56344771998
-118585365142
-69292148868
97756239101
-185830403158
101605392086
-66875457855
21724337479
8500896229
-135548541560
2539060514
133169985610
-62190354414
134450361668
43144299309
104276113062
-144185162697
-76255714537
-51807813082
-65557475047
-85898586008
-109543665155
-178480376053
167276136785
162189465065
56757564189
-40049851289
-86694240837
-4030489487
-185954444829
36286978646
85248358213
-207565778842
44076852818
67476769486
65933117921
56153581917
117853168389
-21757374351
152533696248
6827435223
-59081654618
-231948529329
-16580315504
101684827027
47744597075
-50471773382
94487250543
23973883994
-104107680581
95569442863
-85285493220
91683030800
-159805362461
-98485572597
-100696993027
-187054445351
-47049610682
-24653537786
13914413730
-62672685452
137771676691
19037101615
209113659837
-45247966374
83654657612
-73606276698
130740172359
-55063447249
52299898842
-171430716114
80339111915
38951529632
-84283679925
-108073026314
174910442094
121928106765
11756329557
86031538259
61332852746
-75233176320
-81543751162
-46623255802
-45292307987
-44199444992
-24356292661
109396424314
98293081252
126667472678
24495236511
-62096226887
89025066596
30531153379
118806137250
-20407785880
-109000665504
86970256321
41989886140
135378493251
-60216357255
-159291247206
-9391022804
155878568113
-86712601914
-22617424489
-60511689632
-79287340358
-25854960826
-175733176610
77042528631
-137531218778
130949993990
46504649822
77785557036
-54720008553
84461520138
80767947977
-19014273392
-50405458408
104076736167
-19744782130
56747110570
61277226208
7066021363
23560554063
-88851226724
-20433512669
203379596687
61360920087
63745235403
-174281316112
154621761862
12892103884
-193029923546
37314518253
3577110102
-20197115663
49690244063
41353881287
5868175120
133560698687
38033414433
41970047662
-170453853735
-58008537152
-2715322148
25600510177
24021612235
26860070791
165582320695
50109525474
-128907456827
2832332992
-38303638219
96890938196
-63191428427
36380315786
-195766427664
-79948763742
-63126846056
-69559324461
-146582492895
17806845234
85936734512
-80622533714
-128266658229
30570267696
62664337928
27318114028
-27338742569
8081432625
77192255030
36258804545
-27030766157
-24501073232
-116382041981
51608230102
-64992185489
18195874189
-174639934783
112047147081
-147451755908
79515335108
-65742827967
-104977847928
67623471360
191053578690
-229554282633
-41436140553
-7551882945
-87358578867
168961383587
-109380180035
46549079472
61356803273
-129884482009
12328915577
-30362659474
42363884852
55540106228
-160640458413
-43292213748
-57156144297
3609132915
-195839498352
-132204633270
-108060549430
16449156914
203175520310
-151532505432
65146614508
46713360673
-276508006044
37573644968
180817262498
30334249191
-58948909536
73716301403
54531382248
-56771083531
134551660063
-12236227041
23255050951
-142620655175
-37566268882
-215946186913
-79800159310
-128045422800
163525903507
-169920959462
-120075797117
63572282807
39600491887
10605252978
42675370087
-167868080465
-78836489642
-89707246210
41410919480
98792266313
74729423403
26786766863
39346704548
127257232165
55557743364
100196168492
51268898987
46679797183
201227320456
49816966387
-197954574297
-128292321176
184311974578
-184750201664
-57320752097
-62499932752
73229212503
31064954862
37401414790
-10782960089
132777747494
39429106444
-50369035985
9701329791
20197149060
22078349532
-130846755344
-133421467940
-208024427498
55579950891
13300710376
52744941107
72623213553
-70274725410
-120052804250
131804937769
-26047225368
17241583777
47000310823
121967497282
51308573966
-125574837484
-92320690095
35661799315
54646247901
163063448566
3107323672
-230426575119
-113442068340
36696964578
-27965823664
4019668795
94174933895
-4612423388
156934990609
157007496059
-103194204293
158283897968
-93301757415
-71379419698
-172949352366
39207114703
-163560716724
72278237833
-70899424784
-93704224645
41691342734
-28968644780
113607362607
-173147863471
-167245964165
37067939429
-68290446999
-126119211949
15511482965
-107256491122
90129268774
-35383911111
39542052839
19982585102
-100939027322
73455248073
-52486388184
-130034307289
-50962704850
-151628954125
145449437452
-275008815483
11573574056
-12510944512
78860428722
28065270394
-72601778551
-93133560781
-33169550952
69006880024
139984802790
-54235559925
70780419209
-176487681060
73418961505
5498902930
-6658066703
106916742218
43413164594
-152790806200
-126571694481
123194193802
52654336296
28633244766
51144633940
-70819382577
66791228232
-3062544160
-170114677406
-153253904253
140653349070
2256483037
-98490774220
20561333523
82518036424
130254234329
38075994611
10793037658
-45378711933
-270284095061
-159821015872
47978029603
-190237963602
173423275727
-167247265196
-10362060688
24102845848
-72615531593
-74170258627
-87851367598
21249582258
-80352621784
52153044601
46295969675
92057361878
192995348565
54468524398
39316062773
-90176532204
98256947731
200500123733
171966758024
70135318863
-51395926027
-99313213554
-227368290404
50575214055
36402782239
-51089586273
-163166263597
-3838327003
-36696438950
101803617995
-169833920943
29983351941
23589795923
163265383340
-25345014197
-70513963201
62679051233
100220553296
-16189847870
60530098521
13474648004
-723787536
213043728937
-153041270652
-138135597208
10723622063
-73835324486
38492177855
-93119582557
60517920321
-97902601765
-71879891175
-89755216096
82161633877
73905969426
17652956824
-47362017297
57372186284
-161847081129
80889345909
13730975531
118068396528
125703804874
-13490744260
18993955310
-168535492324
-57986258478
-143770562270
65116939690
81304107626
46064994348
43949888126
98614432010
69802856122
94463303552
-156947920821
-117966650171
141936629357
-116484367266
30481184932
177120934283
-25567571425
22191760296
52677740284
-49150478854
-128617307822
-174264810054
79187746545
-113396679791
28465699616
-60694978417
91797290100
-147504058704
64106824328
91811305853
-36722210696
-38651146970
73919720372
109116419119
196881379762
-119166812471
55952834107
94141438717
50261054149
27938407157
88516860923
36443443950
-165857348655
-89673290442
199886405932
105629844652
-175126773278
129446531930
133063875504
48183742437
53395659703
-155954704895
-25718936031
21438543042
117902322208
-124181072939
137676918164
97577508176
22544725872
186393708601
-286867359619
-26268653061
77390803531
141484224592
-49782872990
-107496637424
77263639429
44794263307
-69903946365
24489352042
-49209859080
181118550186
26252535474
78139544123
22178751707
-16963933973
-95519876419
8720949503
9492925877
78287811499
-135148749301
-21693736175
-72619952555
6143544165
-23471383080
46030085876
-8147801039
187203692907
22577762796
-55938122647
-183102901453
-139442822748
-159772106902
74767313410
-66997741941
144671740375
-245460492660
-2410131820
-5031694050
-96365477483
63233622267
97912041185
-125446589607
-152519754831
-64976172874
-99732127762
-141769151262
86515231636
32000949496
-110508647878
-93413590839
78129964704
-4301348193
-218259534203
-67304615574
127568749010
-162331308608
188700583761
-159389897933
-79322324543
-40785197255
-175600623943
-57427268914
39840282353
85589537442
78870080912
53960994764
117172621448
29386709744
41885067010
-171732948144
87401286336
-51614239860
70620889599
51177790647
-18653645724
-173408462947
-133849841874
136745396218
46504792918
20559880476
195942584977
-12216454897
-37948466888
-32099244971
-90752676235
76743633354
-66338221910
-21018360734
-171414356015
86268704255
-198214944164
39659628562
24708106099
22721067008
82893702942
-45771121363
84124448268
-93295695093
-124639846426
126248845232
29658379878
-176869812558
29184650278
78094367588
39723782672
-104629528613
65445459192
184031170058
-234731942470
-6431667343
171001282494
42751444338
48639095333
24847758841
-140631824526
-43364017036
-25282574040
-41645468444
-9312668912
54546222069
-143368053604
82605483455
-22286044723
-189795829074
-65033126308
-15420032027
-35108806599
31979987261
18350389898
-96472359195
19876990988
-71411223839
17745926207
-131540951856
16621879107
-143029851007
29065696437
-177904291679
-50519358618
-176862957862
-62227088533
-172402207722
11007390199
50450711675
-97489604650
78073196742
81068459572
-1129634602
48108699012
16238075422
-47722022487
-86216879107
-44910258782
186171579189
79301452175
-164142243255
-20642650468
-70413125725
-65380952903
-58940158613
-108005219513
-75382967948
-35562622409
-132502131730
-119408462726
85542622855
-69843174901
139998900243
77188118850
33687673971
43232180456
54452234532
73558840830
76549205916
-4717528488
-8964180394
-145728393582
121217301552
37369916205
31032776339
-93188264124
43212407274
-47283292930
103706034704
23559644455
20139707447
-133614343344
214046188006
18839296250
-47577350577
38380236818
-99864418379
147970304771
52148264490
13746730727
10337738525
-2362714240
53495016511
158177932974
71349853078
-160520491485
-58643927802
39926121677
101307860013
19600999668
41053832786
-32392843151
-56589452149
6637029976
-176400581094
-22761171359
-22331938459
-67012307985
-145952359552
-64937854700
106463600051
70321948037
-221060450430
-4073887873
30759474017
48375983530
-166352324358
-32897783560
152056771707
-87997062833
32959678944
-20997538665
133075894879
-181322754084
106120996175
-42751413446
-12798437652
14169535107
81888429679
106404599888
-99767063400
-41000785130
-168633105565
58318276507
46629173577
168516571511
42244804031
39954836932
-4801046543
-182901948253
813969522
-145516953497
38184371682
-68137139896
34314860316
76809008558
-58165268586
-156473449950
-93681888533
154102496721
81358699603
-85104458895
-159895828375
-162877042556
-173660894601
-163071740319
-158954687293
-110683750344
-243903149957
-49582194333
-17099344017
36381501468
-149680843826
-88621252377
-186517402542
45445419449
-85838338354
134361952491
79641169469
-189470311432
119116847497
48873446779
-7957808528
-79936133679
-124746405638
-48257284668
133843827882
5270842075
-158241661636
82997490373
-39296732707
-112225288714
9808657743
-49886095000
-58783039226
113537483960
-96124397293
-181346566243
4919366246
-15492063554
37819999560
-170372051272
-26674694677
137192442333
-149369937156
-31451496998
61934320350
123937368935
-86305189822
-17497768899
195520162136
76116679167
-35157435884
23806932505
-82109420860
211650803985
70897910180
-55903086688
3611686776
72586436523
112651446640
-99488176482
206649591457
33363244035
-232904982559
-127612733804
-64105853590
-174657437726
-41848145061
-34075465363
125418508758
-42658246150
-14475162731
-133773191432
-153583696376
109396243369
161932269644
-60610558527
-4261217793
-184086812327
-8540724274
160476098721
-157731608140
27585475284
-175190024396
-41209198934
88779988923
52461429231
-164418277797
80489482750
-38652954873
24356140714
-109638057474
39389133721
-178629382777
25213031335
-155860676853
13403195835
-28643882982
87905467352
-6627467540
-140108530739
43024869443
97200936821
63609345742
-144202905657
-184554828208
-137537312142
131772406642
3459862506
-32922290332
-154950461273
-143367384187
-45511170930
106676443106
50628613608
-80768088977
26425340085
-70598891470
87109259569
-177417814268
-170879410937
19770143536
27854985635
-88419570406
-146661772362
-119276652007
-19758166320
36854666889
73418961505
111993588544
117371739053
-51087641256
-70421035196
-186507655830
116287628544
-32329351010
148534435707
-55098123694
-57205929972
-34426904104
-59257320585
83845992249
2395406558
89921395239
-189580078308
-17890971179
40828710580
21718166857
-7466554991
-180912339213
64627329315
-11601478161
-18022906892
-145681712498
113257334560
-3620040749
-44551622698
97225770354
80302579330
-82582394456
-149347136546
-157335500757
-99933392100
161453214490
-40235217514
43485260817
77779156019
-159182415293
-51992779976
37569730323
-200874708828
-170083830909
-97644521925
-55046695174
3785971568
87955435719
-108870341429
-73135797676
103154179375
46321470826
-197161445700
65029980041
12785210487
-10893825541
-9167996361
193518620167
-33484423191
-107790617388
-157253156866
70871279949
-30389988850
-102887913796
21174763737
-88884727118
162877133944
-121944034663
95978146444
-96010684415
-5545293479
32329281077
24599388323
149257389070
-137765642773
-30424657414
-131059196960
43411738530
28945733640
-65129741892
-81284518263
79417729531
91666861099
53200017507
-116098317669
-30717901702
183096095864
-87426588357
147360511235
-44869153027
46960097641
33371551539
35145239663
109448971862
-94636916167
-90470054892
102222566446
137204470898
89774123185
-108313228380
-170283529155
-129958587174
-66514478082
107445577566
-213713397806
-215553472118
61812338923
-65860198863
7881523742
-5536346817
-64034910326
92519533243
83967448140
-14595724704
18124179174
216450032212
25683065798
-48946185108
31474436560
106583774336
37288090034
-103777622205
-95016748374
107165466300
-159569168819
-40353226540
-52613362629
77751211881
-273430261008
-19255628268
-4051853112
163536237642
-69546566232
43830189656
15504024481
-222322689247
-19592101899
-113533988610
-48550660759
-34334714636
22793165202
4040351659
-169533019418
-82483744482
9647098677
-68527497029
53266142653
-17005459712
-144743774544
-36814308691
74781538250
56729406137
-8094778275
26202472175
-53015743116
-28635816528
-68970176401
-90743536623
-127662373085
-167323890280
47152644847
21224178766
-52276454799
152352881049
171101877154
-51155913957
-13776872131
-57993391860
71802333342
35607697203
-171368390401
-67707982849
-87867126634
97393101211
-164929429060
-23004184292
82929354762
17038620212
137568941457
16438661483
23176918238
-39491145512
-75999143189
72211504276
84730778085
38356408780
68936750262
28316715489
-81681372191
3444355104
-79900338648
-62291856460
79744425353
40979757345
28618813415
48364369703
20579383485
112242547996
75137155743
87312994723
-13815378421
87440053979
45375562052
43660561604
-102598358979
49547249266
83828523752
-7961373710
147327497001
-116979655558
94501013402
-32836526742
194773404964
143393566552
87522737068
35063118323
-166985350097
-56767581357
32960964671
-249315160174
903436445
-117627946401
-2561391873
25992757489
-38457096152
132681329062
91440464717
-103121175283
-34654116075
-238478983341
69399994649
68038634452
-22205175713
76958907317
107699112439
-22644366010
18375055707
-71534152798
-101327075646
-175351808345
-68378510064
42667480472
39259827002
-49436249781
-121967642864
120776725735
-59585145764
-69307505526
80522046467
128149681534
109482042261
-93876668593
46161282878
61756461568
-61137089507
28909951224
180847743286
-65704182477
63153407863
86623486277
135746518897
-112155784785
-14271051110
110869841378
-144819354345
-73165014154
22889096570
-104702104673
-93508111592
58638283291
-184720770562
-34206497801
64742456761
100932176067
-42628316569
24132396591
13971719676
64705678786
-48707681226
20386417113
52823127180
-79712159700
-62229693218
120983921231
-151805332772
137933010692
16457822572
120217112940
-9467915526
-96507471517
-120077366657
-36897262703
-98276826677
84352794383
-53320373391
-6842052130
137815018929
120040917755
26703194597
-81064529506
73004049299
-55917075029
-62385945095
94857361598
46545341291
-194039239105
51522579039
-201435303511
141509036108
31740541206
-13484785657
-75333369380
86672810419
-71216814421
-44346455830
37544472550
-73881407226
-128725038282
24170904434
92526885274
140065547383
31615793043
-52939351508
23427696098
97060957924
-22635410091
68674453364
96033001235
115317104895
-5656248064
-40058028527
-70274004806
12480815146
-15681318754
20597651229
-20787019039
114534097465
-67490388539
-86692932362
82603580322
67694825691
-57065200697
-122567203906
40339879081
83312491411
83447323273
1749748502
-16227021227
-87341338125
6759118727
-21959262523
-188867722694
-14610407216
59820977830
-154366494680
43277121671
44641870664
9247286379
-76731163222
20959868228
-73462083734
-44723758715
-59582669735
-103308432838
109496728551
174844221221
-164208425030
-86179244967
-155190523118
-57587253156
-179218732360
-122407917670
-123236147534
28331409811
30363052564
-142551531672
-39218704580
113368924840
-134371662261
-156116767101
3764324760
220200409087
19894684294
-81074374854
65794728100
35642332980
-86730011431
36713945313
-142498587970
-9782851556
109779160308
-158222219786
47446655850
-53980446324
-163900373902
-59083484256
-59103928965
-75747398356
19058204252
-57990158855
77775414149
-38641932412
48789293933
-169680516376
151802744766
81843331562
6504335968
-59796428909
-102153683303
33162282894
-108567565557
14391099207
38910748284
-238968793289
-112867643631
-100725124251
-83296535252
-35434413371
-77048281038
68659143169
117778782314
82116427076
54382511404
-93260117846
74984310709
-68324691917
-76998949579
79155207130
80120274433
-21860922417
64140186414
45326931856
-87848770881
88506858177
82982229787
-57105809364
-80432151692
-182594062531
123446800356
-66294985339
25883773518
-132407788000
-53157633750
33401072373
115605624645
-105919788240
-88261754070
19499806902
152912547141
-47942614993
-222020827602
82191278917
90988159720
-90607185413
51135755869
22731938652
69348205408
-67378896350
-83506860374
4694093226
-20008474903
144129907349
177162855103
76035321458
7438102965
-238088766634
23286994706
-143560037069
75519159831
101023366057
24601078728
-75683590616
-71837463473
25820307141
96871803916
48143853027
-107154126192
-114947012568
-19800020498
-178294526004
-11569675784
-16660164552
20921783504
165057284229
80383819464
8464203846
-148350798584
92731499121
36393380597
-144875062947
-167751903834
-45435618369
-165700021176
150501748914
24844277508
107717847508
35815806832
3014067803
-236732782721
79197661817
32636729939
88982048864
53273164778
38090259131
75421390163
-44820415684
-208578831659
4061968040
29491105843
168588391496
-155805373786
114879306287
-74306439925
148387631409
-28352412692
126745874461
98464266703
56445788077
74406273293
118673162266
70899372120
-21901796852
108177909345
124699390655
-133099468489
-134703464612
-179229858442
-172018801697
164005790413
96311908154
45746359978
50009566317
88514525201
-96965114103
60377102131
-19647400313
-5636245833
181953767022
30363696161
90204630924
55996493157
86393823468
-72207882654
95428768220
71287153444
175522206266
189506133129
-48860635743
-2714320967
-186601045432
43755169135
-180993919756
-59258756765
96821199789
-35105738523
-61995641157
35533493694
-62520265705
179532684981
77240084602
36969882773
88168116683
78261584979
160563002977
-130094699072
41186834062
-67103072441
-147504802515
-82371767442
-80941661592
-42929091159
-151219704127
129964718306
48946607170
-5076447054
48409213690
-166508275537
-77301758948
-156627284358
-60345861273
-166967214710
40608576094
-62229693218
198313214918
156837470032
-45054402206
27727768761
49513544650
-80479943396
56320556783
-124608422017
39797441572
156568916487
202704140686
-107953726763
43448350427
77017705178
19537468512
-227754639896
-186462682694
200989588744
63305947589
108537421212
-1822625559
-42056587593
-12793447536
114394316513
52040653158
-13440285266
91741536232
-54886801662
-79306605973
73204469345
179027656678
86010627199
-24233815115
-23452906153
-71488965311
9153515251
24937690909
-137949862696
176780793794
-137388025071
16986857661
67504620226
90952687756
57647385552
-10951758267
93256501869
-40900660309
-76252659536
80277035681
-147871633275
40477014499
51477249461
7500648712
8774900370
79134572948
-127056086342
-46012702740
118374801312
-11132645423
174410706913
52751651824
-46106276233
-145565312196
105709160139
18257275153
69609905539
-152574516116
-150306439853
43177377367
80955886423
79485695058
-185854932592
68930425261
-154801503632
-151705845071
-226509898320
-74621360589
-54180911388
119900870967
187234376015
-7106181697
84472270823
136454384646
-62617311140
16538524009
156892044059
39563754727
79579390386
-113677655378
18913984109
-22864300070
57997241062
-111503743247
34076721091
25527130541
196659233969
-139655046639
-7714720920
-73727867304
-70763593818
43116288822
-87326452716
113023156946
138904314137
-670188892
120702547443
-16615770789
5103380949
-102647327348
21942414257
-103854792057
-10100672285
23426407936
3101352093
139237091078
-52719097408
120912800469
62117962655
-129426314440
40532280412
137090416702
42742463612
-163157759820
47378411933
82274049359
-17200299936
-24328558774
17532179135
51011572218
80843063518
-108484296695
-156320341768
-109929722640
-68558603079
-129974039478
-85654432514
-112916092525
135109927498
61267419842
72095742688
67758245316
-70083588175
-42266577035
28753076728
-27699326174
83185364138
-46034097247
-167483242276
-70379904672
-216266864282
15967315559
135611637226
43658713251
-40928890886
30053599999
-1827681578
-86352379449
129662305300
127975466996
106890313843
157361902074
146798170930
-32653764380
-49023590568
-85911989331
-188796723039
179837137320
-123603191080
-145169798691
89467556807
-50363320271
16153443402
-18258932410
-114050239106
97650610929
125481032842
-177588043703
82849719997
-88030623617
-178665334470
-68597436871
180002525003
-188570658088
18031382843
118282767837
136990684384
176758783410
115372360239
95161632621
-126775018913
60962092555
-148419886862
36707345787
56606978568
-103293473767
40473312203
-40395118379
93763264150
-102920527369
-59918364356
42267540927
63657658710
-78369148268
-116885934706
-76607213042
26337247334
168411105893
44941972075
-96936575302
65382777232
-139688395034
28330913017
42533390720
-189687603711
-65921222372
-245235963620
-23750675882
-88625737893
5805653496
-129910877307
-238644563301
-108953314720
-96347426821
109927100732
72217752515
-8454808190
-177808898207
-53942300757
-35462200907
166131325805
27489011566
-67389327793
-57798962238
23082036794
-114819988266
208573857826
203180437874
-98774535123
66236817829
4507440699
57533497259
-60528851926
-119689734167
-235712886346
9474620068
83633752553
-33257143341
43399835301
-193900535624
-183411650244
-95442097023
81785466604
26723315525
34652673220
-130539864507
56467283407
195760286564
94540977163
-36473916630
-18493290287
-69784008566
96730249405
-96288282721
206057064774
80557179705
152097638544
27611308559
70601041420
-135665767260
36819676763
-103129351291
-143776289814
84202606396
-9539732526
198434707873
-139241765787
-79306744618
-173412645346
124752934691
87658582600
-74824365435
-131146780758
81343677991
26006116462
169312980372
118624935302
-28528940680
9761711517
-47274032413
-1727259962
101799396934
-61419747395
-181660853920
-10317878914
-122178606357
-35068082091
31106260466
7470773219
-123791965470
56279031142
41348171501
-7935965217
143120007842
53542044486
-220731086159
34836870890
-74013053923
-83688939079
-155565722992
70510692526
220147060699
-50855863436
96137973804
99294047111
32774198904
30740683193
225617076158
-144335313454
110958757606
-186943672836
164273887966
-59665282255
41867422385
111610815292
-247664565304
91542619792
-51859517453
125900035019
-3962466891
96944064132
-9988246175
164398212842
132116252148
-181608475079
-45799719897
44536518154
-63744045356
8847004930
30190869063
-139972309493
58094165755
130165299755
-23954852676
109290375839
-159110690730
133168160055
-6035121067
137865159897
49511630656
-87166412568
170900995846
-163544603646
-64244640197
24214078959
43294004713
25842589246
-57946871855
-41978405507
-158454733989
115377740508
20905509857
160839915838
80777909113
-73210360999
-151017374758
153299257392
176606125526
-89458286797
115685530897
65015518132
-84510546739
194555242228
-254388821563
-110398817679
-6971665264
-141019693007
-73773471099
-91483020697
88495804293
89547291373
-17561334632
14724855439
69974826751
65246804131
180168402574
-123730860196
-171540981489
-234932811
204097480476
-61820753989
44505016851
68854161850
44194726851
-26317660373
-13991232462
-214997817933
80382541502
-78776630929
70297389957
-11028918687
-5624044131
53334592282
-53755613382
79324566663
-59652194602
-99836008410
-207073027283
132044399301
-30542701695
-111748658686
50208652452
76078444706
-5536401528
82903675365
-13690447969
-73754395147
-26729734899
200596065155
114863850066
108069015244
158229787756
13714998590
41167320581
-47714338652
31887740122
-93751219685
-91746531211
128966059402
106871064147
-59412361688
45387911917
-99982217739
90826579321
-209956126
145948111968
102590801349
-157709449622
79011324093
-132001617055
-41023490787
-184802693992
73423302621
34827259416
33364329584
139818756172
25800909589
-54646904583
86675522900
44473289747
-69747734412
88974671107
5231893399
-111980006100
23345540812
10302339388
-177438644095
-115882271067
-2264194911
46453983796
-31669784925
-81804171248
74941182869
-55024809815
48339852772
949170898
-168236753884
-74402357092
92100117979
-174787781532
43016677200
70132707886
-106254865536
-60294724446
52384158487
45138714893
30654233079
-201586049520
36887203109
-88768561894
-70366230029
71004272271
-27456956290
98990395541
-98613283556
-116304974201
19271999875
135247151506
-53543738356
24668707446
-117298483617
34978245440
59343179757
92103143200
-98806286443
25674804614
75417878288
92399732814
-56449909850
21131635606
58229646221
-87313737356
-216810565457
-93611502522
87226733875
-106827521006
-62823710370
-139062561044
149052961294
83847643541
-17974525474
68133084799
29529094794
-23287358503
-168819270175
121804624684
49249044094
-98223143448
-148821794783
-135968356399
-39032987505
-11679275227
-138287677552
-48071261757
96180349595
-28106157198
-40393250981
-160257483556
15865867325
39431629077
-137074569427
119421121596
53122572764
-235710515592
-118235672542
25023827381
-78282213700
82098071665
65954782481
60856534461
-82715720863
58028584303
57031366800
63704975378
-182047705435
-73009752646
15308507526
-119220890561
-210110043786
38461351767
-133682959575
113262660606
-78491853916
63999600054
-58262671800
-166400718820
-187739744963
50765644796
-160394412357
17224739884
-65647713305
-143538409976
91291790815
-173802031134
129188653174
31263325425
210300355059
-95599150226
-207188539244
-4980641182
63555737834
68785422660
72547309709
48250987868
-164977663299
23558493580
55946527431
-136464120443
27116368280
117845825651
-114636421020
-19076776385
-150628395752
-181804844697
92676008311
-173416079691
-173659985340
172299720501
148768292632
105819477586
-165168023014
-59854791308
23018665532
46114666046
41722580693
-97993566282
-119105012628
-37962550850
-122267691811
14416317701
27005846793
127466588088
124794010770
72297298569
-80157038420
164764825406
-5876031041
46543873425
-119176995409
72790302224
-184959873472
-85271932135
88855189248
92800347154
55861262289
-206257660226
-87010686345
-188828656150
-57870820793
95096224793
21931719830
12986250205
71082906214
-16284177801
195374317558
29124903588
-82079572589
-7972997127
-34453451451
30284505220
23790512693
-90368895745
13059164175
-10679111236
20118834590
-17188859904
-64821864421
-161087208830
-29268572578
83746959463
-180680679635
-85903957425
24756786226
-34926428018
-173680286520
-72829280852
27023442741
177417077922
-39156364364
-85577353094
-85039916795
72321588080
22968616603
98755319440
153278267711
178546512825
-208687061022
54084364815
82187916990
55579950891
-85956873266
13052987271
84056452293
-94887424891
105166097379
69932087489
71378369644
54326826342
-25333597251
34398987954
43401855451
-118108758519
25592920732
-89221124416
77936535114
5079823854
-63408396425
-162002781552
-108339038218
-71080005543
49949389800
16048992195
89016653539
22977747139
-104457815314
218414325678
90454012896
32929747055
-184703184754
-23611937368
-175835485817
-88243825890
20595839177
14263597425
62239098718
41665565493
37995026470
-86782607155
8773552588
109862794039
148728670668
172678063393
-162355859057
53706855297
149033049108
129755198629
42690572640
-159756169767
12539202483
-53322727362
-6165402321
-166875330096
-17230124770
128504663967
170361697230
-105788063273
83510896479
88928215282
-192935586936
-30145206150
84674327838
-114750890306
-86111989056
13287161236
129138347064
-130671932052
-50638968220
102224159356
-52772146043
33606453231
-181876630904
152688036379
59392542951
-70862828564
110256495682
-52477801240
-71597334368
-148702085643
-200966735013
40298177971
126212350283
79790155729
-99619086901
-117653857947
-42650126729
-157052976123
123488775919
46623331112
10870997689
98528854412
-176571979624
47248824717
-103570737783
-3539552605
-148134323512
-105277929843
-68888568326
151380102463
19342105186
40746699927
-102230624745
69943016503
-182671464542
-156407400682
-126906972400
56823930117
147185022263
75377589513
-117466466745
-36702337668
30456339082
-84098037659
76908350766
-159459971631
-102734262245
95950444810
21235970509
-137219003930
-15846476870
84962465959
-45229893117
-99258688557
-110949833577
38445272245
89630914642
-133235499912
49568671656
-221026442166
214788040139
61022047601
41986151580
-6722677363
31100947804
-43313157502
-129596126200
-72539321444
42680010205
11554488477
75561521206
8654505933
20570069615
-68532463422
-54576583968
9249376541
37285481327
72742729244
59781620485
43488178928
-3298262114
-168892931131
-158688810397
-34269277105
42947892995
25227735844
52055076016
131361659284
162717241139
46712844015
-165592729533
-45577237088
129783352507
-123215261329
121300130751
38478533980
31815768293
85602106714
168631770120
18153247126
54815872853
47532673675
-140711010998
30888761476
33765313059
-33246324629
151338221020
125720090221
-72589665454
113464127658
76771664741
64885581500
-56109624456
-32906206116
-101284339418
200517494541
-15960411149
201485053165
55450280994
21577392086
106702531141
59846305337
32162097633
-142446020811
32509848461
52326343067
87338293682
76981348036
66880269585
-174854100146
67997646835
-177480540274
-140000954450
173737511790
-182495712724
13098378767
-165465053634
-6174448560
55363519258
-108406124093
43919118174
-40102954941
-7567370101
-11980454891
142123946409
100722389620
-118827348885
-130481711869
-179751100549
-14916901326
123449711896
11385011424
151588178592
91522518013
-160866038670
41953528974
21990482916
-73555803637
-82199283000
12396070790
-62265345068
-85565229330
-130021333787
-29966636373
134212025761
71461465142
60675807451
49325107485
-60991613587
-123348994117
-144801027016
46349868510
-70249007382
-84386816317
-172672508747
30964053673
-209709224461
-160755394886
41980057637
77217936634
146422868786
-73992636717
-42059610598
-175897992976
-149844381243
32713270674
96368991859
63820064521
-214864568175
-156625394019
-56180348349
-38921633747
-99314156990
-55461812934
-82716925534
117421602965
-202635404905
-23287358503
-65174943589
-79595619748
-132591951465
-32424980500
-9879472584
59953357876
1965295191
53133378763
-212323126313
-8528776215
-70906138687
-41758784220
39752266027
-127376207859
119310431718
-4493780711
79561441672
-43483038429
-260814027670
-66170316085
-114150083984
93604616158
70386060830
-100087849153
-88356313172
88211422977
-125326692512
71742605342
9312710142
72104587674
74556393062
37053254570
-119679620841
5812331903
-86419136221
-71790833137
-8372811404
-81114170487
91309355893
126667472678
17856480502
-93543858211
-52322118320
43431998021
-21803371100
-158183808330
-83118136991
19707377086
-9052021529
17948364383
118477020111
-95993488414
-87986390338
-55316491848
-55568896249
-19158318648
-146175118087
119870640737
-155507703081
87881408630
160444325130
166683031192
-75997081984
-68164099243
-49545004103
-136171230887
101876911255
109026865972
-173229029350
169356537721
-72271904692
-111471296856
142209547849
-155825247041
143319635431
-73041940358
105070290383
-133185583655
-157771576806
-141485039599
-41186286555
-20111285771
-117439428082
-65151350021
104673528064
-186995548114
162701606255
-41978159301
22237525800
75834200668
-87665902102
10826170922
7670419481
-178878496483
-85867799719
87260941703
124946237202
-177686457422
193231677498
-106989382844
-83157934665
76209975386
117327736222
-145956171409
-219901655247
-187041318605
40519100675
121225789867
126081260648
138515630219
108079355482
98244493765
-145800024853
-35377129563
-80238555399
-108973860360
93351601699
93582998006
-70667474749
-51263181869
-106974205778
-18248165129
-74190362470
140420947440
-7616439899
36577561541
-48472784973
-18886194969
24869387210
61292048881
-216188753161
31957695553
-72101460818
23397210921
124777859946
58364798207
-54897270318
82054967550
-191199762800
-24667008441
-133271213708
117853117694
-100804840411
-12493035036
74685688510
131953444057
129850767854
167304859158
126335240001
86133295217
12632346920
35585644318
-44025812155
49286001572
-161393530389
-81801537226
-68579774730
-134316606914
12349998775
-91244595186
-64878359411
44598369813
168848747487
142906882662
21656690001
25005748425
37991097457
159082158502
31157625894
-62844797964
-56177726834
-46528498865
91506718319
-1224980175
134344822084
-178181592101
94891711249
-142337486003
-40737422261
-24152005946
-177258629963
157844881638
-84026446103
-141046727612
-14114754328
-13329944154
33087833342
53981515189
67662453754
80001435941
150618544172
-146533209268
-39376534692
12471554987
-153951064137
60560155767
-48431528504
63106784953
-86762986214
133150557875
75958086846
89330949837
42517360410
-76356270298
-17067667572
53086822685
-172861610280
-11292877705
38028162450
-89421967341
-69174324607
-120198532842
-79997331558
-170658799699
25581802767
-95170464327
178417840784
129171566645
104394834674
-181277257663
160614497509
69250408698
-81243695222
38493993041
80807583668
77879518489
-98742556640
11371614661
42146097410
45026269265
-45959825689
-168732601861
103531709982
-79190285517
-69000238036
-40786372549
-76714674166
52453834060
184617321728
-93686113027
-169335145329
33726818807
-83328696525
-76510757151
-79287191616
71174018192
-218221247304
222831568717
179680652001
-34273657706
124327351298
28993368816
49825770267
193812159033
51747102280
-183704685656
120236202234
22297351633
34813627444
78380223512
-176421960071
-110273677215
-165889083508
-77099747746
-112098579609
80148123818
-130193941888
199933373776
-34320307626
149390663863
-12683078857
-9962866771
-143647621706
221535843550
33626020874
46530689994
95753715752
30337239059
-43552972204
91596362741
-68166865648
198736171217
-6232205519
70382260919
-74376893383
-124147378299
-12137226718
116232521707
2239433627
-191028453879
31934721229
-58870362649
-36652476150
76732527406
-77754075841
135819333204
-240241458869
-81676549807
-151198342695
27193258644
-62773807760
47049921211
-48933274488
-189814070313
-121300953802
-71199624280
97210637938
9495641270
-156737587780
118690573647
42571007311
-30614637610
10150041843
-94938217115
97234591535
-104155421854
-145534164461
73809952026
26295187779
-60039995431
-288434537
76823305518
-14421511149
-124264042632
-102752901399
53459715847
-40071820326
-7329556537
-55407031150
21127784473
132600143656
-63204756815
-108768860644
-42130456055
-56868715430
-12873028633
-77650217
-23666414683
-18465062640
-50648555091
-56567075560
98099826984
42135748769
-120160475228
25572388324
-78604983594
97054385460
53086491090
-160709298383
70644216939
-26122645336
90588843257
139917677123
35205243856
-8779387107
36565024932
-193617063107
-15395592506
41582000023
62025798490
142705702508
36424150113
36704437258
46788883974
-115173536005
47721143754
59035971584
50031550679
-185257606848
-92054079166
22098881318
-92368151386
-138341238079
11690534498
112142325727
96119940063
162837409377
-72010234998
7496292719
-64464465564
79393523459
73892512551
46071980913
-81350838674
-122525590658
-70671880505
-184541486525
-94019218423
64116394091
-169438530884
24238057955
100366769536
-71576901704
51810129404
142106533596
30046675908
60131952375
68776273483
33627286917
-22683779933
40767487814
-59612127664
-29150756106
-25998268832
162406761297
2840842144
-96394869188
-118860019451
100370173580
-142516477374
-73156223925
-66964998535
-154855627459
-74834513002
-13175328728
100473652550
168226377534
-96112345097
58704118283
40563392714
-89872217403
99083439743
-4571006928
-230503773163
58231912926
128568801166
-194108298234
-61699958969
-167695445581
57644833014
-8102741290
-35895908314
186012701607
-25468750072
80728146784
162861905102
-49628948861
-170060701882
-92867682772
-97381185030
69978584212
55523735616
-132894626218
-66962597725
174969182353
-67427970662
-11536674199
106267543617
78181778947
16962016252
-59805574954
-81119681552
51564001931
48980093917
208942688880
67870471588
-56399524353
-45677768593
-174464744461
-107292442999
-214257177024
92555313590
-111332341076
-183844007711
94637074996
61387699735
32241424796
215993569951
-146648121182
-85268151259
-133086484280
198198578670
14375904731
14982199832
-95694431973
-177036863115
69567382052
-69910577493
-159417719365
164607367264
-186265089373
101222671318
119118544085
-63963289458
146859254831
-83855711566
102682643321
68661876845
93899652926
-49746996854
113039093772
-72802718706
-200961681652
-87223351050
68659593006
4700502648
-2339188137
68221240334
-232885273090
-184037545614
195661037972
-67615374614
-133925502988
-94063278287
129641032918
10194637789
103320443943
-10070696658
-161807900762
105510043240
-137587252475
91496300626
-79693771723
21719198298
18009591058
73084759909
154280559807
15901766692
155741198824
-135565455741
-141727575411
25370601766
-54883378366
70573017342
-129149832779
-132500615091
-180252383327
95400343430
-40857009003
-18948495191
76095460440
41989931683
111917878636
50937114828
25447541632
47572330570
-161564837561
81629093448
182755523138
71592522320
-211038607732
-126069223614
-56711124753
25184444230
53856016471
34562042032
-104021062301
-3446007188
-126114697882
191305337406
26955334744
37932191006
-193145498403
44832868259
-86272327707
-200203143923
-2035887378
-174387269908
-726146738
-83824197539
-69597308348
157401200478
47953754669
20186280698
135056250162
212787742499
187640786965
72294624907
31296202210
143849264072
75323951801
-42195328939
25902736404
118659131786
-4170257468
159223937961
-80533058113
77782406025
6627957562
48066675649
-123280400406
-36906192734
-41430766184
110338863257
102643434691
-54721497150
76640580819
32890909401
-9000811143
44142653165
89701257564
14838176365
72028027945
-150932684053
5032582234
-84416097144
64661812909
-143277769085
218106781797
204124128182
49538834677
27283811838
-2972067585
-84148506375
134931201178
-81179279506
85618675347
-244411720612
192995315266
-11001878557
-61743723200
36378208589
93031311662
144079904298
-2272279794
-134310354055
-154163555091
-61419110425
-214298406571
-51102733495
81874797006
17010544619
10362390942
54021582723
-148425498347
87953392953
24456505611
-138452712708
-25374749469
-179348174388
-85214389445
-78508505162
-41666859118
58625910881
89674571169
40158118266
124305116936
-183275140636
-159287373836
99543934303
-207064828882
13803690077
27324352578
-150615467001
27710223830
-161788175197
-2875522076
-178916753939
42928332152
96698179548
52744465448
49866641437
-172837338539
31449944519
-115832610104
40970710344
78385188532
-27812954684
26654029304
-52108988317
-174368284820
102895937164
-44337321169
-99548643399
189736127689
-109857309253
184247257583
-37437767101
-107646497048
45456387864
81586063734
73648241248
39997155368
-48398408557
70310554214
-63337006056
43394259689
35071110310
76799729882
83347650218
48058153658
-20443465093
-104993959545
-50824762996
-94304425502
-162776002978
42665059687
-244226972447
-146279749446
57975417997
-146808919033
62038965967
15466335225
-100242841902
-42667698857
-93955156340
5215553721
-222559858598
-76324964164
-144745922644
151907830575
130413357420
106801991229
143478985066
34697027352
-56782301396
-94824975888
-154523746947
-249346013040
-55995956677
59358900714
-106288459290
43758837593
-205550321513
59938394291
-41418316791
-152399297570
-129669061392
-82978857614
-42058760844
24886546886
62153536828
175301219147
154784906822
-125220009001
89667278690
-169019989457
-745810729
-159009182676
59579591360
-100795512212
-50385464866
103075098949
31088917070
-151823545023
-72270509742
1732664571
133583772334
-89567166522
-45194327952
24777064996
-108656799256
-57572307534
-153085691803
-82211991359
109723054692
-3261409411
-7212677058
47047752795
85180551380
54020443890
-98981087217
116249869871
-190507302867
20711257933
14326041793
162554229162
189253302074
95768568321
-85584758812
84355035928
-60316925211
-149372524901
-147091367070
30316004807
126145086565
-163549885664
-33682489890
-124794983192
-168159322018
16234855934
87173939001
59832720521
6630964248
-142773594760
-160400131304
-155981915287
77866271912
29176852733
-96241400561
-101853704102
-217834306615
17758613134
41386205941
140492379264
-21439766432
-46104561274
-99697788631
-108186813098
69583057160
-93908529444
-145187018128
21009992582
-27405561572
-36892262201
37585564154
-18388416121
7158764369
98258892177
42813268077
8669601858
-15829281537
-47029005389
40183391955
-133203359152
-94839126220
-96172772382
-119743268079
-131434722547
-79489934225
-92824543605
-127548363578
11016347537
-164856061330
-84261149835
-154393348649
-179812863760
-155155099713
-106368906334
38794989208
-161788795632
-35207806648
131209831661
-11455682207
-58570141360
-61624276436
23694183379
2250445424
179907091232
48881113896
132153258879
-85927693991
-69431245426
160796035706
-91044181952
82439682699
166228809221
-101152674654
-59115125728
109119421983
-78549573027
16192751
-5819737804
-29361428082
151193803165
-13396059195
-163239690110
75951792228
-83125066161
-185092664487
163066247461
6510384049
34839142910
-39107952011
69972855495
59726312319
-67482970843
21535712796
41684913398
117875838108
44462951903
87897643709
-127495716300
30896715888
-54258159961
-2873247543
195116443959
6523497126
48025143300
153180051476
-65799711567
124643318286
99176018683
132405058137
-57584696294
-85828077424
-167634514547
16158237626
-118660636327
-90228425628
71582413218
-135697183459
-182734768351
-96215962908
26751095491
215741070464
-14576224871
43848624862
-59633579338
-62207246124
166706430277
-95221699315
48115801360
-11647414056
19694706132
-3905155328
105781997735
147495307237
56570538657
102205019638
-51886652354
80251035907
-62115562786
-867714712
77689875870
-98542735124
-81926467952
-59148437713
130949993990
94357829498
-203888172356
84989662980
-69738440502
131433747290
47341589488
14787511578
-113113960321
-29963373978
213721608571
197388065110
-181206925911
-14049908617
133824450157
15685332150
-56542897511
-69708416597
-129089790722
-137669427634
201444822874
-42790097631
-97883351375
-39930143960
21427315400
-85066506586
33201804009
-79905923577
-177267634941
156010085344
25330123068
80271283153
41554164400
-41956064722
75368695219
102865594845
24897876441
114628490345
169752816985
-17559504499
145463123538
-5252998507
-175560624874
49758333429
70132707886
-202068429779
115993874524
196659233969
-129135084608
-4690637709
-67069764492
-64381483635
62249265369
-65484808597
-40614480929
-23267651990
42316431293
44200210352
59088472882
66034900179
8453778087
102250663493
199317358898
5739491313
-145196521089
86533270593
65087450659
85493497454
31781334381
-142132787443
90234224594
56552883963
-87918257573
-50435269453
-33321186237
51934480451
100434387718
64072063253
-222619690699
-94998255000
-109693664062
20710003040
-70350218620
5918562701
-236573812499
46189237912
129392836112
1780358015
47038761450
25645220571
-9845344757
-172371168288
74482436176
-174434926870
51293294103
-104337074976
-55608533191
9800061362
-71014750113
-99955985265
52577271993
-61732695594
-89671255274
118679690391
-131724950034
32039158832
-10248722853
161245435206
-176092414812
-176445320166
48835369861
-138170291397
14007346522
-104680548770
34891561705
-124211792308
-38116185953
89991380071
95598171764
-15922685724
-189261277639
-5498926208
-242018839060
-14550909460
52518066286
-184378330564
-241803031972
-24809477941
-214337131217
33717953753
47573667492
27810294850
-186965459671
-78931219256
93854967973
24561004897
105313331686
79483099095
54474146375
126017389568
-50374323424
90209207430
-41939335437
165493320929
92070036527
-154673317839
60269523577
142454143725
-27349061691
-76461562033
88909918627
112992423937
249525129
-192612586206
-136246961202
-131439991289
-140888035894
58710600880
-60678558485
-94129919186
46582187777
116875854868
-28925247025
-116958833216
39598419975
-147821006029
197763015495
-72112856452
-138860156365
-56067062608
-90401564580
24492763817
148426140981
21628795649
31743403223
37235668337
-178309551901
93838872490
49437302786
-27962316635
-101266114803
193378662593
-212530210311
-178466022402
-157137030946
-156233360904
58320239404
-23605032260
37891907511
34611705754
24334038420
141674696800
-113812860391
98049974832
23225912648
120206991056
-111574473980
210998131079
7314271948
17990526999
-1477758399
127485539622
-81264766279
-94553217246
22814126518
185323284128
11249180687
142331997827
-57977851349
33893505221
71109502649
-105432135362
1737227499
141197264074
42863239415
123340142208
40944713844
86922651914
-19026694381
164033219960
35681714911
143316129887
20843681447
31224294129
-46154160047
168864759932
58431201357
52426352432
86245416261
-222883097944
-112464971861
-61317042005
-280105162152
22208001116
32161089240
-108566224281
-38303092486
-10738417972
125270260584
-75366568476
141083114427
-103429375460
63790438202
87611951649
17138185006
-148844755338
-15333334183
-113593798732
164271355396
103169629702
39711515680
-31236106108
180905939698
-93689610159
-131646712045
146804433112
-204637592329
-49102834275
70858664467
-21824243783
33403765384
-64538115519
-50468686547
-121722230293
-103996736545
-122803089184
33649832812
-128374602449
162353381152
-21043234201
-134035613454
-175436941505
-84773405611
-21402533435
-72227136500
117571363309
38820929203
-104784063729
-75813574850
-94338187749
-13310195851
-155571781557
45681063554
-69907379103
10203962688
-88089900633
42719165065
-59379285050
621428769
-78650473300
-76257869481
75064883731
102171239740
-86738755871
-38324742412
-23919599142
46844296780
-113459896234
-60615645725
81768486404
-56714484701
-135550071586
43854926990
-159132587088
83525213270
31161205995
-53252808024
25124860874
55006979188
-186868202807
-158076023666
92388461626
-156750266719
-135206058750
-37517914382
46639138060
37742852837
-124093928061
-137041260824
123617578962
154155458486
-176359935303
-159796397608
58628344255
148423333152
-81880051197
-121710771834
-166196247962
-203715023000
53985698243
30686468546
65626300953
69121193869
35737293313
208535566537
65190375658
146435158384
-15677252380
-62583610994
98094185489
98096076063
26147958064
-162698113375
-98907191945
4770752907
76082097386
-75334713529
38089754279
42327023712
-198667532210
-39772820800
-51498010244
-9524491644
-44540806441
90277021870
199417135664
-96776159030
90483979920
61969385440
-75862418008
36783510135
141038790775
79547971267
85842770780
-64102233172
-44993384623
-146960699688
26649501865
101666163730
-111643949969
64529492688
-65808007314
73143779868
-88490536897
-61519994126
-172744614986
-89127180472
28342272619
-248454844033
-84706090134
-175218032939
-81473148676
-91065457389
-45987887163
71767593478
-50577365613
63631035042
-134821106085
-207353406654
86853933852
73083163675
-35032808565
51316499406
-49380793352
-11137658491
-11660922945
-191953066440
54892862097
91522441546
-120513912018
-16839565568
68864922212
-190616965608
-6747392458
-55094817445
-202766389642
17494867820
-101847159235
-79219150808
120812479486
37317340456
-127882525228
-53588343286
21566273535
-64723206630
67641279276
87387428795
-87341338125
212907718900
40139503900
-213195765141
35707163582
148545265831
88812511338
-167116356410
-208124883391
154629122041
88721040392
-51477794526
18786370637
105232702169
-161918127237
-206550452606
35325300883
-167030579404
45862379369
-90713570322
-7247134814
199154761257
36388491185
141761547412
-6131145294
-50884261443
34893838234
121198176270
14084978041
-38000778115
-77040802650
181290328042
-40610199641
-50880344619
48782992213
48132314211
-78300702155
-149510160043
-197656325842
-177818024012
-45823533032
-138086463550
-32147701214
547162663
11674741017
198308168872
-62080141358
35578494483
-41682567182
124412336409
50420681369
8006590630
134084545589
-182322841732
76452325339
-161709071935
-66228865403
36351811540
1987230383
-46151456360
27082723381
30397971189
-130495759036
-62026420834
-142336295352
-95329757039
-66710138438
-93304292521
43984785268
85943302688
129254427566
37636446882
61280301863
49024469643
11260143151
-7651276435
-136418822651
35445396855
161941264860
-195405658990
-134344668799
-85655041098
86755418426
-24492394775
-87059883614
123820818526
8636238699
6114526066
74678360267
67277749533
-47193343602
-80474732517
136388705402
63191679455
-13852751424
54877835352
-178689368527
-179185739070
40069276155
-121478849469
164013963561
126911475170
-30184582407
-84751904976
-59609877847
11128606954
20475533629
34155894897
-198335289152
-73304421697
46546608924
27368101614
-105191366715
182397904926
-56260492329
-221043020180
76573851019
-79322862805
35158381956
-177665112611
149507161368
-82842443524
68486683002
-38573975420
-64602148773
-2351055755
-56885951777
-49866366745
-253458974872
-74117831332
-204788302914
156824288771
71175020549
-65315924803
-896355524
-117566225672
59178265052
91016038841
-85785448356
74091771523
-81974682150
-98067207420
-76352908208
-49730169732
-5525283196
117135248295
68992808383
60942329429
103706514770
127565334319
113579515241
55759414101
96105625622
59191955003
-85468900808
-183023443880
63053126565
-195918164603
83287419538
75658729210
-76077009502
-90228425628
-78715610271
19601919022
-67807316151
-179325051027
-192568926262
150389027355
-109009530382
76914091031
-158588630848
-56687485139
-67046927060
-186840410604
74478030646
-175821986827
190119748631
-181589045406
-131604903213
-162551277840
55496332539
99675240825
-40944030014
112401149252
-154547448187
-16416262240
-26909668115
-60410817617
-78698536413
29956110222
81190361973
-62642707105
67169987099
9229831840
-99921864367
10325996000
8382922105
62165446788
-33883030808
-109391465780
63792848124
-59557691069
-76045597298
-47013618196
93773967581
68875738090
-8812934690
88303668023
-13785190372
-117221837694
40379101978
76846695408
-199799381334
-118841114186
-10857770803
-84960776139
-176874533893
-72077955420
35657772289
-83553814926
-113959816335
-57468348642
-95581900604
-33560873147
-62051430754
62515200377
-65959139077
106162561972
-74276950586
-106987071242
-55409445202
-169540243970
-95430878964
-81356671877
45480202500
114063114448
29129920184
158701830671
207792408580
-74828571166
-183879314598
-102015920226
11963402911
42680010205
24607468943
-19319942369
14856114199
46805901864
29162958934
-191704999268
-36674260734
150040814700
23626351444
103385507683
146978265101
96993929585
-150547118539
-91768296184
-104097470583
-176151150897
172782862145
35330999999
-41912062283
-25442832684
-1562926392
178294397440
-62764910874
-134415419238
-66095522820
139731425047
-10499445891
-169860799511
113391511288
17231512827
169184552443
44738381973
-150305114923
110847777213
224715018479
90350415818
91957929249
119559305920
113491499431
19426370439
30585836233
97320542453
99652503266
41428432624
80526139836
-42590520644
64446496841
147953546806
1638537629
216201301078
36414178570
11851628408
47363372858
30984542520
-145990544179
200974210438
58522734479
-43280727429
-176958229720
-169619557568
147097817366
-73975002489
117748806189
-23217107572
-136523520557
-67869731587
84725464511
51678980916
38505728898
58077163721
-16749136419
-93249250494
45996212757
102964046678
138395418679
16736319082
-155830124886
75793025060
137018536789
210764402422
17023410770
-123851243669
-134806348389
-114266011029
108078863813
-114376844357
-86010192427
77921291886
150347452548
-887376184
92882788793
-54256025942
-170898933064
84859448549
-92151032693
-77560397549
212041157080
-21669058126
-18860485649
-85780047670
-101237034490
25904672185
90523431030
20259820153
72611443706
6546852642
12962203810
34986012597
137257846721
75655305629
-137689801258
-89708529758
-158797495475
5585217679
-175281883269
132443822814
-157611009785
-67039619092
-98048264106
-82859279494
14460164375
-187516885701
-45215555369
-95814448804
152166557251
104969323058
-99153261761
120832910723
16234501135
-141140401934
133431813936
-135614063595
-141706272014
88333595865
28647047928
194994431361
-178491059083
-251088743750
-6668348319
116120873202
-89173866487
-7295101032
29723981083
29677686890
51301080978
40378081261
-130316200026
-19114398365
66830514277
-12904362907
5859804516
127566911315
-9268616615
-11603475343
48658537586
-167235496011
-268275464614
44320311249
15033348367
-255971361346
-2846174980
68188094391
38822989305
-166946685832
39908585546
25790977091
-126712733124
-204515158163
32009415816
104489956448
-98986878024
-3163332921
-4703281858
23043528018
160083597151
-47943458989
60438780825
-59606980227
105605538774
-79641413549
-91835879405
25020887782
-19703864415
-45096692815
-66729102147
-66278756295
2461029853
48251964444
10561004701
9713387051
23439340846
-166544887208
80624741895
55331631777
-39061835776
61749891527
-179265209825
-120738617026
134232310949
-156037635895
-136175918302
-51904778359
287612385
175655135108
-58114963194
-63416927302
76632898961
-191922587694
-73723206345
-63190261078
-111789015405
17131327795
-81408107244
15062217858
19139103851
-166731825165
25487639599
195633996520
-41624315853
-179753956476
50424527197
-131666202595
188145754031
-138571318451
106781870020
-59840850340
-86578308161
203972980678
-16965225506
35866231599
47891236263
116937747099
104441844929
-71500332326
-56002685766
43278035448
-150081843031
-102195791561
-6338064477
128770459789
154282100330
-49251751220
-45102272776
24246142821
35110355063
-109925169682
28392298324
-103369550393
23032836505
15369028327
-8921591028
14504745551
13880071155
77887661653
-2464547564
30661185729
-74169655230
-222750356040
-6676790775
47427728900
18043341201
169444245667
74151345050
17573573982
115884000132
-19231550670
48004365916
22673333235
-61438392128
-120149076143
24767651089
-107431794171
182421694207
76584206788
136895990240
6160148290
71950454705
-43422208770
-25635615491
-4038307058
-39013636428
-35362294200
83365957004
-32661337492
-105539121962
18892783630
58202328559
-76682173259
5531576370
84436082455
-43373181385
186785654142
25400399176
-4355031913
-73061100392
3127115991
-144548450757
139526802691
-76808663954
22418807015
33789168616
61367135455
-74363703056
85069393604
56097801435
-64149546754
-140054836817
-83190605993
129528124378
122637698743
208488584075
-32349500740
53017820035
79215449505
-93078367737
100576623823
99922916240
42135748769
85127769369
102315938149
-88629748852
43547859178
70958007897
-14048409096
30120821769
-33478289543
-46173674843
-64407899115
130031355297
-45245383780
179051221713
-80987102155
113787795022
-93572729536
-129544458282
-76885042257
-169172932316
24294021381
-69673923084
-153484235183
46714778197
-89422065795
-11315677890
43207112496
-178929096175
118818538089
22732597766
15089984582
170066059953
24002562732
77530095011
-150869578420
81838503805
77376477513
-87676566977
119859660384
39192826401
-162164418516
40329740642
-107915562412
-130332775575
80116607734
-176093641633
84474973134
44926080536
27839227616
64776659176
46536161293
-201696310700
1996658906
85295793437
-131684596805
-53562950721
119300701609
180106932450
43368079504
-215414827154
-49365043788
-64879072579
105164879039
-73257966029
-145563865180
-164343533221
-168662496912
-129723914466
93793639730
45290794900
47229773376
-122380230390
-46913818187
-173449752511
-134995953406
-90467508855
-198641219282
-127550732066
45487512302
-41445054035
-129374776721
-72044722307
29792398359
60348169366
162849245153
47784693472
49974579427
-156385621589
-245061425813
23589435097
43679390765
-28530960763
80829450354
14199500719
-45467678092
15224172372
-165863039054
122807683254
-101256450473
-175021885929
124060165888
-47297484192
-3581346428
16179339958
-164051163743
131665210931
-134804130770
26327252989
-201765498898
97925110012
-104834289885
113959387872
-81727513306
66629460722
147929980893
-171571151732
-198427955995
3200789598
102603331938
-15840121755
201828140205
18465467868
-6600495046
37101629759
28839936530
88885710802
88616923127
-23463405662
111917878636
190693827002
-130436180903
23238392022
40698418619
-26743718255
-72689454136
-148481671949
54150621484
38756853132
3702213974
-33837828474
150536059313
-77568722369
98882461240
69633241072
-48745277250
-63520650949
52464095259
113712217575
-134655628157
-75779684044
44478312304
56143454226
13197668614
79320248715
-26621123243
10552397975
-90816677081
138003335603
-127030763884
48140757512
-110242636964
82758446768
28229215299
91590019785
-184863959760
126085066721
-56144801453
-129584085593
1982996725
117422517742
-74176897247
126174124870
-549844812
-97166352028
28307244741
113234516187
37398196086
52399101956
-23402194187
89929853442
-41157473313
75817773460
-128893792697
5952749532
-127830864570
-157696789497
-55198017007
-125029985152
-224586928875
41614915793
101845759043
14287584719
41069196038
80869956596
61984700798
89393352227
133847625318
63686630386
-171417783747
128859922445
135796504323
59843636765
191397502758
-22884625792
-4580133184
-68383104383
-87671931304
84612618760
149565309318
-201172337567
-159663701710
14749809820
-262987108053
-165065502735
-11019241593
-88643124525
-81757417375
-154879424789
91600419397
133128456013
-87598969967
-86541197458
-112922845223
74482906369
57649674412
101672520725
-43326454528
-45859622603
120384277922
-79773513032
-156362263796
-1710464321
-170844197129
108940439752
27150555043
41803852893
79528453013
92552313759
46694451507
79656990824
-103913841991
-190817364436
36094238414
60781202050
-67156234397
-43945570893
-140650892135
94988978136
-193525757314
-182667530667
-128360407130
126821829422
65106344637
-68020788978
-156252936958
25392366492
90634315933
-176197014849
5450215504
-14647558392
23106466721
-166097901303
82301383037
70422325654
25950521709
22533245334
41053736129
-60375915346
-44841840503
-85129708109
-170423430875
-163423324779
4588768550
112022162111
-68495948241
70292015087
78957347342
-69578369601
175745856209
129587642789
-228912006558
-29049940766
30422632308
78268352447
-199624549593
131235679177
-74023715681
-59620948298
176519890350
75599437055
-64922010077
9898581751
31216864201
127342643757
-69976094687
-16347412688
62679102693
-60238315970
88749246135
-193415406568
44531650028
-39081863174
-56432102759
-154611895096
-53942029858
6077692520
-96852161506
47527351470
77349981086
73202579108
-87059332916
77031190362
-181915306397
-197169864472
23080215011
-74609165408
35988463244
54235350313
-60069793900
-205164815167
-152721532331
-168903003056
150302938812
-148934890384
-55136343505
-184444648810
-5028393795
74726734467
-88286415002
34738796557
74866728099
-188029572654
102747221712
41710683710
-91424255360
-69141185481
-212855394864
-188193591410
64674736297
-16760758224
-10773388765
215202202718
-99487721843
-225380316903
-71423490681
89932332931
48648068588
-53146067651
-2739626743
-54620628306
51305329733
-165763935634
-181739288072
167429563252
88033323656
116621309800
86681606753
-104372303369
-14689058036
-176066458818
-63068915718
8335044408
-66101202015
-21462064849
-134848781063
103540166524
-116817320906
96353785371
-76399981688
-5582123307
-67287773910
31313583346
-1383224338
-106236533792
-73111433159
72434704517
-66533155896
14487434242
220747441257
-43937226258
-202539901973
216046330618
-175806293789
-81940006602
-207251749966
58036319674
-41144258666
156399331338
-73481380488
-21336712090
126992725222
-178586393869
102546570044
-86820764020
-28422035129
83471437008
39115397341
-174772532203
66464356368
21985117721
36003520618
17479937544
114650682749
6013820410
149288242714
-160744695755
105485676369
27140866371
-131519779505
-15834755444
-27159937257
-17170913868
40061783220
-100020923745
-73542090890
-134563613290
47679887210
-4294347170
79110519168
39316062773
-51321746208
-99338802748
-12910279243
-234257054684
174720524812
-199067510280
-156902590627
-104977255783
70978329249
-201536232769
-121195895268
-75553160909
51813974198
-44675273882
76964708669
-155596575482
14393012662
-59328051916
62640701332
85771723550
-151462753716
70783581147
170576487466
-49005793247
-182675774353
89757552915
-68861113860
92461273520
-202951935362
36070359592
-149951134940
6686151890
71589816981
113193148974
38311701614
-18914176380
51547739963
-78377548694
-56447405170
-192461980958
-88717184475
-238165854204
-31747170868
30313333371
-133252030403
53899412106
-8523235255
-168431032307
-118361075396
-18204679256
136631490436
189267365345
-93246499216
-13316613007
-171363072265
-180275364577
86094162804
44133431576
4477149199
39408083836
86137799236
-12119382834
-11722322126
192476895147
2951228573
68400290052
-65820081630
6362682254
-116140064491
-99547184169
-44704856002
85884647103
118029841768
-140887965554
-69818936241
52062858286
-53256236010
-99971221586
-164455043808
-93766982072
-135721460894
72311469621
139813668317
147536343204
106294593822
-30463984653
-20768270312
-211590085070
-1992763198
-18382331242
13839178165
119288949923
-220590523522
53164660579
194668147206
97034200664
-181514616077
-44508820188
-213326082453
37346304632
-163167580737
-68240737569
-70842730198
10025094409
-85219056408
-43322468901
27840851505
118463042869
-18936978024
187258300255
156051255348
133358959351
-99279281665
-138401850243
-127585242569
-154419486427
-85334498969
-61013661952
-60186492970
77293492004
-54891511425
-121500741677
-163186477902
-115936616731
51427241018
-17057428988
-152354501010
-95165621205
-21439766432
-163118185192
62401130437
-58537780428
-120050465247
113308306316
20648037667
-103629391637
105057227335
-66207959756
115119977536
211472399976
1006849930
132753088977
52449261982
57946786606
74315443167
116393345290
73272279951
20359778113
82476130437
69391594654
-114936496958
-195908885482
80520054542
4704269514
-40402370553
96229305259
-100451020861
160462718401
-40866208922
63309737680
-138813914008
71303950144
62137029919
176130904191
-73165014154
-70350218620
-105836358837
192782859630
27100994549
-192798660221
-166252540311
-154517218673
96290457153
-86805992155
-72889655837
-24053930594
-60992216910
-157990889536
-22899256842
138812747428
-80466663279
-215585996061
-171801149287
38273603281
-167228388164
-20549122079
-231170683095
51167889984
-149145269529
167191817072
-36581111298
187832769921
-137736843000
-36304905000
83447477360
56409727741
83570909126
-172597895774
-117408621366
-41474422938
87719693447
-58571814051
63377778766
33328590952
-230475922037
168934138076
-10780354202
-23864905030
-179353978477
-147732955165
-77266550868
185530418752
78510903128
-112203219309
-126571626596
86059529239
71964973252
91868887346
46191969725
-83789596007
130949392722
41913398960
36717417906
75023344962
-183494864227
-140482886026
-53663650429
46362976352
41902942310
-37121852199
59179263588
35285795603
-237502356102
135865064146
-82117079244
153433109660
-153739745932
26597160517
2792959231
-183398528403
-89975123071
-146804449441
52586494679
35152987765
-54909486597
71997544731
-24704796737
-164403981725
63201267686
64311752113
-100564629590
-36957154747
-58331692037
-26831880425
71743164045
-149992519194
-34525820075
110990733293
118563882628
-127322189839
4114546748
179604397088
188245985800
-122389571913
37349287513
32138355446
-95582217303
-148993518366
165861029732
119380974745
-185318311890
44928930858
1259225817
-60718921032
-19027167640
14498458077
-151598574041
147644233174
-60905748083
69481462821
-136887646266
-49915193400
-194305462695
71950454705
-66988255319
-64346680100
2081694461
19695647327
72185460795
60570098598
183216467604
-161763757928
111835234890
-135389937258
16584513359
47669682487
-111264358915
-177455282622
50265043267
65404027585
46176335794
49415875291
190480796426
58997152477
-223700159060
-29264388982
46818812215
-59636906795
-161184012025
-4675200642
36356556107
-158575657885
-134178359978
124107134324
77776545259
68787204184
182175205647
20149981790
-63009650077
-131521097054
-56781926760
-114700581802
107994159546
169703730072
116557038964
138584842642
-50127914330
33842906390
86767650092
-34260462417
-65281183742
-127316385564
-112273216256
-157285245592
-89504753496
-114853113550
13258330103
-24580332658
-177234629058
-73749376976
114038316737
180104823655
46268917228
-2533454113
181636278218
-106630943019
-154577405264
27770838315
37489716071
-144540260592
8085995527
-151341190129
25079430680
-158426325937
50872741387
-53692796208
64366444022
7972679227
-28729166277
-44300989953
99025278065
-13336775542
-31570017050
-12778139034
138034996558
-63144914560
70468638555
-55933531855
81016315947
-62561906118
-52018208915
-127974544325
48324418462
-67095063724
-76331279630
116607207043
199870093018
-42139165109
-117503221513
62672556165
-81536040197
-176480631289
6614862142
-141958802529
50394659064
-33330378549
81945038437
87358838559
7992562423
-88727938832
-161438257522
43481258058
194926576384
4640608614
54247146917
140132261558
79333311251
-96120620125
93251654712
120972634990
83155558211
-120279821839
-144740004617
7095303305
-172852759218
-39935920283
60350689024
-26224024789
95847060364
-41414166392
43043008783
29766449543
-56017019178
-129681463759
74489565341
77690551296
183832070647
27395632940
68231219979
-12572094552
-200393999923
-61014274319
-74620232890
-9416155817
-37997916758
40436277587
-224905539388
126008139705
75488574401
-37026225874
-38476164237
-58413501266
-152168790367
-158084907946
-53759064790
-111046341260
30697389272
102920778742
22153213912
-146579387664
-174120604301
-199853934612
-133701761625
15792092003
-176082307471
43124525325
-5530814077
129087341262
132816656933
25132613529
5047525194
-149853476652
-177915896976
72380355314
11798546671
-137498355757
103324579516
24417128461
33395004120
164469014229
-38638806385
-152254354012
54201724581
-162259615843
128148591505
19002406565
-161144935629
134747504890
83090019582
83575266745
2562167291
-20899822484
-143815857193
162009879504
-45404367788
19848129735
15212148356
212997307993
86025224087
44727806793
-62829274273
-6760483009
-64884089773
54606170901
-159430618479
-7577625280
76333528378
-16300499191
-4674235242
-168683750159
-9909818721
-91914063111
18834871144
-118058133197
-159368523709
70961021252
86547959571
-34249350078
-172916782398
-87511930902
-160213225001
13125965370
-57534684685
78602613283
-29472102557
-64238959673
95013841377
-70175504353
-9078464169
32059504869
21897803888
85545869349
98698120572
56453145612
-183927994609
173085826487
83915181561
-236601503610
-3037727300
30314156268
-164475605613
63193544758
-88507830903
-55157540262
85343895038
-83107551921
38683085136
-16758350803
85639449002
-105984152299
91460064620
18308329834
24887587655
65264156999
135046112731
-38358502661
2309602667
77668049681
165626756400
-43065512149
-56304735281
-16758002244
76117286256
75955058433
-87576486647
-199342008998
-192808352975
-51313946529
72048422337
-133967715406
-161283114626
-173306950828
76824862598
41079734658
19774164430
72349963426
-155365793544
-156242311948
172706638022
37912629765
69941000841
-84244750501
125086696485
-160261897197
55310957268
-23886113054
67084540776
169727594558
77098276026
-73828740239
48805158822
29789291669
-191888116308
105425032094
90859600889
-173467847004
79468693952
-42872360388
-27534973180
89912709590
-24182305649
94109493520
90297265596
11612479705
-131478377436
-17065111254
9533233880
-54094383161
-3172865270
79680214219
13636533845
102057282660
-157192855947
-196197244291
-35907920210
85156902279
79688979500
1255231840
29157718340
146036491910
-169637275182
58654785489
-181686243935
105978995431
26222478693
21100101814
-185559501648
62025269018
-37842837068
113962144551
80815717732
117035205045
16184251913
-110594769103
15069846396
117862255976
-62308761480
-164405859378
-158628354015
-106229191586
-106555422096
48914919742
91731744576
-32737692300
-1890513035
162424089430
-82312422991
-85815797797
-61984128959
-40866719116
36105868486
67088236669
164313855460
53827508631
82942723552
-78702670979
68459081086
-139759685294
67195469054
-60256802788
-5230287572
-172894619359
-3447528962
88018424675
81773120360
18674475820
135079386568
-118469188031
-59139795702
88417885699
-182918429156
-123291269659
103458798296
-86198441259
41396022526
64477449144
-58503777463
-24355697896
207740964576
17948487529
-3788190701
-186791874480
34894695838
-131715614894
17610951839
118810449765
-43966654034
-68914451720
-120241098731
-59215829097
16499343697
-85970746390
13699936556
94963064145
49038715796
-151151668829
90464216460
147740909916
-40892141111
-69552341322
76429372814
-155136162831
-138603221524
-24778275804
34547674952
-65263524649
-54911276
31032750335
-62894519349
-7235498257
-151801746183
-149969906870
89095841619
-11633090511
-65751992447
3159813751
188516957476
70512515616
82993453332
7540291541
-60594819686
-193264124122
-127026546075
-183015450316
4168405583
96618324201
-75276002370
97813360943
-60314069710
-67415722419
-116863821824
190467969528
-2543423756
-172612094733
-58549766077
21416436149
-59191836285
192669817572
-181603353607
46873878043
84187503230
19025483171
85735714428
51889418102
-38142213149
-40428654681
-49598392967
19133245353
80383819464
145348124049
-153147652758
-4896445878
29554943950
1682907070
-55316990639
29048762286
-17009874190
61274640363
-19485543247
-90531382710
-68936321249
38589369853
112821154616
141928545980
84904799
-123259986330
20848856828
42398685264
-44643681979
-8283474972
38444086502
-178106674071
-5334348366
150966995712
149462334694
-70246687811
-116794063708
46780925481
-68113765435
-17458943100
35425932555
-178218064185
12146221102
39505254542
-40993010275
95611561637
118329518602
18975587089
104008843863
-63656105324
-21758513614
-165335068747
73655523445
-130560112550
38751990532
-36634305797
-233795657316
-96946413230
-84770688340
-70510979161
-182862087293
-150283420848
21256918322
-189507373502
-101431896397
-70438889567
-90446826456
-57593728977
-55472796768
-66232829753
-89957116764
-159638893416
-6067145392
37278133850
-98925087694
-103943853160
81168159475
-101036703851
39258631631
96610762433
-162237534098
-63872450094
-85303025135
-174972291186
74327992054
-42061226394
-142158162602
49454224330
139704518819
-57856595189
58143197677
102805166181
-14658937674
161784947998
92125432621
-31660994760
-101176851931
101331308906
50047401367
-121711486015
-79077223543
103477163792
-217704354700
92882788793
-209853227718
-55871926208
124133995912
-92978036263
-27083895238
-182897551501
40359200507
3295396421
54268608902
67798803906
-180630621839
-56065213001
-145458222402
194769852993
-248007010179
-155265600618
-3404453778
-46370714621
-61696977255
-134691136814
131602701848
-33869027275
101188663715
88466334513
-65643283547
-17290743157
50366107541
-176103320743
70355083672
-17041483283
-82252841972
31761273989
95731059585
36394010168
118732870759
186668861551
89310871024
-147081500255
-20077271398
119675786306
-6004559549
-81024520378
-71500357065
34341732569
-22107908496
100422464822
142100918716
-194900584227
123332652379
-67895619620
76452524439
36713661509
-36194343004
-18162547335
124297432227
152785505428
113474421127
117416448242
-42789538867
83581446325
-58485608799
-113710890003
45806049991
-172792084186
36417426189
-85284218466
95944605003
198847993738
75574770551
145322822585
73010335105
-121790467117
49029088979
-58917061490
40165588518
46262595337
-99242825610
40417093846
-63869934497
59645795335
-153234020036
111762160294
91823915773
-11346964719
-131569903783
15650963037
-60433546089
89710900588
-61685008907
-153721543122
135623396560
73919621900
-82855199702
131836709842
103426269576
-21302437531
-177525993667
-77788425785
49754436994
-173516495967
-135879684077
154582187371
-180128577125
-189726633875
-30840431385
51122296391
-71333661906
69512062894
1021386652
-179798099827
-65943278982
84692210638
-72446007493
20505163686
-98599182119
-80517356523
-179775483702
-64338340565
88050651331
-67300752668
-190205581458
-155615250864
23371286576
201162271045
81998223762
9601201158
68407214226
110684063754
76389972668
28264888874
163967438061
-14371613477
175156022955
37642711899
88945501346
29597762331
-111366574285
103392970439
-40095799356
23351407189
93961990236
-87151627585
-131953103689
37719796433
9089565216
-43402082343
-48916313065
-173045188831
-53502591614
12606751584
68895689942
58552492228
55702221993
-80220518434
3098242835
24614304246
-156602307099
13664582863
92028307670
13609244260
90885377799
-156038806043
114581313062
174725671825
40559968973
134339394333
-157200672031
36718963638
-99963475740
-90979733653
46155697760
-133486932379
-72669748076
83671240595
125338571945
-133665398056
-70393220473
-128120391309
-55131196572
-101270930921
-40134345941
35593772536
36928954971
-39603909457
46386494700
73680726304
80771095967
93473338573
27963998378
-210383373564
128402565784
134011390065
-84177115228
37473845775
-151917254738
-10008758841
-175554198909
-5475108831
31782902043
14658728343
-65854679372
-158900501498
-21957994121
-107489961983
31120052903
-234976358397
-14669256667
47908073767
104910703421
-144893501126
24270782940
-47287549473
19206193330
42105767809
81823912724
-721950787
-92123483661
50136801023
35999693543
-12201593666
38386577227
58838796070
194564463160
187848530422
170127255273
-142979203372
72619237854
-9621803100
-205965986947
84284207235
-123627256436
71698256903
10851021096
117097414198
-148239900438
-2151790068
84850565086
-7241395060
-82975365662
48525369178
-134547605847
11922987794
-6047573233
-94200991262
-72914370058
-11564425026
-90688544235
146366393793
-79931582940
2384126425
-107178762477
-203905125813
-153955096591
-52654832160
87527096024
45884004492
31636452583
-27699704906
36117005462
-176132977253
-121883812513
29417193824
-14701617893
-134950533640
-74254421325
-54365811662
-89621555055
148545965416
36286175556
7600414099
-22042338882
-117318693173
17396334484
-172551607202
-147134133356
94069368809
-45254063463
-76497314510
-158270265277
22747970361
-68595278906
78904416645
82119170562
52196041914
-95290041214
75566259889
-172789668401
102872480907
-136504749629
-73343596122
-209268241784
-22966532
159004148723
-121309266755
-88996515052
-20507593203
73178083833
30959747963
-2494860767
-84956921556
-188170972919
-201587060050
54736338204
190366851602
-222550027452
137511899913
-45695809333
109527408767
-171300558881
86771441297
22844130822
171804317210
16589701779
-51754195895
-113394762487
-58693977928
-140402514712
32490493976
-25004290984
58022614685
13182598319
123062830557
65084345000
-38483693160
-96827478344
5128312612
102357147381
75681958922
-139676198351
28259120570
-18998994899
-142722672132
-60472724076
119682597603
48948415867
-99710969841
38632003155
89352576988
-90060987223
58952064406
72152384342
43550365622
-186931455010
167690173196
86236544881
60520054643
119916398312
82922927831
-39592264806
83335033375
-22698874923
48079209281
198659891001
49263824133
34495915382
-17809134514
-96891536458
-930165410
8368279360
83176778537
-240847317791
-142622656152
78618850970
-32084808423
1293879627
-129737982360
-46215155699
-97155806082
-84833321992
-78099536922
31115699765
-25553310744
-159559114435
46845908156
-84804064362
-3498850253
5048670496
-55894493024
36302060726
85092333438
107885270069
-163579327822
32894624904
165107786108
-137255982451
179653517729
-150342980510
-184777876808
72664695234
65108750223
-18097884110
-116340909890
111320978038
-188532208430
-54415661750
-83716445785
-53617922038
103568691608
-23962813560
57678987751
121051563013
-154822956065
-42647316651
-230985273892
-85201729206
109023721458
37409160067
-112700647649
-2277341141
128902668323
-181984613101
27146336416
60638128878
8624086848
8740036455
-2348475319
-176164802778
33436975595
-29842868531
5779812158
-87727739451
-47117828018
-149790174807
-179373396801
-175655094011
50924374045
83864027306
-68230569950
9684197926
-243443784405
-98377765002
49222246330
-43773871736
-90223733354
167054990547
-22891332813
-195824804015
87711222565
-79957151986
-78934155790
-14026708152
-175495949594
-152127332180
79066057191
-120353088114
-88602170250
77500096914
43206333643
-178836165453
-6950675140
-91577798039
75766589708
106459832198
183418708848
-61173238801
112297882778
210159437047
-158721803030
93792459042
47635461218
58168337138
-6215965805
-179865077125
187126234571
-184953788026
-56462613174
-86661410585
-8867342565
40031022690
37485171240
-231836366505
-127365448883
-12440446398
188265034354
-82769406783
-47488125303
-138390361993
-47635568478
64624863070
41921055013
-181170773992
18384164604
-187303154452
170310194106
159912690645
-176354721161
-144117275977
-144867594804
-767507977
45896327419
-6311685651
-188256163854
48329299161
-236340227493
-145264937214
-182083802457
-7387515972
-35928426699
-75878118869
10558680382
-26700270986
-90228889965
-88006572533
169371030214
5553075696
-96108985792
182288812058
136650296397
147524455273
-52786524063
75757757756
66661861808
-151329378194
41103749655
-80824941025
21394245626
-186433705135
-163640150718
-152357233287
129409046753
26795279024
16345891487
32299638423
-120993624253
-85238116043
38782741873
-87915801180
-74730639712
108280599377
175129134460
22240986379
130626618624
-207817231661
-48986776734
146105452418
117310644690
215750296627
22642823890
-155384654727
-246388870857
-116820975199
99799248661
60798590470
84395258703
23100471164
-115714432266
160190696307
124095812755
-53456184310
52235119687
-48622522160
49874143242
71117335459
99513517954
100095432356
64410043388
4297980071
-80726076624
67608313196
-72845644034
139337226027
-165759513249
-74212070111
-166965952418
71001641389
-64918400785
50268734377
-170522610372
48090031558
-170080739521
134851503639
-157516892994
-83276559167
-77908457019
50067675564
180434842854
-59956042545
186837334432
63656087834
145023218029
-150632808868
61656293996
52065738067
-185061670597
-175523173554
181924974063
173477542479
-42822650669
81761702505
-124990498
-87107333320
112119163030
45519502341
-81790519219
50371743256
40047532487
146008637174
28371744480
151376877115
-173079335644
160841292449
-7040892358
48178128822
-166875330096
31623665926
-127902152059
-31943811051
-24400738070
-71050774452
47824411205
85063989909
24070564169
33477031221
84793292193
129877261890
153442623001
23142789500
-69261168420
-37251989028
3797477466
33320603377
47336078001
72349561750
-55312420017
-184517520950
28829158642
101912083825
-148540564344
89298354752
-24611735396
-64143297320
-176409156098
107775480444
-59099797245
-2434960136
-154705570137
-55188524440
-7453106948
77146851491
225281702706
-25778014938
-113682034852
-127519668748
-116215909401
-109180923283
100246242988
4004301083
146113276349
-88956049793
-42448465833
58299706537
-168985040056
38186625886
138892229587
92102872500
23707932221
-189863745238
100618935595
-26347760032
-90938898796
138904120839
-53954139490
-127986583342
163779658655
-39554096455
63962561098
-79258238723
-11225770678
-40113933213
214448988186
43275495890
-132601229623
53481142294
-155661436170
-87168676218
-60744061921
-59386353683
71512205610
-97506205962
-11251529373
67455877679
69101397844
78611215798
18802008763
-16335154637
-123839288078
16736707690
109384432650
110328879476
135843960495
-14110890603
-94160721912
-72955219424
58427168863
20032545218
-55986346320
52321213245
-32521931271
-97481969244
181192726
174969373084
86496239615
77289930503
-67636577547
-280783550421
68854030115
118733512726
173987066726
-3141364220
-45480224978
-174017939475
20324582057
-32996542956
3905821039
-167133355308
-67582850389
-77717717028
-159971699264
-21258008690
-73536510073
-119715077977
31503319829
-39047516011
-64530601720
-113665411788
112496752111
285517213
-58908303931
108070972451
-75242905910
38139272051
122005296469
-41745966749
-98267581705
-19085224946
100580401300
-143135998840
30550998369
27073371290
-173114787429
-164650655288
35395095316
68030752784
40189730900
-27695129607
-51851001108
-88183877580
87371584952
92993131549
-90570043072
-75079463386
44878029134
109362015651
63024911567
78875324372
43669797452
63027331142
93104975020
-35252686594
78896679234
-4828330705
-106336431175
49698162451
-51565402473
104346395746
-172716717141
19530554057
-181515754826
64514723614
37563660420
136758919559
-11600981520
-162112087868
48344329188
11965987969
144301266994
19214452753
-114034368989
58511540920
198802462490
-90577808062
72455128132
-116556945370
-93298701540
-112233374811
78061506755
-92069019169
8328154429
-77458300326
45063457976
47239570696
-161582309138
25766284533
-163438664164
4695280776
204660000931
-95170464327
-184661843859
220295759261
166319206062
-61449413656
-84602980470
-87898230454
-78169769807
-78354985328
79483145634
86281416158
-130850185636
-9980773269
33849645834
-208175777844
71919886667
-43530380575
-174306398809
-158310998748
-23813049329
165918522827
-145453909780
222906769291
23749906729
1678554730
-41284665273
51564001931
63098726129
97091055211
44222123835
6895049461
58897520551
58966132155
-143766941203
-6431667343
-171487967138
164377136174
114218043927
-51362266448
-19654458868
5491282817
-173154243084
-157181044459
-24953243060
-104527335686
-14574562630
162286973326
-32167054966
-183304291796
-71630839442
120363965953
-38888843805
-86753431607
-139017483240
-148184086894
25541074152
-233287334955
-3058575527
-145724816372
185422114166
-255308466563
-78552710215
83829059517
78367083899
24419619813
-134456488784
-23380868689
-129836971319
17285645367
27601617008
-64811695542
159005631072
108973170736
-221164101829
-153877537101
-62081869700
48850938916
70687923098
-178557634632
91016347383
-133843403263
-31070845961
219586930352
181842122990
29374733438
-94053837195
-181404566710
-97213007506
-224133574988
118653384587
-77743620935
91002567768
35204115996
22137534345
51851559155
128733315836
-89799667108
4750350076
99325157125
-207326875917
119779607862
-91987564054
-112209807604
-85143190589
15588916706
77257064891
-159586355953
89144750585
-188509302388
62391679443
51629659709
31744529447
-139499135182
-158282648054
106288587286
-201777707082
-59665738745
21772922165
38023828786
-155488636783
-65921209888
-105413283068
92374936463
-145893099152
94721663258
69716375511
-31855244920
-4749164336
178579093648
33640915550
-45562457536
-12279235689
-47824325899
85616901660
-159981135473
127684601003
-49447275815
-58432030201
51666502006
44464965040
-37085851576
-129317895402
39483723130
-48265250867
19381878032
-53397898489
-155227535706
98715614175
51731512046
-10738334808
-170933623580
189762091790
85826201611
-119218935330
11831989718
-35140860562
-170653323929
-156695550398
-72098543961
-2316389118
-75475485385
-9334958839
12451231877
44543983535
-139140555646
-52427447149
27014907212
-152549854465
-13251478701
-177478229115
-126143340429
-13349485577
-195064371623
9648949545
100983124713
40300084571
17442313839
-166454967677
42128546202
-41290687011
-189253319034
29680152819
-172525771272
33660208774
3121090019
-84526203616
209078087345
-35088592042
-131124218458
-66911073683
-75590579759
-59508217374
78372088884
10686540431
-37613826258
-26583399714
101834139102
41175815981
-167639583693
159750589647
41138422679
-33251600653
115958750956
117039477464
126506792446
-104845926899
16617801452
-83379148813
-72454073998
142831654744
64396127885
-185811880512
90011959135
37877418628
140526490226
-62942401052
47233904822
-177180312368
84089881478
40062775098
103435368152
12195089501
107388050979
52677740284
-34671129242
-92169994838
-8688035932
-142053680248
-199773850631
24188183065
22824453353
103643954961
48880110898
-24400491964
24820393328
75342306415
27663253274
-14685293763
-76122323392
-78061595582
66888475695
87159503722
98681332788
25222690221
-115840758358
77829037197
-73937220624
43895360455
130784695727
-171681098440
80155739955
-4891932024
170404374195
-13588858304
40985381868
77695734983
48334736886
-202002396417
-141388808709
126816272684
42220276549
-56908625229
-85104289182
-73112010874
103610731299
-7067900434
-85179625839
-8313321909
160802055166
-136297239091
57730198637
-61987098147
-78948847569
141216482844
8793736513
52581049871
175133657519
23419685513
-156582693410
43158022920
-129672487563
-82859279494
22886345869
-99301936899
-6109902205
35083398158
-98772861638
54411029110
-97055340559
128552268702
76446620459
25779466732
-90196123664
25464413641
21944303816
-248669791971
-177815135139
-236439469499
32580147198
-225432693310
-168889100401
14711457824
-28826504205
7475269905
48202025479
-37724062844
33910930754
78996670387
-60373665263
-82459036226
-50361454280
-106995422188
-161357469729
-83772213467
119441334613
-1781080977
-136113596251
44399289212
25699178074
11399971568
-10972524681
56486568975
33402795192
69154559178
-23218900608
39322543161
87894571704
215072085514
85747793987
73898898219
-24244911890
126763969781
37959435714
-178791441633
-67589812849
57212568372
173027369396
-67856511965
104256095210
84550752706
-42698223022
-25620204253
58269492533
46999384165
-247940865195
-132039341686
-153443198490
-32263055940
34476916570
-125978382788
-92516336474
-158558421377
-23723035656
23127767364
80947278104
-171550804241
-134327886634
96679364769
-190450835896
-34254109183
-92285968155
102299042669
155788612644
-24041554214
81778107646
-42346800196
144318803997
-144341699411
-75082667187
109406510379
86573703201
21654297893
96116584561
-58964623249
-7603712774
-69985060842
104146396862
-42661648407
4781389131
-135297410506
71024401038
106369864181
-74480554192
88945291460
-5447274693
-219229496921
-109236203030
49991795843
32414004122
-66254694848
-43910086223
30282005056
180643932186
-55822657261
28262260591
-83803573575
-77907360912
-243335734086
-76303920763
-220863121130
-54957408439
53865885230
-88134492020
134255844161
4009152431
-221623571204
39258727726
-132460939298
-76347312182
149187867864
-123504330333
-153428635420
-134649703560
-92580414468
66151539534
-146624666227
-163738416628
65086916894
-72473191715
18795441593
85838762904
44040682335
-134309363348
37976661340
-201515390004
26808131532
-69218416151
147799425597
-62462385893
-195557357822
-593977150
-7883377090
63605924358
-12067750094
-55920211787
136768733707
114621316578
-43490660998
-11518233035
-103012735563
-26177071262
89149659546
-44495064502
218017770054
-174536877294
66366101865
31918279960
97109719971
58883648020
-149833999380
95330109700
-101570344159
6363552087
-66787423265
-135055637430
-88955115797
189862180334
45487865033
-16774265425
4492541477
-13117265886
111981624999
81882648298
84534572585
-231525550504
-83166868846
77539368841
186902895056
51327842522
49551586525
39826446133
84668831054
122870345943
-23899265282
74145247867
-176874355165
43080524989
24725000894
82204877893
74715196575
-76914948721
7976608784
88936451003
209742069784
199344781014
-12906148608
183175058882
18737642946
131102267409
-188020912566
-176419472788
198782430796
154683532234
78905166659
-45903549807
-29016288445
-77655448192
-78350713760
36759884082
-110294817238
-25287529412
13150118983
26317272907
-160319747133
186336088010
-59743471530
39343595409
-93363413236
-183033070503
-123692043908
-16064968761
-34879412300
-178533545834
179989022501
159013149887
91683745577
25298950687
-164291062124
-167720824263
-33494520894
79725900178
-41002605590
35776871961
129604517588
-189306185979
50105052175
59789263319
-80171099332
25988679343
4100841798
-177496963416
-579573554
-167070264294
-196438725478
197001823796
58471307051
-74781179468
252107146
-187664636830
-154892916033
202786853109
54879825331
-79613550514
-160288193386
169867381580
-73266839905
-50298218472
-78466938187
-132967477041
72057990238
137766439499
-19112641398
-42376698500
-65649748701
-110591898922
37699479454
-194806468654
24301243504
-113186906743
75922588432
-66523117332
-176826912378
-17368506361
-179722851189
-86440121456
73980263361
-158896947755
38338841577
140605794183
-89447212149
71934892653
-69907945533
146006337022
-49721864852
81348902602
58077163721
37365217817
101797290242
-45264313022
-88223012724
19226383835
4835816486
76145325698
-71450963594
-11770996884
-24563077336
-43076641042
-203084884832
-147439782344
-71270452663
-87842422978
-241976018765
-12560711647
-19456815188
-135669771031
11872868742
62108186825
86975294339
114729676872
-111803146025
11188179310
62750764709
-106754720823
-23135081076
-47837098167
-177077564877
-15726531288
19411799579
27211947043
138088687720
75578134675
-86934471802
61302046023
-155010474247
-29248675835
-84989714353
-85908828073
-58402485198
-47099183848
-102491816680
158650993449
53123435183
76982707041
-130983823787
123996888320
137551939611
146360808216
-15307183227
-8499700048
99733092572
132487396336
175890891594
-2140453767
122031302779
57682468580
26628527741
-187653245276
-76878945087
41051093437
160704630144
-86332303801
-39287900487
-59548046488
52358967799
-55403331670
58195089684
-90886204740
-78819674572
24366762038
-54979118516
-105590807750
-182131423513
-66441624945
-144508983809
14058162245
-254248768639
27154439273
-149261104110
73381188491
158072081817
84560820673
-50165913614
107502188858
165066597244
-57846940015
-114933251005
197142925652
-143945838609
-84324888179
-128355892600
-139766909103
-194649523583
41452821807
-240253042834
42300068490
130167776760
-9805127497
126072409051
-132972542662
-88652092969
52441843638
49871100600
185488806654
34207495867
-10486165348
-78430419766
2080154263
-137894591288
-245948939009
24538559251
101195330830
-110965409319
93832194756
28248852275
48306947177
73170844946
87538061558
216777295907
126344194916
-60159252984
-139729945695
-133448308187
-52473814402
103152223978
-59008579487
-39773791870
-117885208886
60597138131
23940412489
-66978851209
89869097169
27325212562
-12771558106
110871434468
34972105852
-20096895944
-33229551557
117096491626
-21165909390
-158979548830
52475212477
19543289903
-70808353456
-14389751096
25304006853
6845086606
-91320256275
15879381330
203492561279
-154647035707
74597581791
50212095775
98742325289
-66398092468
-20391562502
84908478627
-175706675796
-94035287647
-506242379
56779437581
-197118256760
73806743604
-156463423986
-129983010825
75176224488
-15092689419
-86910799106
-83351370154
-166283702621
48752119268
-59513546677
-2294850790
134972486567
-71190136987
84657394535
-53132098848
84776100659
-123146892878
99259794380
40215315543
23651506729
-4588040953
-50033539689
202001179394
223929715872
75510654102
-125890149500
37238603331
36505583512
65944169024
-81554945618
1903320574
40995376942
-178365792161
-64983563985
-60094914582
21339706340
147849331568
5218657725
167254176757
-186818577076
-172256717254
-54098448817
26178120262
-11676743538
40925969767
-7396667576
59298599487
90220344731
147395708699
43459934758
-71102570188
110739117579
-71721512202
192189499956
-172658630827
-103362758388
44088729736
54006191509
89618354098
127075918468
-147281928200
-103324709968
69476630872
53585603689
-42074253109
-24913978778
192235492909
-83543633280
74843062588
101813685583
2026735852
185606924787
62216401362
42073311267
-138706454489
-14440717717
73643790719
-31684098021
-1326824285
148597267644
102471806272
83784894690
-133339572616
-9973713974
-49497774594
-59023288453
102026606394
-173241503716
166775503573
63543289057
-182211995008
-92947232632
-183495281852
4899718309
-138830836520
-63920495576
54696358280
-5262224878
163985954658
53021054297
-57959255989
-144451191555
-73724705399
-90757467048
67422191881
70448965205
109382156340
32245951775
-17264578438
-176911862528
-4494384481
33723045876
-62406833129
-158648479825
-93662487244
91754694763
78488844005
-83180532262
-14254100599
-4100969777
-126569206526
45253754270
212498726984
5026532275
-151004901293
-61172046559
-72670076135
11613818600
-84379802947
99752225902
-32505498388
69006880024
58871683351
56038225178
-139175332532
30343293720
105553127159
-42385672922
57473106483
-80195813359
135462778215
-76534765094
-26722975272
162584723670
-81418531626
8323935068
31075202431
-230226636675
27888608129
-64098604977
-88163497915
-192104216631
8995049318
-79400017818
97562128623
-106754890337
-180172626056
-245701569771
94100503082
-123657205105
-87519716318
-42625705256
53919857641
-16806243231
83310970531
171622787138
21767597639
-31226217508
33836971254
-163186149822
-20573969882
-14933538536
62304487349
-178383047337
108814132473
-15900868210
63176257406
-22686012142
19370845590
24935511124
196229624457
20880395250
83678030779
-54179917170
-28338386503
110189371337
-178602276775
112898023064
-11427026809
66109465738
-37374041082
-115457894884
-58408142527
31597686648
163072685584
43214634932
-57567009493
49353639400
-77950766100
87062862738
4919069464
-141060107258
67642494014
-9875430309
74091464907
21304109183
88733403193
-147257111319
-1273321669
22993717323
56310663389
-128544328066
175456271690
92988350831
65529089125
85112689843
61955458575
-136717793380
-46371171604
-169768721292
68434196747
12032034183
-46104561274
-122021184625
19266016312
80897058932
-26343050725
26337247334
188103534727
18761177157
-138954626708
-92711382877
43895568020
132870355471
-69417027001
42808491732
32012558450
-96323512818
82830779435
129835118793
80028559739
91149889768
75879760535
48636546927
-6133844600
59277533892
13065732663
-62249502166
19766322836
-38094915451
-176093098643
118540346258
-50481306489
57620907486
-168225821489
92119123221
7565088960
135697231844
-141094181170
12024329641
138361914898
-70088373272
-64500528356
188846523690
26352462623
-75774334463
195946373002
-80136077252
-204013404841
150021182970
-158860308068
80923716767
13882390641
-66249296489
-174643872880
-193495763216
-79316377772
-6338064477
1620074238
41802483501
-218308447821
159576377725
-63654408723
80725479236
-112476608314
-127396759922
84375074969
-181504172154
-60048593301
-151822773813
-257661812201
53702196634
19176839691
25476598156
-163685453079
9528612928
107322320685
-53558472273
118045465920
150154835052
-120725413441
-55121313319
133248231339
216355778170
-183667129243
12274773582
133987340675
-54572880847
73256916300
-23145742224
185310588121
-110362848988
-135762959774
62007822001
-25115056714
-5656516998
3036353599
-151996687252
180943421
-72246967123
-98496270080
-136399837890
-151558993565
99108475359
-183318844696
-86489333497
-16142753153
-81298089609
184324455071
-86881430015
-157327473466
-101359433936
71568598283
-72817491365
14302132147
-31700159546
-34716037790
9209893168
-254973354004
82431287475
75661785586
-8852357831
63191603807
47445035056
105083138446
76978951731
37339958722
3507402628
-69979154177
5387527889
-17380491732
93559509173
-155010466599
-55746338136
22531422894
-185485047525
122159779454
-151121212081
-138439430589
165622554509
-130584029958
39888200131
58566991946
79611711081
28400049247
-2362714240
-83212751360
-25677936330
36360222808
-38428610604
34530038176
71569630710
-148615504462
-62865571553
82991538789
-40432958278
-73658411474
-221066328066
-75466497495
11713517597
-11785154296
157053823700
209058546469
81963784815
-150151267785
-70966096448
95266931468
16646388347
181740482741
-168996233116
73773630597
136827626054
160202751289
-66842940307
54673440296
-157096466679
29063306944
57628866078
73359147471
-107823533539
-166285623349
16785193802
-69334850177
27481618794
152489545114
82944209772
-171299078018
-98731533091
-100580401582
-203424219041
19770143536
-155312429610
-134759828185
57243576906
-97649732920
-84200850839
-138812119213
32538808323
-80717568357
90132648888
48276249977
46078387007
-8454808190
-177454553796
-51981230609
-89026863402
96639744369
-58245842697
-172200316566
-106768465564
19474747499
-8082801691
-110052571808
105423895529
-140225297430
-173076813839
1513698024
59668689167
-60441628985
-4906514671
89930484658
3797360148
-92778668346
103423581913
-209882914280
-35072594134
-124325796938
-11655002299
217476764669
16271966888
-148103863220
19912794862
41719356713
86779777680
153135312583
-7732230027
-137514610762
-77999065058
-16089480535
-69717305359
-42643409294
-200444962466
-127282257196
36028994954
61172362483
-15513137903
64257325492
48969540563
86766123053
-186229757055
162707256906
48578773946
-20677468914
-66567633351
168410332655
-51082287896
-80639920334
-27922614734
58060881519
-164926346973
19656769663
-179192649908
67116351753
26140278198
-138454178727
118824227737
-4366437461
141783177092
-60528168644
129767255278
29898700773
23129831366
-84100690205
148767659747
103110659680
-184514322784
51361616901
-78356289836
-138664579404
93754428859
-34015632513
-38315215316
105517891331
-190878790336
-90927808019
61572935518
-82434585220
-76302650368
49134025604
26688479757
-154808037385
86265371398
-190520928913
28449536406
83106342434
83985312391
-6674047647
-113910942898
-159400495257
-101584610529
-138788017452
40236460998
-186886193889
-178082338158
-184582034010
-7626110522
11355515054
166040082405
-32422309492
-10187271611
99182834104
-202470094639
-157327126830
30598629426
-200143438747
-46217595952
-133876695873
-68550562528
-67590224252
6138595753
56542233555
126338910044
-125863007365
127771271860
-94504898464
74394160761
-26099389140
-139954344159
14400422639
36079692978
-191496760924
3997313442
-136799503416
-174037781831
84553207888
170154787652
94393304334
1374874971
-140869841552
-92995110260
-76613963106
-160045988624
-2045063524
112995295833
-3498515855
80362031553
141295048162
-132388964436
-82977078638
-35913082504
-69804088969
-99493247003
32721790747
-101476785183
-62867205718
56637323747
84715008282
92713707503
98323570037
20961323704
-182257327114
74474508815
21374835876
-147904152356
78811374134
-2935698424
-3858667315
-183060577111
82035235067
-131720848615
-246606834225
114294803162
-77846674607
107827406820
76508368484
-189654906550
-80195772426
-112452466692
-225210608234
-80628054235
94292522136
96710669828
-62846380902
-10664119651
-34953105031
117748394244
226031371130
49472591776
-133222467502
85676056151
-75286081851
-134133857874
181519554922
-60406433704
32520579804
-12642216692
25786465726
47722011739
-24713288822
-32549754688
-97258292849
-172136923241
-85528903720
-85285924781
-12829755730
9994456707
197985523198
12134864376
87062862738
20512525470
-14567432382
-117409589756
-153280792269
-164103985903
50478967769
27170316033
56853351301
77791661125
-139501748830
-232081015837
40332783042
50055322330
-137018303740
17407551636
-56295043136
-48476862883
109247363952
104513110791
-109416290121
63134404978
-26425369254
128813555924
21734847172
-122031802273
-16881934820
16556022925
57179997954
5126168729
204331213137
39631090813
-138461624054
-196612479844
36128919199
-185612041165
135394825019
-160221812865
-166266768888
10194637789
-2494805754
-111622903621
-18566191883
15564688689
-47310568840
-155606760872
17596446288
-42140104999
-122350528359
-56187490788
43255286395
-185871769210
-183663582901
116035225488
226190078416
123420072299
54676259154
101010074946
46803418171
43687387340
56030162521
63821920247
121804624684
7113195982
188942583155
-201095809712
652033070
-137487629607
109789779888
-173366271712
-203554882403
-77009155383
-64462483093
32441488997
28718713671
20837458232
-36731319714
98944310825
-94704472602
-108496934573
18212135857
-215637933994
-73502306102
-140965131855
-38074799402
130826888421
-2497728989
-56064468681
21655310234
-15672209623
35615928475
-39591972531
55190521568
22925734605
61603454929
-104217291616
65012064704
21251647880
75140991753
-83295876005
7178681628
40925323149
79618607172
88645304308
150740855934
133650749462
20913512473
156187361440
183373431412
1941266700
-171963992002
-16865276115
-225093866975
-243252926505
78928302419
207460104391
56027137125
-107317973983
-78923877888
-178620455791
101502278375
22090820400
54848072959
94745517725
-189861838944
-107455958840
89152633000
-206976797312
-81122585457
41384684837
-75245870123
86069915846
3957333349
36247101443
-6807187667
15422648300
36058662390
214105580495
88678623641
76822917908
-68202149439
14105234443
-136579572761
12174026678
58533826450
186830055189
-123981175619
53485665994
68961767862
-85938118908
50017400105
-48312012959
-91033672172
-50879316349
1545619598
-164576191009
82298363634
6277259576
-112697344703
51310687827
-51070898476
-57508289656
-75200033643
-67552320289
117413145208
-1724269858
52227348905
-14664761195
-11417341041
-83593720232
9860479442
70382260919
-130906591015
-41560914598
-234060263950
67704521513
-154242591594
37640337232
-108342439479
-54414730837
87022616502
-62263284710
-90290738446
-188506440135
62534620394
-96131856416
-85142192189
-75802741957
-119144640786
-182504361333
-56746229011
-160916521232
-138911629385
-86592984045
139398024678
75400389232
-54945223881
-177669716846
-22142892122
-98086211225
-167517778061
-61856764011
84959680619
-56319189660
-4084385561
-112941082102
-171284668029
-149665922240
225463468525
36552888956
-189208606980
79611337375
-8499700048
27012948594
74777393515
31535583731
-202772042467
695246582
-172143840632
3606981444
-129317655360
135280555133
-97867437636
-170464532838
-74082931140
20002730665
-176705854246
-164161365089
60107140156
63424282128
-23213419311
69988572284
-54103875270
-146145396086
63766609524
88946200854
21393473522
9931992058
-95367546683
49904202046
88924937667
-94567214317
34127890662
101746604183
-132761293070
61320595937
-6457236726
-25550316536
107273969078
94498903408
60118659709
146791224316
-66755401059
69138062508
-179996569055
-110423569546
-150186855226
-147983865429
166975515481
-161860911252
-58212005059
63975143571
146881334715
-119559796861
-44163573251
-191677316298
-158074738857
-168932411782
30643170279
90595302508
178149742215
-27449622497
-37995771797
-87742409501
200675949839
68876559772
128389051773
69208292372
30239513235
-87779159860
40168985330
-208567259879
-17366737266
-138525675197
-30006001870
-112987902963
-98626822510
-12017862229
-89624109528
-152079198958
-73649386774
14271869943
-185944597908
-173827928763
-106496746940
38499507241
-137921211321
107600419675
45837456467
17725833222
-223039616515
84432860054
-22784358903
-93960763416
27122991808
-185253909842
165990267604
-65126740465
87805089743
27525258812
64723335251
-49673107530
25457338529
-34881917734
23284767526
61596799499
-4590009490
126622692483
-137808779534
-15210180144
28464519098
15927686734
187820672144
32934751158
-73981420220
-122742960778
-6328580200
27959145868
-182884424318
87571856776
24344429948
-50959826105
-92529905989
-45108138662
-137566014402
-68758310010
48489218042
21915453686
22089676534
19534465471
-30275621112
91875357524
-193801449442
26893450336
-96461223510
210060379205
-81859427385
194076529950
-40385475497
-5787993612
49843186506
65354089478
146625621709
82765778708
89024568656
56505015800
95458802209
-63756827297
-46799632667
-104460592398
-166301547435
35035581284
28913197559
1738392649
170172431961
55683554768
-1979253814
-181486956341
-72398086604
-136888773873
54711090810
-140030605806
37007114528
-135773539442
-178468110635
-108922052616
-32824589993
179125824960
154239624700
-147828052665
48026254921
19314194242
81380654875
117811148473
-83885569161
-69969569293
79688182734
-133760663635
42985732453
-78384063757
133651643361
-141710041545
61238770904
-109115972858
157566005143
60242318416
-71790163522
870773765
179137447648
-11702035297
65692926879
29799727045
68791376782
24056860177
-36690884219
-75134584514
92340863824
-102091103518
-183422294600
-75709643300
54239610925
-153809872168
-74438421601
157213128638
34812064406
-109332020551
48083391762
-127864419272
-145933911707
101132887152
-106448436650
131804758483
-44171797086
-82814511810
-141313752479
87680354480
170727699400
-42308543636
-103636705727
-87180434069
-92026266866
-54750153461
-56496310627
-60007845833
65769202355
-42433250403
-14240457861
36496871691
-72303403078
-45346287613
-3750035128
-109647298822
-2889498727
-69048220397
-46257523844
76106222907
-38049220421
-128018095336
-99443267785
-70976999265
-16023685518
-56664520002
88916306797
-182182988714
-115192843067
-51153812407
-64772270353
-67492034613
112569211585
-103909212189
43714671784
201567335496
105202585005
-87129324286
97246957696
69846505118
-202644709024
12073843273
77458916290
-13051849030
98329580356
109156774024
25716602243
83244032742
132198237029
36921270364
-109443799355
173125432130
127274534145
-79745517616
40505359648
83166414590
218855985889
-52882660084
55889483712
-90440055980
11984375583
-926092298
-168467959585
-41521515653
215381569032
29852366350
42740052996
40487839176
114981183451
-34135385926
96771935088
136931270855
-128490678755
-147563742882
-62425165217
-59045760031
4598847761
-53173561912
39749032022
-119679935870
-19975971013
-182387359850
24353742602
-141463164212
7537327593
60610165811
-150361551690
-24907614482
-52620355736
59326451520
19388270222
38713719159
-45063299066
66584907898
76154369718
-80890907739
49966658131
-8809624444
-17555127126
-17002092619
41860869006
95288518562
-134072403243
79109824888
178308705514
-57384365071
-110684961534
72900974428
-73537988286
86773213713
-25951387219
179296348470
-219272101248
-94479184543
61568301771
79174022366
138262098006
153439333551
-9412997324
66412106202
31925749004
-35322810208
164165324505
-102427827005
52692004917
160999401986
-62067762322
-115871359331
191158865461
5474664172
-95848786404
26030012713
10756573233
48864562769
69791708151
106620769980
-85526141557
178034444901
-44668616082
-141944873771
68349802365
140010326927
-26477531490
-174118361245
29196996389
-188603950394
-96580054774
82185383554
-83677659536
-47171226831
100322649665
50199481100
128728238400
34258030453
-8711789692
-64549553948
-16431614489
110201139509
-88089853682
-96584512266
15494344838
-166426648839
-114974442906
-64779385112
21237655252
36451744227
109383138883
-113301270779
31289403068
49413656274
46935123036
-169049655398
-176203333124
87358370260
-66300781874
-61736430931
-45185934165
-57683387171
10291140591
34601931721
24064081742
-69973603754
77990120129
-132176800378
75962415237
11019455424
144246083756
-132165265775
-107189872718
-181763007059
-183065173774
-117915142353
60798590470
-99890792768
99661999823
-13147142240
132979392315
19510455411
-76197766519
48594997994
29115312830
133426785131
38323844570
38123787964
-133508131701
-134996014325
-147524536577
69932270235
-47240622303
92939401380
-70797379840
58552492228
-6006057969
176954759917
187856375813
46295680423
-80707069192
-102564298123
-130944843744
-178348295089
59028218598
-3457405485
-10791590903
151244435685
-220180640041
-160533908472
-137323932194
-51046337091
11189106588
57954757020
179131445138
52850187942
4634722899
42137150865
39797441572
44449785391
-62500790965
45712856996
-193450859293
128792770391
11092382053
-174081108315
2779639907
-132141935927
104031564019
99261597674
-82692026364
45750937095
100930423364
139169820256
-67150593019
-53963349816
123714584086
207007017210
-57529892543
-69191408345
-162454056102
-179168508386
-191004043259
-20600874889
102028712589
86969352021
168442886519
29974765155
-10331287642
-107442366274
-151430250303
91525009372
60128744210
116812636178
-4736000015
-14970745563
77065650804
-76840010698
110200831035
-133689003185
-148544225070
51260580535
224689408599
-28431012335
-90158285904
-70379664208
80986486107
-95083629369
-73700066078
-177834013135
-64900823550
-169892862355
80414308545
-37974529923
-150074301193
91699101266
20995578663
84208962046
30945768808
11842851007
-11646428543
212010021329
-101563857727
106658528140
40629333463
-103166199482
66870410038
50639553532
70842643664
93564789136
-65582289158
-54554877161
28289107177
49225633338
-24388258882
-4327599679
-143535990565
-93129982452
-15197915425
7899270166
99894570156
38294003884
-170868644860
-5959022368
5252206895
-89358779268
31665926482
18686201234
84993652859
82366339425
30844336135
-32758849169
69870678541
-29565156348
-199394871870
74202675376
53531825227
74669482256
-120386755790
71583007724
137550335508
-180604222918
-89967085141
13608375116
5492317748
-48116987438
-95141150664
79438658349
-70677348102
-93333495460
58402414823
3964414712
-117816455612
-118796237912
17077725527
-140554608768
-128286269285
-162949306316
107744774602
8959357911
69021924192
7974433844
-94963635827
-79039348397
-44809326206
-106855335893
-147601669624
-22238565514
-75971030832
136166437011
52355507739
173871296267
-16358560792
138352728921
-61173900453
-232072922197
-63404191370
-79036902664
56055526036
70098294805
-206016920301
128801644235
-187287772225
-114035108647
-53730059723
36772470329
45239760251
11160831327
82149123127
13482406664
25517117552
67114019878
84230718806
79998312249
156356363874
33663911859
180423721872
-102323846638
58682674485
-77296950138
-19702220077
-31953563010
166395147882
-79424644479
-58647707232
72733726138
15176856124
44050466543
90237277528
-78504670696
-68575810670
-91862129457
189718233996
-135090257861
12336805328
-91619625916
87589303239
-31820747584
27608415071
-169061307664
8907117808
-51577600351
158664190898
31286029008
-141953768776
-22629434358
48230696280
52883742096
38594280853
-183752588636
78124474477
130289641899
5032066912
-14573237615
165430553278
-86561102596
-82312823648
-58335895067
152068563929
44675052745
65968704269
-11628889067
58537557269
4658507175
27685468411
164169176541
49740072796
41239408004
-21670666431
-187860161174
-258856126543
-138706026310
94324763293
126542860912
71027551185
72974612657
188106255678
57976975867
103775545372
-71052436270
-169311908312
174477679895
19178413704
-77153217018
-40253858897
-61940955040
43891722181
26639131149
73037644129
124973272977
195208241634
50930194080
-157521412153
91643802376
-177946249494
-205809422585
98161097469
-70977955911
29093762220
99539313253
-121896190986
80829450354
127421511234
46061291350
135684933585
-4301502073
106790961181
-131604906389
40393156988
45485896561
-149240875208
40391543848
61159658245
-128243378479
-77197505538
-148954077590
158573356403
-64408476116
172812448411
-136343977600
76277417588
16570615296
210864438923
-207779216933
185696206732
62482449637
86368750463
114124572925
-115160540028
-44812183445
87705191503
-49309820524
131070617004
72906538903
14354011818
-116418478610
-179492052223
-118352887852
-88157324890
-70344250207
-25766660150
104325400044
107148165462
68725307634
-72918123399
37808676648
-9231808943
45699674014
-133401712621
29842447234
35251917571
81416768132
-7032674678
-165684057410
-48673883439
55339320444
65720965066
37366808408
-172376389817
35254491739
-97023006040
23363150561
117229888779
-153003685344
125799622948
-39071162738
119213056152
26164590680
-19550743661
-25639441224
135129100034
-51340038147
45304625774
-171899133846
-182603618877
-143933253541
-113242838407
-23145742224
50528473146
-180157970656
81152822847
-176158578519
-133405298903
-49944959763
-89070081551
-67353412059
78080425063
-24149878204
144834267680
-6686508041
-17497463859
2383378039
-143200738356
-15323635880
79964879798
20213613883
-60480203985
-175475282932
-128688133420
43515633048
-144726712712
83985242075
-177998489118
-90422516589
-2855444336
-154609845147
72329396150
-57184836085
71205731748
-20945864938
-135990312349
104240117065
-85903283999
-152322375215
-53002830884
-136539448804
-882032323
40984248627
46763448960
52707477490
-43882123386
95639948582
141721248091
-13776407340
108346820742
45560371477
-74087445940
-4430859016
-154845102532
-67286289417
33238233073
-82859284767
-186468292745
81955032991
-184441753725
113873404311
-87622406372
-183167077525
-202756011049
128686855940
-60601228914
-194208142645
101474627872
25591164604
47867176511
14729775178
28428339890
142577449307
24976494078
-4484141647
115911933060
128917451738
-280200950293
11008286036
-156561947248
-70191007314
-45811454532
55686260417
190185493023
-66905634147
-61971961920
-105877795623
76222204032
-78698505450
39440843432
51868590338
-176464450760
26659445464
30165269202
24165364670
69254846494
136898466518
41691860388
-34390011551
47590511444
-139955459415
77292481683
-71157905826
34619976906
-24336744709
-142871134000
-71476077350
-43607913885
117324638583
69140589730
-9708803156
104874375119
46505366074
-37626070819
-610320137
47702341559
-51901530106
-86587471643
-35243885054
-166876808638
102466644084
167533504651
-7486023690
41575611068
165361524757
219380106328
-138710937192
93512232177
174079068319
88123604564
-138826359598
93528579302
64386501926
58649826775
48353848890
-128603969505
-212823709071
62379249831
-58040892828
90518402307
24915062947
91319193375
-24528021191
132206450034
-158097155766
16451996665
-90534907956
-36787680985
102856675526
-67973531394
-72303255288
12060577662
-74114411051
37318563479
22980885640
81646768461
-43523180885
-182925863584
-66612365392
115551896469
5538293069
-178947441535
90708229248
-45146689030
34066638873
-51382501736
-191908308019
144385874209
-169431106469
23256762624
-63421597440
150204543516
60364550159
59646599771
113408254674
44624375195
-96304319167
4022687537
57847683594
95284565704
-165877802354
41780191072
54594906700
35061393664
61453242697
94439653038
-169564698703
-54297149954
-78332334955
-146697557311
5461641722
148398052106
12368690706
-148599626932
122699101153
8008943990
-87276088807
13132640877
-66101605422
57148845150
125490550620
88124501012
-851127296
-66987292825
73459787069
-134987060798
-87035646842
-102956711740
65775592560
-69731612337
-58388715355
78215830665
-45559152612
-66696691365
-63749299517
-118674544173
-117749776387
-62522013583
-184135012395
-112542846960
18974440113
94536311744
-149089261414
13638025351
217937391185
215335118168
-60816881314
209030160817
136872122908
54858911396
-159662529873
-177661203906
-133017615815
43970458995
50139697644
142570092225
20097029646
-163346184424
175558480871
211458933111
56469957559
98428330366
-17519591703
192799192258
41834396799
-22911592953
210843622980
87785346013
1189678158
-66625191257
42610318382
-111997503924
-261718156812
65486783716
47988036810
2209371857
-195517483970
35235561907
68330640179
-119190533835
30462381228
80248090076
52169290442
-46774094121
28840628197
47304784568
91840829875
49627047303
38283889625
-38415681976
106799157839
30753079097
-99535016467
12838305634
131969014373
28212398614
52489027364
3618839574
202356166601
168987365181
98657970252
-180945171208
204279441771
40312213567
-4544986688
-159588958136
167694223833
115025832761
-21240762889
12366005240
-64690841384
52537680197
28102612018
-19389842799
36889825963
127362580827
-130223414621
10673499786
-43808225530
-86537134536
-142801783908
32496998575
75558345273
31859085253
-130174674783
-122779623344
57639235224
-71192085453
49491238778
33723778852
82321380341
-76198738919
-2167299853
-138384522037
-77658652671
-696331750
-173986758932
87592555333
3998186136
159754833714
99461336219
93038027647
-16121196024
-2463955354
104079527525
-7371312029
-50817780788
86134672563
22931475213
63155837046
36293590078
-222658090685
-217769664235
64012163572
-87946946142
-57889772936
-68599405394
-153271404360
-171626122520
51152331952
92329089711
63495786888
91080403788
-47223212255
137654870124
-57279473010
13833958828
5420353407
-76189551527
-28275685410
76863947992
44133431576
1046804861
95458093912
-49324317703
108798755229
73701466650
9579418896
-61259353700
-21350921778
-63456985213
6340246219
21179960450
18948348649
-61145237631
-59038729406
-152421095752
-136009950719
184656136896
48606724941
-14828503638
-8800329617
-5204619896
-240873866822
-38522620431
98105955066
17640805288
-57234921184
49715541661
43016677200
3777196546
-112311950099
-152334135761
34622248600
73135013343
25129544153
-115868204710
-83426642031
47860670257
-65336064760
26435277170
-259226351738
51959029468
121199447130
77262020197
-62615137178
86635442071
23585908653
132076853797
20636294347
82684636840
5032342330
-41875746107
-162976923526
195753429955
8562109298
41763655877
40221522281
58219324385
36566358290
161279356314
6019099131
-184104225321
55728927625
-15597242345
2085044766
13099473566
187985627585
172806124386
102834581782
29808027663
55574347471
191194016009
-13989627280
79904241192
74969559905
-45174141688
-73621571274
-19812592040
105185252350
-73682007045
47160010380
199106537031
-175371444616
74631231849
-65487584712
165217096118
127039761219
49699023425
152322335522
-99654652563
-145281695478
-92358876412
-92493417617
68536305010
51269568049
-143270083178
35056014235
25741393737
-10462436343
-241687816518
31804551785
40085166925
102488516003
-77691624014
132873330211
-60647151063
-57825434732
22826483663
-37657584514
48364062660
132378688287
-130115350339
103318943238
31156454237
89682544860
31851197513
-176075687501
-61947442058
-78401797855
57440385082
-43917723102
-71764934079
-92825132033
-16579750774
45906260041
-194102040010
28003155472
87405679133
-231147356043
22941283309
-220595229445
-82298944478
52546089256
101175781102
65855259098
-155262165376
-91441978459
100169125083
189433955506
37343221917
44170646296
20665983637
-78831503833
-81413185624
45497300273
99798471008
-12021945912
-146703814748
-85757327727
56280421689
-46323516085
101972537857
-80628347172
98305234288
188785239766
96014247081
31348079745
11679374914
-17739043110
-112779450450
98079927060
-47645254224
30328576908
97718105717
123380251461
39534099724
-96724372649
117419551658
-53120575232
27909387536
-9187800037
147140869291
216709100655
-66571089642
-158225066909
84584998362
-147637861375
205610820482
43324599076
-149274951353
42269877023
-117321533402
94734620697
99498097243
-100421834082
-162753727468
17879977562
5109251242
-165393732388
31944416234
-177864998609
-42325183963
96142349576
-92611946619
39173479154
150411513217
-89588407134
-94943804105
66927915291
78674355389
20614974205
-191013888346
36067003572
-12291777758
-95785432748
-196138320104
-16114332378
6031947486
-162644121168
71450077491
63078063335
-57177990908
-83233780876
49356687612
-9640239253
-131106459007
75449976609
123384424466
60407636799
89869770466
47210944847
-69005934893
24148692560
-19138450051
51263580117
83607631518
-88552550606
109243382859
117053367149
-146243291968
143513035314
1195950223
89307374004
-170991023077
65083554049
72186436417
93208706700
25437728071
105861931407
215781738493
-63692582083
-157825178367
78713249559
-103102826016
20249411319
1229423811
175843416166
19128894224
-189165559662
-150247492767
-42634571002
-68886588580
-153905531968
-14289556752
-21296732729
-187436787495
-47322950250
-242897714746
118531672288
-23617091924
-17268906675
27954746519
-171412736190
14132961956
181751204831
47709460490
97243283219
-77547585761
-115089302695
14914899875
-2219965937
47295406376
-159909768225
-30689490906
15951197665
-228421973701
-122689677947
-123456720018
-83594714935
41888396793
147252249466
-21177952192
28328081005
135541430336
-162384370851
44788608199
-9793879446
-3537055938
4956687012
-156244358997
38890404504
-91466900514
181998645882
-99494139287
85414076621
-27225162947
13155290922
14906676368
6979522984
86210211326
-58907386770
123220215449
-136541528397
-165803741127
151948937804
-106408983689
-95796279913
-119977202805
8884968119
-64104536357
-83432655724
-57274303664
-167080715307
-175830949284
46191621747
169372534192
-158218521304
-60089427475
-59804502023
46900564500
-156941412878
107165466300
28763684091
-37791727686
-69113588367
-103098538472
41289864472
-28443932707
65873216036
-108733689410
-189399708484
-192356381118
1352671619
35551018156
-80490154575
65868174581
129455570300
114372751096
-57447971927
19425438098
50599244979
166058749370
-190458341598
-59866063282
-46697566487
-87464905179
154263105350
69777704262
23183396159
-68994511425
20843882259
196132653004
15444742272
55916506350
75156112835
-138966718075
42914797685
85052362283
29017001475
-70653440956
-49931353210
-80002416227
-34225021974
88886350110
219631729763
197712551670
-55707728480
98923758217
46890832211
167621258054
-27403264629
56448282861
148002301079
-8922859238
82366287633
-17255707864
16917999027
207427984437
35847043772
-193695903643
-60925806073
48658537586
202374927909
39886261844
-31285807188
30021650797
46278817011
-138244897218
47677894892
97866791888
-164081035578
101804661463
196313900460
-253874114515
-65362405608
-123901543393
-51675819132
-6980301766
-10871532696
137653680854
-167555107536
-97387562708
17291246620
79534257270
62538594570
4463856923
62469159352
4586728134
860695098
146264105381
66653240554
-189509440020
-34339530153
-63047146809
-157615007795
47451777042
15669345389
-64951341262
150924579207
-26172046160
-80101981634
-84929313436
67950628511
72135609562
-140658409742
-107500023794
-13184713677
-75270233455
35111129743
70730645588
-98799096221
-56659521699
70629390466
-12435637920
-158646797159
75061824429
-9006346155
-90203523361
-232033621935
94941422668
-140232079172
34880547050
-51167783961
-238276299233
179235352864
31361309183
-74352309548
-139968182475
-214088563375
-34012143017
88076976038
17087142822
147532701468
-62753639329
103137183284
170524141763
-89555378574
51298728124
47040865538
70282804083
-43252020522
-156865487159
168091355464
48855777284
-139589592419
71383374558
124745832992
177680380755
29472846119
122710689015
22810251745
-92329642518
-62954937156
27966762621
28201719416
37416462759
-206348837026
-152803203510
-87831968187
-150785901213
130735094197
-42025417435
129402515271
-5453397919
-166422905727
4831362443
-94769387240
132630556669
92770715849
1649065596
223475368871
57143592160
190949204376
104305348960
-225043573078
-14908391701
-12481261804
169369131806
5887824267
48815876473
-174734317735
6905778753
-14527304974
107986489320
169255556666
-136503023381
96805501967
86854397678
41904492689
-101067736582
-51599116122
-90986388042
-1322483803
58398517031
110970135035
-21158144523
58966132155
32674507354
82814896751
-161245304740
88338340069
-33156213566
-72871954662
124929313085
-199162354446
78878764690
-26664813907
76111725591
143966573033
130703109135
-69893174909
22412324982
42270493805
6419457327
15140107007
33267467780
-142377338473
-170824995587
85645586381
6623572512
-137614242758
-177507085042
74237633441
-165736828889
-80938908741
67891121937
14891164795
-108145081381
93479192537
24016674101
-96270103649
15414266878
24784672925
-144016928778
46081978399
-90674440186
48199666221
-240342141012
-80168450504
76558618577
-17355603429
62776730498
31090534100
44043287296
-172898694865
63338300126
86516470171
105133896904
-58841592122
-12457747610
-42615129728
205392198139
72245615904
30473242154
25678782136
-147034655874
112091437165
110630297165
-16584800987
30235549127
8586178794
34166654217
25682207645
-167230090136
-177235773219
42236005041
-149893616004
-69709881776
153191590631
-80793878483
-111747992415
-106960444839
-10951880761
71094218122
66021062380
-53799205218
71145115419
-9850865703
-206021509162
176027210071
66261535620
93891503490
117860645859
-121068770836
-36551967197
174287578200
-120454385999
-79210867151
149492665842
-84386948062
79178477002
-21322536552
-41228062808
5488147021
52247184711
186336206609
-23869226729
-80780684626
-115925983271
-81497987166
104969323058
187428897996
-62044112798
15398245750
4810676976
126335240001
83618906059
79998333133
47283448503
43224345050
52929975347
-34620808751
-73198072315
26524272550
21482905212
-62624965162
-88022468295
-102289692540
-173643825793
-126707807873
5569778999
27408152384
45095263019
-136174909395
13027027892
-66492503185
80288028503
-136823021091
26016713394
-76409226745
161156050632
54122194921
-145937349657
-146868258713
148238919249
-44563505551
-23595975595
-8389780647
-68059530663
-81941441122
-54967333525
-192575513083
-63100014949
-149231835049
-153171241951
-69429916851
72364995576
-38291733747
25469457610
34024444226
83587935553
191256401325
-97873765266
-3125082394
61470194389
-180879118688
91501426373
-25737409996
116404511334
198014082012
-58049303258
-20881331119
-167448472566
-16334532478
-85679362648
-154247690127
28266148498
77097604190
188878390305
16469085072
38945624716
-11786253144
-120318059354
170502329928
-23192396634
-139489177685
58353898604
186603832183
26189495571
43866009105
54766786214
154203687953
-89759066805
31740411069
19832123561
16520239021
-131464113271
-82927308937
-115069313561
-15133760147
49435533738
98214710582
-47120878218
-18303710082
-138757078724
-47613864407
-159185350402
-54484302708
77322010145
-2104254660
-7920128803
-61145237631
126421665171
-69516965631
70629925580
6120628242
-122608409277
-19742596554
33163403877
-173244931774
107666943632
108050476113
-34044153439
-242430373083
136418864259
-83763950512
-210104389771
-70052985690
-65739555945
-13616951286
-173918135259
51739118312
-173829798264
19702730432
-68308214326
-83689044698
-171810291936
46684662234
-78136345748
-139738763761
8655039951
-174587168773
3166640497
160107066660
42809244446
-135794468805
-150382237372
91191098032
216535044121
-119489901156
-206426959641
-108160925369
-107356286128
78009022186
-55977276075
73304707744
23006038387
-58370496206
52699674890
-126236912691
-77210939324
-75673325650
-162123865868
10889767168
-180652676899
-168352417510
-157807688326
41935791469
-59422961655
88862874230
-106868381403
144083485047
145132211773
222244709754
-46465389383
-11848775675
-185580515694
-66587509720
82074847944
-62072724413
-8818818789
-66361819825
-48675355877
31018201752
-68092805396
63041029504
38521124414
-64164374018
-125002754434
26977455032
-7143821879
-157466488387
42403956725
-174977747531
-76936843396
-73869555894
-16147131863
-12246536420
-1081394781
166126327561
100109877974
-15245046224
-3641890070
-60082000222
128709744816
78103781917
99603370174
-160678617577
85834355258
-71162771659
152418665112
214863417727
-35640642158
90708502069
-130552285974
-152534740454
-82709326138
116116629925
-84602768843
97309053497
-73229194881
10477966983
-35228128549
79013601202
-56924324736
-118762159007
129474449996
-85649023500
-2635311018
216301865259
-193169741483
-19766487663
-158964576164
28372591296
-34952546882
34928591893
-144534113225
14488721045
-53906157923
37026945058
8084556929
128473798605
-9713751126
-51071962634
84828601654
-94543272287
-178025276506
-87679051562
3049796776
9385456402
-144490340268
-87700617016
16774050341
-72528108158
-17188197929
58302933245
-57173337650
-88152369544
14634750159
56462533873
82722384249
-5514840865
-14189931736
-141060107258
-67963916004
169777745613
126448471279
33378552353
-67555954250
37803779063
-63170347953
18975587089
225542522223
-38353896671
-53467870939
-108981623555
-44542915399
-139965686405
53357458705
13512200501
52709798522
-182868076601
-142511134261
26281934465
43147381360
-83047585870
-212750644873
-31744822161
54226937380
-59787989439
-155860428109
-263068769138
-57875199657
-28298307327
-26171186618
78658206598
10248636739
37824903874
-133262897866
135886692116
-75962897928
128255987008
161738898081
29272875579
154904057130
-142916518560
-147023856881
-177395431540
41981259178
-76153466562
-3944338743
-100174029513
8953827579
-40955584374
-14742352201
-14157127693
-92621408211
62200772431
-62874929782
109952435198
21969037093
-76770494975
35257675530
152636919956
123687208705
147098052208
-60133598128
19565232989
96074623122
194945371839
-129968968148
-163908263195
166538835813
154548578264
-13801268154
-107883070510
390947342
-125050713555
22928931331
190434037782
-34183083157
-207306511326
-138761871847
162415699417
-15013475672
-106920759604
8081432625
210609009890
86545940577
57014342509
-47663711347
-74258232090
-51890912771
69022154899
215018200982
-172979815780
78291244815
115521452592
-44783186004
-109467632701
-61965731642
-125495451615
64863128293
41643617651
82476848265
88524816014
-23371298423
-43741159638
-52521351777
77499782372
157632927172
-26814909647
-179630898872
23075977724
157115883696
55821183949
-165947567648
45961847507
-54727112645
-143506975370
21778712095
128730626472
-160439402096
-68335121266
-130391953442
-33170567852
126275182474
-135157949916
55849552001
40987170680
-215030205882
-208342269482
25201512095
86507691671
140008613690
-174343928006
-128880048672
-184367693641
197500868316
-159636817325
-184932428075
-82298531581
34474575743
165509329534
15663608706
130901393012
-10728222553
-132407788000
133379881519
79895059085
7344276353
-42374314018
140896613473
21366387551
-46979215791
115524449665
94033023128
38916286754
-104893204866
-155434027221
-80772844927
-63883049693
3655176735
-34625253267
-61737882898
118141017191
-148002495934
44063023634
163349368650
-166979647508
-26603627741
-73344331058
47987837926
10395885775
-27036568024
-131273271508
186041188890
-66061502063
-29912847102
122363349000
106163503239
-136603909352
-60255446861
24366263092
161970565763
5658429981
8331704564
-15270405232
27515541336
144052251071
62806574230
9777674716
71475923599
21682683445
32466366670
-17764400879
-90997976130
-191578775659
31325720741
81063508325
29826800848
147692552809
-36222457870
72925833751
-175761024786
-176649762995
32024054488
-62295799089
-5993572241
-57797399454
192419022667
-172421890495
-30291183718
48383740432
215556021975
-128408287095
-70028852619
-59227016681
126510888117
156010049099
-62998228788
70294701684
37183173434
175546845995
-23232930647
137185906050
-5701575615
48006856198
37452708903
66172974263
16808963546
-76356223925
-193254730362
21725493665
-76578174498
84970321304
-53998348562
19008077832
17120083195
16548815142
-32894923949
113937541103
-77345353849
-184209307173
-37670235910
-19235176996
-199261226720
12134632716
-72033067416
107147211288
-66182151341
-13039216500
25925784653
52261434687
-85808727858
171055422261
-74091918272
161712542417
31794008633
-111127979935
-76174028739
209387681829
107017857977
-5556613281
210468070232
84810048683
-26522049769
-152543117559
-36300167923
44280711822
-65439139124
-92354557581
-70842077747
-164822112845
-107769411117
119598968754
-109444499837
-21961621954
-59163059949
149602998599
-73350713098
93553715649
-93008623030
-56717966247
-110298453460
-75417224476
21958967968
-44204824232
200707984075
163738858769
66809364493
90845444000
-181963984101
-168525328940
82929352132
-28211893576
2036393830
-78784537822
-15206948422
-21674392283
48825582204
26696250748
95396808975
-74795953147
-3119111034
-45195759678
-59033900256
113877773060
108593560096
59445966114
-63190072121
-62306273116
-19655381100
-104854351747
-184388768352
30219019387
-44329124563
-136117759239
43487402928
-95504521721
-180659914198
95293050178
122650193026
-164052567256
-164191099298
-71460820393
-17617161653
114908634415
-47945119057
205222910192
-67888426479
27771903651
-91130749816
125764164975
51957293723
-142088253948
-30185459546
188790972341
15508883427
139020306173
137781674702
-875178397
67388896317
-163990557217
-183001583404
-28332758781
-25659311515
87822149747
-88865402380
17384575908
-34207860159
-45234548034
1765536442
-130560655484
-8394060918
2163299929
-68088959136
78245431645
110008851108
117256399446
-73645277497
-39343265254
44030859013
93532302241
-107350770396
-29459081541
34049543285
50628256690
-83113540549
-42111252752
-37220948058
-99294213560
-30804408888
68095504449
97510714401
-56895570456
-74402049511
-177950769636
35206272558
66962375383
81302177909
55392541527
64775000590
-159670488344
-124324799498
91268383207
-28150831330
-199370340780
-314009204143
-141966307875
-16818142886
154316517732
-14398168030
-228613209676
143963751633
-87627061235
-114067435316
71633847746
126327445843
-196556362559
81444875527
104597450178
-165786561944
26451994569
176659515771
-62564195944
70732771292
92248955275
-238823299426
-25823989400
-154901823118
-147733396403
13554237291
153853211336
-91343763388
-68351695286
52320824051
93912248182
212164220914
124497881737
-122693948867
68645895511
-130500430031
-27557099964
-15159048297
-155701444540
-136904675127
-168000498050
72686427005
132577960614
47926096933
125262827632
-90357414898
33695514190
-203048656149
203998652426
-82066258122
-93207810262
75838877732
100537909887
123580345795
-74226185595
193071042715
47331218792
-66479641441
101647153497
122013480177
49181345488
-28436414159
869649644
-110539581718
-51134381822
17302954117
106561407253
-189083207093
-184491063175
-86331324299
-72482274417
36050513214
131870468680
39969144688
31218498394
198271905719
31745585297
85678562106
51018228276
-17670753641
-179085768420
-66902578246
121330144233
96068905625
64662045407
11142989057
-104438487082
115011161753
-33034563765
-84157697602
15656870487
79473661450
-75545411695
1167459892
10948664212
-117388776030
-2192251383
76352571345
15894854960
-58096464078
53685282384
53549097396
12875669714
-8002618975
-102852184277
-29492505791
-235242098554
88193346499
-1336619168
100675802445
-50921702094
162047903307
-136109792729
199120053939
715632814
135589526170
-4963699874
-76047190277
37832390001
189597713240
-66986852018
-66086351635
-48172914967
46563667675
-38932348509
-55802741368
76125321454
21674141619
-170733727252
-163540107754
-67853585089
21132707495
-148827581695
16258102481
-159214965217
-113974392080
100948349448
-45114602276
-156098575499
101181346649
167406460401
25551843652
-167898878410
-80375438425
-149051126253
-59911439409
27659740946
64624863070
37497367581
2578585903
101830958870
-85739763131
40329730186
-134470113197
81865958250
99739380235
27158486141
11724235530
-51737251847
36286175556
-182185967709
-85231246101
-206534798804
-78350713760
18091727696
38663824574
70998854855
-107776594211
-159488478367
25440877259
182808618920
106397352707
214544684702
-133533143704
-28272090181
-79004953628
58935407911
-168410469004
26937897732
-124166934004
-121362283592
-193643896330
-223250191109
-54909367926
87238131774
-12291777758
-171723681548
46025553507
44742839804
-39647697715
-22783540764
-33719269833
16129441239
128979303217
2576094910
-26408821683
-65294370175
91922305672
-180627001526
-60394884558
-89289506619
-10153845613
-26268653061
44846778159
90662197115
76957475807
71512125324
15839546012
-56976815390
-85010808594
60707330663
45546440596
-60898237774
54822831725
-170838204763
65626300953
81907739208
-28021935071
-7952012942
49750033190
37001670419
-223465883748
-69017175165
-161545515891
-58301782566
119086911960
-91615926684
49461770605
-175980958810
196510042441
-236422111161
30563209585
48491863393
113240516273
-175208515402
135730609748
57088648655
111673464029
-181511756253
-4564871405
-65914109400
119891684017
-159566171536
-67018166424
27677305809
68321793818
-55241670926
-150629737336
-88704427661
86145841802
45576106013
-137973641911
14053821568
115537892464
-87184653688
67078540628
-61523017463
139901452274
130982260134
155202325440
-125028042805
84279159422
-7079274456
-176575078224
72984994523
-4608276826
-89657435594
-138481995968
-93445627448
-156431865386
69099327009
-78051149147
-84740936123
-84068714699
5006151054
-155251673212
26576434001
-42235031434
28656451897
17162335768
31432440099
22802434487
80559933565
80350923464
-9831080254
-180342762059
24814992330
45031822476
27274933694
-58591929229
-31959482802
88169987323
423000031
70128956297
48082599345
26157347904
60036397233
-81692203204
39209046012
-69518740030
-155034325316
24542066360
28455399901
57025419236
189585298762
165030041647
-34823009800
-153411819309
81164169617
32814678617
34660370498
-77418800746
135253933602
-117109028595
86895806008
7791410488
68084144847
-45280642794
-61568740780
-94653120356
-121090916092
-79422221954
-45137455489
-140443401092
212721842558
-50588815944
49628019066
130830542043
47153674886
-104968273655
135101083957
-63582090965
65825928645
10556048353
43887145382
-151859140478
77901314665
25786736312
-100822513551
-46134355205
-86511915540
-167070264294
105121993446
29688405415
37127818814
-69956901635
-64468771536
-65477362146
-234895181300
59219005746
124145216670
-42032575615
-183037223304
-146553399833
116828467703
-122930675190
87582747221
-16983755490
12766996323
120843682890
35615607920
37304450399
43634981386
146866031879
171686640310
8829111262
-22907138264
-139112640537
-77712451930
33455057617
-2362714240
87759241273
169024535982
206245956265
24003683741
-36654511208
29969241226
26611323259
-71674243433
24668009584
29466060763
28514125289
32765861110
-185983751611
3151318562
78644209311
14617377040
-60626936387
135149836009
22929117618
44449921112
50395474165
-254248768639
-76476890817
-237047988947
56846238419
78539922829
-48261707215
-102788164199
-120386755790
-85220960583
-32396360036
121589023308
-59532402685
-80274125442
205000395196
30083959918
60281800320
128183246909
-1292399955
-85817238509
166570181651
-74144923338
64566944810
46409107015
-116533598860
171629656363
-85652916194
63914360561
3219252983
76102028196
145291185909
196212076070
-146181755546
-46946689294
30308166152
139850336970
39018558097
77763988424
72757255034
71383321845
82166771108
49891005132
64160607768
-52425928494
85813570422
-132635962492
-26422930813
39816844586
-114929498055
-20428438152
-67737946354
-3792390053
-167960446861
-38060741524
15542654835
-119382016247
-175128058796
27716919668
-40021825639
-27223416459
-26315472503
-169623663774
71539997591
-130843070464
-185507616735
-161885573591
193436860096
103812502204
-53769242665
-84943230069
60148146450
-24625127337
116057891346
83419578576
184247846186
66185292996
90543475510
58262242945
-57684744397
39130437223
125825833052
-53188810719
-7723353799
-120883211920
-63664999467
-160802797712
29837143028
94138635819
68550223278
100982347171
7828276897
79979728138
-179013699122
-8990648596
-180675329753
-155908990986
136197580439
-124699634444
43877511689
79153606039
-197143647084
-190083743532
223748006322
-91647979431
-8363536432
100045889884
-54992012322
-94581877990
43203220556
-70264348502
-70706834620
40918187119
1275545240
3910363630
-97504110299
17045238192
79238432046
-24714808305
-58824443411
-25773687661
-33669002386
160418634240
20361264892
-60418921418
50717555983
211904658332
-60449923762
-55078383629
50701942187
48771217280
-12508616380
-178340572448
146814724193
-85836157523
-40385282023
13723518388
-150971309513
81540707331
-137637813991
28540950719
-17018211165
-65449666374
51783452500
-120228772577
18132241892
-95034535676
-7409900066
6165557219
47872488902
31551261658
26983114124
-48189731614
-88425309366
13322221652
-82294350199
-87229655682
-16869314504
128658202524
124899414483
85583950263
77901305479
125471407339
-59588044585
-72888225694
190943064131
-92809329569
100611446533
-96783203959
-78330378568
92378717261
-84529976631
105343102525
37787090965
78404129216
25852245190
-57469645475
-143726457361
-119177229595
-133134185455
-174670004675
9443956236
-164030319451
23312021821
202696722739
12239050229
-49207449401
-64751256266
72350273569
-28603362550
-13008881026
39612270569
23227013815
70510338846
-67644501428
109437225458
-74186621340
67005113730
-62373825448
19259744081
88706578897
-511600798
57068876473
-80711291663
101276357021
111080724146
-21831616735
-167250208934
-57692976218
78111542758
-207966775726
-259426288933
124281634659
-45153110337
-16115806531
-71019250751
-70734983979
-38366355198
-5717769536
-9948715013
165788293865
-60024162641
20445502673
-117847693380
-185540959752
-165610010136
686302802
-78998572197
-72367306135
-115476451463
19483887239
-152412315885
221192383915
-42437282203
68639088858
-94669592887
-47273881343
42374774903
58240113016
-50484272707
25437016769
-49844683089
-49109465364
59733940959
150445630037
-149045167520
-158093782470
-50540906856
-12620113890
-173132605514
62247148432
-90369331442
32717665929
-12789921266
79389996664
-193069178364
27021161948
-130692808286
52539120481
107899939229
-86907000391
-16043499175
-106276968026
-82103659714
-18914176380
-86431298201
-134913648566
-146424084211
-7176078136
-104692548690
81513983263
93571819054
45425192658
214032461096
-86533890270
-70842083183
-158250101396
91931005656
66438333684
103839816520
171054450652
-86703668021
134367699642
-64580690475
99191064716
-184249153243
-190814931
-42745567165
-79840205249
83547419056
50920016970
-59961405731
27870894694
-178055150015
-131780514504
-16081136334
22970343470
-24502848313
185368868997
2889724982
72917331172
120327587841
222244513770
-4724375282
-58129838250
24831350615
141129448761
-119844893452
-60421106317
-129801313570
12555128548
-131043632496
-183778461221
152983486093
-6951391868
-44444682940
-101049251664
-211799126316
151176360548
93101301358
-28868446588
-74061929718
-72936183277
-106879385560
-35276434069
-128484536274
-60610749116
158910144482
-188143079007
27629519923
26612580716
-42803716058
-167281614512
-39426000239
-155651335269
75457155745
-158871108919
-8669559630
-44804814249
151120417704
30033916958
97026412629
44794842510
-41704904028
41257674817
95700157952
-151587348191
112051518862
42275514140
-67403333821
-45065368713
-64395767507
87092623514
-39371957174
49483045272
46431901318
171376088847
-30511488127
-22650595131
88411601330
152489545114
-93407372079
-68755795931
-64363430890
37848569654
-237087710033
-115352992190
166664980256
-55800794539
-71000139068
-51242600611
45683410050
-89784010989
-16402119246
-37594542326
-76175773092
-180278222301
-118845006594
-151693497968
156705479926
5111555969
94791738463
-224871147107
7884907204
7248365337
-132996013430
-164537259631
-28956855312
179671613703
130019662178
-83028034534
44577988528
64076794482
-4932831016
131411741069
92567513004
84274414984
-50444246456
-196485287476
25893317397
-81989091817
23303487212
-156539987009
-72383617520
153081041258
48944546738
-73513359780
-47043039066
37991440327
-101616479453
48711280556
-31492955919
84616441480
158869135444
-16242511501
-18161532022
-206020455806
-242542806799
202335016560
116542746871
33294804645
84747001908
48850543034
-89819435440
-143124656826
71201403094
-134884172023
49242539237
-48658891917
25515091252
-104781361240
-38533701198
40378564133
-22942322258
-91153472422
-66301498174
-4111151642
17492907932
70430073238
52314543065
31812467156
105527083200
205517196755
112890512168
-52257300380
78687205296
20231637099
-175862521072
-128169535420
-64843037168
-52021256959
29497508255
-59573388234
-137359862914
4514110086
-180997806353
79466712114
84210035666
9704078476
178928664892
-81392757591
-4697640536
-44458715504
-116204403835
-180152188166
208174910339
-87064998826
-84970831533
3802562429
116862126447
-187564211023
63167466479
53958176204
-56754434169
38611769408
-7099693096
173323439211
-186522245271
-79043850343
92595885469
-8980390337
-154414479555
-184788818979
-48298376389
198624666366
-160981984675
25075368867
197208023856
26280340846
-13534471438
-176187607858
-225224530221
-193554183346
79106596319
41086980077
71849197184
-152132103466
188019678395
98531063403
2489873899
-72199890657
-253967897201
157011115941
-44280141479
-1151924986
126501839543
79135949132
-168364940561
141849771216
52158820448
91460923395
-43746774183
42754604625
162606376361
-24923144594
117202912948
-31212356239
-130324120285
56308372659
123226719377
111765203852
95426137077
-97765553904
-52326480560
44921068262
-93298959445
127651594197
6142439919
18108877312
136908782688
93402758594
-93778186570
29063006548
83868265634
86573703201
-10059532614
-1603680673
-20131967357
-106978371121
-160416024431
135608835494
168158561085
19702730432
-85712164662
-98257131592
-12509349897
-242441111804
-170581617889
62070442279
128075917933
-41542550732
84370088403
-10337129215
-111925551622
85989215216
172194455666
-19490214310
-131242003189
58384489422
123123392853
106555425137
74417731227
-151695823660
-163974166920
-14389751096
-25711750807
-134198598509
-73011584987
-7994292572
-6472784862
85603581479
130234929792
-177041655487
163483068922
145806875453
28283123860
-30684237039
-69376063428
-1959948792
15602857596
-75927698337
45938310530
130187636128
25754159377
-4943603005
51373743079
47558206285
14278466882
-177491933527
70100045438
91928387729
-70790784390
71994526755
133525965425
-72177654828
85150712486
73255129813
-78331449982
77670797081
47497323475
99221647689
-216225688301
27967206128
-63966732437
18786487517
54785444848
8107849137
-165166552562
-13780815128
78394699647
31663022840
45096239003
-58810432875
-55312420017
44120696200
117539526194
24275822035
-173499104098
57295134591
111349251305
80288698904
-156094479198
51827721874
41572591266
-56157390460
54496840379
190092550874
78844098691
78962776748
-230981101104
-160631691436
30219473568
25280187385
-176235874442
200960769361
40379595677
-184101947863
38830110423
63817675085
113190311339
-45950223458
15746355644
104473032858
-170480581012
98571417366
163530157630
-52624107745
14949444360
84764970533
68547166094
32164525223
-17235472876
-79587409465
33711333189
-13830494315
132393656490
19746041303
187832769921
-89156658357
-98094253296
108906320079
-115129928840
40168696775
79997102062
64937233257
18853595762
-47566650675
-227768496635
-91802498630
179576892944
-222487119259
-177712236693
143373752588
-173199901902
-33085269692
60729220858
-56320673415
-146331104555
-85467414435
1786153249
14694563344
-171253271506
111613177023
45142789874
62836390078
24375119844
80442873655
-66212984814
-16373657336
-24219740935
39787261572
22910221501
34302951896
-59140095863
-105120583600
103226793984
65884293662
-77397974335
54923693319
92329089711
-111910649256
14865474907
-94259623414
34062868517
-41412459228
-18798411604
-789006980
-55824834907
23878453192
58910223022
-68725943926
76868108103
97914492972
-16424284681
164293717315
73482205957
-62838923997
-61990698051
-2656667489
22629394557
-142690137449
-57373424946
5664365808
-1421206216
-101178782927
106907123990
87416493102
-165101650705
82934915820
42956035980
96952513818
119380620160
111492754388
97718105717
44037533306
-100725121654
113141490768
115327843968
135500724089
87436722711
83687870807
-108444620784
21729957141
-114493629560
-7744330380
-13968950671
70469817828
-88799929287
141505270813
75248714101
107814892830
-140887807059
120185756545
191808025368
16754634118
-76948531927
-238421370268
-29532123392
140093180530
-14927863534
-73689449690
93345154678
-55357137198
39030650844
76067898646
67628398449
25790404565
29640872542
28951356574
103939686010
-182986548090
-99129921274
-180848242125
-34995073619
47647166716
-157988429428
32796772949
-153487784852
-35175629331
-81791052200
27751263107
42463362937
-61828796295
6333911595
32494706034
-104384497634
-10262743925
97789264933
-81909536455
70278789967
36076208311
-38135456645
81608247706
-58478699722
40659753488
-134033652189
34199996680
130529260435
-234171186827
-24222177599
85636885020
-81331819346
-150218412242
-15254230878
27782611210
48092366459
-131294222936
155072345557
38454857439
36512804879
-254780020141
19510262162
16564443528
187766244507
210890450577
20645270926
-69295005358
84922385936
124299361150
-177391719235
-150850239349
-182533125626
149499621166
-13669307476
126095055845
-164167699139
-43325628322
47356600182
-63396671767
197008512264
-40939357377
-48443473633
-25077592568
29495057071
35648806314
-163307586179
10775649102
-129308902605
-86262620348
40276946754
-43635134495
34675475211
61267211796
-128105690007
-56255490116
129420341019
43548600816
-113067233061
89131744037
-75244639489
-138294840756
-64980811598
81358823207
208004155890
32300719986
-229363027615
185813159463
10471063789
-164164755148
-160111750260
2939149713
87746165615
79297020961
-78617806892
-78587161936
178874683995
-17682525615
-50043124680
102411731820
-120199816445
-57970743441
211455652279
-53402132356
-88168702804
100570800685
-81715943422
-10941694186
-58800741480
-65705777408
-223704521811
-185759960247
10477966983
38703133028
28821019922
-81321639374
-98456964735
153936708921
126789653485
85636028862
84255969725
6577706989
33227772227
130825376615
-20971427403
-58107529162
-208263308699
13619392971
-118736424489
-165766369845
160975063417
-58829286164
156811098619
49520874473
-21599253273
33942450392
192926654284
84616441480
137781135333
-245415550347
-109526473014
49145593209
84797397464
179049016273
6984690327
-58903041557
-16690858539
48547890564
88156382835
-150658363640
81897693675
-26831215431
-169950810111
-114972416049
-111780306669
-117447221638
39440498695
113795265049
-28958694302
-92772402976
98556658995
-44577254204
99767568173
10422327085
41980142168
1518829068
31881546752
16052410218
-59548115833
-178507200222
46339391662
53921944843
199878399720
-163540107754
37651736983
-58932223962
-102707727712
204416134919
9783118848
-159034398340
38611438763
154745312785
-157400978902
-161728393721
-48644340967
-79115607528
-89626066698
-119890155021
-43087973267
38358301461
-11603475343
-184046245833
46571425736
55468880037
-85330396094
-86961863726
-51536816933
-42413687999
58373104895
-84165201971
-161076985867
13521873769
163746976024
-80047022052
-15203171107
3543912185
52907199705
-168674639101
-174172418244
24937123742
112159562886
16665256990
-60565121021
117043862436
-103506745995
17151365243
49207428077
-64686626436
-80842277195
-101550588307
-82793405108
932443037
-36565416862
-170067997632
-88464121935
53083720900
-86511110564
-145702764673
41944826941
-13825699942
38385785523
57643650931
89471103707
90880672486
61409926407
-86474826759
-72049879854
-179617441475
-3010876771
31191996578
-23454533583
67923712665
77576913025
178234706617
-74564205515
-154751592396
-10907354524
-77566187238
-141138198212
-63529389207
85461631267
-59120274981
-102297645109
161801506321
55869633337
25724903759
-142166097671
22215788240
26450509460
112394635
56994295953
13141617274
-14067926556
45512159401
104839110066
-56127491574
1184445399
-130098547158
-180763808004
119794784552
70294701684
-58302034821
135879941461
-52880341325
-160088174263
-147768533004
35352416085
16205581056
-57877812686
13689351992
22139608491
182932447471
77780631067
73864439895
51877345814
99975602422
-169419548734
-21499213986
68500447944
135261835901
-156898342885
-137806247110
80308405103
92829217472
111533786469
63511920313
19745496905
-40239746673
-122061194874
-125940450714
51196978745
-4956231090
55336972680
32460461615
46997427369
41759960620
34070607404
-91445125268
87441177801
-84083054599
-10047153666
-25887520326
-168467959585
-48578390774
-105773890096
-6139308956
-39120441873
-50688836020
-28522971574
-63395305860
-44579779123
-34373142163
168845452757
79079473933
-142471879292
-70120163403
-203623316452
35912685144
-56538052321
20746087260
68026030431
-20306636880
-17930036599
-9275792272
4392102929
51923346719
70309673782
57775181979
130019291815
-87354123616
-55200256660
17922113771
72430758586
19989652103
-111404273627
65717806917
14884632764
-20853958368
34686152241
36870410726
55120883168
39486330417
8660855965
-21784104516
143305711237
70467446332
-226861066130
-173868512384
95194453179
-77993286144
-173566966725
-72438908743
-25467327897
35240692107
-136526650565
35784734293
99351525081
-84162892279
-59157041555
85932400755
29465823586
26486240455
-74546611001
50187513307
-231695990062
-73899207503
-232928232242
42313656745
121802730733
-35851292942
-57324675542
24167776621
-59631809985
116126464897
-35117493635
27099483521
42863595796
-148216715579
-85024413047
195917784051
73680295250
-151833284706
48251488255
-174230224305
30053765544
67413353032
-60026200601
-64174531511
-19625517611
165686970292
1748658822
78401791030
101441833379
79059312513
51312739105
127342013888
182771763491
-69162120037
-121743701952
-79798002733
6567123149
-82319929087
85861957095
-153389519490
215081159183
-90691115708
23050519980
13864695025
-39815558703
87449852709
-61141005180
210023868767
-174419873589
-202395981122
41618821852
70104638917
41876229419
-68554641455
68639161871
-51088888226
-57214565211
-164046122613
119432627071
44801967093
-101545420463
-53310246389
199572429987
61546390103
-238465368258
46485292139
-187623954453
20119084281
111110686519
-114789256765
-75433303331
-81062757900
48148328950
96328828198
45962769168
-59925709982
-166131244854
-74940389488
46487310970
-28977420056
-12224107708
31856799857
-45128260044
1471590141
17576115453
-55863298760
-177353797219
-79534569965
46830465868
-173218948557
-28493560642
-168328910667
54344022521
-39270065284
-179900854309
-141084535401
-95249322970
-66832528345
-11601539971
858054791
-45884153858
49090785957
-165609532220
29398077384
24599055430
62592506618
49125859101
-4745740936
114772225129
5585217679
-207295088556
-166096896572
-31589832026
-91366964819
61346965435
137671272801
94384753202
84411211415
-64818678087
-200945387983
61387699735
-30593212254
-144402243253
-99865848977
31320552656
70164022635
124824965637
-174365013178
179158011577
-228703225741
-111574770475
-52939202115
73262976929
56093481242
83986399881
199260663053
119985344606
1916652507
101384236927
7383511123
99281570377
-66411829816
-143265062086
144833510419
90936969784
-126179193576
-6305863615
-87842439488
42969332978
-160511546064
-167928740149
-32427987611
7560168277
65690426567
36889441027
111057367617
-35560014645
-41993962615
-66552942703
-169337129477
31511057773
20555336706
24422523205
-13227912490
48410774093
47205055801
-116011644148
144894318827
123768520961
51240710120
-181116469175
41009469709
70751049808
72414668497
-161494036171
137609428728
18542513741
-68283668963
-10249730515
-63842201987
-43747434624
143069810170
-205161846363
214425636864
98157905631
129908199051
111051031287
-27042078598
-9008288328
100882298007
130696510909
-34947004556
-135979820636
-42966939319
63035161446
16025774292
93035765402
-50068995283
-77710597534
-180616898454
35462919661
33507492975
-52984862483
485658781
54396007290
86710760495
142017281983
-176164762932
183052086035
55426184521
85064934548
-137856047400
156202841593
-8629347143
-90669422402
-53398364670
51279677137
-73653271337
100918008773
76830294895
85419294753
-175991525111
88583498334
21201981610
-167854010653
182826564960
-56370993042
-141465394082
-178281007016
11468524905
-165296169191
-226719838980
-165133979260
139419414349
147229744207
71962168857
-37090725381
75522258758
-36294249739
-162435019230
-12253216558
-165931084846
155446431879
95566074519
-84341528048
-217641123873
-152192198784
29144150641
71693007433
56180671290
18337291119
89302432569
169715825309
49757517612
-197490243693
161026332902
-63919594550
-60724573494
-177329285810
90358546798
54369004718
49212412749
-5373795020
-150900905078
-164609901392
85039594823
1751340012
-168667148201
54741653308
50894387220
52824105278
-104335745110
-210603689191
20630271161
-60289737638
-82534709956
-178496557402
83675053269
-60393969123
25511642886
-1641325241
-64030630026
23617851427
60923467381
38077613444
-88808002933
-172188649829
29655437393
54861548446
-32445593916
-58135435945
80324711232
21565544884
130704312164
-171278669552
-166853188753
59254414561
-76026803286
-172179261314
-167388302730
-121370892614
-133544406489
4926151541
47521261857
-148900674484
31917903125
18607055581
-168248900987
-99911064152
-272440708307
87476764850
-18114509460
148775610718
-150789666743
52536923007
33797320174
65504389881
-139287351016
-53565751289
-155635455501
-52509562595
-178368530114
25966382626
-61227615584
-99205923744
-58510704965
150411311249
42479847301
50070873785
-12608068857
-61910761221
-26606722716
-80567845374
120321630595
-92319822557
-2299544265
-20337881146
-169101719513
44453184511
68163625473
-149606009639
-178725275385
73537538207
-75235743002
-167731399331
74591979823
-59552875275
11527521076
171427016288
-57885353576
84948072698
-39110688569
-133689003185
82602464003
-87569904651
-137669900460
-165289009916
-163670946237
105579028501
-33940391293
-85788160318
76422335007
-91160810405
171135906693
-9851732191
-193326366642
51314555950
71795349013
40687638652
80811469814
84993618228
171934404514
57028645446
-164190649443
-135519828951
-57199062150
-67227774419
180078482236
-2141474659
-138274446870
-95545656224
181933766018
88695517026
-100707331779
45809405306
4946296571
-51685210547
132918968325
52333226637
153407321366
-179840721878
-99708829535
-169714012964
41867422385
-76970471635
68909410547
38795768491
60119849759
136298879132
4921420891
-16633389586
-117132788787
75755648987
83746448974
217568585919
-121070738603
115266012663
74978611606
48183198911
41730597635
99078199431
125740001428
89251988749
-120398695838
-88840355147
-66738105309
-136658850789
22655230283
47182788106
-52635816184
-145426918645
-75439727570
-173508617693
115850639303
131701469324
-107915691496
125546081613
-45084677837
61161861930
-62667980724
59748374446
-1529063002
193019971292
-46407168941
50152934417
219301641821
-48539872897
-64408684906
-125943454099
-186644619383
52030114106
-170792706267
15135126430
-83730459738
-82827092936
-83539635341
-60728385383
-192194751963
24380365332
-95520760877
-74213873820
-57723324477
81536488286
-77568417122
2482931335
-45431544475
-35793106864
-88030860176
137370279059
24581163545
-26223139885
-6431021254
31704987730
17100455981
94232865082
45974977304
-5000127148
176297285138
-156625368828
60597343880
118308912950
-173825825161
74573926237
157539698906
-154261327512
-31717821201
-160549526610
-177143322925
14704753342
34244129454
-129464465566
39730877995
175373424995
96998762016
-61176829933
35972129417
79534257270
151515189292
20710057833
46523078825
18720986240
-9269384900
28562465423
14688449577
-214875956725
-97638811270
-11629885910
46754160999
115427609568
73860930101
-92886663405
119336767442
97057243827
145535068010
-63863675086
116021185787
-53563304821
-161641718010
-30620897571
-205483584650
68915341168
-76374902174
-5650316298
68754556138
82061912362
-41772524250
-176232618670
-84083054599
-34367126436
-160668608844
32679173
11025547269
162419713213
-75508773394
-9228659498
88852419763
87533051573
-35555450794
61471277992
-67115325102
75771877114
133848565066
18257981986
-86421478564
85989215216
-73119620802
82016100777
44863794781
83185364138
-180491492040
-181601242378
-85316954546
44155895070
-188990540501
-80882590838
-68775547691
153089214081
48884063209
30695126788
12585883489
-132736925519
-62721017829
-125827790518
26350335948
37052685119
-3294938035
-183797985363
-184223061634
53246581778
-209566115526
-189648523879
101817382399
39324840204
-4199398849
-64720769816
-67807687896
94464031953
-169728862510
49195309248
-74447259486
50450918288
41799666811
59868353108
-179355835535
134200726141
-176858911466
-173612775115
152616523493
-111032953073
118545636785
-128187695434
162626432920
77348471076
-95423089163
14475335202
-19836673330
-124609128190
-170378394255
-124375739310
-145645214287
36188290455
212711746299
81304107626
33448330805
152892227485
-29256389326
-194906023511
154161753466
-66381853780
46570774557
33828077065
-28604288796
94684996373
-121129747498
13457622323
26091674350
75914625658
-4239761221
12204033580
92516296644
-98318808602
168157073395
90575473879
64075146687
48478948764
12757253562
-62774133790
-106091186090
99366747783
92724403741
120104229025
79416559692
-201489157795
85837715368
99184287010
-50538806381
203892458205
-110588638675
-165761208267
60467585081
26701862995
-45069589849
-75602129491
111627854307
-169779641186
-187730391434
-47127988970
32455121638
-40255349067
-194408737821
-175917914922
-59951291272
-146839595572
-58006057533
61200231166
6758306181
-50312757722
-45959122156
-7059630328
7558705171
104721349032
-98666573460
-121770771537
98926638353
-91488937776
-156779170222
44167431470
50722355828
-131711394225
-108389175626
-42819484921
159502961062
43127823144
-16019727753
-47981037595
-152246938634
121407148593
-79674218477
95948293344
-36749409857
-3936487628
96865054506
14559646727
-89790059336
-161643762440
-43548923679
10805228362
15266707770
-158908460599
-92286864970
-189841655174
-161024868480
57679287402
-12681880623
79868434609
-87001049184
-69582362744
-137601542287
-43271225451
33643083192
-92421337477
-39170182107
10613071391
-165487874968
-88931798181
-79434369595
43083265591
-49340386659
94444309415
71730156487
80142892559
-87799336647
-2277485775
87017260477
30360315599
132446493640
90744924728
-69692157975
58990934615
-180000775127
45309798787
19620424211
-156412961102
-5092044623
-131429749518
54492877530
45954949365
-141783459637
-207832415958
-14590657527
-15913886579
87796107592
45804245227
94289422236
108104558954
-48867164821
75843780884
28743656476
35127258725
110936573329
-27362853608
8497407465
-66149773862
53857396682
102696541136
-52643448653
45282271025
-164316724815
-160231903276
93236717154
36218257980
-31545447632
-96431108925
-72573558455
66306768618
86532175190
40906401469
-144014027643
164180765272
85156902279
-85780047670
-79743671531
-122791353374
155522735539
-128255877572
100081725693
195101306328
-50992693647
-13907010193
-29575306687
-21892204548
-77239020860
-4961717135
93500044861
75826407563
31548834580
-78245568052
168595364082
-175364380535
-77105198992
33597083987
-81320388717
-5990729100
-47200951060
39934695800
30726669261
69898258256
120653359959
-67711161928
-33778582986
70937297242
-100977000323
68492057126
34255350001
39887826270
69420190719
32447942333
22023679546
52634033805
-159949192914
-32747318751
-3476173783
-156803157213
-88784887831
153072259126
-48548152364
37948536622
-106156357267
-35473486310
-166758297461
-75453488060
-90392448702
-212273794375
35868670800
187884051618
-36377459388
-149471498076
-12224107708
50746535541
-87739836337
35172954394
12957406452
24053756867
-38450546590
23254904227
151572065543
-137319355239
91490208583
-149781621659
38194108054
32357303371
142470764133
41270481955
49409290018
-200965835506
133298910267
-163243135734
23694607406
-37584903264
-68497719611
164238361435
145795689143
101187469414
-32212607555
202919917449
-231920669535
199025222327
97612644759
51916217069
58592284100
-166510185723
-164749421433
32239286983
-76769922171
-133152275796
128373916332
50516714192
67002467948
-134676853907
79817055021
101713405948
87285558717
-182446294787
-71302535559
-4215607792
37468313065
-80954332673
-107695484487
91791936123
165329365288
98444842878
-149555498928
-111617086000
-250268848750
48390053999
191539847676
-59483548223
-40745848746
25659948108
54316621739
83590431220
-19864050696
79997987064
-93621840641
-31760318224
14879989363
-114647772164
-207141525126
81133359952
-152750015897
62030126979
-144327850822
-12549786304
-112574529635
117074742038
67849438903
-138694973574
-33529373733
123212974643
-66644003213
-43334241259
99631169106
202615185607
-62257402800
21104794797
-75752867306
-201939516162
86246218288
81631208121
184588222757
-512552082
-42062909339
90650216308
-143435676579
141686156545
175592489734
-105533064333
86412063729
40414951904
-103596794708
195116443959
-20920234759
-83031114352
35110261014
-156148000329
120044053746
57506841350
-132687177309
-177936747500
136042942020
28936718644
-69454307158
51971048605
-97493739433
-46243876168
-55439226593
143829520159
-86749212090
-115017718882
49770982255
35166029034
-153358831418
23025259282
122047039383
31168745953
37217878605
-77997601382
-53731617815
-229445888252
-105299284218
-105072699962
-102159061509
50064035623
-28911109357
-86721657332
-4247680399
40155223367
34830991152
32616547221
-121503271955
95129001700
118653384587
-115870644851
-20064335068
-67805736736
33125120989
-153694903826
58690711464
-124179935930
29346371208
-40278406722
48410633825
-84479040249
-236068668903
-6127063728
-59216537687
117152799962
-84407465989
26824075202
-72961328549
4541482262
196310959722
-147077926343
105379148586
-165248830061
-42422284953
-64902599547
-13830004071
87167951533
38302836301
62861884823
-219515690785
86664753173
-100927728000
12900173055
113736491611
-142841009987
176337167080
-94149206194
-80215903197
19335604684
-141315670655
-67849388921
115374749903
35813731021
-44287213904
-40508978709
-262638849712
-84172781223
-43325989437
-148654942194
141897512930
166693905585
-63656105324
23477130079
-68153904489
-10852460015
33076078833
82043025457
85915344420
-78199251032
-202133432414
-93740325326
157876977456
-6874457233
15878935061
-164460914953
-76828796217
33251327110
-49200162489
-15635764772
-55648282727
-68578672644
24723539923
42294165402
-857553131
34686152241
23456703243
38952162781
87336220319
116523566382
20582153989
1012977308
-223587863578
-50281262750
-227715346014
-101344060285
37263785594
-177437034574
-205885385511
5258915903
47350802784
-20553689337
-5495080612
169011310153
44042740255
139977262733
-84889599916
-77082108531
-104347039185
94739201584
-180539018639
-148963443691
12208659529
34181780450
113367160069
49316094339
-189150163558
70368502833
61598034079
79538922676
201091433425
39239450972
-69030618813
4514071434
4227574821
130645968136
-22002820154
135527376580
87945876466
-15665960152
20197279331
102519443339
44577988528
-143646348354
-198166026096
-94635323445
69573745419
52026917257
-70898601031
99422230359
48493694483
77210128045
75968687717
-194096498188
11409557441
95868290072
-164519564109
-82414967523
-129768316083
55405615817
68906388967
34974368433
124723790551
14072581697
-153383842344
-190897191841
-85124257245
-75782286757
118698099193
84239918396
-54414774353
37042417497
-33974449365
95081061601
-160631435340
-30334395372
31620121865
-63869055091
136045107972
71651878992
-93405968631
44638882063
133793860310
134186649338
-180795952389
100549172324
-116868998965
35412210392
2162429308
226749735714
-174324926022
65017082280
185279745911
-7847536877
-57520874106
-12708053028
-153596644145
72545079044
-11363345435
2132696973
65911345626
13884101463
-64821454752
-46480359272
104634714762
-160154006657
-95007310748
-61356968652
12782400941
85657907866
11728446306
224704451450
52406838298
204013680924
46275629449
22932209473
-149480825643
19563595739
-54521021178
8812409785
-168844745547
93654117910
16936802204
-53676749765
-187909612965
60398650419
-163915162044
20313704657
45160589819
-102864586637
-74387030563
80930934106
-44695571484
-55343907535
-33521495401
63573816664
196675825689
41760786842
-19134445593
21927402710
46522187211
-189829258405
131382622113
86238066109
21142165580
189573218766
-56622405826
-56819805966
-47170812002
-34777014552
64051576822
148537585166
-1424124514
89089275438
-106861725908
-162870634794
87429377647
112488475433
91939022267
-7639582626
-31347779253
-129244813947
15569231056
-91034760139
10805228362
-88086744974
-44287469636
147438885124
-76955393547
87749251274
198222253543
-46751588793
5302217884
-163393311175
-148999909106
85253333850
17266281004
-81954261324
39371788514
20492587281
163015894129
-93186768896
-14263418480
139897152480
-166722541950
93213628155
17250175635
58870591148
60962049989
101827167545
-77605192620
-89882804187
32293023517
-109447311746
-66381853780
-19208882685
-177939629731
-10120633512
-78900490419
4289834679
187555905495
-197290108086
-104122070443
139705845477
-62269939659
60236015330
76988830132
38951846752
-162223088316
-159533428196
25019082776
116953583426
-63638936563
-155860676853
-15635764772
1675478083
-6247435835
-113037261048
58236554129
-49875254711
95447787442
209157140418
-144101408982
35538385563
123800819832
115713508376
66673468010
97419223510
-30997337692
24828517161
-134002269451
-97322834621
-160690748410
182502572424
24072056324
37442841572
-99431484862
-136629549557
51551701067
93819796601
79998312249
83560594887
-40621391228
100499576402
-75011487733
13272656926
103078678995
21369455679
-74470233091
-193060703178
165906602333
88853271080
48628214355
-182125084235
-85563435364
-166482196920
147441380255
71533153379
33513544885
58849011047
-184722427459
93573376424
-62376664019
-179111453401
-137085735889
-86208380659
13832598927
190476175019
-61737083620
24898495160
24448939807
112815130618
-127491768882
18731937533
-165815068120
-130835549759
-221257391454
78866251921
-210151652407
-62578750248
-78326649079
203852292040
-37977569200
88172700193
-7853192178
-38468168412
-69477380243
35406086530
40925969767
-13557281209
96398386010
-67484021048
-95088315716
-162345692278
46263002984
-87417329438
27228725951
166564350329
-92014172502
33478748133
105991022549
17503212742
-112798836615
50159707737
90912543033
19109886852
28089681901
97110562823
47461479297
4691658401
-148260802539
-155723695550
-12495318446
208762925549
-66882813856
-82151222213
-69773687148
139513822272
-161586429224
109714420486
-138353218770
-158292714631
31831748050
107697836965
123447179350
14071947697
-221990819330
-13100622897
2702611462
43851568017
67934769083
127300617082
4310153203
-50891246308
-43460219249
-63609699091
12117420834
92941487679
6669304838
-25822755928
-92784157886
119810806020
-34906885722
-2666344939
76777357162
59947793248
113963686816
-154136879610
68177974939
189047518447
83430806044
70481047290
125150010853
33441194067
-159439640794
71929791295
12621016433
150816304081
26133849942
-121073834537
-91466270039
-14882391988
-53273973581
71635176323
-8246112970
42202113784
125446060023
-202243726402
-98749661257
-186196042506
97906359470
148122608060
-144601352879
-131196660316
90372477788
109214216322
-119140840835
123384424466
-52578990372
34243508426
-212937204957
-59098140955
105431139958
-76362636274
-36351807025
-158423108803
122014319529
83388131308
-54129893796
-147852679352
193527855511
-182954523802
70461867339
23098060846
37683121485
104804357240
-120317848953
-109641383459
-171531046450
178348918271
-67062858945
-23857320531
-68308956129
-80794991238
48716261750
-145751256243
-170751902233
20771896254
137625019402
75295627945
105468871058
-77992725776
-82211074098
-16196821849
14130305738
86488276069
167276819543
77188294031
42286856525
-30777912441
-60193018498
-22738131262
145988953050
15895556057
50671518579
104067895861
-60988342048
107074614203
-53898712494
-130735865434
-115598273370
-220100692103
14395475042
31829695340
56252499808
-30799986190
116924699401
55106514326
157588708366
164087621138
-212358990121
-92873384895
-16930597390
-151573055831
-238728532787
97046900722
-176489595201
-28947396981
91947552485
5155185764
90192266316
-38883033120
-180433086506
155307348608
-89800729642
113253876061
94414403642
13742902935
15267285930
-8830708316
-108824898133
-205054514719
139120059785
92989800147
-115736820447
-61707681770
69921433195
197994591827
25227875159
133135645039
127015356298
72131418787
77923248264
81829621925
-182050340845
12061557788
77427061204
-114661980900
75039946843
72988206483
73470298752
27888050593
35314501424
-104410043343
28026652792
31729691643
32044449901
19817493671
-181758701516
-170500481190
49495509341
74935912091
82937462996
29185176706
-19505198028
-37613793637
94755147957
-169639451563
81150742350
-95077042749
6997448342
42754604625
-143790688965
-91843846316
14747456159
-152938986121
-19728542819
40829219665
10434297485
30177840817
52589334126
-86230120470
-9384786874
-49228874084
134746577256
-147817570070
-111947839890
46026039205
33075192571
-53528176097
60951324722
-135960635408
65291090797
-204098617707
-51977545609
113436475598
146311251867
-43227194189
-15188412973
-33042838691
29139925876
-158204985798
-66396940390
-171976245123
-144302623444
85489755176
-48625775858
-54552941371
49962667368
33315855498
72125431255
-75527756952
-217991440042
2436442507
-51637885099
21173410415
145061387131
35724899297
-172563238829
59474484481
66980504534
-9600594941
-173234603044
-197882000401
-32077406337
-181894978251
-119277201818
-177151903903
-129526485581
36810911860
160048485289
-138709681628
-169227838982
71173479360
79902678229
-66708850048
62411333294
-87082529636
-88976361432
87453577592
-46380012146
-54835949913
-74222408762
29784383637
107059925576
-118474461808
132071785604
-67746170451
61499606220
-69680707256
-52117656489
-157638528639
-136758823417
-83649453512
-232095570603
125754351482
-144959830644
-122173161570
-176674482055
124906547243
-168637423240
-57702490861
-40161937558
14589948151
-77967109209
86692308618
-16826287646
-109573279456
-40201286590
120949329557
101486292313
94931875196
13052551
86364144251
58271359600
-86891363066
144314640924
144080726148
-176151922825
-138613950692
57968078309
91257701374
88566555712
80364929966
2537751714
96384607585
10088078357
72495548517
-77567007525
80966619606
-59432409778
-27726247057
-126734500085
44354921309
-100114177057
56132634562
75511505480
-7013591518
-70562062385
93594842130
-180781066458
67640728388
24797403230
80790806175
-174887777800
90973681764
-154556521390
-76461562033
-104981785026
-175529147682
-179756934776
20197641485
18328769554
-62504801265
-70227436342
-22687626159
58857255165
18232602258
-46912835660
-64882141849
80072438363
-89488758093
-35783765242
-153658893258
-79192251599
71804457177
-8027480020
25981745167
88796433509
-161276439803
124581204557
-42455046946
125522208410
90905561212
202571807610
-154889087289
178611775693
-18839320433
-58200594744
172473001047
68668612351
41909468434
-63734281157
54272707337
-37020284537
33514381544
-208916925973
61837452985
-165312997451
-139527968069
-8465462627
-94866778889
-143203119685
7062351695
11704363023
1888768094
56284485805
-81110069185
53663921855
184604576491
40657625769
119895112666
-187041134148
69344951667
-144432511541
-173454659645
197434536265
14284707996
-175485799342
50123644971
-57931287876
22948374266
-28074975892
74711802783
-11402330479
-58256712053
91069989477
-53807343383
91083605521
65094286895
-16501996792
-91752322926
68433662987
-109865668540
-9100305172
207367902292
195525404438
-84658830038
-76103294280
-59021085628
106864700820
-33848569047
-51359710968
120519858314
-10812844305
-64188068291
71873833982
84802166303
-2620488597
21484780463
-177628484019
-57180154110
27274146213
89069493951
86086610123
-139060370602
-95192102630
-9796428392
-200206352276
10423585366
175670823320
28076973548
-75108041613
133905411912
86012161554
24256105546
-58032819524
27203354983
121728615116
18230454515
-79312039952
43947254793
133500769882
-173512430721
206140556865
-88916427744
-151944629939
21036720412
-143347260505
-23913120664
-26986523024
5729390830
167736820432
51770860924
-18981152020
-95739492143
51322759484
202006441755
-87183359141
-90107723306
-156997781123
22201252304
33602894970
-146088618456
112927211448
-138167451862
-138427498276
119941071621
-52198605772
-9426718931
-181751647684
-76368732173
22690709879
-40966638116
53388650118
-118932560915
-177112271267
22793732594
-18414684436
16580810949
54204572709
10282073974
-54038585668
-235536327421
18947118341
-80302402097
-65193162096
-224805885450
-166355278210
-211225187951
40565838414
4659202716
77136493414
-50358746100
-130215412699
37304718981
100449174749
132858347550
-168970945144
39635414949
207681844769
-47688883822
-23255014944
-88186819231
-116919978905
78573205740
-144446389246
-176407742736
82678506210
-185083610246
121385251080
-37531129637
69820214357
15744950823
149071017191
-62193749920
-182855366928
-131829316370
-172136502384
-189675951433
165741088498
-65426286923
28542378849
166041615793
-160521666544
-143312133124
15018575857
-140605722690
-117098994230
-206944953654
57163646019
-124593094665
51671059058
19991814779
-213915475150
-50260532498
2737974024
-131784300047
-130091282872
-114753356320
-164741303177
24490887923
-52823963687
-91536244164
5946636473
-168167099490
-161861517543
42993985290
-65489902293
-1919859998
-17764775298
97883925305
42618114661
83219518212
-124365760606
83789464986
171656530064
13140934570
-22419499149
-225687226074
129434438434
-142703128922
150297536957
-19690752409
44685523973
100348342936
76437351395
86758464826
132818304276
18260769198
37000614247
-158508110915
-194618145626
-47546742691
-183144488341
177455970173
-87361519291
-38160444956
-91789922850
-87295582120
-167712736382
-70319707444
102336954205
-29362945137
173355380551
22779985667
69196797433
78510897485
-38977113987
-89577452453
77228691536
-111082586651
-65415135251
-175488263057
-105686826847
-188620516664
6712364284
-75321827766
81130033964
-26685736171
33526267822
-56153123943
-162562209637
105428066492
10628872856
94643575663
-156103857988
-37410362211
95642661128
-54934122445
12389016830
66387027245
-199087559312
-153265683549
38257526262
166504145574
-84876850812
-187326656189
-110330595559
-17717320801
-177996766833
-9193294034
83021704411
-97154641642
-196247491082
81199373444
189394770951
35547085992
-75741419085
177114751086
42489960328
-83350585701
-65216797162
94447861465
33348413748
-116406511256
76652573607
-16137809216
5913794517
-78607887731
12512694083
-12820558845
184958972840
-102482215514
9300636479
3948726189
-62851495158
73905836694
-65572494854
-58491136919
-118144099308
55764131668
74991921889
38437848167
43510942232
31004262847
46635989549
143278570217
197094684227
71602429488
-197401619255
48959187592
79994728157
77792911935
-75953504018
30010881677
-36153594591
49301841575
31106587917
182531864080
-23727258774
-53454314805
-72810545814
26775994209
-177195465250
135762423712
57717726704
-232560861024
-59026596331
96008307678
26884693105
82497989726
-87053661141
160761065410
22796352534
58906984884
50285350484
75587268154
-135275799515
33340834290
-13496978116
-146837124450
-2830784013
90533626670
-95840504684
-101278081529
-40068186486
-69707639069
32699618404
-140473804359
-58681576703
162847194777
-168970778736
-166281685201
-63707415364
-15794794932
89119083047
124943010675
-108706369205
-42564892994
128487988670
-118438988662
73411810319
-172134340721
-193898050201
-73183653724
-14338879250
-88134077223
58294034204
-40130966110
-175407373121
-24216143285
-66249193762
-177610651266
92146282567
-176919075425
110207710085
92005537228
8783913345
-74110175389
180518702202
107120439451
-67562259884
-58355159940
203238909458
58132786303
-72978051179
-21842193810
94501610948
56798741039
43529970537
213522586315
62841819708
-82542780898
-45634173658
-55131783463
-76597907933
-56166936909
-108157708599
-156005604579
81899617001
175916018449
157995498983
-11178296957
-173686125015
194041649444
-155298080322
50861217367
54873128648
-164298807678
-64873536839
-124133143085
-60705591072
-124784783095
51261422887
-70039210802
-156662809462
-46729586756
142185999212
87640753295
104910703421
-87783913867
-40457537997
1965088115
-145543413239
34468031607
-83181813515
-86604467344
35523282323
-17765633024
-155616215184
-58804996259
3922284361
-55498047345
-32108885384
118920404342
-187574760692
209585980225
-21955076525
-2248763573
-162188381351
-92455366136
48190011368
-115507576071
-138974808973
-67552162504
107521781964
-126755925215
120140575386
-118696807571
-149910381348
107785307468
-112327914264
-91041406652
204390150887
-65245773034
-1710999286
45866203294
187961418449
38191333751
40467712801
-149550146875
35189502143
-147667838182
-45223784334
22743746728
-74955483593
79715347291
137469856798
-161165821957
-85001682035
68324055663
67874236066
992714028
43149503309
-213904825798
-54567629674
77863679306
121775392353
80301056416
-51021079911
-6914108660
-69716781419
-18598318817
-134686027350
-165309408432
-36919089136
-60132770796
33720425170
-129982590506
86940432801
46286191893
-60179652334
-77403399192
-28141311370
34560913810
91168019450
168239438280
-172749393702
-141509027772
76573851019
72270221512
44403492974
-20977348034
-89300643932
59616502219
-154341708743
-158256404133
-202542129674
-82771219002
17479826801
55471910639
-178071599345
11118978377
27948758899
34456912585
168262465490
-15003074541
62853818226
67612743498
-68240591537
-6674414834
-55017919393
32989641407
219081946074
-64587852760
94240573877
209311517080
-30997337692
103432434678
199018375783
97383776216
175294178457
53996786473
101262190155
-167832100684
2949444383
-73331717597
-78106193688
47667164486
158108609087
-189059650295
39732643398
-64651918241
-25656155219
77701962128
-72728172014
123532262555
110691183371
87822476246
-50660028006
-51474920196
-154915354592
27872488305
144440190948
170040442406
-135746639887
-184690516127
-140523004357
87310806898
-61524652879
-176943926251
164214324997
-129516432799
27477592125
-14707228292
-53227782975
-13422777566
33157373695
-157233564193
-77468852743
64818723299
47549008589
-99798871330
77106041390
-57217011080
27687940170
-156264448095
202380562636
-79409697255
13853836825
41856943153
-132493321689
26823797866
40011908352
-132862520088
100187368949
-110838156016
-213300198927
-248033805794
-113590469421
163367935926
82787543426
-50544107134
155152118464
73608574747
154415405272
138947780516
157173643396
-116319463308
-12600296982
-165383653571
121697693589
143832288871
-157679633959
99282191916
-165568015620
-125198514568
31863699965
-120449172035
-15121371200
-30133383031
57029298227
46816863121
10507171255
-94211311155
167935219876
44297698094
-88794436258
-74472372786
11169979864
-212727541874
80124060263
29992125714
183829120866
9489299786
-149246684830
67275896249
-29276534378
204068177426
-165398659678
-67623626095
25014559856
-52948475370
115249995034
-117729869023
37818244210
-165290447462
99688879617
-5173289668
-103828706561
-92127820818
-167180797918
-55302745540
7543858472
183869639899
-73865430220
22245638237
171277691026
21169703048
105874627181
-187050105600
-211821748976
216903076448
-75623219818
-91236686200
2523973683
-56139940407
8997227449
-55351348995
-19669370576
-183311624517
-46835660562
-124188413089
75793790087
71896785099
80397231731
-69081579135
169011870882
40619876908
87103788265
129876520585
137338453774
18787688139
-48904376272
140773310524
43688946571
-72283285297
-103260641758
26165902399
-61313614889
-59637260186
5835516277
29842388540
121636463945
-50905090384
-19335770715
54772773745
195851835417
-25599759016
-50261437956
76715922815
156597980025
167389732834
13990267549
-168522805356
-47751220133
-17062684010
91799038018
58796150461
31095998379
73517126038
79635504567
90023010143
30537300745
20876747271
87713882400
13578289224
132059304213
-71469182838
-53461446726
-66227617943
146851725953
-132418108249
43710707552
143062555457
-147286736785
-81713428154
-67795816500
443662257
-75888801866
128030566784
-64478933011
27074435893
-51918613309
14679532348
-158345976616
111837377237
79389813662
-35712898061
4529269007
-74530206122
58789615765
-107978734513
168384002471
-91515629975
-71403402819
55189359734
26997399033
194138503363
92022540052
-178473257917
16895954683
29852879048
102268496582
-6700600541
19982285086
-30291341345
-151025108525
-62768576545
-184911431239
43788193152
-12547880449
-178756761006
74737109050
4633875921
45410958507
24842761116
-96079603884
-12844033250
127717311069
80731057888
-54343877637
-187643961811
-89488256802
-67694542063
-135107299367
-47091240143
330044012
-163349280230
86219631094
-188949566983
-154020569621
39491440332
21441180875
-158829307817
-15885133730
-59631868895
63330421273
-126862916059
136210610146
-44065205871
46098530612
184825777456
-130297994803
-2780639708
155344105137
30321374992
-150496853165
-33714257639
14568544241
45974977304
-95327480278
89126650409
65674066732
102822226270
5975044649
-66348740284
1244441882
188808294447
-87857899895
55372507637
-12173296798
55799617584
-42501862180
-83838539660
-182925922975
-126238229630
-79464423770
-88728921232
-128055576933
50339047807
-64022264655
-49497925077
8811741720
-74804097260
169321740731
103266997100
138410326067
51444808281
-68132365689
-73386769614
-86800577359
-180632739697
95681564724
-80521238359
3033899994
24592799621
-71429919517
-79955490954
-17627076121
-85624283805
47237642752
79884814272
-104250095016
42034020379
-49664291604
-286212390308
-56965712084
190936828463
-144699868971
30139583567
-124526876420
-59077653281
208357022576
-130113467346
-55783961384
-122727254033
-54085617071
-118425618109
78153503449
-43897975522
64970444641
88444783083
-123064126035
-79996961118
67587678024
132343524591
-35741439131
-127601891712
152121591085
-122546254682
40413845267
-15755636598
55744860056
132758106391
35056008228
-67309690634
-188740467177
153753451600
48247549002
-12525233582
-188541169703
74077819031
-243546642083
167805492655
46805901864
161935657182
-71311936509
-146958079209
123959501707
-168793761824
107168709097
-53618586312
-80111963988
-104737383709
134485534479
9608034144
8058475451
-4273731963
-66403472396
72037887272
98753049127
8598351350
1790664155
-125673158950
-62239484589
87359743896
-57035740344
-140547757462
-211534450131
-56393530095
47046911920
-137223172919
28197023282
-155510393458
184911851159
-166445271162
39606862372
150070404649
-158538624735
36318041900
-129630235979
-173041913067
110779357483
-178708506928
-114581978114
109865854769
35422491453
-69323417183
-131735835695
17748299870
-88365550478
61041591008
-57739229087
171571663301
76267776201
-40708642326
158648988181
-38175026985
108014337195
12298461058
13843137925
13467060243
-35292953742
-104658834665
-44379530951
83961414299
-164483100281
-83837709978
80311542456
-74013784137
-77349173404
-113066780693
27601865316
154860105446
190733147898
86117703771
-239576484519
-13827977561
26335340373
-99012632867
48658537586
-45374510695
-60610558527
-37751335197
-176889305880
156768362091
29263986162
-131713533659
-185791901261
112943952530
119723937427
-56620505290
214976200869
-81217403396
-140199706089
77872362755
28304742009
136656252790
-75616770495
162543442817
116878080883
-113684233046
70753158674
24123932086
-204430405578
-108085485697
64802130352
65320082173
117586021545
16294611943
123846092949
198645630969
62767187328
162755213883
134888885219
-19230093354
91552494451
-15805252175
-134643263779
-9865617320
146383480452
-51802453035
92661772898
52563838854
-13299404702
-58733451697
70793858255
-106538570190
68340585782
-41032716678
54547628989
3841561736
-122707671
-131425858635
34761738933
13679446370
-12059724694
80289327626
-86241121293
43970196509
188778796706
-98581850384
36305061935
-135518416348
-62454979589
-88122990944
43630472853
-138112674198
-193100346188
7539013837
-76096541828
-74894851980
-166179230519
99539422159
-156640656324
85692088682
79689398072
31810226542
-168738095214
-33597984070
45934845903
-84627010702
160347758304
-51725990106
-148760286094
-11437917894
20248724572
70749196127
79248036026
-130415165969
-179595679533
-65508600633
-68593015972
-93802425443
-177876344909
-56317160299
-46012177822
46050934294
164359670716
-83332882860
-16264347770
-33333559859
17950015038
-19444108711
-184981633184
-73541896484
-84289667452
-105441881037
-161573450964
-88132201114
-15865413165
-8185506948
43949630302
-79122626536
37436412506
-152815703033
-42210858942
65819715823
76601169705
185558896112
34850707089
-74147251671
21152593491
-141431818353
94739382262
46944951870
-121010576379
-22839506354
52526969346
-18656769136
-14023187208
22466227018
44013758330
-42351288757
-16777611493
-58570566412
136650296397
194923142609
13123443875
56318378714
-180162357798
-37097980770
-64893032390
-19236311300
-37965145187
196212076070
180674260641
60701280795
39199430647
-36012529106
79620095903
-181688454920
-49072503452
-17105475564
-23001519184
116910703350
-217079972264
84641849659
-16856452730
-68951788996
87832602059
-7407915663
-11638257776
110644300676
-175782569548
72039151474
-9908101808
77741113176
18390680018
-38339878838
-100890508695
-13389147338
-64772078263
-6483355277
-153167631693
41491274409
-67464682330
-147371847041
102745992217
142560184493
-187947419306
217081694530
-34209826196
-40114524053
-91124252773
89636604662
-119554506168
-101292331995
-3935400599
4035615535
39082767490
-140014962972
-122301603960
39200785774
12239050229
32488890998
128154830889
40535455750
109782703876
-159810565571
-77203156659
-44274425582
73816916450
103760555005
-29139888621
-92666867760
64635295655
-72864711375
-75342202462
24504349503
545406274
120667560282
-159092401186
-106606713043
151687358897
-30176644240
-70351857978
121872620205
-77916733251
-30658702088
5116478773
12073843273
-131659597117
71918127090
26547082151
118186961343
-164895104424
-177781883093
31170494813
-186084183714
-169325811711
184936617576
5685465178
73850799683
-57165880689
-177496210984
-179440158389
48836956858
-41276502209
152353942140
108500275233
-22067226907
-17042834839
-156341106901
50796245684
85824588147
20218773796
3588246528
91246114757
177954864455
-92979702280
-76889188740
-38696378598
-174456130338
-13742738182
27368022752
84862534696
23419254263
-31812232425
-176148307008
-225602015923
195648291880
171375078597
-203252428954
-48118716555
86554087052
-165772950018
9930535990
-150863447436
159516272135
-58025203815
-158972254553
90348018558
60841698958
80254200573
112673420377
194145816124
133270058129
-87100567499
-203218613269
-40417092521
-38861459462
-241433379560
87130216798
144116499694
11474949568
-169541644788
5503665126
48187859272
-57508289656
-164951758931
21184529323
69850058392
-187219011866
1663991378
-161806455884
-245440972389
49077301545
48122363658
-148758624675
8150489838
50249059602
-88099765173
18809189698
-89677695121
42801796222
83418400554
-220810168201
5500764484
116947000955
129107616848
5447523153
-49748976295
56747192793
165341989644
137636028097
-181329262912
-137511637712
120720718657
-20235805464
-72601536000
-14793826927
-27492882135
20072151638
-115336310106
-179389476035
-1007599549
99165523931
-4006794233
80531944994
47989667807
74562040308
107817450571
-207833753928
178061528637
193477671267
154045623802
-59738910181
-91042269855
-15148220984
-123990709748
-152242567576
95768568321
161687823761
52202373112
176523156526
28514054118
-115639110419
-28766565232
134715180304
-37251112623
78741749976
37602657483
-51849610278
-100965001229
-5515766405
130308699693
-77547411433
-100081036958
136472288276
64484980217
48258106142
-89456217125
-174330027783
-84213516464
-21156984110
-12848969341
-155448233538
-3880815351
-117256367386
-70255612450
-168032695488
-26158426007
108833319737
21324700349
-1939024878
204037747448
131660441132
83390975593
65442833987
-54072105801
-185211219724
-83636976283
-78966250806
35432773667
44875618962
-11701509273
-45231628100
-12030530939
37248919749
66041540679
63263961552
-174897018328
44437285717
-82280311394
-71179297723
75393361758
6339322395
73659483385
35779719896
188462062861
107888191196
41970355530
-13809380232
116060638736
-177253077003
181260286642
-141449195157
-168570149946
-115513917408
-161647565120
-20759931816
170982598227
29441312479
87473040215
-86385482323
-68489224830
50405912087
-65615672945
-189839926872
82503900079
-25762373161
-80635881901
-60908765530
176297506300
-143622811365
-18662144506
95130817239
158660637964
-13731283765
-11424160027
83018896214
30008110172
-234408022475
79411223361
-55188524440
87973282229
-75999210891
106949965169
-14353774452
184039494528
-63115097810
69079205550
128227004338
174062997892
-14509121204
39381437967
105304089905
52308486906
-162947978045
51497127580
117676948986
145250740178
80164173064
20621161825
36931431512
-72527682163
141359092853
-52791991168
-82080769896
67878241115
163501051306
26436469851
-39623786393
87611559724
-89060492623
-55787984059
-163035704087
-87629892058
-77754075841
35491256006
-50885912715
25212519280
68162732161
-50430485065
97660997036
62403798687
-28188972270
-92372145935
81327428181
-95180242868
-62239006679
-71774580745
-187631717723
46099291192
29352161815
-158135006181
-23163166343
-68192137259
10020480075
-72971145772
90994791180
-179204215749
84781913523
-70785528029
34583749903
32597077848
-62573680627
155094514070
47729674790
144529062757
-62949735532
98866119874
40085064426
3541660210
-132553847447
43759265864
-159497653399
121819934653
-128870258434
-39398727278
-85687464647
-196610169329
14842619302
212937475434
-193777594991
-190530618547
-195443518385
80835396286
48517699081
38851290357
74756175165
-173204635184
59529648887
4657517110
-88974838126
207349460678
-174959191513
-167302458357
18334088066
-60072479002
-188151002562
-61844132972
-54949979291
84715444211
96191525929
99816998075
-101236674019
133315189444
183510763981
195693968134
115171619023
183051977086
-39005538858
62580017313
-67401727881
8503461190
-21077503103
100906875225
160470451494
11061709192
185753125400
94350238156
70449614533
7671653516
-109854463125
-75874016318
-30248770190
74077819031
-25807487203
-30735962145
-258269510907
-72069877811
68827337367
2256483037
-161759155449
23290686474
-5016851737
62918771658
-36103742320
157830059049
-60415427148
76625881638
-88841184725
-159517721330
-154136879610
-197819950006
-151073252872
87319775485
-74516095806
-40432690451
-205578911313
34135815992
-111082861270
-34568310110
-153364927190
-106272762209
115819597682
-131426384320
-223677673106
-69092818512
80189478573
-76721967981
-166113774865
-156101850589
27194210149
59501353520
-19291876420
-11892376694
-62472669530
-159303319356
-177659068625
53638853021
16172475543
-17972223933
-95917280084
142473126248
94278540313
103281435879
52989438780
-94285785035
88941836924
-50702319109
83774657802
171794151594
40679146034
78139936525
-76567876062
125785013380
38407949401
61446388818
23921010763
107142916390
-128878401100
203558339278
-174096064122
22925111102
12250802983
-7247523827
115273660753
162642370037
-28534959705
-91631216858
102163112164
49811221264
54152876564
-122949617823
-144883392106
179057767332
46442835255
156843103418
94587094761
48280790130
-46072807670
-69656488366
-206813022333
-160390660888
5880297038
119024398271
-178282368823
52029347595
-33699677053
-35890609971
934302340
135140777916
165978899622
4327337926
-85925272066
-150559957439
-172145555093
-82642352697
-35096357899
40471372602
48601657089
6332471324
-85770555201
91739377077
59336301785
158721605086
-160338411844
80413468194
-45159197256
-177324144409
-38206054887
73674325120
-41475256370
188106255678
-24340548530
-179252320892
-115600693915
84393475179
114807687363
156270805633
-131523105334
65949174184
16492570417
70720489213
23932361170
112292721915
89140093861
106961694229
-170720325132
-159544779785
-98766526940
-72658225107
136555646718
-63648831076
12329927705
73412021213
45379458141
-70012083584
-91163235324
122958024653
41913824804
-32618731509
-163711477949
174053398728
-125985725945
-47451636983
-97999083512
-46000976949
-119394306549
150854298922
-36115781868
3071756019
-77850884020
-27298515014
-56418710412
18057425303
11370385291
3630494274
-69713988254
-240849871229
46184263056
-141999857365
9079173055
95157365964
-181242863712
42473274186
18733097651
29069829654
137051643765
-52457911556
176744878396
20953918863
94069175018
-158566082533
79597451138
154610860189
150902255073
-91422883304
79994662259
192025085491
-47341270242
-93773094433
-23536186630
75057163514
50932363727
29935966979
35536149665
74607535188
-161398294793
34636242521
-90603609160
52893938803
-10723160715
27385715232
-10210317953
18477443682
47219265311
-25615730911
-100864187020
-100331647974
-169043763914
6204069814
24160385560
11368128007
-13381847082
-101419204979
-2593694771
140584907524
28810623659
1121945091
-15126864130
79705622810
-206380959594
39478833586
39496195547
209323992185
193759110759
-167044820926
35907388338
16521632977
118874834115
129483656613
-96381161330
79276616589
166727049419
-49473435678
78636974342
181476231416
-9126644295
-123361862625
18845541190
68662254564
-57722625878
-14509121204
-196693486560
-63575861723
199302641607
87863341268
-209796875716
75358757851
-61898126628
185439339133
219435212948
-87505759892
-11649035431
-51180664510
66887529258
-100419806579
-77632918233
85587657231
25905261285
36891687091
118068085191
83181540107
-144391903466
101855320218
-18511978081
-101919039626
-121849650677
19470671797
42745166807
158854871612
-54365811662
-192912764535
74628400352
54065530820
32478604995
-56494824681
-75776314483
26648952853
-16410693926
72544683400
-179659078502
-68888279605
25294506569
-137402362738
77670797081
-94255985036
163287356489
94580095222
-200902289877
-67412408529
105175717782
-239594179982
153381793308
62070442279
55598985432
82034088230
-105049255925
23959581521
151867508314
-161619072956
-140224926904
53725868059
-60302820257
172103900370
-144772126545
71491194141
-70331873542
36159202631
-241383886214
97668823365
-169706659810
19094722810
91735007133
69158614944
-85674922411
23716799585
-96844455526
28869906279
-199182875338
-76222095020
84657394535
-17613912698
-77381308706
-79502535052
-4201358136
-4053187350
-77846674607
-172912488222
-66684620198
-58211325470
-70583109354
84455762298
103097356461
58918179139
-86328127653
-86877134290
-68293925949
14987406432
-33266258619
-10796317161
-51139532981
-129958326202
-159639601131
-65287018760
40899041165
193477258099
142697072873
-30525269234
-53762094019
-75606935552
-33687655181
183961128747
-94080170833
79973459864
48627551034
164433180565
62475835605
-81053206230
129302439301
118706516642
107508763508
-109759135103
-150725545983
-29563983993
-154746462561
-252870553804
66305219512
31047256249
-24604278115
-70405033827
14169535107
-75702755364
52336236348
37839488560
-60625324862
18300816781
-147058998757
-69941565792
-85012992754
-172025043579
9134814605
70046281647
-98763539817
-133519523389
48135566563
-227681364129
-84728830843
57578158018
-76984036176
-187193822554
-32028003431
-209415506616
-51776042606
-47143294752
101537971398
-196557625911
-156930810055
-61648637347
70759994401
169571449144
-17628446462
-87003345784
-51074721614
-100101317007
165861029732
154088031980
-99092268115
-68187621920
-65021105183
114323192728
76958907317
110421712549
-127407520666
-46470719940
90889691350
-107254192919
168217892946
87577174714
164120656672
-52831815168
-264923249249
-52132658642
36486292095
-134668541017
19640115482
-8722626410
-177658541562
-20395716228
53487793026
-57404184734
69841977598
-202764405719
-67774915370
31002300350
60342068980
-25967628101
-119631664958
19810205835
97456339497
-123256970948
55737769000
69878528056
71298849345
122164638508
-140419321387
118385371583
92971276121
-181857913346
-145700187784
75140197801
-32749683586
-80774162921
77385098242
-231950158727
62758816571
23036677635
-147241989824
78324383236
-58794959380
-81432428439
146871520307
5860649189
74594520350
212007452167
-78101383876
126745874461
-104263665483
27785239235
131104513788
-207873821092
-171787249551
-160811766060
79345591697
11891827126
-84694078647
-92390337973
24100546221
22987959957
-171490344455
108298517947
19869887676
-32964729340
-159028954220
48914311607
3171200404
76005350526
22115334479
-85987005638
44502513909
-18213947341
148038919114
-22049741764
39185661007
24261776961
58267770708
141658893981
-160980360907
-71837463473
-12878920169
6290811635
59402393533
-70238251155
-62524897128
130885209363
100901635347
-214936862169
-127238806483
-180899181312
71479719847
-76319667333
-44375425527
-132624327741
-49220612506
-20080497102
-17076954750
19106740731
-143685133840
-70078648239
-162591034011
-56089913951
68706183520
78558120093
-162655543389
74793039086
72416023632
-20568380789
-271233646919
52453834060
71570270899
-32966696498
-37250990826
-161102729809
169806589436
-155545240329
-31766930412
52379255456
-143699667650
37633182242
-77767705966
-184654054199
-54818716248
-41429124038
68954147886
18072529635
-165141885236
-188171905288
27902630314
28077313322
-87048959225
65675340599
82261043712
56529157714
-194742503750
158036807678
-138734584507
-31589832026
73887090664
-66413972952
-72910789756
-96142740713
-48801937798
-84957443773
4026927515
5145169753
-74558025487
-223130289996
14752550578
-28189188796
-42009793403
-83214797312
77082697507
-23347591485
-15159211878
-187939634174
124747877423
-161554023247
-105771111748
-15502681850
-198482840492
52950012612
17722665540
-37091636917
166175502339
93451109316
17978656550
145374380811
-15277726014
9556200944
173502233993
74618759080
-215015841045
106173464742
-149325182542
99054033240
-79867233808
21219910316
17225281054
-131866394348
99602597741
99570706684
-194024172046
83558192483
-39332304928
201938987629
35898480409
83037882201
-164514949824
-36870942884
97534988698
105535040803
-64734455744
35306537782
85714006147
188091916470
157323192065
60122985791
88737674673
170237048801
56757088401
-10084251637
-131740178747
97003652284
-187119215305
-50689645139
18989654964
-55366956863
-144371109950
-4992996425
-93558731733
-64646370483
102874973838
3016024263
-39452581672
47585630153
33734316683
73860586658
-138017020263
-160666605336
-139553331090
-119085167617
77195914354
18541223766
-62013023525
101147887704
144490053785
-112466072549
123146064570
-29375271689
34056017639
34793379983
-6412543024
-10185037800
74574282430
-17205867538
-47637759218
-92314942162
194692294106
-87825109107
-167704297215
189369212439
-51507061390
45687027682
-72941623193
-82999775364
70310404605
41120911474
84381302103
-31073578261
-19749297199
9063199490
25500816803
-33165997465
44733522216
146964231294
185116565941
46357967419
68043102137
61253226763
158420473197
-28633198530
-101729498648
114217765634
65207735240
-50733975624
-236417716827
10636949700
369314337
59868353108
37860882592
4907773445
55859278172
-44196039417
-51793762535
96649528867
-50644840043
-130327429553
-132198714463
-70695499561
106007385727
159079986185
31473053310
158690584401
-10307210617
53235014027
-193687992577
89148528430
24189568977
76978700530
26338125287
-189928196851
133600053137
53492983229
-67386868301
89473605622
-52018845670
66431803482
-74782207346
182137408659
63151317759
213642318712
13403468990
-171619606754
225175138572
-39946113537
27970541042
-11593709204
105944452019
-216631557332
148379849339
42537097284
-97871307224
136480593323
-40468548477
-139142075727
-75891881877
18261187468
-57606157802
141521823899
20312997928
43473272372
2738596134
-84792621067
-234081382475
-87103974967
-110298453460
37812797342
-158007310061
42614472850
-152585672931
112890964007
188566152549
45147893977
-7401182723
-59145274591
-159811884812
-48078395269
72760173194
-163307664434
203483670486
123673895542
-58563117963
168959555614
61501670135
-94757221976
-238878258618
-119524623080
-65447374635
23085409793
18652888045
192738026956
185614774813
-119094273838
-119299431798
57474157107
-194262304804
-79357056218
-23978648118
-8438373875
92511232021
126948422956
131208485143
12409101354
-160821479382
-68892631283
-199444526389
10647640353
106892803546
-30844591204
194905414282
1141738878
44978904162
39162658435
67917876990
34617222462
114396329881
-275644794164
19353870579
97954617230
-88697803195
-55099939489
155060582290
-156635062463
68698490116
-47484913936
4657517110
129479935883
202837469530
-180222479227
112130039365
174067208643
162041988830
64778390175
-38473663457
-56423476147
-69582855046
73211439980
4029755405
128712893067
99410603022
28430404976
37631762011
37737048592
-142162564105
51014171613
40419449493
-173964644118
75412151671
-122697626940
219247725540
81199373444
-88875492394
-22740239496
43520899312
121607731032
-173512612903
7159342888
-42742786570
-130559843134
-109102596087
93503943766
-10943804941
71848890569
17267933981
125398885790
43289534799
73585642654
54060676566
-74964339768
156588590227
-60642835428
-88624197834
103107979148
128577165980
-119379968779
11892426320
42392154277
19446065994
-49119481381
-131780401058
143174689588
-26979419486
-185838527250
-44570522714
-58837741001
87081916094
-57447801223
49077301545
-102985483356
19110818116
34856176208
85601822554
31409556211
113799283212
-28147528308
46672412963
-93096655455
123057411916
180022165761
-51083338647
40961279030
25354798897
30400102839
86441888259
-127876450261
160351664023
10431582553
26222236116
-173328784625
31391413798
-85215997389
69795306417
53835682003
-30676524860
25980499438
104469522868
136804739856
30216004675
54822498285
38255360337
-181337782280
75840919979
19171538706
116147814405
-9300596509
-14599162192
159686469616
-4793766630
-173343079592
43798451684
-18262242875
-183258687513
70352715962
13546461728
92357262270
-204506019749
51551636181
27431493448
8384858104
67119273305
51227178334
-18536413429
19516056207
-79225042785
43272246722
167605919086
57065227792
152483550379
81999535050
-131382867973
-103113765249
130833326053
-177459706923
-79888290442
92848238478
-41231358395
-13232955849
-40864125689
80218836469
52461886322
-186948660106
-68116782786
-77656213976
56165273496
-170037556731
160668583121
49325381778
-87069347698
-77347890614
33726054678
-115132706601
-88474097115
152939955418
-66278756295
46323473005
162883878349
-249896906950
-19706471613
57521361100
-71218532848
-62843791640
79214284840
86111000524
35683772834
69678476352
-26790874362
-101342243960
-11895056090
86583183790
-60407076479
86592442015
5097175567
-9234564681
-75797375477
-66253267991
-50894668176
163308164127
-76707549207
-62757843358
191348944755
-161075969143
77991235203
-43197769353
41111306409
155068171634
-133428292587
77441018596
-68629592110
80410949139
54376164954
-155838003263
-57455608768
-137988677625
-12047356557
150961987660
40662278853
143350973123
-86592900406
-140904211067
2881787368
-20952739549
137068117939
48128535021
-141428603561
68124318895
-75270233455
-175885471558
-5528937424
183237516392
104254873472
189040993703
60042549132
1525405359
119506113858
-69233773697
-103802941049
130141020969
-125071580706
199979827537
25472199030
31361887260
53557961503
197161518706
60783859111
121041573060
69927917082
-74861928050
-119594362017
-182388030294
55855007552
-42263878208
-138009006846
-154227875248
115596764690
52568445524
38070545457
7363282234
-86978309355
-44991976554
-201195009878
-11550942403
-213001613603
87246698222
84738801137
-38973111952
-174334426381
-65137094169
54126046780
21771359444
31665058077
5159619746
-24561508425
119035271208
-102586227127
-76942559505
50630596908
-60667366586
18052375357
-17779748559
-53069254768
86598333900
50038866692
-124993682061
-35736648721
20692015997
-90482118854
-67041144589
-7093242339
-178965760674
69777770666
-11976888607
-365315874
-137280645614
-144692654594
-125782221882
-24251218301
69756903801
19028539284
-52683961831
13415076615
48626630630
-51948262552
72414821028
-199491079026
44679456865
68828628925
3595286903
-87435428185
4988599600
-256535337652
-170531550926
4278890427
85484695724
24449293486
74176441530
82142302518
-106354916911
-9409956032
-182715203794
-176235874442
-32858453087
-88381471876
39883065553
44814924346
-57960765433
-173887887417
131397548870
-34849204662
-36582264953
-191383089195
64462863970
-297496444344
-86863092769
-170586244442
12194263200
9435747169
-22602518810
25474374536
-47177999520
142112236606
36963431964
45034750321
53266400060
-157374370436
-46710748530
-127803242070
68270584555
126427138078
-208536616197
-47558161682
49881648993
-53344797248
-97166696871
31739882359
105821393559
-16827351273
-78945673640
-58485022819
-36481212752
-72403208578
-90514029687
78051586485
70369641392
85878625265
66603327232
-194736530127
-137219802337
-248346926068
-31740454404
-225001475883
-6854069067
157377633050
16337094027
-6377133199
-73366627221
94354317738
13661202684
-45863253366
13852980320
-179713725977
75848823355
-54992830047
-32872201322
-37164836056
-157201178436
-15949303846
208490974954
133232434640
37537735392
179031397461
-75472462294
20035874493
76022148329
34046461243
17527608011
-54052285513
-17409199229
45605291501
-78911143338
-110677715096
15015155664
55604597097
141783851608
195815786482
-94721957532
85142916001
24264423031
-146056969555
22585389312
38229110129
-224133574988
-94087817081
-123002201121
39558523161
-174853997411
-62653095500
-41791331049
-28548286016
214478585927
3564996593
55416469911
38635583067
-13298586736
-10467507859
92048010680
-95484371815
-56889323416
-715293232
11793901499
74311361765
-5711990158
43594009958
127011127836
-169155038933
-140610275409
-34570363848
-5776543632
-123267961150
-13733164043
-56275892958
-3857599647
43008581556
84559054410
84098139431
-60662581884
82380727418
-126771988680
47015674562
159875825092
-4994713124
-115739995996
-83506254980
-139869778503
171488825238
-170160968819
100302951422
-198898668425
68231532157
-60933362534
-79419894279
-187503461282
126490735752
15713534503
-45218963287
26290853261
94022363998
101082010351
-87941212118
-33827431966
6570411126
-13911011621
-195837112022
-74255360570
79508294551
88588972158
35159886765
-178897905936
36631627001
23833380563
32086906924
-93164939757
-158811208683
-181614455637
35361574567
135017288782
-81230432029
-31294750287
-15010779825
-27815053955
3860456719
9788235551
-128578649791
-80718181976
35694438032
-159634946730
52767562772
64691008942
196300308874
-193914497990
-117792213958
-87208041493
40788352475
9915695816
150536937789
101212322861
-127441418854
40520586149
55592944047
-153011549939
-162892219182
-228890549974
-5918218257
119550896433
76457397424
23574895078
-16144913070
-159285641860
92029615938
186747472252
180256587394
104863877839
40450414371
50901313462
-143630453119
-54679525877
-76305363666
38827331608
-10858065394
-160159407462
-101841622801
32257538343
-115708493658
-189608896224
52811239122
-31784587284
-51992678068
181478829024
109114130058
30195827076
81663165141
-103521301410
38440717253
-6460384510
-166765942555
-25591906562
-64945443573
11575138518
45361358021
46182664823
-59064576739
96973635746
-157057038275
-103028262461
50463640920
3109845730
98654405359
-130991001411
-92600374798
-176144998223
22098727325
36957991144
18073200487
-64886284386
11253131799
168241029714
-15308743455
-94212852381
5204256397
92913106009
152670764891
863274381
30571663515
30932881645
-93213763392
77265201700
173009533874
-87953304985
39598506626
-10263978562
-45499165548
59949882689
62656973174
66595277659
-91894574292
-217971138532
-180707015892
84146855737
-92169926512
22807502089
-102496527539
-72862014987
-139294077271
-63014959058
-132676736443
-185104884361
-124689173168
-143900363787
-130496168834
-63826694609
-68187733621
-158671416660
-2382460653
58425277071
84364754178
35345595383
-181235590192
-104125745396
92092752158
69141173509
78350681251
154439489045
36627558596
79014193875
-91227280417
-51210333727
84888734483
-33331784421
123857997960
-165888685652
-149545333490
-18957111670
-14705241374
35010530001
98380559352
17121560640
-10365700693
8128289816
-168063239124
-86868935098
-180035668473
45643985833
197316802867
-140852181441
-180229299994
-2230094637
-134297594572
87654170611
-71905419740
162500401726
21829332965
11700365983
-68304506690
-24424382986
44945351519
117963429548
42380250232
-86176005879
151493365835
-59990216476
-3699260991
-44194907178
96653051079
30773592557
114568271701
-37616599009
-53097759570
16525221078
36261546304
110618519105
162645041054
-146690512971
-53383793914
13079879445
156613820162
-180679702971
-49105344653
-23633421063
78783304645
186241066952
-43912760721
-196053159215
-62141202812
194661010679
-209839411829
63580833260
66778234438
91488033721
30421022291
34307420530
-12732440912
-148057675417
101137481688
70604413149
140854282519
-56817098991
80124358853
-90344378945
102548348280
-225309600993
38720453828
30775733176
-100040361567
-23417909426
148507700024
-23404245327
3705301068
-125742825532
-118805236535
-95602293223
43337321810
90154181950
49857908026
97646297744
-87125385850
-79162391834
-6833167817
68793189510
-45388417689
-178308445678
189989387549
132848716907
-128319616377
-58347809720
27013708414
20114249998
-57253528448
63863884929
-35485967040
167598272597
-8731185067
44919451689
-53629701772
27008380606
-3552079029
-79016398750
-160109813199
212347161656
-14760302778
4628399372
21183938337
162592190384
-164513654111
93550344724
152825276924
-158308794319
84476470029
165935088754
15933916147
-75959095668
-63270356363
12984947102
-114702644628
-149274938311
82185383554
-74760968620
-73851966084
-172390973921
73179121413
7615820517
23784961135
-234956487000
-95370293714
12912942271
99805056945
37028359600
18138107085
-55387833505
-177637170486
-20899822484
-63353474577
-171227160903
97986700497
80187790590
-130783828900
46306264323
-60474201448
39232784739
40333695921
-74011654453
-73913131057
18193436972
37598475665
-174458509463
-146262291499
114652361599
50555844987
52420241848
-208029211933
-156445828694
-94690420681
35190345651
-105107028973
-173622441897
-5070131724
154058222552
-60440491723
46885955824
-236621460909
-83894223590
78298550645
56200879471
-83044129860
47300422859
65927216707
167786855861
78819091197
46040959335
-158541487035
-175470339144
-162749742656
-68207555211
-172929671468
95641597712
14960175122
-4112626669
-67445486067
-157683072591
99865407976
-154378601969
-58973721980
14140920235
-54135746153
108923669410
20728685287
7177258762
-75635734144
41641507168
-88343961883
-85876249445
-163552629436
-177921914530
52861833561
83190920
-9621530829
-38698892397
166797972895
76588781194
-168678489338
-75472468157
-10305072680
146506706798
128806697129
-48291495813
-113804655504
81281465793
28380209375
-46128075923
97613205147
-2924098599
128458448616
116945404790
-63126712892
108051621037
-162203139889
-159125121437
120329417121
198251951185
19778942661
126725105212
-171130755439
37260011938
129659200925
102299042669
127595403778
-91853735083
132601233404
101888426235
50431284037
-63154037901
71635871494
47820740158
-23965452309
-39937747847
-9778354759
41681414748
-126209757014
-24362550392
-28891580037
-74173207227
41095155762
27498758201
141162428077
120016107386
27074954695
12680276703
152912794755
-178054220578
42607943263
4879435100
-96990756158
-66889667061
-92419911603
41711963785
89019171466
-68030222201
-64220125161
-163446087848
-124593094665
90627177972
-113572553559
146205277695
44099020077
131170372791
-78226631581
39033534889
-180171364301
23757693528
-21735968708
-65952734739
74022506218
-166859592499
-127157791386
72379395864
133350745600
90147141657
23963948587
87822149747
-86469891256
6194206545
86155554499
48980941642
19035083436
-39722169982
-158962508205
-87338810458
100290178216
-133529391869
76626139561
-41875954148
59151212283
61251963666
44688064214
1712066466
-15366490210
71686907701
-75923559819
-99637873877
37023519915
-82016215235
21407996377
41665452446
90876622899
-77432965345
-40750431106
67193852783
86792746907
-172958579283
-43149950783
59392925470
102397520806
8191255466
-44550745866
-199892253562
-161501855405
-62087200959
55892825748
-64660899114
188820441420
-20450874132
-78774764137
47966103432
185844278287
-172718605561
106584946315
36672265261
1536105822
-156842616043
130639879454
134363528289
-55054427647
74825504006
-74576410482
92056520308
-74833215663
113116874406
-138397907369
1065240885
75263621301
-1007660184
94369338169
-15901270955
110552298999
48606385397
-127853817176
29095951807
112160380976
-24389607096
-77409310233
-21377912885
-217569583245
-17183761064
69631789310
129061234103
7295009933
-55320336897
-106791679036
49224326405
-196964083481
-50949794425
37525383391
-64147916938
183647459451
18529384044
28966915844
30568779463
-93371637519
29231136624
90682949639
-84433410365
78052111031
-69240062505
22100049371
99068121147
103805164035
58523150301
-46962073173
23516120462
-87711186621
-52134982830
52343594636
-16384232322
-107146495319
66163156480
80500325054
-41483348685
39967384194
-116381877274
112524358213
14432625681
61283357484
70382655790
194462880166
188620145263
25222610694
-84999865980
-145930598301
79783528080
-32993109752
-103410417337
-150355161094
17794224637
-39180879110
-24808258190
112664651820
38110757728
-235866224729
106821294484
-34582636251
-96166659659
136676655133
39990711680
-78423767208
-106306685235
40570449196
-237242712463
35821828100
-163169733365
-132973827215
126122515259
-176800233628
-192875550976
-33778432980
-17145297952
12327725325
-1973109063
23585508566
56799947412
-184782661970
40371650505
-4924296427
-206449193847
176682420425
-175444716148
-9527957740
79256343200
118144787370
-53147041887
77252423744
-9477952655
20309969635
42109433401
-102863748294
-76761099617
121407891412
-205534927753
72414297839
-179323713211
47705951384
-152545357885
59549454722
47041717828
-10638555725
103172834833
103447530774
13621100418
154154183039
-134244772924
-25463604814
-167230720584
-167783831356
-40351673769
171113617217
41216828112
-51427666958
-1886163269
-67355675908
-187379522923
92780865026
58169623969
-79622202401
-109225170892
-77436980739
115562550851
78352722363
132672958261
-59206920941
96037435197
-105921768844
44653934549
-18018524115
105527083200
-81319051783
-186096246013
88947303929
-30962121068
174372019303
-89915883525
83655675848
167887314387
-76827130997
10899577912
99106563305
151101131092
-78230191191
33260344645
120447979086
108770722744
63199830438
-29850949759
4931066952
-56893927809
-155138922299
-143111663214
114147735757
-85594527779
-11965410370
95394126557
46584346297
-107771377986
-17807687862
-47911459835
-57683356392
-151146240632
-23350116031
-9061987877
138004366676
73952802617
60322229938
-56099132472
127724243460
54155629755
-59288037711
10967806139
119216105879
17366428012
-172818440025
-134711309679
-83282781803
-82440256096
52394127047
-62080251327
39942240255
-96064417919
41205954154
-52643448653
47887738953
-33573966376
-67587159375
-56821695974
-181790600197
90017998490
-148909334511
118617411092
46161505701
-192886571877
40398757912
11712910426
-168864749270
190301343900
48657013339
-75197375393
-141923326622
36838913755
-15417638069
-214066233589
-117478713103
-60134534048
45768912239
89585896259
-152115902681
-82678611445
-151674585150
-92276153799
-76170292482
-82372720211
26093130886
-37063341188
-102832541881
-140194361060
-70523651965
99689687515
114908795756
45013692069
83842136932
-17954259849
59484867920
154155458486
115681132030
38832924741
-146859445466
-161159350959
94661665339
124121792816
126987300285
-9634869169
54018503190
-204165790579
-190271609221
108320384913
-102663667610
25002717191
41057810774
118397219888
-162710256067
17909974463
53789350667
27223127273
113029279526
147593478856
-12675461742
14146687831
118632149031
-244044233827
130324190078
29443752055
156331893551
-82419138012
27834260636
-80782828682
124344704602
-66362858647
184421155244
-27820231426
-70756083955
-181602922623
35892632762
189408323465
54119905171
-68945236336
50267962696
178889387678
-177349270345
82501709763
132971269650
49315122788
-79859747740
-48187773227
184617818031
7494833981
-7388692425
-230109956812
52938128421
-41061657188
-55070865346
146984118177
161453634206
-157191740806
-115010383941
-91755836963
152363485843
-48619338026
-93219766126
81963983618
81724492432
84681813840
113762528231
80569110174
73646506511
86747164216
96483812391
80474898635
-107533160658
183962057963
-215982768322
-40204106160
76696834327
-210906527210
-126097485522
56815439990
-166168707853
-60959760446
-61331023475
-77088932025
156181148287
52207280326
-28021935071
-85858805736
-138293241142
13964230342
-14636261143
113048370033
45868739299
113150443066
77254521282
-100340889298
-93409461539
153918013213
-102284418429
-29780745546
-50518312342
-45647487557
212070457028
65389832206
110194310586
-2617707560
153858982432
104217339770
-90073485925
-178984672072
-27210655598
-163607240124
117486345831
51159645319
-167733120451
-72758911298
89182345547
38973697773
-157847327477
-188156897290
43909475612
-17916429627
76742566136
89398928537
-148265000439
65844283541
63554001640
219080558328
61791794626
79653593279
-12714417931
-18663658900
73422405322
36308870965
127296842179
-13353968211
75110510243
54647058125
-79797056942
-86480627215
-114181383742
46683457380
38219107907
41976898359
29791988741
-182652100603
20127748999
49929129207
-176060659647
79538809882
-236274881281
-90078360105
-31475075700
39896375415
105224558419
-187618323500
86496221628
-93855319199
-32594814762
-63589880090
-17366737266
-75936762800
3393221861
-52139249522
33795114011
-118961911760
-76570855868
26380550391
186177855699
-200207544637
27422281893
61852822195
-120619830708
51803714412
-35513131448
-168482441159
132834249544
-185409691640
-180187070520
155179268577
-46290044543
-194078202184
-87797214594
179547915019
-49778917328
47163259066
20250632139
38266679418
92122039286
-62374991852
-214446976410
-98244282586
20043341092
-21598174876
75133239401
48398163057
13394884934
97309592129
18276491265
-57926226731
-130843473408
156853684496
-134841925426
95701841786
185149446589
-59218194684
-146615905125
-167060060057
45183122739
6055712420
39712719269
-68921023587
-109900808629
-176224495518
59965082888
31257472857
-32617722255
-58581151845
-89573020514
-100302145557
-57950308508
85743775133
-80903486548
6759707668
-80065047887
152309556701
15648496130
-74685543395
-239973930250
-128452435117
51415253501
-164795292809
-140816935747
-69073805638
84086917780
52248109106
-102869654424
104500199791
-95359475897
58600135043
-13218029423
-184822208602
-102498935513
-178726436361
41418031243
-137323074231
84703425626
-65024163949
63531721035
-117379706966
121410601160
-72092080371
14554588415
48190751181
-166717812819
103714074809
89092608621
61331872295
139391739186
169773030624
1797639454
-141324152013
2746538387
75089292970
-32836227717
145932338835
-53546722783
31939928782
38217466948
-51990555856
105648649583
-172642553052
41849067082
18613498036
-21961621954
103986519805
-168544809178
-81014513906
54660797938
-55099850668
-154146871098
-169022681713
-235034389779
-155137942641
-9081263533
-157400189628
-20762595104
-69379621950
-198948029098
-108966444801
36549257908
209949545209
212478627525
-27083895238
-7920497132
3341880672
17540563401
-63370339023
87359743896
58958661726
4235197373
24581936634
-24037855744
36116655500
-184783889909
93049014044
73636381307
76165127799
203632259414
-73992099775
-182499652904
97888442257
224747069491
-60783143317
-217558223038
-81012442374
77078365020
78431661964
-134425349072
-159735833611
80512153298
-121611982008
-181782070119
62040554426
13658566025
40180988421
75974420588
-44529227938
-79981547026
-5579119349
47428693214
-89001250713
80525525939
-151819140228
-177235388050
56508209817
40187286274
32968053696
-203301954635
162723801187
182301294279
-10995500894
-156320341768
45678121562
65113803672
-161356533529
33870941368
101407531702
-56915177053
-53150142068
141167743535
104956897887
-168549181122
-75837430401
182927095865
81472864728
84675601766
-63807076183
71161168669
116691062505
33011980205
-73599323632
-23774479828
-63584267382
-69447215928
11402562231
43772489757
158678041493
-152885917475
-183541549272
71965688060
129140230070
146534683039
-22765116110
28017329909
-5665755160
-15478976444
-53457366404
47987837926
82318796621
88253958408
-160593652167
-146905604887
81502080453
-118272252352
-13948159115
-3932417056
-173719659586
-99839381212
25103495606
-68072664966
80865914915
-103398984992
106980649783
10207444909
-206994100535
-66683261578
-149144930961
177609480114
71591450630
-108020607119
66212076256
-53792093592
22528131785
-74359721574
-77464940076
215627699839
25816955967
65664979351
12424531903
1510733262
157707427359
40579675691
-142171929030
-207273070572
82774034401
-83074922779
152831852134
-142351340613
-107406303848
-68312773040
-43939975519
51489862391
-20616659219
80393550201
166398992240
114052258121
33614892799
162356774204
-124751832566
93249024977
98664573346
113094422030
-72112584148
21008239669
-83534219117
-27444941668
31144190815
-33109558376
-162704434681
90547951328
178070284003
-148054630634
66123854118
52802441984
34856359402
-154287525443
42848114842
-83033828678
-50820910339
34954309835
112764576482
-184094555052
-98430698340
91430520810
-169091171247
81257255251
-67992304367
-65705093708
-70331925318
-2250242509
-2403793866
44681146783
44480667826
175112510631
134605955232
-156898199269
-107318885566
-127607406403
-136691432422
-36534569606
12884055934
18083531913
-153780375988
-93052648027
-17659076285
41520178841
-28584961441
41644314258
-55328877841
147866023469
22000316629
160710878035
-152104476711
-157019893625
93310369079
-106754890337
-17658627027
142663190965
-70186232197
-106326841132
143505968141
64742299746
56225796752
-90211453660
440163740
-41488163247
82655216918
-155745585420
-29174464286
-21983104598
-100173604575
-20194814382
-66166349370
93763264150
-93833485854
18095653563
-105332690152
-100199459269
-34976558538
-11377544151
-113760361219
18690196582
42965674125
41596041397
-22663977638
-13356971390
-46361411151
-184092290870
27953251151
-148793022288
77432449503
-76158988617
-69069460238
29258259642
24651190728
-82199302454
-88750477198
173778909386
82500684404
-33949048412
-22885661295
-12675461742
-74467173195
-8131667578
57463939012
-83444844891
-51179060887
-106275072502
-41119455719
107941615117
10187159793
-102859767693
6543138843
195147007345
-133803312262
16105276075
107039056903
216624868865
143270716784
119113566281
155338241184
72653098586
-208794593800
115967512922
185482242971
90806369714
-69091455438
-2028853810
21076205840
79786346628
37592998981
-121647753540
195031575541
11573898186
-54675980468
65746197448
98771009322
-115988527843
109069445917
91290192939
-62520572048
51562286038
-28334627054
-4850415080
82610559338
-53395595425
-59935900158
121932725858
-22686643946
-18052502508
-123776556347
-66688386517
139433398009
-19942614894
82541817518
-167353978937
3684167658
-33191982956
5210616813
-155940119497
-29033650110
-37545082165
77590274385
83153426896
-142965738586
-114324657573
74237633441
-239930277820
78209876701
62373743689
138289884274
-182631650366
-62778473621
-93013647042
-62240069063
115844992946
48113210488
-42358933393
81177470171
-129624194839
88354435730
-167513833705
-163139277455
146876302395
-131766792934
-95717220090
156950332145
714043693
3583657279
73943315292
38005866869
93540064667
110004187659
196168483131
82254573284
24810695924
-96586665869
61009029039
-253704999247
214134692154
93694249379
-576448478
-161188729043
26663800850
18752795589
71426773935
-73394218908
-5348726480
-69604316985
-18827886606
-81625466936
22839552493
84773552236
-121316559715
44677227179
72850250482
13922288434
-98893564348
-161040455276
1773140811
173359446661
-27781802987
-104275676624
-16400539696
129739882843
6435061093
30550927404
37447395318
19388270222
-187894946334
184460250262
179903226112
208656438321
66738758378
118306916142
-64649946779
-140461163927
88061698465
143276674827
-149561283005
-182717390108
-66176512918
65367666822
-112628346827
-155132056786
-59149070269
-156504485252
-86905517642
59339163680
40088091042
-23866745965
-22015266894
-177607424168
29386492058
52377665442
-115921419144
-67823609501
-177996766833
-64623792285
52064963740
-4208361511
-155444300831
-46114124003
-125464350949
60560941075
53277010184
22397120587
17418799396
75680363490
38227640208
-165703332717
-59411179870
-14481346337
-986019172
94429055558
9753008998
83376483958
71975925711
-69364187237
155880277734
-189488778424
-66528355072
87037664269
-67252905956
41151127515
-65211360598
-53493175292
69972034241
-60472031969
30618498818
-6199038954
143116567510
9592238892
-170875837247
-11187601156
-75092613969
-41729869077
-144770408265
138029443758
67590073245
180951733762
158833592334
24293688326
81129308374
88663064379
-81965590871
-79916758758
-127358197362
-92275325542
-92909227098
5494698288
140018755757
73404776486
-10536033691
-76455564103
76773412204
-64690224547
-231641118245
-143864995993
106187098354
35786797138
109249019891
-178651282059
74553731553
-178633411101
76375306805
47758802403
117821329754
173551752503
-68042209272
-110563422782
-30976435262
-158588630848
-34552223697
-121519111541
48892567571
70350432969
-147776710251
-24980378675
140779641932
135542753920
-68474258364
-64430876047
101671557110
14381645578
86849724324
-72653543380
-88531050151
131746637872
68191500769
43735761798
-44260609459
-88709679183
88973112685
-195316535805
-84748913719
-147510279167
-56342522846
127373919041
-54105250303
117457788222
-178497984129
-155626444824
108307866178
-74941116800
48776791769
-3935030285
124109183959
-147524645369
58290243754
-210003959363
22711967710
-101059594286
-49127077354
-166445964017
178721362287
24991446198
74885044371
-7750223243
-140323879446
94608714706
-132147660790
-175695486955
-45980492535
-12892965672
89805626594
-14893243522
-187296982521
125816762125
188674417450
-18789177218
-85181225533
124197099418
119173143773
71324723556
61905549035
-80811181337
-16333017594
-7592357144
-64353868681
39726808947
-39183963254
-42617755161
-178109850271
88420911855
26122776321
105160130671
71699390342
-39424576590
33917732540
-28071373081
-44483737676
-54750522345
38023592565
40498393400
33339383286
167953834528
114717853906
-27937237041
-51969624678
-46931344579
-53658728616
-95631389046
-184839704314
-177484217492
62768044404
35661247198
-99365784743
-132761489494
-44260729379
46673574194
-65957979233
86666249661
85314330148
71369299230
108976307977
62909719753
5764360812
59278868867
-53189460509
-59862053270
-225617233813
171367436552
78355535975
959344622
58291248714
126730571325
-208550451094
59670881257
-51132840578
19214452753
-27682007473
-158512144822
11841029830
-145661780939
107070933851
44916690310
140488915705
195996782528
94815367182
31187333341
-82690331981
-82397970520
-22103964551
-170411823836
85669451318
-178604570786
-14281493769
134510149838
-141034542066
20098320268
-65822654008
1833455897
-100094043719
7154111943
174178096722
-126158390278
4143540727
99569233607
126175223904
-108660915351
58439814983
82051158159
-59240078067
34225188225
5143855578
133445058309
26307676969
-95243853972
-144705244782
-113061024625
46065159307
112800717325
-81479238557
26490652239
24845585806
-9517898123
71894883307
53016429513
30499483300
-53560259515
-5664596322
-1622407616
53114543502
-7931244294
-18678311007
-180867754248
78109210215
-44023531122
70476033911
-711996988
-117794678514
-149991587545
-173893776293
27129892725
73717643560
-88856730806
151448701440
-66682036171
86403356276
116131971117
-127940993736
-49500653214
21034956772
126657433863
129548884028
-40243098066
-113962786143
14759810972
-77638648526
97301791317
-98935348281
-149763742352
38508915875
149755492168
-25954965784
66538084851
26808741680
-52038919518
-5126050468
79391030121
-13957650580
3989325825
122068321376
67604733065
108570826336
-36037908932
-107299703405
94542713653
5918756430
-132911987783
-25152742707
213773803992
87500181402
-162616738144
-132123940423
-61651475413
-25066250327
-158264374062
-27205476589
46655532750
-173651421034
79548852854
-198719925010
-108180007191
-70375308815
27306663564
-201419703472
53827341566
-51918613309
148642805317
197314505166
-199500547645
13187349473
-81758410413
-141085972947
-66817800455
-78868970273
58482802813
95793461650
51249230885
5591454248
17207134716
-175701778102
46279866430
-55379768372
38320055250
-178742508013
11391034166
-193190798927
41560656348
91881033699
7921337342
134284201110
81941846727
-148572597345
-29793208884
-193303862739
-75659624671
60578689035
12038372125
-61579102232
93539933631
117340189754
26410194993
91274110994
-113361109822
63008233982
-155904241168
-59668348353
-66179599786
-138884084537
92900342558
20015349210
131648601077
50891455206
-16336510283
-10442263357
-75774790940
-33234692457
-66843814398
26107736472
-91427972821
-75659653874
77012820017
-49685389304
-128733991979
-50717226332
83661786692
-130193941888
42970435037
-98446798437
143172651167
-28445000844
65041776786
108644511187
-21641833923
70591676551
-63445444797
120902922526
104040817352
-171869531573
-169904340931
66229746437
10559397670
163732018350
-118259113968
-15408359584
88484034071
-157075123715
-214284045151
-172325886307
147389478855
4376704650
-215587145
-172898734002
221781791559
-105445051160
154946723632
-310690868
32085117344
178253075370
-15167985354
-146234445078
52749079452
71619139175
77509575353
-178633272503
-108335923778
82002882575
-82621189922
53939270676
-188970610341
-42879596839
77779156019
-9798548456
101770907062
-66530416051
86184337039
131229051900
-49857538215
79743334378
-85122105828
21630602344
-115968672221
-177058634043
38207651185
16651039552
76101931572
-158904683337
-240891378131
-173679974162
73213492915
168851472962
-75978470445
-21935725617
86540002880
-151358568260
12567410925
-68298446840
-46791859123
96092454434
5746160877
106208793146
133824070895
169832144301
-2203731702
-1556363890
38907414047
43107052727
33393152490
-33569430841
37603209753
-140948182778
52391814511
23375261933
45933170186
-154835921986
93371246242
98903754254
85054169495
-93853945537
15130310900
79358840691
-33267742127
88562021379
-96037208866
-2634647655
-45912040488
156669315488
50518002943
-135970431599
-216975793579
-37508016416
49295467456
87715637291
127217618146
87611951649
-3068176076
-32233775342
75338970469
49785802081
64105992117
46438134804
-59881421827
-90245512115
58237342809
156833889708
-133438173783
-11994979921
100566210688
-154136879610
50137084748
36057705601
-141531089145
80104134722
83002805199
55056550656
40614500759
5840524475
76823768632
35252653858
-22033241646
-161724690267
-21861877577
-128507270697
69388688240
-32136109215
-7886624191
51348960765
-41428327521
61007231750
-32695965817
74147836918
78984444797
-145620062692
98482007684
199222808109
16596963678
-192963240175
93942832447
6713335923
-283995431616
-60930310283
170634839358
-57092110790
-107670666100
-112598201166
124254628529
41978099377
24163525442
225347448902
-86121124390
46113252228
-133659598312
53208070997
-179531025356
25790558983
-187450423839
50972879887
-135845088586
-61320955378
155819137348
117181449249
15938249860
-97969911364
174630697849
18824134303
127582822829
87552075730
-58327228282
126932379250
165690487066
72767543664
-54519289580
-237402146073
76550819951
-120530140511
136755567118
69507002048
77846036134
202689443358
76789433589
-67245538344
25441377406
-6725230451
-63059965546
-167472558600
-168656275258
53386029108
-191823655520
46784747014
-183753758363
3731393897
-40916373257
85962451207
-89156590752
-89873944718
64270092516
89694641165
191536637253
-31000919085
66937093671
-7087804265
-31756763183
159240313040
-49508137103
51095167650
38909900409
103728691301
90203827363
117565432833
19564965264
22488131537
-131813034282
-42038639604
-89013453846
-54998152946
-329505928047
19495018068
75005332398
-72445520262
-21280176047
96967720896
-37537697531
56504613985
-113992856073
85057288558
150455674535
125741842490
-139197067074
44643138433
38528936213
-230408664120
96698982891
73508719654
171148301143
-55168864742
36439329202
-56231261905
-139264928280
-4159671320
-2796086424
79867897497
-164545738076
-59379285050
136835705012
-178889308310
63625811171
-193229656358
-81342069517
-91266293157
-16522292866
-56632317546
-126823570515
63831160065
-22160689377
52890940638
-61492185530
-93892492804
51626921160
27323092951
-63657465042
-13803751972
34930285383
-22631632579
-103395653097
137276358477
-78910480861
39502867841
218709278726
43785474122
45134685403
-16364781127
69325654915
42286856525
-75061611487
-54869064749
57157721128
136519008629
23470378198
-40892141111
71266048205
152505821813
-137437459817
-17091615762
-64382708873
79496953500
-64748271487
-15602637355
35200551604
-52079846063
37174844827
109527408767
-52584714052
-125207099269
-42891855906
16253035956
-195433798649
-95419893315
-143196470355
-143030596200
-168405573493
-7851052695
109183460662
-193874496333
-77601448416
-61493556367
118409423094
-16741282608
31875526583
52702137108
7218838235
12762748015
92448186686
-177927484560
-39040520146
64983634328
15755663260
-85492441222
68617669608
-6897373405
20882022272
148682829612
21705308283
-94383049798
-173393323075
42694305484
117887651120
-87211082764
110639609412
32224166951
-41104204214
1877990664
-186894041131
100017716021
64879541705
-166941422786
62715486742
111540928034
-85377289814
-86320412535
17360328205
66404247239
215026032413
102274100008
-85566078084
-60528096039
43254628782
65637714777
130177252474
-39019693441
-116978461987
-17367619309
130742830026
-230841410713
60445990335
185959266694
79263269376
-184869555963
-72540516563
-162876378511
-128900938904
46993296606
119812078411
-82511544264
88008844767
-15988447725
4019916715
75418394334
-171031118102
-86604629170
-72406347007
51706509959
94129278729
4835316539
-210287877609
81799867509
196420396799
160827473372
-183911228103
56935031095
-153755023233
21167795687
98704136414
-55279035414
-192271887216
-118501447603
-55139192867
133066813480
43001738275
-185465269709
-151809916584
-56823649503
97320542453
-4162705287
11630850026
100583404974
-66444847488
68147503668
126758133658
10553406318
-175084817048
-167423080667
-193278749849
144767319681
9046100967
48611764387
216554256993
-11597529294
-52803174879
32000890564
-23261423895
70899372120
30945696833
80505731055
-117854879352
67477627822
77020995366
-51221277256
-46694953096
-220184463380
-21645286716
-66634012821
50841196734
-10486165348
62156185083
-265822702324
-161632935995
78446046610
54602871360
-207458207112
-44838923607
24007753614
-117313134143
221017906569
9500882564
-190029780687
3657493249
5128035961
-107030277931
132723746263
-19462221995
211637870268
-56038312795
-186861191346
-64427248162
92603562192
65904439965
-179511278525
139693066011
-8053859283
-165286450603
57865585774
-145035476572
-81428567296
-231177768429
-54308588969
88550536161
-58092418215
-85054616995
-162093941801
-72969300523
-158305964856
91749733496
47914459663
-70527981666
-34355066791
33864903344
-88605945854
-68133019666
84725464511
56016177838
14500453004
-4313288619
-70020194123
109501632682
-163422254862
-61901795858
112550800674
-211431169193
220714232437
18198322573
-92862759036
-149843258670
-109824517569
-109775223066
-71926093820
110453863708
115496011729
15147308734
83017939321
14906586697
-136050911188
-98372112314
25090400145
54176281276
136698292510
101696666058
-11742711961
-87797842171
121858858755
-158495171989
63623328503
166921188650
-28821851671
27236359951
38374435240
-150579379931
-137801407577
-76697391809
66271244087
-91074484054
-48688355884
22120697836
8780726723
42677081616
-55857138573
-155509012808
110896896491
59142714940
-101150167049
50132142693
-126322885018
38172730675
-186670581626
-34335699166
105887537278
50490498304
50628390745
30985131316
-186460883075
-106194031857
52479499757
53810934740
-31685805482
-35790966255
-58958870351
-139561622859
21058229187
-161306657559
80615062759
75601261953
45821739497
93267011836
19096028451
-59956042545
-77499797469
-134350387756
-54705619966
88675201564
-85469472858
-192192549307
-81440643333
142602892649
79965792539
38516039662
-29235776549
85682109471
27508518816
55461384004
7540598008
72219245276
-61088739202
-161713518857
23227509190
66792189695
-73208376463
123687284305
-34693511987
44378836412
-231348206590
33907224818
116805172943
-72224185259
48850787413
80225427906
30297660733
82532951401
-146863861389
-172667220433
-70124745711
50041185547
211181832750
58712011194
160974968378
-72911425724
-20733311926
30321598126
64270859486
-236716046144
-104513094149
-519857948
89390098121
8492248893
101605392086
-186337814444
-34631961454
-177430063250
-63553105854
18008401551
-172525212659
73080397833
-8964149542
107918796521
-34791591848
-47337878396
104294272123
-53100921122
-65331063307
94897923054
44898750774
-42761642493
143118419344
-37188762749
-92487088842
-10837127115
11517721470
63306262702
71881833165
20569882819
-34116755145
-235073497729
120078935764
33208110573
-74960214906
-66947534855
24248330712
41934835062
-193138650304
25157675989
91401999450
63958521193
34601931721
-68142444125
182724581215
-71207637614
183768543944
161425961985
92463916911
-113776780605
22952437378
-89132400390
-202086955152
-111885461745
-104160146801
98866393124
38937883722
-109037608429
-139635772209
81327156550
70121114640
20315714575
208253794334
-70149546798
31970695306
31053275411
-183442031027
-112922374781
118678952231
-103715722814
-84092797056
2174413152
-162673028512
-132771084702
34973768846
-52239681103
-63946316043
-2479964384
-154574931834
-50058655765
-210591452907
-12386582937
-157469649270
124596072165
75601197146
-51674157332
-35670493995
-144241314205
41403324939
34551857392
102569380810
-25675857198
52670324981
85424168172
15172814510
11945739535
16292078985
-9848196101
84925982508
-144954328965
34318612041
107255587619
28183656456
202467054270
192918471788
59417282861
-96980374891
62826662465
-58058298544
-169520010292
33898708414
104340354791
59409524354
-61003251512
-87977330028
-79933172467
53155628146
-172393851853
-15126864130
-53773334537
161920746674
24690180773
-68752237360
-151855430906
-129317231534
18560637119
-125230327284
-86303911701
43524136824
-81743368327
40219309653
-90025923300
36374664600
-77137259767
-96142895470
-182412569593
187181486963
-26871272647
10205075971
83124707326
20826869673
-13523708078
-88056912816
32532144954
74226206618
-172364956312
-18716627799
34670675076
-45535735597
15253442707
-172346848691
76630973454
-91748623428
37490543793
-175799836351
-60011531936
-115362392979
-104079725221
-168795693325
102825019416
53684727375
51907058750
-11517164081
-201170649436
23101196161
141703871112
68022856753
-73058978527
157195353134
121082622349
-186818349052
-225758710402
-32157119947
-46376572676
213670165236
110501447056
65207486147
138970941485
75961867553
-51775698243
-147796905199
66732393842
-88899133714
-74298943173
37390656441
19165025625
-115249427382
-42824455772
28119580487
-149827611441
-59597306686
-22853295580
46003208045
167663878116
-129477466299
-51555410725
203418954954
11075436057
138418535197
13198577517
-6557042375
-55734422054
34052602952
-211181494930
17296458596
-194897345909
112563699521
-144961364936
101631194923
162934940908
-84864589678
-104816082543
85496992396
23312021821
-40710611814
46329922691
125940171662
39596966312
-62379310010
-25187602332
-181903130615
49045739737
59314448549
-131413815377
-15583527742
-30625044803
-140521077384
90636016544
-46107892780
84386025708
56376001473
28468954118
-84173153759
165039945575
36666036108
-74169724465
40376041655
-170676075497
88397404544
-136281403227
60528247959
-42743173641
-114376436127
-26134096986
136908256065
79833526345
-20330108661
-178116520182
199025015023
75937473613
-41387091630
-106684453628
187236116863
170792923434
78351620137
-42277372235
-17249342949
88004145868
140492909859
-143138851219
-24702427540
-90134280493
150643800900
21049834001
-112736299314
180051325478
-50137549194
9649955940
-7805019939
-42432960455
50423935130
-101860512616
54721986056
91754694763
-83605522272
-90945470186
199795459703
-21338455444
-20327917393
-67681653473
-11425923633
-44092338550
155964202096
-130257314471
37664695594
-164800918869
-149861171072
-168016812153
73979057439
9385019688
121363288468
82480477381
190609401526
75203458903
43031992462
23489454992
-214587594430
-121222559904
-175476048752
41701445812
-137039705317
-50162026607
-15743204868
77153047180
94879631964
-4612423388
-53713118504
-167373257297
94161157274
65664979351
-6266202968
59754237083
56531876257
-67194653867
35622184885
-90870964901
12615874011
-99055407471
-235478935683
-45361029526
-133329500573
79811675085
-119594362017
-148621440559
-172719569609
43184063437
-71630839442
81543346499
-98934259350
114587431396
102957135056
74870875569
43700462277
-51775698243
-132191408799
15441323269
-85210576002
71208049100
-214112032468
48504829924
22771941454
-55012267326
38487893740
-134950533640
-141047659828
19624302162
151591607635
99083439743
-136851226492
-175907316897
-45081419623
-192883193968
-241989358555
-137826031064
40442355777
42390328362
-105425537414
-238238366635
-57377454667
-79866752071
85870819448
-57853020355
-43960948899
-133419587535
-191833692057
-42525670472
212768705220
-50027194692
55176838385
-76207297808
67521633864
-145479452209
-38273617836
-71122616053
8259093165
3436696658
31892091619
-158140839061
-99550496768
-125907934302
-176046029555
65509517697
32704010368
65584639951
-59548046488
26282413850
-43403298744
176974134003
52020801028
46853166132
43186605368
-26192763753
51864482409
69085853525
-249304500087
57119935772
38622897836
208479164898
-77179023385
-83949134888
-180421490049
13359208813
33511081634
-167477102553
-59800156547
-58672012331
12959140083
37215160127
-97826814164
-10767045592
70307979805
-17257674152
-132048461164
-60471252253
107322430430
84058665758
5050545177
172666112159
-157243025543
63781413796
169381601616
38444258324
-12099196800
92059513129
-47029430896
-65088377329
-96612421474
30959255585
-87997681885
-63159699813
29546708727
-142342769339
-25659089584
-188418713766
111530858606
49683273606
-248553692933
-38795469035
101707107306
-118707077270
-136549733202
-101770619597
-141513672961
123193530843
-207473595441
-184949016111
-13923029224
-46407615436
50461644251
-108284716842
-92216063546
-110498618327
157975030137
4406110505
-196028185195
-141461832608
-157579719479
11879169270
187258300255
-188167568682
-37777822562
91205147535
28654835975
109542578669
195754850720
-200131127937
3343344539
26485350492
-245662434412
-107796488235
40687455511
104400923150
-7915263696
130668448950
129513328313
-161311551171
-47467256090
69232154150
-114557853457
-177792558780
-220344092345
-123741354624
-16473158946
30159382393
-22549829736
114554417139
-50208935065
157616144815
31333785367
8496779424
-125025308059
-78445593052
-56942147741
-70283086901
63335667725
-183533082847
31366159727
-4117991825
-82276159099
-146476732832
-174785240934
-150139656519
-11537390556
-74440498991
61106253672
32253107358
-59143963847
-13907834177
116153529447
-137826429365
75767744325
-143100820993
-131249304784
-88023485559
78841579764
-164657505421
38593621905
-339403519
-103386881782
-215544669503
-20541891574
-163621203540
5657365640
-4708219291
-3252644559
-10202849155
-161886700045
-63877635210
-7939894109
-83625908089
83768398678
23846209007
-33274786050
128706821305
109974675903
4576755438
18869580505
82783023102
34582405623
69688765966
-200892567694
79362621996
-174498204918
-83229967438
-7369117328
-32149753668
-101655744990
-134988214033
106010376132
-109710819418
40514751733
-233263612805
-38097580982
114811425749
83705564845
31266446073
45855583634
-179033579124
84501505608
-96890752738
10770507061
-41330124407
-20275661215
-22272719054
-175027697230
128336327088
-64438436653
-88299422971
-57740171632
41991948673
-177465241953
-83924276395
-197870010082
166672185722
-29104767316
-162914356078
-218162396204
-20892265061
72576959986
136834082193
-60960097956
-223994629470
17620471698
-164615630461
69545934638
23904015213
-149942279527
190526879411
21512672953
220401790240
187181486963
-153648613759
21927402710
35352509459
125192870682
-186171468495
27855834404
-176490115142
-167242666559
72366241032
-246258193250
112582558218
-178457758259
-82933987220
192409387389
-7834825038
121301384221
142815733700
56463076125
-9225828805
-77638648526
-131635191053
-14612410840
-26118261370
-211846123986
-261529203020
-203318496966
-95987659678
34302951896
-68021038143
-96427068752
17025463018
-66456891446
-27722364948
35615875240
23349626025
10517363673
41254026691
-82396034528
8661095983
-94284376746
-87589991313
17693164499
41317907301
61733493624
-61813077023
-54876961160
59062765303
33684034807
-33442727801
39450973369
74589967543
77902496619
-50138526818
83575287388
21722041382
78043405655
47254209613
43319943924
-116807529682
136560869196
-50333256340
108801571955
-161186308512
85597369658
199944486462
-45361162199
-42734578277
43922555617
-12956083165
-170266841458
-136688081726
180342563028
-177049879459
-155881809573
75454345525
-107129907884
-158554301851
191389039335
211826460931
158693065075
-147876385770
59090564497
-25697549702
90219248257
174059041560
-14432626871
33260489289
75114900667
134199263037
-143091480827
88385502552
18183949392
152712711117
6842248506
193807549180
86935141186
71529440554
-38215873564
42147383776
-97590173587
67556203167
8638715691
150506132713
81488522769
-64499312764
-267824884017
134302739697
-145839189783
9534865137
151358970590
-29064751370
175363280620
4221998465
55226051547
121918178602
-692992060
22109758018
19883704009
99315022332
-32254508008
94516951473
56771560002
-5813075952
37418117197
-20131967357
22227731025
-188100297170
168863878649
-91564603715
-131682072071
203406138295
62667119121
-162923223566
122395632029
-3122808502
-185326329535
-45843660100
13844339990
-90719898355
73872900787
-64097743191
-192806428537
217195909545
-219899409820
30697044767
-235440389961
-58199972247
121180881055
-95878692277
-97207248128
-108565301574
20886311205
90599373806
-152902027166
106350255312
130649187717
-126534070057
71886996553
50986612908
-54923389954
82893702942
-125702301525
71080478056
145609004260
-85549715569
-33244723803
-45086942178
15692212582
61274795294
-141156328052
99531553713
43383303520
55933533851
40303125402
-37427751182
-11429468308
138040577717
185605725771
-107615716217
81760147301
-181915566934
-146092341851
185295736098
-179259931315
-173491213167
116383070163
58989045909
-195096939674
52792223535
-122977770103
-91770772581
-88302760765
-79985279007
-83275879292
-70802152325
35458405430
-72645501413
56971681243
13474232740
-177206741125
-18812022775
-80294380959
45197735509
63517801814
183374929477
51360746288
112131661650
-252992349450
-7950664251
-75896386644
68978677829
17760941296
61389578671
-95070972756
-41716341896
-147219356649
-275649528895
-140037800826
220801063224
60514857728
99675240825
-89824796619
12189737504
112753513424
-96427068752
-189590524429
-42700693879
-67706940736
-70220729515
-229821678078
-178757464463
22315591235
-66644997260
-204750754657
-77535742555
-56766036339
-85217085553
94775423650
-8247704396
51142737043
-131378655747
48383383322
-191355125913
-152247353030
-17216409458
-21716079882
-28560738352
165857755120
-159962215647
53720197163
52224945723
-84445985382
-2341479507
-38705910735
2812909627
28591699870
163083073649
34623334657
-282111658401
89688282830
62752411983
-70908805890
-20740473987
-339346010
-161074355158
202463332210
200036552612
9439076495
-174539963864
12887765431
165447730317
-177383350121
-212125071070
59292937246
33364619402
-45129138431
-31496789912
-52584711043
-105021097383
-60462945345
21511456469
-77985119804
-62853332506
-35190491504
-89247433299
2911166737
207251047186
-95469851328
74070744170
138699265994
-67479289614
1329406121
178144694845
28590378932
-214262737727
-119716112305
4474713452
-10327513726
44111692465
-65502955189
-171373918919
-1261802832
79001311603
-14809621570
-98026180239
48496859865
90808623448
174072839734
93428595862
-59910593657
49944143566
-156623723265
-57378695319
20716427300
-51242127869
-55666122197
15834669004
-179026680264
-182272683342
-24549869630
-137970503446
31002859244
59556664823
-38809679940
-171084255968
66055865562
198764427653
-19686471374
47681109722
211835063967
-209980157499
191986733846
-115844943301
-90730991982
47749808030
105579037152
196438289083
57087661252
-63638257279
-124884526658
12900173055
160686979967
100199215571
190460763124
-81578510224
-230047546813
88104411015
-83750883540
-36350653015
86629992305
-71414048255
-197399826266
-226056271380
109096518853
-45653721702
29695309010
207538853219
-34920097488
-45388086573
115830698081
-60103928960
174176628007
-28553720024
-105939824572
-44982601431
74571030760
-236585364572
137154995181
-32332171805
-162258342910
-68651886781
120064937139
-135226955152
126278355070
-36617690714
154341678713
48833530881
-31502875461
-85306635455
-166399046193
152743598815
-142640809219
61744203148
8211568618
77710204313
80340810715
180764518292
96563978395
-61128543253
37853794231
86693270457
-137775219167
15613184891
-42376593552
75015489225
-64453762556
-4614315842
-21620031969
-65606411945
213715252878
-175937126484
2085920381
72563351692
214760340770
-27145209982
157969055262
55343061555
-13159569739
-65946873278
-24155075181
201688653712
-128031812061
69664916923
126592157007
-151366061629
-50358737497
65086916894
-146683219339
-47484861342
-9489736341
-68262753953
-44601404834
-176084223050
-98437130594
-157479822905
79443739735
-110732384280
-163900143609
-240786135295
-158079285533
6091634458
-176088784034
48488722282
5116234688
-23661882178
-88652092969
149491798779
-147512526464
-80149397855
-139261812941
134032354490
55348632250
-13793428015
-17329110228
-102987384941
-160442593239
60118311510
-166118622640
-214556479491
29208541918
31962438932
-74300660985
69434089589
-88872592824
157013899311
46209732941
-85812751600
-173374622104
-15584956258
-116559023566
86150432924
72469735969
-12143747349
41069025354
-42807274210
-71383953857
-197513075664
186048973365
27237643404
70420470690
1351520489
-52268556009
26087044155
29176239400
-47138179276
-66874027821
165211521920
-205530422490
98534648063
-85491815813
-215236800851
91527198115
-21336981757
-37138256851
-240262230196
-177508928308
-36556849872
35679239155
98666652655
-63565252232
-182035114927
-190671890866
84163555654
-213363981575
155734256331
163873770316
1700400752
77802157495
-156282393412
189540582989
-141514308815
89703556198
1453154913
23958061319
16628493972
-76157912621
-177179167465
-7157445924
90157587886
68609110223
28649540901
97228723178
-181815444090
33038740497
-89817186211
44218843967
-32182028056
19360353776
192836723963
101202849275
19663746087
-139966680236
77045753185
75533000436
51671924996
-161630032835
-38926144030
-180069926183
-85064619539
-170921008049
89498004858
52923564442
-10103613592
91655311411
59109892327
113325483073
108114628631
119707438687
78605976600
-60815919169
41310166682
-176190940238
81365767427
86639763409
-23339762011
-106063911302
22266635929
86569235214
-223199479443
55732573194
-58090748270
-21641605672
40829542736
-3666033880
59856601036
150133418285
83377620708
119570030043
24377814769
20548430751
-121317512700
-178142860747
20794412639
-12701665676
10434556858
-58156214940
48015733736
37378988627
56230057179
-114668007409
176131688341
-35448333401
-147793324972
-15748266531
-14433672652
108001557569
208660321735
13680648705
-11386034066
-287242627654
-149499796222
137737590770
-108142726846
-78235865995
90565541506
-78911816385
9296950685
120912800469
-94695373824
118011139292
7644169582
-92431002000
60131953613
-74706991165
20647465252
-115974447367
-117346915245
56152188618
-110803255340
-10545963956
-81013529472
-7390179810
-59617792185
-40895365326
-65811703228
210735339224
-49865288463
-50924046836
-151634455602
169937711958
-77835688597
76594555422
4583712815
73985120288
86479931943
31507691062
-114831165383
-81926012860
98737341577
45785013511
108981803269
46106262819
-15947243631
29750717630
193726654748
20169756057
-22527674087
-30178585283
-75832162170
-39249919810
-137930189822
-47934152475
-72415289580
162289761067
74177883379
23615430330
-187108449412
67256876309
-157878174606
-39885165407
102769122901
-65254187962
-59811847918
92836872288
-172249080024
-185386884508
-125004421217
-56678490936
9718321651
-57422807237
94324763293
-5358825157
143687002275
-85993077247
105957860391
-213837911808
-9707967522
-179262370434
-162204478716
-58655679612
-41245510511
93902196191
76397744461
-114044920207
85710023193
-88926844090
81529542993
-41640583622
-206450413310
55521315783
84969820596
-133227705752
-99627443982
-94002482808
-4959182304
-34413141784
-96763422786
-155354164673
-40051332580
-128876204524
83770847600
37738322867
-75329881972
147240362709
39969144688
-106022827120
-36909904765
-41581566097
19154221444
82345528943
-154113726654
78111943677
-199428969632
70683653246
181386884337
173776130104
-170473454212
-43877719466
56846327928
63226225241
2505578288
57474157107
7774232207
84744907253
95337000387
85136040929
135463909741
66796559153
-4710389233
-95968552453
-60476997334
42648867917
53166105934
-89906388752
53436329548
46113871682
-98856415923
67643566131
-78763521437
72558601593
-191290644994
-215297920744
-204299625614
60815008176
130884300546
-62934875205
-91735412405
-72977697207
-110704684863
-213837911808
187222046002
-84901678885
-131726909257
33255435958
19986852604
-127261572896
-142374890144
32143695417
-74681038004
37285346367
69208214614
-177972105392
-224247563970
-165399747314
106899640410
-115971135201
163756069
120770613414
77590173193
53788336226
-66387481774
48249877687
88286319053
-151920615784
-7979003470
202791963150
-60570819709
-193129517208
-71871332528
151438408651
16769758015
19222319560
24383468930
-162710626904
-36439654305
-77054879291
19056431402
32159821039
-5456465048
-4433099747
124809427361
-110902607845
69408408780
40124321081
25612528291
-25286227871
6041546227
-132715520856
-213249631729
21337686727
-88651708657
73544935681
-213181366766
-75999143189
62682364353
-149780372393
-145269979691
89891951386
139190765618
-3242111193
54252731767
212649491758
-162852326429
-842579162
104159964163
54557642963
-982828241
-13822641940
-42855968612
162928138168
93550642317
71444235819
-42833789658
29138193670
-83351159911
-155372385619
127258618118
-63380754255
9149584027
70403853925
151313585817
-113474077153
20951899938
152401791888
-52401121083
-33085742528
74721656545
-53947913161
26200042322
-5805905811
43326415263
12731920420
93465289639
-117010594048
20394505151
26365350965
148942364627
26142964603
-167143409894
40752189940
52683028883
-46278360214
-11711903190
-27758294743
57405914360
-137139459685
133533553766
-155431473289
66857405185
62901251398
47709164747
-20407785880
-65905851907
26998961733
-77662500495
-58597710533
-3930886889
-162866848533
39808642636
28498551854
169071760185
-172946230433
187909516569
-212878230337
-52702039934
63886344089
49141283716
-77318383256
-78929898710
-25987798196
-77410442993
8280631263
14411610218
134433485552
80850011987
-78926531405
2104408545
-49523218911
120627129437
-26662490221
-174406907023
-104814145129
-141204392140
-16747051232
72853856934
-285834634682
42910223609
44288329649
62578393115
179837137320
35319471572
-84269278353
91479660679
-92565646378
-30099211157
4753452652
-112587732047
-132130425693
138904515088
-41924499107
-33898414931
-10983902355
166630660669
-210309554263
-70690321912
-12988782192
1638710624
-161161277319
135444980064
-44196992149
-147201189530
76792596548
42175649946
2465813012
-113694805408
123625010915
173347585141
81739357009
27479351868
36826093201
108532292982
102446311645
-158273058537
224930654405
-153569889104
-59250885248
-103826522635
-172815868046
41560026338
-41715091537
-26943227234
19271957186
75600143695
137021637630
-5583469790
18598545569
98691409240
-21403957028
-105411341423
182301294279
72523634632
92176788376
32581344417
171236334772
-75077263363
-37659985417
45213098064
-52234643485
-85283009097
8384397353
-68431905861
-142548606580
32626535359
82940176393
-100771928336
-186991948189
-27637610759
-160207438395
-137285738771
32688672539
50098336045
-103239960244
-148685504224
77329821642
31937862533
-4261516566
24497349330
-149787096626
-14054255679
-79086658963
78456701225
-42173994452
-73589615676
28425589024
107468106372
36230522633
8541185944
70330490848
-88916801018
-182039872726
57870537217
-134202478684
-73823811496
-33802190857
74208092599
127078781311
-18567394229
-167047528214
13103185528
-133224223329
-207363605503
-93063586749
297564624
-157854854324
24032618004
-76342045460
152233281288
204293740984
27931359612
-75393410407
-185596251947
17332890929
-115132090507
-100421593932
-155134580864
-137334780290
-29255812859
37071617508
-47015606527
-77704701901
-102760946434
71893892378
-184536387425
160810641401
-186800363745
-136927248607
39475814255
-72652611213
-153870031524
-160480824111
-44952998422
121858858755
47931709126
-167044491077
41826553324
66469463663
-218277003506
25095348861
-148224910385
-237863821570
-177653140712
65434079148
-88090998488
-33849909218
-61604905689
-148980953090
32265493122
28516198165
56887266579
-197355582928
-84217141564
36465910623
152586968083
-171193553566
68152804417
17116977203
-118062545221
124599622532
40490544437
-222507173714
-20152304799
8370557468
19662160139
113530724656
81760979779
-76276222475
-178947441535
-158135024188
55304738882
-167800769476
-228046075553
87938870023
-153785772138
-166167500970
-62449972004
126679239531
51994465868
125651562212
48782490714
-85070725291
-114383465244
-77971389034
-174019598701
-57619461291
-18779974318
40143974628
-109280360850
218017770054
-160719414812
-42235109442
68674981608
26812437855
156339817286
117279391935
13007004089
-31996715655
102417714038
50462269334
-11842911297
56624919863
110329626956
-183817247513
64453947851
-204703898451
48553300073
97688650551
126801947480
212175205038
-177538105432
48940488628
-64955960882
-27882359499
-83138283969
84128624238
-2826034289
-173884551004
187218576010
-81888368818
-190640215413
-141202381689
-35368782131
33789185933
79696314807
29650354895
29102905343
-49260573788
77904441714
-87485540486
63875528094
118321572086
46455254451
-31095297525
118350066599
-153936760327
-17983594442
-153180678104
3661802233
43394259689
-193786133901
-50369437951
87469131277
20125745414
187954882234
-13570069834
-42159485795
-57653344407
147440892945
6874828230
103555854227
81324284368
-3819549628
-12073908241
99446292917
-101679543997
-57025000199
-1726879904
75598469858
148177086281
86965065797
-47350265678
56469957559
187775464325
76757158937
34067428806
90543601541
-157840547449
-188641933771
89786968997
75291097272
-69405936407
34284906033
-34926428018
24946480484
66623412067
59012645382
-142337302070
-7310888854
125908750954
-4718444605
-43664008256
-92011707104
-50782134749
-14824328848
90244943321
-152588310152
-74397146164
133179211118
-62478124555
-86714085098
-62096579546
47172224849
51034453291
-151226352
-172836175710
99041823205
105070300831
195734663732
6154438652
-43124887532
33383411579
40779179410
-35416828331
-135878970173
48882328090
54736416701
65426426630
29582862467
3921286335
53356180051
98240298456
52017847190
173725086938
85920425925
141616806145
47815317730
-143676906862
-29968804759
-163643259158
34287975926
-120037153896
45490635027
57559084822
122485811302
-183632323361
48108699012
-158492277734
51372415204
-178961167470
-139015493987
-178252255166
82268748863
3264752596
46073136678
-12885616084
4252645178
-60775283025
-53541989381
-27867212341
-85262891836
54353428696
71249744274
-218422973006
-75292174122
-194449597235
-66560273269
-20593892660
27150795570
92539677574
-188417683776
-64244797194
52893938803
-68897962325
-162055690554
-139539750390
115950641996
-160138356785
56406498557
121605593354
-152660484066
153315134051
-243881557962
-61389855872
183253100590
-11783141114
69501396879
-197040335807
86824712530
-15772922440
-10020431172
-75195083825
-44111737969
-14792302110
154135185298
47101299090
-112335944801
-192886571877
66673194606
42971022770
96428330466
-37940120352
-2415722694
91651408782
-88461414483
12097410328
-110818572585
40649632865
48030664537
-33796968864
-10947938532
79723979286
-92511611755
-94057877265
194369486111
47598895521
179740087002
-180409394162
-53772148283
49766158356
-177300742587
-24050967982
-116080069834
38500711726
49227384212
49183330852
-102854108427
-135707628730
36993986418
65797193542
-90054902750
84002787156
29364212305
82115827120
-156590152001
-46349511447
35159488838
-65001123478
-47745692636
12890230978
-50953306851
52910812866
-103661375472
2231253927
49734491163
113278358488
61691653081
-4950229912
-100089392392
10349947240
24566540303
-49852681050
-50251531475
16396828486
-107656720449
-80298381016
155550768635
91509938868
89362931785
-53617245275
16760967150
-101268437790
-90687116623
-132365536101
-149168390121
112518149302
88766014669
-107785004540
18033251268
-172421898019
76042295696
-93079206975
-110255305972
140394061931
-156645636317
87612430688
-59978112360
-111196604641
28070044960
97028553398
-143056852768
-82768958639
-21207665017
59037110361
-26693248332
-158757339072
44141950824
-118443660391
-127444087999
-14687341798
16011591007
94885076184
-12971063072
-163759577694
39563104044
-167917377964
76875739712
31184702257
103353663873
-172891587047
53336534617
-36541061532
-108318702731
-76894078278
-171345051510
6776060097
85781379876
93691722490
30020074291
106762698671
-70169283446
77503760422
-57628122624
-63498042338
-234271412204
-48923619284
85935126425
-31572728863
-151263003808
-140060950432
104414751549
7057847915
33191973016
-92370723091
-51928628300
52568715607
211297653522
-91030633301
97904144056
47568773124
-66802675051
22226264912
-60537089064
434016420
-151045594618
-34269277105
38663839160
87453218775
47459313291
-76909029916
-140482886026
85987021009
-177991586695
131435733512
-71448450958
95225701559
15016737925
-77537886811
40149185724
-94131876358
46512124099
21877452819
-161390784567
-237105139972
146547966940
-12620113890
-70991964398
-32298070882
-88441266180
44440613584
91523204872
131888351802
17276750850
-124369292250
-153145250160
-162685647628
-152690577621
-77234936355
-75288626542
10151070822
47037191193
49067937512
96877369424
37663435374
-177982780899
107445577566
96209575866
-5458018526
-176344567743
-28324926206
93201453790
-81817617727
25478612248
99029196219
123341701105
171524013743
46950242512
13052573227
55669620934
21407996377
188160713959
18927975622
140848364182
-169520527177
-169656274177
77060855815
66555609550
114515059693
140743689712
151601029657
54521834324
40476074013
87137375590
-175502633802
-54476553124
-142163945635
-49609858445
-18631071429
-42669674950
-130524544345
31491578043
199249456820
-166370021386
77026237057
-72034001730
-149252521146
87029070225
46517706158
-48692171455
-57003528546
-253513865410
20879452385
40374345858
-133084915943
-225872880295
-188763932513
-81703097876
89576423806
105583048929
55195092010
55779985314
16210685723
23907556314
-172549973604
-165029004810
-97836358714
-181973452999
-99348520183
58687683221
188607741774
-88177749319
44402178910
-84348032372
-140041670104
-38265782694
160614691461
28362989920
82162164081
15025048208
117183228184
73605961124
-62431028417
-185431778664
9964719531
47976722493
149833365298
-161378056506
-86008416324
3841979488
-167800475194
202502713929
191197643149
-24366325731
-50958303690
-62969518095
-162732347208
-181219440558
-51471529876
-43899289462
109671934553
-166840117338
-14863908751
88119488709
-32547410054
130139227218
-84941236969
-105902337490
-71934486001
-79190921748
-59682115995
-100584902161
-70999174275
45728856839
22913203828
68111118299
-173383904648
58821507913
-65183292247
-213673204186
1293162729
-34732363750
-95877790217
-174231992820
-96748000853
33708703632
-88524788251
-246190738253
-153532621184
15082395182
-240919015416
-59258359880
-168010696770
-82507965322
-62804207267
125816762125
43345514356
37202646412
-67737647984
-126702863145
202137538211
-183796627407
91541435958
123203814240
-49320002202
90215951370
116544853426
-76625624950
165765807457
86077460783
111045714421
-178728284107
-62288997155
44598369813
-223468969687
-150757380862
87401700094
110750026910
167854080005
-15939038109
45020438211
34856616847
44186848301
117980276762
-162591617620
-79764970809
-134492688039
-71072228356
-79414934132
-111914520679
-173985415851
-82247230248
-132694893788
74169355863
-64401372288
-193249644421
-77174346242
-123839932075
-223027074971
-140160765235
-107612465454
49018589253
26040859578
-177337106492
54849724181
89918599565
-20560981271
156174533833
-123828451682
41707132641
39410133493
168864232636
-86386947291
-53882778897
-126514342688
-174306977079
40478862152
-182042534200
-179023784989
-58733972784
25426148636
66605483547
-154873186487
109504155546
-69385717535
40454050991
5249097268
208780996026
-11743153336
9229831840
108884294703
67310814802
-40055338366
-70463792201
-121957856378
-67853816203
29577036799
-85316613257
-126282170385
69376189874
-168288156075
-150491605105
88483558127
-172713006142
17548735597
-104911784590
-99941036849
76806207915
-63361292270
8251950220
48863924025
132032664176
25721197242
163965970923
54722913750
-13626882262
15335837014
8564545234
-79209267333
22519680721
-115973034191
-39142096426
-44173058824
33611671389
-73337167215
43581433878
48459114154
138434413589
33110838238
18728860034
-187845990821
103080211793
3955327975
-24222177599
46283807700
73282745341
-173772225206
-12986979246
-212578332882
181142417347
27969396727
-1340365448
50901647534
-22139970090
16552274891
-25235126163
-5254995661
-91356415533
23487223130
-80711753317
87405679133
-140983658170
7846760436
-42542329096
-169356420698
118648396170
162683344982
-97565910916
181703640746
43029918685
-149886995101
122098439234
-15582917308
-108363852675
-75416967969
22758719327
6559707246
-74540324215
-58309238087
122333434807
-118639646300
34761762873
-29211303396
12497756212
-72207291558
51029956818
-47998798224
-14651256004
134120352156
-196751924629
123568783189
-135759811755
57780078193
-127488431732
-217017096670
117731272620
-65550736688
17564948286
34848068774
30734955154
-17990598767
23579338141
137108684509
13115014957
116736610838
-76061009380
-15677076004
127652907639
-96169986320
158043989325
-89884674665
55058631806
142943199784
70303253320
-103020068969
-61556668461
104597450178
-92965313128
-54522006378
-46107290521
166917168759
94143517330
-18893592582
78923653884
18903780889
80734696497
159013731066
27380015950
-207925861599
-121471845239
-178317108387
-11155445744
-4738050001
16872205621
96291014581
28516354939
90499975769
40101829053
-27811408226
-28246687789
-12412531543
-40393250981
-78785427927
-170908108504
113040170177
-8748679189
81624278879
12695023391
10410873946
205333158593
162838100362
27458799589
82931322316
21135735235
89636604662
17711117369
23591468033
-73347489995
-175829219388
58908987435
-109808164997
47570380808
-120904597786
69076842124
33391152472
167571695845
7768511777
120816398414
-93299992003
-33110422037
42591809124
-170310730970
101420824671
-8354080188
-10653897034
-78671931236
195870611936
-40446124677
-121405853778
23590250107
26008939766
16924164169
-151273637802
78175379867
-56779934009
105194776188
44129124195
-124086544606
-4291732389
-54656267091
114803325853
13466997736
83273814911
-243372013054
75079693070
-68968998218
-15766004080
40478604658
139494387648
-52022389148
47367794823
87905865149
85342084549
18614594899
-78507864771
192517897736
42523409940
-67012857326
132320050628
-244529340731
-154663562891
-220585196724
-171979733368
-195515695292
24116527310
43065955824
-99453030011
105683885701
50282611504
-59734937162
-74487278008
-42159047448
-1825075998
-45144114873
-157813389759
-138009673586
53613727187
-66972260748
-154216779575
21092561180
-12671809654
-29274478381
-162492557123
89296582558
103104428091
178199284926
97377650170
-79975140053
-59864227531
1103970110
108420500038
46488439889
9381300412
50894316358
-59164463828
148545965416
4042045752
51305643901
95202303385
-85208228187
-65195345115
-20124232099
74062539083
-178168486679
12476617671
-170454774279
42195902951
-147458735726
93165413269
-141688330988
5704485422
52039560526
39441186979
73462800993
40107249603
39517110233
-166967256154
-16158802481
111359649232
-174485130340
38832779803
-164625203084
109000552669
99689687515
97715739224
77285772418
60986978499
-88381876690
-178336281380
-61440948897
79963302168
8972673154
14285215553
109585165853
-60591667690
-133124554070
-51664179094
-168888351385
-84939794549
-79880488266
151056240924
86991724607
35181398261
-176759697126
-62238975622
-66444136098
-168918197699
-162285053241
27312125317
129724529629
-95344174778
198304589793
-41598399597
202189015433
47880181787
40745554936
54545505924
91590330108
46951422359
-137886676228
-45593863139
224923567191
142002622673
-103029059559
63064918016
-86009679538
-131740178747
25770459449
-156276706242
-87409413994
103259804911
35542324482
10334137354
9137809169
-177041085536
81609242823
25713045955
70352715962
187258764963
148463162963
41825301652
55182471803
86664387496
208490974954
88942849176
-154839057459
43899053421
45325540598
-3490454973
175989586121
-21871208672
85999420329
-178620455791
-64138771068
80718381529
-150173027174
-14357833413
49977695763
-1091309626
-93021094123
199241614509
146940249226
22094460997
-5548635604
38655029116
-183682130301
-20687553214
177838530013
-128534020927
33866109803
49467529597
-106800850154
92745583791
-45271884281
67597428111
-198068717314
-123979200632
79285918354
-13091651966
18826398055
-90884394786
82134277204
-132981046632
-16943183014
-38797423288
-105143453830
-55433130882
111344089569
-19607113872
-181540355492
36606062488
-160653571364
9162735627
-25820638048
28994235049
-8353537694
28908664904
-78075071334
-54339805983
77922051964
73710241805
51598368673
213038919361
-71223472613
35578494483
51301787597
1336440257
-138759981860
178610476064
80069954981
26395121376
-21864352448
57369311521
-41223598348
-25090347201
-5264524320
-170955542676
182164905575
-200628712955
-167783181577
-178552768227
-34565029617
84138506869
-154983724679
40977024917
98661604058
-52882660084
96562750243
91385203357
161932269644
-148988509873
-181513380139
-85108959985
-124294895904
-57149175783
86409479319
-239926865500
28745868231
179671613703
-23052898813
87478679334
126812479623
-63322814776
-73425423489
203843086064
56164645624
-90616371750
63240453096
-53525783613
-84496073079
32328997436
3202368642
105271471305
96967720896
45416636582
98805791070
174572337722
-9986899478
-30495054756
22424825131
-44116616121
-23123895013
67431915137
-35003996656
-71935407488
-45129138431
124043444068
91053709844
-128058399141
-26027568416
114204563462
195590233151
-91133905061
15270878895
-147890870533
30723220251
-33877862559
-99087324593
-127731622079
130366167343
41558804332
42005029540
-171038325924
-14495844499
99262649586
117265514223
-38938505624
-36258180939
-45040556754
-33662009203
122146040221
64256312301
-95858645390
-54341898147
-58186661102
9286138556
75557897741
194295556720
54994327642
42678388960
169124874952
-78746221507
-139315383702
42857994141
105954721299
29735891716
70885039922
69916640885
-64260329327
-86434689965
-57895566672
6201693005
59746967567
-37443905824
28178365501
121553316307
176150986447
185604941840
195897810447
35623529746
43195900415
45089830063
28411514676
-45150779637
-52179038923
160140892873
-15855814940
-175350723581
15487627705
126302747696
-80849864255
-96430110235
31070629148
19836026408
20903473411
-119639051051
-100806487239
145435221830
-124827837030
63507347740
-186737351298
-11298603077
-68982002495
-254918291490
-183210670594
53542044486
48308364215
39823216731
-65234308734
209988019916
68186957363
-69824705226
-54874018276
72790522345
-28254583317
44519086829
-38225774519
-178682165758
54855077115
-175395899751
26629881887
-156060385844
10150041843
18386012632
188740531836
31490509560
87840237247
119790688064
115802240658
36256599472
78060868026
-129017779805
-110390555138
-160631691436
-26766843699
112013096121
-127548119467
-43429586370
-149209966708
46589365656
100989135770
-51758208637
65481697584
171621152566
-14456492782
70904522250
85843889677
-280214974580
-80625200968
-42223076874
-161004105479
75728826056
-69462705327
13551258311
123047612069
13660197291
75807099701
-159584124738
42812802311
-92627569290
-168380651140
21437241999
-178608078047
-163592601420
-175334826544
-68272105147
12665801850
59109265155
75826653318
28447121822
-240857522428
-66012941447
68563526996
88461911296
-13828516234
68447298969
-48238227885
16629944480
-99508595144
218742669646
34381580455
142352966692
-133849841874
-90008314247
-54478613742
198110055060
99743192879
144068829068
-169081815163
-136211736419
47041717828
219772012705
-181666046432
53450523456
10123143838
-37497255181
-71607343258
44964898179
-122497255041
-167589873081
42618114661
109035592878
-134632425906
21490351458
61284320061
34416196970
140493065718
-182172069544
-121572285058
31054007373
155443447485
37597252241
67472861211
-71924157281
-2254010971
-3011938328
150709554784
-251934755327
-162189024145
-48570610214
35571721601
72407785997
-172929524228
-55046891757
-11898094488
96351189630
137602233056
46835333942
184606121332
-60003331039
43510771347
91455489748
-211755850525
96532126012
-176941726210
39383785361
25218165936
155731907696
-27460370677
-36983261494
15107229187
-116226070524
21580848016
168027454453
77315822109
-67356326860
135296042341
-78408835095
47428052963
-50644556837
-227388292163
-139527292316
-72668448857
-185075849930
-80421981154
-3298262114
54885980762
204872302634
96045546860
82725200267
-27939851937
74382940719
203602942189
116395303308
111416999052
179875198915
90283381461
36481049342
27046482129
23189980441
4781656858
62147299908
1152172576
47837578658
-62097968181
-47363038296
-66975892876
-55366213770
37063532630
22008644668
100668926785
57385623702
22978868833
-96303496777
66196985938
94723622028
-175869819516
-152434659313
-13042526447
117184108781
-41930885879
98595436311
-182209523195
24303500781
50495011112
-217017814250
-7047086490
84515052823
161767241243
-184293279597
91602504911
-34267500109
-154648954313
39678366725
-171359467451
60731027308
108976307977
98118192372
-83177391610
-169440720919
54631056546
188755319176
-19706158956
-12498105642
-15746963979
-79897558263
33275475010
-157514556481
51582357771
-200268868046
62935833196
-117415563333
-154500705313
70686760247
-147455781919
214016699240
28131026820
82684577321
75603889230
10719314293
-81519190962
14220195502
17085670820
32010851345
-65944233924
30284507640
79161002896
-67936439841
34315979934
-29129876676
-18333230732
-178120514204
154296758176
-181802171988
-30931252231
-13134655149
-6300920194
41713216836
55695517126
134200191298
-169128977788
196291835680
60029329897
-180279151114
-86084299451
-77092400300
-207576710499
-78107366980
142255650550
-140689922898
-24827518264
-151629261175
26630272113
-100168703818
-43009318826
-116682026332
-164233499045
-183991646049
-89065040564
-189090682589
-3809948258
117162430316
4863942196
97340093991
-21307023527
16731141922
85290264473
-69651147753
-84552632968
-167015880855
71712202989
100168411488
77007542326
-97283360443
-8629347143
33686798108
-188962507882
43418266916
-179254893003
3034303426
25512110402
91860510788
49824700633
47512978171
35799258660
55292178900
44043287296
-12448471575
47129278013
-187880468184
-5014156224
57174113755
-88311172557
135372563659
-65733092540
95009245556
40968114505
14530905209
101935519854
110405552949
8897925780
-70111856685
-44540777472
53213308994
-42287481290
-162448644845
92844175852
102323089365
-15479420351
127883792056
52224037918
34022045728
-51833369534
109552529125
13095712429
87394377299
-73795888899
23452656816
-7296625717
-90035191766
-75532896980
-78316894295
42613441846
-142882598661
-188155867547
36135172703
-244703909345
44431329064
29409146614
18868695972
42186384435
-6890415058
-188186352435
-186484183819
-68431517875
192144176830
-106509128000
17604360309
-142504282222
-92846400372
-15930397312
104177586626
-182092665176
-96748365526
-189454303409
196618903159
-79635081231
39607439637
50584790974
-1928971992
-140473085476
-5715604704
27444791054
113389877796
-129671124306
-172032583942
140523584409
182687763620
214810683813
152455879380
-179246606048
-86308524931
-171236080436
47900979346
43195900415
-105234686935
-52689936374
69960616605
51416889391
81355299976
-30954628040
-20186529559
39281385139
-186496901175
-200326449564
137324194160
-82157806666
88222996993
101079265118
107056746316
-179742238069
71879751882
66303867762
-206081595200
-41886719427
78431980306
-156252872112
23809752615
-161378082742
-550826179
-93792860910
17955711170
-14600811874
-135814038951
-92334996623
29884447561
123420256653
7323881312
211712974863
-147082060863
102658860602
134016685412
-113816943707
77879518489
-138674610701
75911070602
56927072213
83330837980
212629608158
89502109568
-182811257403
-46542371252
150966104478
31065341335
-22590138534
84858917261
29409832821
70836385545
95856673686
-1794836829
10932136556
-160963291914
137246655775
128704548557
31327264828
170442710931
6398018384
-33219861469
94209033655
118677416609
20286786563
-329008302902
38835517164
-17539828115
92094962528
20790609614
-166363702617
-140858768448
138483218593
-110113695776
7588804472
169795657014
23397210921
-76827404794
-128047800271
-19032686879
-27201842979
91146191845
77359004502
-64464939440
-92378060965
51864482409
131342996138
38975734415
-560177188
-18794476650
143265219083
90020274429
-196287177870
9351211091
1567000417
78854778752
89514687513
-57111190230
71244307697
21437965768
-22466436468
116061503001
-143545235100
-66031941824
-47558005100
-184347002998
-109522366172
-43415697681
26649927675
42145337478
-76021997370
-39625139795
45857169124
-3760910223
-71110763458
-44926285485
-65600085611
1981922893
-63282868225
162729461616
-46728510728
-65735433227
-85295412825
-139541780641
40593433313
-7984400123
49845316340
30550998369
-22335486314
-88619057233
114433636915
151444962289
-57891435833
-158132037303
129402515271
-167402550193
-9170237023
-196971168860
138604375792
59994626282
84653548581
-160474939357
106879698789
133838716945
-41029769234
-70468597343
-60022215734
50506036534
53497130512
9078399109
-118819819399
215816783200
45882722001
138890571398
8915559229
-167793958477
72925169244
26091407011
104468907716
-39573126944
-553668781
220567047303
-111058206417
-90473981686
17150751152
-171421761359
-176261437794
-55792459503
-9587786231
99638869844
-74662801310
12110371210
-182458353298
191148457531
-58578390260
-82305025761
-39439140589
79639435943
-175620794691
10219950784
131020006215
92922689436
-51351148542
81509825100
154210503291
-70351981156
-190962146079
-65014298221
76245699693
74417731227
-123486691896
-30376680103
-74015875938
138539288947
-50108085800
-173140504695
14418328195
-153447117469
-185022178131
-3109767127
-994908387
61656496693
181516834167
17652644910
25778821434
78490565643
-84467682555
-6242747259
130983240869
184305187190
42573278670
-183195192656
-127336551942
-88170953565
22631224067
-138831233676
-181847889884
-118066429259
27829488834
43020812938
40489750685
45337739331
-188300720203
50359089604
33919357063
178088780150
-14580647666
-143167906067
23331316479
181589768930
-105253223659
-64347170503
-176015111224
-23671899726
25055355353
18622776175
157604598468
-752439081
-52249215550
92986869147
-143983201430
-10855916016
-169505156615
-52941930397
-169760629648
32235522665
15113695866
104708676589
-189848261473
-50332088513
-101059794754
23442351273
-26814704340
45085363784
-92390337973
213642318712
27016599200
-8654520715
-87355592379
72583986252
-33109337582
-47749141390
3598313119
-168361162645
-511066463
19098742888
-90660469739
20597998783
-55907178917
76624404361
-70089411473
-28239734492
-188684862914
171882167501
-142698339015
84923657701
-293760791548
61737870401
42480646021
91319385515
30560461066
22555111925
-58673053108
-6976436180
46522961599
123062830557
16884460454
-143645811411
82875903765
-106801230648
23229808391
132051126809
136618741719
164979161146
-250457277576
218989461356
-86094771886
-180505228952
92416778744
219856280382
-73522877234
90752125551
95726661542
-53776724073
5337557589
141300834295
10150453550
121180881055
-1393997535
-91502791664
-211620451073
154545795969
-35335213673
133779523598
86413518951
-56773908719
-122088536920
50517373264
-99209989859
18899711249
-175268479048
-158412754701
79585390499
18125798432
41618419403
-201547339811
10261429516
54573502456
179891108217
79421208026
-101016367966
-30327709670
-34483023557
21026879657
75594614083
-65786126555
-160143030417
-123484678333
31974549512
-167210389737
-152600461368
-24799441076
2510259016
-20648763697
-42661648407
-180684701983
-219621425957
36286978646
76531203048
141682007140
70417616834
22878999710
129486138267
20863841174
60230221453
-33850447259
45570798872
-159381241317
-55026957604
159744172319
28664703039
81130409422
74354714890
-54533328685
179700008342
-135881704641
-119091198262
42664732178
93878143206
-160373843766
-70315252602
27523403438
-65272020169
8845358179
-72729508747
-70697916899
28025863805
-82140019936
25059918255
-182092302800
-42356650281
-84401709425
-175017144328
25180394461
28730092254
-175198321922
-187483019208
163045218355
9311764258
-82755879399
91278513769
102587740904
80312945798
-176900216050
-77242683304
-103860981759
-28300606568
-24993403956
84966464448
21469117262
49789285752
-62272308102
-65565533685
-24621989601
-61437861749
23227157218
18454415983
51670691078
212190607481
45244211205
93973985486
21374726541
87545745338
-82994433547
-91742160035
81720846678
100668171426
10437550263
-183911466503
-1161129854
14418632219
-73230377816
-59421088084
-87345960093
19519917297
35315334297
59374738231
-66950257801
-53829423195
-65541557704
-27300160136
-172012265306
-163307664434
-24528364793
-15132711678
35860850277
102561062826
128831448633
4019093077
52259505711
-13557281209
-86876300307
-34207860159
-135052526051
-208588680723
-79975244292
88804331350
83876532638
54058499450
-168754088317
-46366941735
35775586666
-128246211763
-91199068825
-9953216928
-23909146152
47207372252
-233539879463
-92956124807
-27881291140
78995471065
9735852554
63711539989
51010620981
-182779710671
-171525354513
-17440831827
114198693773
164803274043
53297012051
-8930488135
-62387321395
43858593592
-50294902744
-7292112280
55534139375
-15182808997
39532584709
78400773374
99971773228
-33441599760
-193651627250
-12635863189
48226046481
-54075427536
-18845811371
54179304335
53084777095
-147354459761
18318341785
-43427127335
-205514438484
-62617824433
17675284493
22627853920
40358459688
92385515436
144235229753
46649046184
-44718695489
155247892125
95101011467
43214205053
7372780909
65293423475
-150320046071
-10134406476
182467030286
168787680565
-42024295488
110080710582
50021577750
46397230762
-162761160825
78078077005
-126178711199
-46037086026
65203623771
-95446495849
4801583994
-86411834273
125909026056
-70422721383
-75488749153
-157827997546
32640527276
14962981089
-241436053408
51720516927
-95702764602
-44396249585
22868678402
43528783128
-14786082399
-186440393956
-235976065365
-60950338883
-174542778635
79566837406
-146495599420
-112275221196
-242221699240
47058496789
-77786268865
36012991386
183683755620
-174702585332
-54195757589
44661496313
-41744795798
30101837266
-137473789128
-200127564416
-123642895714
-174092078874
-23670800271
186652993593
-76500449161
62963452173
-41737429023
87323818363
91536450211
78570968551
21766855397
134269084269
-326258254
-162242818631
-66616559329
52571050529
-162579319084
-169162162107
-30873389034
-43910724367
-38905846183
147218173086
-104996559296
-60675295092
-80906392245
-31332930533
25979319209
127257367339
-140002299747
72270058006
-79061273300
122301510577
94026513437
-169112636713
37341128585
25412979972
32834917330
-60200774875
-80447805006
61893842807
38898185369
87252841775
70642592934
89635635596
81307091040
29758018024
3413536580
-101362562586
-69658455278
75231877031
202624171588
2736545895
149304450552
-175999763333
35392590828
-143473079670
73313730840
-35836706322
-110074544407
-117958082227
-140521970041
54143025537
-97353771026
173753019645
-92173203755
109149247877
67422773092
45293960167
-63287102070
92759082260
29301724699
-52356930984
168945474985
24679190076
-179289880746
61594858826
-126049447121
14725797451
91041555568
-17628089103
152585898296
-161759450905
91195515839
-73481129534
-50751261861
-115988527843
-3602701021
-64750135189
959450729
-173506139442
102538963559
28092137800
73021240823
179543349333
7927177705
148394129999
-67685278453
175869836825
135532877006
-112395545802
49716899847
41294745167
163231540718
11640769834
33551385139
-15324555198
86819425029
48363522753
87667339455
-28973609999
97031514103
48601345656
122675457166
-65328130793
31390903877
163889387853
-110219570163
-63266178005
-12656240022
49900771703
45104756440
187510376107
140997994284
-181358822942
-26962528725
-89498881315
-215703503510
-48916138738
-87730011932
-9534882918
47544433993
50194754548
85878909130
-22692968994
-183381259292
-68262753953
-99725841958
-149673946657
-36409611415
22667483068
-124277658754
87349025684
72879601448
212827772804
31989409213
-81457728904
-263917712353
43919416829
119073681919
-155750707528
16565597121
93680409790
75091493173
-180139748093
-172362389584
18725821072
99658980490
72132051252
-174253190281
37994578543
82575763731
78746607261
-57369293340
154168029750
-9529028012
93181873351
126365582527
61807787366
113721038134
20880642777
94950564179
3971166190
-172954304070
-73235925941
149818006471
-62855941268
15017896761
-74762985693
98685182003
-190887052666
-22929944359
-177174007024
-116541426470
-155650325254
80932848290
-157770665746
78280191232
-166622654113
23128672518
-86841403850
-15217644539
-131459676090
-19843392546
-129003609677
91185945726
108527071360
27544600040
-75262554507
73650066114
-44239617769
97198919889
-187076154932
31212961689
-13935796366
-218877543579
59799857457
-66002694985
123532262555
-161435647188
-1939024878
-269343631087
25727184319
196331341057
55471910639
-37545330357
80100015737
-49382161138
-73547792385
-38616798012
127977236346
-56155475092
-23246705262
75974865048
38819542440
-134799136724
79541399981
86326691399
-79623014366
124263841346
-177194218367
52080585317
-71656749867
-8712974033
41066079790
53105596078
-178611560244
-138004290040
-182863523592
164346835227
70697200295
111616913606
16644761737
91591347077
-55418930590
-27547868041
3778099254
-99690757922
-43876879459
13448123592
-66776600487
165591127553
2147946856
-48806382425
-173981851402
-30443207529
-164837292288
157212630371
-17451450657
15930675368
-76648039815
-152280569916
40303004318
-29970575788
-163368148054
39610312428
-84457391360
-136988220972
122538678547
-79514080522
-11714817806
-133175258053
-80645563256
54995721243
-15159727514
93975652402
183677582709
66200848753
-56876072518
122032529013
14705534470
-16523447099
-152198111544
-88852395755
-98853144339
31068026721
78841719806
173395280061
-197791263142
63388893032
32169860295
-75434802405
164273612926
97113883917
-81122633639
-35877382743
115113205621
-31204336100
105476577386
8433659843
-79868043245
150538417409
40130969083
-88612344726
18031828014
82764368102
-131594839685
88803583290
183667607584
82292530404
-155582108861
285688695
47112095342
83518656234
29057920576
-87803941840
61772602621
-84190870045
98142864386
2778830939
-178481588995
-139427682074
-18461259832
-30969849380
36954646548
82959399997
-53778265066
48082416851
-198853091192
87930639188
-146341190279
-4331193385
57228588762
-73191862315
71356493197
35988936972
44922718844
165501269558
145863397814
-178735873909
79615646142
-65576550058
-151341797805
-51909596053
-55126965502
25465439134
194274626328
28557069348
117487862499
-3180106857
-62452366823
174387043547
-164042717691
-82933579291
-16076075436
92200321400
-63845690012
890457025
-49845031676
82051472019
-115721639943
78974697077
-61768761583
-182421297077
99560773579
-35798021817
-70029637131
-41090914520
-74732325363
-207823543700
67403723195
-177926626427
-21308292024
-48120606616
1154030109
-60574712527
-174601220207
104602913519
-55717599614
126846224646
47114965176
41399095554
48435473559
75644956987
-19131431384
-3564340767
48752119268
-61177749066
-4372294471
-146545103224
80430869239
202140054853
-202474609343
-170590273329
-93099568171
55175951103
-187162798826
77815913067
-172197855505
34286434413
93652053039
-196540321209
-81526410297
-80317036696
6800836353
-111209227301
49028483176
-195231876536
-170542898710
-96546148513
-71924335172
50963176431
28029696535
125848024629
94441455833
149439640576
26805913897
125942830697
22320098111
55746560732
-22548122930
-24798091278
27088036579
71167648990
-92729342775
-160212456124
59959048487
-123562867200
-124168061369
-18881930469
44124608785
-55102286328
-114995336067
-163295933615
139307811534
-119605723410
-251107932165
-172366517179
125013362442
192744977946
4127051570
96340533353
-43342614051
-200920955462
52683028883
50142738397
26724989571
-225887190848
74282328269
-61774317094
-84977968023
-246287150965
-30124907157
33407516031
-43637277532
44714419114
47511521235
-83882861044
56544462701
140093180530
-156393768792
-61486110202
44313545327
-23666949741
6480694286
-189411673649
43983325644
13402189686
78673602391
-124025429742
-11624326819
-176027991658
138191556263
-146461427224
-33117209881
33823481885
19414785130
-180177919153
-24933896888
-64980811598
-79374109318
-118501923262
40945438966
-53274869792
-23819561554
139937174260
119929359805
197007280579
-98710671401
129768848672
-24658123982
-143750185272
-67889678515
-53199668309
-58080101415
-180314400253
-81943152356
-239557293964
-159343218234
17959964464
33496920034
97819650306
-98386518678
-224583933342
-96574104641
-60737622873
10870997689
-22494532137
93649866018
100013427384
-3015723592
-36198501421
-30481498934
29571568918
-86433899261
-180232530589
106426216578
90446754861
45742917576
-52643448653
-158798155028
95019594448
-13744463762
-232719674169
184863654435
75225978477
83196943288
21462701377
44096690416
-64707106056
118511549414
120756997534
-108779998799
15982412070
209918957804
198796270717
-61561323558
77179719891
109120823070
15657442759
-142501288481
-52004224272
95916177153
-102326748478
70956041958
24961038073
24693012760
51331120021
-186993272520
-157091968966
-51340038147
-162255470669
62551606941
-26323278553
-56686494368
-156402755325
148535823221
103492428025
199946069979
-41654568387
31321487262
199859412596
144853781047
-190485484268
139973187820
-61723604240
-185836226736
-42971740597
-60537089064
72689111683
-5198820680
-137024653427
-87940755477
18378775072
82377687069
196420396799
71896423492
111271901674
-19503973482
67172442845
-14018742115
186784386805
148067967210
25769938009
-100943784440
73617610740
32121620164
117874516718
108605921166
111344422056
68099368290
80217851795
-17963419996
81814082774
-197879953739
139469945884
-118642943764
61354045807
-150457921583
-48379451091
-47007866002
54241744711
137203491927
-8475947577
44653600897
-62930609648
-14109305002
-78489961877
-23735830326
-144284241765
32740564485
-9408051142
11934286027
25793473210
-17594369218
-185714906698
18919728302
-24380874557
-32751349311
-72507325302
57363553074
-81741275204
210460528411
107346552610
105112674906
-40863757795
-81911891702
-192346959684
47005639461
91370016568
65711243682
68641953932
46511560997
-70538885013
-214556658296
144642195983
-87580605591
-15590115832
26541060826
103989049452
-43954868576
-184960221454
38941651190
-79705269768
-97308232604
131565654443
46866029256
36809560933
141759330639
103178090688
-181074312193
47868097341
-17919238267
44518232851
-228674221234
-70596530555
-39577554693
-103211865980
21495422876
18656429142
16723970522
120162073166
-135496466509
-3047835020
-125323103234
-163692634970
-160303271895
-205897458135
-110554555444
186441099350
-45426822745
19067509895
-181886643151
-2922961786
-53084942959
26625943411
176821908715
-29197997315
-164245752483
175426916899
169022663484
-101246581376
-96943399043
135371855589
-52231254862
91275373884
15689671854
-87145740467
-101278270147
-118421828761
-34673838217
-132958618178
-104217831935
12303544649
-30594400471
-48829256182
83340723001
140961447805
-67059515979
-88471521729
50563364633
-246553691324
88004145868
-15623905069
-159037122372
-42684771412
-72418529955
189803379690
180854899184
-154468566586
-189679474396
-83489399423
68420250304
62669046491
37254339194
11167879785
-143082363195
28143747155
-167871156790
27008380606
-90095866141
-131316457774
38218510543
-46202622529
213669320111
7929333885
-142960477067
154890416287
114493455767
-18418698570
-28371629639
81077575542
18430685677
85424600574
26940984259
-228855721325
94501138484
-3224862095
37965266229
-53810651296
-58772849166
-100911984015
-68347660113
54650281564
-64772253089
40537541051
-23031793253
-43082787622
-92899424715
-146467942903
-247024537577
-236651768382
-149350275838
40995376942
50774124005
37685739978
-184816748290
-55348288795
174539863338
92664751246
-67293361960
189362467550
3581677962
37395866893
103631795789
-146573398046
-53431703622
38725458634
-8793079300
163194631651
-170776948690
-165458155343
117942653340
74897363453
-131614963483
-153966499778
157273421824
-163385733461
173975377350
-59438003546
-61146815472
70658964173
72057266427
-9044360909
-182159475883
113577597890
-32285111814
-163627696554
1410486548
76559500130
-70279066105
1821783244
-85607626286
-39919988328
-82933439785
-180609928152
-164536125698
187395680028
-72824131891
6900417997
-137527828305
41790094848
61171683943
129472134233
42016526469
-30738914974
29053358116
-186085885951
27287379343
-87659271542
-67255873295
48100305664
52037244136
-115773122724
67051429898
-21524888673
-19109314183
100475423090
168188704183
144451959122
-176965544958
-218513830239
85395108736
24116128108
-145665841486
-189445037266
-24994455707
48528190794
-145468795106
-129873907275
-142961117229
-160760588109
-49909838698
-177312444953
-74657798389
-38197202032
30335606355
-21101193986
-57830543129
-5685796849
8326034310
113423925056
8119079668
130562965597
97362209683
21412218485
-208654691599
-57802499425
38309427158
111239465717
56338272559
-155033030018
93089464331
54914000449
-160509380388
97175359284
-66750250089
7911687774
-76244181588
130610835039
48406147007
-56369452479
-100670977441
-133838528937
-66548049270
85063720297
171616712468
180221078286
41970223710
13332761425
197215518600
-52769294011
31312343859
-53363797165
-109755936164
30673006316
-63906461978
46393233672
-37541751829
-87922467551
106316490325
-87118478035
110879551430
-6125633327
23169463309
-51703559527
-152455950357
-42897225438
127760595100
-86948699670
137312459897
-56871305367
-50101523797
16032988782
-191826419989
-221265787284
43597571626
-111116568511
-91970237463
77351362769
149005756663
-2237739738
137225676784
-82170140423
-123624743143
5177651839
-183185349746
20197641485
-17020645271
-147611249036
99074732370
105262519814
45563003891
-27143904190
20594025835
-61146259443
-171617114105
-39050692214
-173674634660
47867445576
84580302372
45254568036
83155953586
-145971222941
-123982086886
4393874882
-188082618971
117516697040
23020925636
88973112685
43810637816
12057017450
-85104013763
84386083628
-74165242554
-3564797827
-124645412865
197465037931
38151151684
7901072992
128752960263
-18232570048
92398554861
-165295779845
27251689175
-80170398469
49651392732
-47299131599
79089596051
-66433204551
70830781595
-45641627029
-11593539220
69564490020
29018801444
-126770922168
142160684816
-25040997236
29737548853
222682676537
-159934780470
-181632143856
5299447263
-70964591502
15635977023
-182797905492
-238362387460
-58034763519
-64270612039
-90101132011
87761026851
-69005665959
187729650761
40475728179
47204643228
131569942751
196577735584
1462178277
66335658588
75738971490
91272185470
-38687829501
81005911708
-48418282
-47943108744
-171193569739
-42785347529
111866769528
-79905923577
39443027264
117383495791
36167300114
62175574483
-10496149506
33919357063
-132130690086
50931037414
-58456711080
27623577345
-50391999008
118545644863
-22985784126
-119024274336
-90148191634
90197329341
-64036360681
-57290967812
-56155510522
-63641092616
168643821733
-48659995888
162093126429
20485016699
-190847884738
33392827559
111861702971
-63299767116
-4763685297
83226312017
-16069557505
6669304838
-28069382593
201836078345
88506761170
3123374962
-140386787041
87493866444
-136306028006
53157917760
-137235902789
52021579667
-9743353582
76915589914
134372974074
144602550961
-59854791308
-241527055699
-55190534040
-176258694044
18125121117
-84134578900
-225023254260
-9068830775
-6924396177
-56293277550
191958918046
-54085379685
49538372913
-94934484415
-108090381320
-168009337091
15048600469
81097700445
-167924600288
25845955348
30202490843
-179170966944
-207442450208
-99682174644
87772075551
6442174005
53241305619
-74376348356
-515737281
66935753952
510773038
196668281336
-32247034944
-176533906571
45651342657
-99909995720
-81872739463
-52641030065
56050006751
-101474605252
33040141543
-38821174870
142696149721
-185865105155
-144040850139
48365622268
-62833598544
-78451246026
-213790324338
195587969158
-137693697429
-144987058050
-70180226710
64484980217
-163447834901
-56054697609
60390898881
-136455859143
7628023770
-14711394257
198667142140
94593840652
57774676504
28704433362
24550548805
56869895693
-211383887979
67421241785
184121372606
-61325313413
69437475625
-72556604064
107516498579
-129962188324
-167889916606
-51881439398
17039123397
137115913101
69249046835
-36605312672
186290960606
44001299414
-130751358933
24228398268
-71933683254
100363729032
-57795755366
95482172839
-17188425688
-40966638116
-143532792020
3114166298
-36401260515
92184623237
-77628179147
121774467545
950092522
-83585431182
209968948529
9839676918
-43612516414
-168991346506
-85760365165
105191595827
-6180604263
80848726489
-137628080074
-79397452035
-2566225726
35744536822
-121659406443
96369611532
38863365453
144285129379
77325801218
24759941683
163189117122
66054633948
147622230021
30875838283
47317220305
-101199938499
123595970980
-49962022482
-15376062724
-58373918081
-244471658603
-53662992248
-92356788020
167007028856
38925174357
-33482283540
51796413613
-184112881236
115421144454
69689594696
-58534007139
-13616468408
54232198378
-77741372034
-2279758631
72004076395
50617493242
75970389588
-49580926440
-21750601669
-85928641495
51245507682
70528091039
-88414013246
70209907827
-131597059015
87339276835
129788871502
129424403070
-55727216749
58266131153
-89204093120
-211657478849
148218447840
17806646076
-62847086181
30653706418
-94905356137
28482718051
-54007105931
-181864895958
-32935164632
125174775967
-60549863977
55979979566
79261300923
-120499410790
-57961377759
-110779360004
39168531764
-18745843087
73324599054
58367100654
55480357137
-63905191704
-11062818124
-102450907453
177279540575
-143988157589
78195104902
71383067455
-128485466262
50269677350
125894321801
197621816770
220631245072
15934022787
94615408594
49140928866
-80065162246
125904656752
-15746963979
143493945691
-66605030493
-185663825430
-44951586972
27866429429
48729628450
35001332984
-109928377588
-158186430050
-165739485959
63065943038
74970453030
36075511640
31535780815
198267713403
46338883396
195877462615
-43414100778
33895101051
150335808465
-59493362919
26959161926
-163765868536
-24585301145
55425756162
40380704012
54822498285
90200317443
-148528573434
126140690963
-160299384101
183832127529
6965355406
-24957639440
-36751708027
-10609443553
6982898402
-56288738567
-82443190274
-64471175643
84074987000
-23901700081
61655168247
-51040054650
-126201915154
-138052248178
96005890385
-836225151
-114445978118
-44492555689
-236937689060
57883929808
63958503467
-39354453020
91512541576
-1412931260
102033689754
6277487075
43841022678
22346972919
74563943968
101123179260
58118283494
-33296214817
-147644320726
24068682623
-24429813904
94563512521
-60794891541
80001961264
45540875607
-15578633076
-147394454604
70889406712
-158688449884
-69231700872
63585874113
-132315876243
91947993894
-160207438395
-142766325220
57179805459
-256888691354
-87499889759
97647253636
31577431735
42559121717
-75640653980
15351289755
24392211503
-40027473309
-167834086187
176283694223
-40514188725
-20392236442
-90753798272
39274757636
25297354054
-45836631855
74773411481
147239310233
-232246829100
43844753724
5515159591
27212799459
-128372105853
-20259666543
101630818656
-62969918262
40845764766
-64588210980
-84477779161
72722231113
94483307977
-16852005977
7846730968
72693168720
164053102338
107234496355
-63521929598
145657997371
-142624987792
-148710883470
-9020067902
17233747505
200566554480
-55053593800
9851621222
166073578648
113098025608
68152984169
-224818761511
-40157669293
-138887159026
-18794972441
-179814520895
28169922635
97435521168
97116670631
-96597141686
-52726518174
-173887154399
36971169168
-201190403738
-137182025107
-62375048567
-181822811453
124922581921
-178173089755
-6374038590
-173304939312
-176769956980
40666184824
185205728051
-78372430733
33229462479
43587949489
94732660750
-45732648416
36266953589
-142994077397
39033231502
-119180716414
-49808442881
-201998307763
-227752042289
-88943480765
69107190305
-192567060230
51359931028
-78884836037
80632707512
-33057477082
136147260717
207216407461
216586101173
9922729638
-50497077666
58292131507
-154532311369
-213025849721
72413344521
99917768786
-139160287025
-59604022107
-159393159011
17265660917
-78165032088
26456334933
-74529370162
-58519270076
52851266788
73289188923
-206655533394
36650672973
-172965660528
-40623925220
-81881541391
-67318624766
-29676950890
-77562946486
-50307934091
-13369089131
-75264016072
-4484316353
143600225013
-128761202468
-203198690445
-157241036853
-157037989731
222464651380
-178063083207
-165033419841
56221348476
-243882050223
107478631545
-46083631117
133396338112
43629962880
97466580725
-106224741803
-147717130311
-12992707958
133398256304
40260485714
139508270842
-38528897876
-15473169207
53542044486
47354774235
-82185715161
-162500818596
115529656419
-169656396235
14978217018
-172603126643
100517645468
-9689568572
165471367614
-78457763786
108267962725
-110518797568
58953224233
91342643572
-184461945790
18704342885
37689612129
202095821228
-56156129917
50435824042
149665075337
45890305439
-27114334828
-130720733890
171441827368
-14531201954
-139101287182
-21517700378
68790253710
69205626023
78896892791
50183220632
24170871258
47607880698
-15984966429
-79022751363
-19688617540
-209840679897
-160589535227
70968823114
-171723681548
10395286723
146989296135
-234184105049
-2043079242
-130880406987
-48228178217
47550267868
25271799063
-183553348358
-18333939817
-29808070335
-70755223719
200286896990
98515049651
-166878855270
29306887158
-49939487583
-143171246364
-149619629986
34217874015
-12832840738
-26328966837
44569249600
-146376424546
-2612263405
51269304491
-44532461371
-70667521461
-166221090662
6251389239
-82542213868
92872100499
-80112604577
161259602406
139277184441
-29971290783
26329016126
98005030988
-184135737663
-70188034690
218636590205
58628428398
38865526089
-99827128364
-37176077927
-10018392652
81370256291
-19691027517
-33854499494
-15642935256
75806691767
-164448184046
65390002936
79333711969
-54002446866
105918894967
93013297236
143055491443
-86848873485
192552416802
-21908333043
-20691326439
86546827931
45154553657
17112597057
-158129859062
-259015319649
32888401937
-10800151134
44282485492
33344255596
8411244342
174990982024
-118567253236
50241931293
78564631359
-66607615076
61723848610
28420010888
-150343828365
-14448484063
154388051775
-92234098510
33151511310
-72441899935
-116522021007
-34030071521
55518011383
-160333884948
-89438768457
60906216404
57540754061
51265600058
35128207033
-145516512287
21735959976
-210210252615
68323986231
-119566007623
226709496070
-57054830660
18830933592
-68682508833
166654052639
-94860675450
-82408596292
53579491331
53061750835
-199380915955
60856534461
26104996213
-226006561497
19951895722
-86986213059
-146068056769
-68986049482
96209295463
-15560018461
-186385745028
-57669874874
-41291428256
-201382852594
-183312238686
-79274386609
132033245786
107859602945
-64644767593
9887826488
-54199993642
42242568851
88772076066
116330388284
-72927315203
33227236152
66128264047
728533934
91618258801
-108274619642
-33571254645
-61980563170
-157735885131
-142961193862
-20503753586
-62856501146
75584424008
67506304962
126455555129
-198496092125
218077055866
-27993819702
-186492241986
-203105753393
-115647484481
164076797722
65812277511
81148234499
13866078626
83258644662
5200991158
96623817992
108010146440
68590794294
-94013033896
-41359097473
-103312787700
11392653125
-15321317232
-33481257035
90705120781
10978877483
113647092110
37663837919
81627263098
-115869278798
-141226154094
19197505150
11902059908
-145745006290
-79658274717
-75164297526
-37256315038
-142697559498
9344529622
-176246808135
38720697394
82559390634
-52321671838
-3263416627
-15502577873
-43463625958
178407432270
21905815736
159239713164
-11618937572
118653384587
20407286457
-161375866759
-46431843153
-71969990740
-85524352764
57973444604
-153558345869
211487552377
110225719692
-204846485249
39195051756
199818033717
41901449563
178943721337
-117355742203
98973244365
-56953828126
-75913859160
-29966023733
45828487929
-29272322936
32344082889
-213218198753
17815029732
49262317125
-146047455546
-193124683579
-137828875017
-63180572112
-75270289047
-29019087530
-178883804699
31730053108
92949473070
-162678590170
-168747498636
62882536035
-2776790912
185297078437
99209465390
123501501707
103490545169
100522651856
-57214565211
-60581913642
19939364049
25247012219
36871787483
-33241287995
-141827585050
-106223463628
-59331831633
134669147844
26154247668
-74801139020
216562983
94026039890
150537445174
-53015256271
33752180905
-67881157337
44999754423
54807522635
25838642888
199311857055
94967782471
10847094319
108298454221
-99137220249
22815050290
-113292478491
-167978164998
36813382168
-119130962093
5591830549
58512246844
-159116266202
213846113193
22969290979
57328011788
-188908573975
-51733014597
-62677108561
-87372888928
-39423828854
101086431483
-97446574618
15325983892
103692575088
1597832126
23912699945
-103094632427
-70875497414
-76759530402
96000384764
-166974632499
80544690560
-151203041339
-134764094859
97506201846
-17963419996
-39847111170
201693746823
65791428352
115213912805
-179419696768
-9777175749
-30282344384
68824738935
52488363800
-199308977384
81613381400
102033959946
42052633859
44445219895
153315134051
60721436843
-60818563477
-54000343443
-40869893925
-183557056658
-92848262417
-217814464696
-94604301880
72507428297
21667045083
30199339968
131896402745
-80736570104
107268403105
81121848571
-70058728934
45064684331
-42520185719
42687894485
81529930876
-57684596136
86062708088
-50798333195
129291921644
10949315425
36288815025
188457578055
40745283316
-4992227022
44091533509
61843907086
-7060145382
-77323915982
88123408420
-184075873476
-74091918272
36391902186
-145071508808
-88528050203
-155215903799
58643313873
-46114991147
-42668909778
115166532521
52522756416
96187943360
-49791000801
-174426879470
73713719358
40495029777
83747427011
-158477401679
88909938640
-82458296497
76597034246
-87329447051
-195288368808
208892118755
-76673977838
79686011299
-183086678582
-85534437179
204013680924
19639896311
-2483906541
-69651833732
38340159243
-26831215431
-70780227542
-79903470006
41581045372
-26153525406
-126030566987
-69699537317
57814312005
35671768126
-35613836400
98390478489
113845806696
-51333523257
-209590522325
-97636237339
-69617931769
-94164567329
-96023979713
-166256439089
-129440419905
-89057881724
-103927267153
-141195299345
-61481405676
84223804808
-54831571122
39664403724
84555780234
-9344973093
10615116601
-19421773817
-63815491270
87610695683
22392759974
88336053333
-150508555520
50170484058
-137066731221
61614622379
-46828151638
-148678308037
138004534646
-45685073461
147897238206
28421910765
-80186858122
192513007278
32217871050
-78649741935
80913454497
3378906591
-159393609383
-91030727053
194816227253
-137092024151
50926882498
77125647605
-56507176867
219311727836
-63007217087
-1103332290
130442978577
80955583690
147835152262
-40251611865
-87682241163
-81829260281
149610372124
-58336487130
8931158910
17543888972
26576706394
88169987323
-11394553430
47667144129
-63224659823
-23735926364
202820528164
-196893808261
-150633106903
-21570268691
-137117067094
74446115569
-202973391603
-94381244508
65919173674
-162401888506
-77429241785
121186575367
83254905178
-45925012672
-64867480859
18416040814
28285165730
51315650594
-128503604319
-56625217466
49504223607
-82654464341
-60041476893
73942760240
-128214754794
93303450714
131946477738
-150688461367
39455383066
63838736165
-185782487660
-115076097933
5785999882
-70141827752
131763732803
-43787926356
190655438608
-78147619399
34972230662
20142439268
-129836805651
-16980171398
-20317853963
-86660264087
-92654175252
202468030736
-94320105923
-61252084296
38427741237
-240909509743
-173575826135
-157542325358
-147117133501
95828000045
35468861280
74573653082
-142434879494
-31589066934
146220365063
-126548772988
8658532108
-67498104299
-136236457278
-156141154628
-83078111623
70370422649
162703253806
-141318782861
39751682745
-61642984146
-177329285810
-9814476149
-30527118023
79497437180
110681874877
-59512259739
29398142829
-90306322880
-153237231520
85054769577
-17655228053
-154275783780
38632986096
-48748725211
-195182851490
-62765112672
90994975876
93195105620
117802833265
-108518165382
35389884962
-86746851369
-149985588733
-68220512445
-157503271527
-164436735675
-59053156342
49178962445
84273622061
-61491158643
74826069977
50268500292
-118139566187
130060224685
-97231923977
-77906127334
74634955792
-98961960968
-52401121083
-148013563590
-127970625615
-150468323164
-166132960877
108183338534
-98864672759
176687244038
-167087620361
-17562093578
1033619182
101098866833
35113019950
-110568569155
-184863680589
-60084356682
-40873309921
-58218037818
-52218319371
122181527036
-174196193567
58139277341
18333064226
-87143266395
86640947299
86594546579
-37016919989
-99324917879
-147320306162
-30570643379
43922555617
-26303126711
19476586542
-191758336783
21136989619
-54544454537
-204187847566
-35807113026
11717972454
48125272688
176000041882
178390017151
78254007182
198376972634
154608384350
34287974552
-81112271052
20691484294
-120884548330
45859048217
81435814217
-2330870658
107765002578
-163393891235
-153003685344
-162483474655
-116627810274
77440055153
44292132820
97085371493
23477548999
139163465661
-85739441189
-19916890236
59482976332
21886812426
-183139221881
-10928412207
-6993892443
196698382657
137325443291
103192928803
-188677685368
-231641118245
-26113068041
94352161108
44621650480
209188110409
-228653846860
14458411295
42279617844
25463818533
114172994840
81543483221
-145434620305
-12775485012
85789225285
97532275797
37172196180
72641786770
-205209007409
-196531062336
-175101947119
21541550629
88889008633
43420667304
176921039093
-47760801626
59630040346
-80640990596
-14733396487
-26728049480
-197789939597
-209513279125
91833087122
-298472485798
159671700165
-189734832486
-4365814567
24249854217
-168618019511
126318697349
-161761504830
-166027730985
-224302643803
186968716059
-219181359856
11121949324
-103814045484
-199401859668
-87414223308
46217559314
90535982303
151243119920
-170682911316
55694232352
-54341580283
104741597805
95421549420
-127830982117
-91378077989
-197764982396
75931773300
209678759585
26614188725
-85057178817
-15528867014
13400860951
21156916211
48103004584
-40610940916
-70418219177
4598847761
62299576556
4143540727
-109842589786
70136198815
-80922872660
-12324091298
37479032107
-86533964064
-43021769321
-155678539665
180955600431
-225610171582
-147037006022
104010493128
120951928570
-136540743410
-165120756520
-7121073572
-43642928251
-171990567660
72707746991
-123035454604
3399808391
-171865710998
74621236004
99215673726
-64275715591
-3558338376
43378925860
62474106101
-86960750244
37972106709
-46339992037
-127293340656
63429534768
-241224220136
-41955487888
-64987766622
-131415865238
-73936865761
11028041018
-234690253474
-115655324867
22367697347
123076582848
84804035984
-61672904760
-14011229521
99485990561
-178616364444
-64827399019
-107086234393
110164062964
60838579426
-54646856059
35135552958
135151902722
42515289660
-257515107283
6898593263
-178440752533
56688733206
-73086308867
-113215737164
-60445054073
35152987765
27433375511
-17685495967
-38168863487
209737389943
106983334841
41108214789
8497748639
104369541613
-51413810234
215200149257
-120898551712
39268007243
-151870407122
159711560543
23661279825
-173067907570
60724983870
79990279324
-8139449473
8707601314
-120884548330
-52569822029
76568540764
310446450
13200259928
-4557408110
-217937761128
-7548436889
71810160038
-103915821708
310446450
-112974996370
49008253289
-15439306716
-113064886406
15781256159
96148329938
53753972348
-38737816138
-110312619328
35241489218
212964677803
50685531606
-63219484147
-221328608013
-91564537633
77455003797
136976732650
-139913111998
94492654870
60991718890
-19267626218
-53613264583
23005587547
-94513690821
-19138509608
37697490046
-54787350304
44362846055
195782804799
199991825274
-59141113961
144141119947
-55336129671
-186192865412
71590807384
19347315240
29529261090
82051334825
89249911822
-53974130435
-118971906613
54677596667
28708885889
-17644315485
-181602311766
94236836387
188880555891
-64904189794
91782091931
135042764551
67206523763
40480993110
130202555050
-35091740348
196838354966
-64212771472
-914264935
103217638148
-39078734596
39420596749
-82210048482
-41809665021
-33865785459
-96576009005
-14804885592
-154955852879
36360396435
59159008192
-116951652043
70583075640
-189311034272
-172051549812
67865271828
33302556595
-4054333563
-64240248233
-177413722125
-217340803498
-89425998031
47895438169
-159695115637
80714957055
140392618262
-178460582733
-84855594622
-93060200083
-29607034044
31280776451
16546848536
-11603999061
113989960796
-39400126917
-161297279069
-130515104180
62900023392
-43553547801
36061226093
-34004312294
31714409578
-102443443800
-161697804646
-2452879617
47062669325
-15641110470
-160784578014
-79863579387
-33932629685
-9940130629
40708573252
110073432813
84035396081
-225430772376
-197330354539
-43668777712
22816013586
-86452369721
-89864763152
12862284033
60629264231
-58722603771
-40214198
-87282310240
-171817873660
-23437975580
110318272456
100810196296
-94084263248
80594895057
-8026990238
-46953352228
84240222788
-143891602408
-86275052103
-270983516336
-192536674324
-60653473912
-140287511080
-61708090109
46439272181
44043105112
-87748366971
-197368442047
56204997658
-47190767607
-86117390880
146958572262
-12896855133
-57030852746
33771080070
-117001065234
-172289822724
-83321883302
-65713139139
-64074141980
-94486476947
81193054513
10411791796
-51476885124
-171878893658
-64157568245
13933261566
36442397089
41117687168
-25930890250
-102433053898
-90090156875
52732932123
38698936767
187268172477
135242518756
22864113020
51728654941
-203837795341
-71805993417
-14800736650
50768567706
98717452320
-88819416592
-43491319629
64884964058
77242705129
-201425605318
-159759469469
-186367083709
-41707152996
-36120317098
185038620246
75458980113
113387588251
84297422335
105971193937
-268761904570
-80630763869
184215143642
-143499577949
-156604756129
101156833042
-47785828552
-131719213298
-89713468581
17408813979
65414497024
-72508744529
-144688251143
-130401702228
-66075794949
10695409044
26628106168
-134190143979
-35068146867
-44444321844
-268291018207
78792864971
51793019865
73518502829
-182976733259
75989960985
-46647796039
8549795067
2523973683
39299461318
78204214575
-131430413923
-241560331890
43041201286
87529954706
-75585053887
7156053568
-41338566880
-62783748757
157554338917
35295847672
-158520559792
82987109065
107005054373
82748245954
36811095909
35266234064
-12935468554
46612366643
95213167356
-49406262720
87565694736
172708501560
77264925039
-25343200458
79480748503
46888012164
100328552920
60875954421
85571328359
-231632834033
38777087718
178294397440
-45121516308
-164804414606
-37780190223
36247101443
-23414526444
9152639139
6795992757
148828254392
21223412651
8252589514
85329754144
40292220280
170423910264
31215689530
73327844295
-67147173272
-191983021283
-77124703941
-68855713692
110562126895
-76082619592
-68805609445
-57552118458
-165506685769
46825985225
4891949183
-82998211620
-10883760555
45665931621
128652635673
-51407236658
-72721394267
25119864407
-141590283360
50094338886
86017914663
184755050056
-165206812229
-217967835015
99190799845
69081639592
47076959425
7347358234
18211708032
226577004759
-74162093768
-135330801088
143832623602
-79323518921
80714957055
-102872033218
-142498587970
69954515406
-22597140243
-160520491485
-30654414942
-170519551853
-54038863248
41739094600
-37863962960
71691584865
-179820405860
50609973356
-185844026972
-50253922952
-110625154795
122171166041
-131754555449
-80914427097
-168152724769
93524281162
-55604049376
-70544303963
-45515037908
-85030016536
237726050
-134781547982
-153207417062
-20946258191
-86760302717
-33959840369
40087332524
79964080033
55468880037
178691709267
40513790110
-139387027323
11816892848
-170212681209
59865146694
-58517177221
97462319193
77262020197
-54894988445
-159543992250
12204939607
-444376502
121905136200
-89545733886
75172086853
-184447929803
91932405939
-66770309648
-24723604593
-171497847200
-153332640400
35110541725
-104653566611
18248180293
13909822680
31821132438
15456872103
132775068646
126392814802
210932225445
-174762212209
-181009555000
-98312870121
-133024796347
-15194569970
75027485417
-109735477389
74705048441
8607628367
-167029849898
135023035544
41348059293
-166277422886
-80605301770
-57240328167
-186317402807
-59255707829
378487548
-239182424751
76406187768
27924302642
55873520275
72371552109
31953841962
-108559326942
86059529239
-9378277416
-57759742801
-81012100264
29549172105
-38159548650
46618940819
-9136136569
90446754861
-56994520503
-47828920991
-98301603903
-81538545289
105173435528
73355839782
-174420667616
-59692397737
-113170383548
-57637785791
-161381046305
74229420334
-149328019543
-91396771504
-53101646225
189582417831
-36296830910
17520865954
-1622048994
85860991665
15549445312
-72593033257
-13101745771
-112216850226
48039297134
-117933060020
60712952627
46321705476
-60849008016
-8809480403
-66376035744
-66728160086
-107646200900
17387897631
54559020543
-61129159518
-125344788097
98982319406
204135147326
2880136304
-54737999658
96797308202
-146060241492
-130299948426
92436450407
-183991646049
-45706231009
120592469099
-96175005638
48696309771
-74332010160
36787403784
-136857503120
-43854748505
30294232224
26333254807
-89568141020
73265528275
49227384212
63027067601
16274989607
80562441901
-6399443932
-86244645421
4862675044
168040169390
-9444300408
-45168178453
20009037689
113999821438
-135197931049
16090243483
96611480156
104345375875
-22571052053
-145272163812
-170622939344
86175861829
127975904541
121750441165
-161565513657
-158197995772
-40822816751
164739948130
-165610870679
-73524690789
-40969335422
76210403416
104870316545
-226271449513
60116175080
-123404116458
186480086195
69412947849
-217384360007
-138319278637
98255344867
-135975308160
114853605641
-158255207472
-36809371478
86605342963
-54140078000
-90599751810
-205756668628
81678532051
23523703170
-115911313434
-62926804745
188328738732
74841317570
175660174489
-145073807536
-164167258338
63168887883
40635680690
-54434768173
-174657895212
184509865977
122415816940
-11855252143
52451664649
-66498186636
21083549333
24718877174
39002557944
-14920755190
67427821
-166555500158
44814924346
118927133230
-176900801970
-47349396391
109075329292
-77339617905
-33281500864
-171435995812
40481574980
-222887589182
-128215186639
32105263293
-26110530080
-29177902136
-155390967007
-82572921056
64871019878
22838150232
-136643063180
-146839283317
-67023550147
-68869858696
119505438058
39439814365
179891108217
-144683671894
179719135005
-92067122288
123728679935
-122041390492
-7703616605
-16788207207
-86864289014
-182593306784
19415738887
80337897260
-28616393810
131645616870
-10664119651
60146632620
-55733764830
-232617089645
32071571679
-55973323770
-62615589052
43224543885
-162311979294
8244004582
171006068967
-179581235906
-52558278528
21429378040
127502467074
-170581939171
125358662165
67052204806
-80972819591
95292987299
-2555544070
-210581089620
-154280487275
-67931826486
52029558636
43792330483
7051938732
28780459995
85052838987
182110250074
111627854307
-75197589169
-4557870434
-110241715452
39668251469
-8960039728
-12112325319
127453445260
-3709370635
-188216668505
-57109899849
-172377506136
-172579339065
-65388315390
-94584635204
52613147959
-116367802872
-14905204256
-80202762906
77677007341
3237117020
175928881916
-194626420248
33032443420
85655521035
-49840390232
168122593802
26488125377
93388237311
-38663893593
53776450166
172204362583
4162115963
86881634627
18930647311
-42271430203
-70699320205
98336377694
89591883615
-52541560695
101395985039
154644396151
182593273358
-207138817527
76983143879
-180207449856
78245431645
-107427061512
179382979780
-109349460811
21760382400
132595241740
137687749598
127431274671
-86827595917
85768301236
-12211955751
217105557268
-86306953535
34130785661
178515373676
73342327718
92717783875
61013684204
-68607588540
-48238927574
-73033763561
-176243539823
-187275726644
61766958382
107174965171
53625836510
-86513732949
-40039800540
-175040583398
47086267325
-136259812584
-75954015656
29724333915
46911044847
-163105322650
37945268939
-94482187274
86706971011
23463114835
106400533119
46625064023
-174789983135
219302863270
150856945415
126175223904
-58694453052
-105253349934
66038439157
-142992235069
-70677348102
27367991953
88374145892
-186666709773
175287324058
186513519652
-59922033822
-154755119232
155029420422
-30675194165
-28635816528
-56989139764
-76809786330
96135744643
1605800801
171456897977
-47683990818
40818959386
108926731025
-36885783608
-123226056012
-153476184521
-79027498979
-80888001342
-177501060357
156695121348
-138580049337
18804349666
192486101908
30124623925
-64980811598
-107224922696
-79184863363
100853296557
-10706946079
73775403311
77047492214
15008792186
-118288328251
73284897649
-120016579242
-76688810149
-56810360743
115385825856
120397348449
91705823053
-13707538507
110303583397
-10656380379
135771543629
-174039255116
-99754062569
-25944097918
26166367744
-64752318278
29778776836
20026593717
65390512012
-165339836400
-86297931372
168189425841
-175210523136
-48242730309
-187917376191
133443700621
14846941445
163748215943
-196592071207
82958207725
7661280997
-61464345086
-290416672741
-178701686734
10695891009
-76205676484
-44801159683
-37051491951
136870280363
33246313342
35685499929
50479242063
-160549094967
84659624816
-66636184840
-146208283032
-13993681036
192791576751
20657697094
87289434633
-47097849913
152242795374
-41189840298
-115728605005
-59834121627
10135919522
83723049649
-103830047043
30720088694
-177902197431
82960023486
-125008164503
-1877867334
153590274191
159090276827
192889269203
78284381562
125144032522
82803667800
126617912112
-15692077817
-21706118933
33231520250
169181768990
5275796322
-12999370716
-153726266271
-110650215429
92425639974
-79122499492
-127872535487
-54250168756
-109005959557
120947328452
-170910341996
-54942724647
137273458261
-172854686235
-114049404975
-111542538242
71444768027
-182220272981
67310078795
111168653286
-20268878312
39381833381
147587221067
47519096054
110164390157
-73525741907
-125333504355
-97418031713
-179240217322
-48038205520
-74987227256
-90431756727
-62173235011
147796554138
-152608523401
-168924487136
-27343773221
-153417757199
13000903269
29911685334
-225362066784
-156716331862
35783156187
-63078121240
-155751348723
40169821030
43906665933
4501771840
-240411276778
-116598910869
112839470810
-102589536458
-24895275569
-129463971969
103675535512
42403806354
-8436588393
-60813354965
91989439250
-35469478227
98437619067
109030501215
46704302135
-136603283327
47115310231
-144848525141
19032738967
-130013158920
-68727210744
210476226578
-75724776663
114622622638
160280218492
-157810830355
-83036966016
97060674821
-100168050828
-57580757376
-47646272706
40411352722
-79981302214
-93402317460
13029633024
-58485198283
52075402476
35438615900
-81876619111
-15931432037
-45435225712
182321384851
-55255479601
101327255407
70424824001
24812869614
66912186371
75865638735
24280375209
52510434852
-93526596130
33187969300
36354171104
197792821637
-69985312464
-155483528826
-46421806043
-97365092403
1494872956
36836766287
-14333096315
-97432726521
-75896826998
-71806788014
91816581651
-33974245854
162957339599
94823892833
-44661020084
-156302682272
-29823601070
-34137763342
-17682312483
22539071358
84285981274
39997536934
59462728007
74527928114
50346582461
1216984935
60379470263
-239336427330
108886482333
71073961248
46401174768
4863324101
49557914836
-190370136109
-182337359434
154576640277
-10235963982
93809535814
40608576094
-75968465242
111239161413
110095556468
11545854132
49537081659
-71081902752
174401777593
-19330434029
-76257921129
54459981584
-30218548291
-132060801107
153045703652
24103937733
137198653865
133626281113
-19255221345
42960021506
-41809665021
59593539655
95386037266
-9882732345
-26129544438
-38970412183
-70496923502
-63700829468
90615992848
18215529757
-169375493148
-158744005813
-22657457315
-88596387715
48033521256
-8455434092
194256153296
-162760251236
-194608285777
77506983422
10899577912
-47162736029
-179245773570
-70612640343
-120051919028
-40164818722
-35604563497
73679869303
73007477045
-63036307384
51791506773
-24501073232
66725316109
-233305544080
-151959928211
-92764645629
-187639154648
42381150656
106180658271
-159107454869
-155325283318
17110728635
-58145502330
-45601120629
-46458724501
51013568513
-21327899169
-42274464592
93500044861
65701599273
-74178495962
-139698769952
-92006932033
-250515981457
-172580185040
40463314948
-88696779747
-64232724255
-91325430338
15535074807
-176964372888
182645840927
113681114624
17850476177
-159822950659
-149004807507
-186109165651
50665756258
74904769611
-188062168672
-134078483996
58583016741
45224858258
-61736088968
-123288580415
1400099352
199024829118
-174495840335
-168056985192
-90561250428
20572437912
-85525744460
-28547154038
-39572353401
98768691532
66315098062
-172552988017
-36497436483
69845121956
-82398503644
15048886513
-10342462118
-94477800218
28120275635
169978865246
-18862629166
-98463365022
-34699853471
193031758932
81931284078
97371401885
-20538796609
41583266640
-60586746869
9994848727
53883349389
-159182778171
157898438260
-7265742296
-80056036356
194422796822
-212273080536
46676862378
-155671964853
73271509726
56241323930
1219963077
101014975432
61195357298
-738805374
96814332289
-166514322069
32150732845
16077632064
83775785922
39098942449
-157228098000
-76298828214
-179261839951
23716326320
-63719261078
-122572789387
92557781377
114915883090
-135482105952
-120008808340
87519117924
-52818065345
39484428907
-78590607041
-104344083387
-145514246837
60693199832
-134893301780
51194463312
126726444194
-164393292952
19961179106
15380994015
-159132625063
110381829753
-94349771623
133362707430
76476567695
-19751292669
81031856519
36473340342
-48796031241
-135045446369
-130700165396
-157295201540
135475714819
-128098615957
-25031984142
-68974126960
54727727598
-133388455047
79313548262
64116816879
75649416754
81197795801
48183308136
27165156271
15169803943
158276823082
127067490185
-84744233171
-54415937843
-36750330920
-83662633074
-149573167270
23597588758
-78973347868
-102532894338
-88925209122
104311347498
74211162506
80234446810
-136140959169
-10034186705
-75593071947
116948622747
115322553736
22831659779
60528594669
45901242657
7162843078
126803171550
-88243813712
-80095862735
-4814126910
-185892283647
-223032054571
-87766251816
111454035456
-210392271974
45398329953
123326519391
24640982097
-196846961109
119976670102
52576585402
-132583232272
-106575667737
35704276445
-94416179841
75866943446
-89272641566
84100382466
87775971500
9988071919
-138475878845
85792957889
103963533121
-128617325154
-144491142532
48892947046
-172093876004
114457666246
139272778740
12421182176
-61813731526
-25221130704
-141652965261
159013149887
-184361432299
71090635506
85430514896
-134668652934
126918660015
-34089928259
-86628358124
62328278036
-84901377781
31234162930
-83995920087
-72922099292
26062551264
60560956920
120519858314
82056792570
-98030058218
-173436206571
20473550575
49304847308
-14723635640
-58551977713
-5206381469
-62288940814
7576854312
14868520801
132106739616
186768658584
71634629223
149897752510
70886066245
42449681782
91671935792
-60138020687
-144873968893
-93773997359
-99927724151
80866578112
-167103225252
-67581019382
-152922272325
67884294
57262332671
-47186052777
167116682874
32070746452
107705015617
-36435232462
46147943457
87088896866
37101183684
-149201108613
39089184106
-117156764173
189100521715
139749933907
-128970874570
-65191183334
51956041799
-132130690086
78322857625
96086292831
-91888896439
45771967722
-77885029257
-248835972741
-144070661218
49740685699
43710707552
14437233005
85755465283
-129401614183
46310139045
92994341000
81664205410
38770565214
-52951122042
104606548391
-28277815751
151129040710
19361521225
-22205837563
4567098348
189690211245
-11483217840
-26126418707
3153540721
108836624901
-61459723971
-64602148773
119459909940
153277314567
-68363387484
45454760620
-147476494392
-154585185317
50909688569
61100735433
42086151224
77938792582
-30635882004
-60542568375
20832585238
-85276955159
-12215303304
118015458391
-58589189711
-105708317392
-73049929247
63593588899
38055117632
4386703088
32734419999
140789326938
-85505361804
188943442890
-99553601545
-91515892487
163617470051
-180056794873
97057243827
-80078386222
-5804328951
-106973458174
29824657986
131525464361
132834659027
-62781452467
55696267093
99046649332
54600923582
110115530745
5942831445
50810181680
-115270475163
-214722454449
-178698691117
-41607873943
-233785555719
197925002559
-70375186929
49129384270
178048011162
31165559854
-92956124807
79228236524
-137687621682
9855411403
195417642791
39876582062
123775422393
-185183894084
-183058370497
20268068597
-85572235312
188975959132
-178095870953
-38622523431
-45560187985
-88594646946
-73653969616
-153159881222
-74384458842
33371228319
23475239528
87452380534
-201388123965
-225138646871
187369819677
119534776462
-76555464244
-1824491119
79895306660
108628084211
151215762279
-3472440536
92619399144
-18794972441
-56399524353
58518293966
-136660532627
8780822611
-91070572168
-7621791895
214080975281
-18386405592
145275128768
51750826036
-149567891975
-191594837655
-146473373077
169594794115
47954006273
-85462794671
179979417796
32159821039
-221628413287
64025125555
-55496045998
146834701597
-177351520232
69391594654
86847354401
-167960446861
179604397088
48347776671
-61749653995
-97103676003
-51232513245
-120906246166
63524873254
-57482437275
-92049939970
-83686922066
-135678261186
-91976273526
29631759570
-50341828435
52795812093
-68091216485
-88020700065
-58996702886
-111641712216
19955241498
-97490770778
-87247451935
-44446723101
-5040357143
-97742902314
-147936864280
-200971000612
143824492240
-92708457585
38269663889
21170673641
173553344161
-231349272678
-154044648344
21992818390
37816610761
-145110128464
-25481133719
-83487339033
-45954510463
-67288019565
-10628690126
41381611634
-173041018845
-81615075907
-175170525627
-14433009632
-3007132573
-50541891911
-78282528146
-180142632121
-75233816678
7895994993
-83367025108
51643034719
-150540536958
14910762948
139521904520
17403120264
-61127865860
63876421294
-85879074626
-58766841552
-182314196892
103371309257
-167922210814
19867938694
106464446178
53105596078
76696834327
44435269166
-99301897677
-5481504595
99880026707
161291747558
-27061932705
-219398436249
40104056797
38724224962
-30278948659
48058854985
-19456783842
110056794668
62721177513
8155274867
-113761776810
-168805957835
-80904347799
11399971568
23781187156
70431289894
105543253698
28529118928
-55927850841
-54343877637
-128724097833
7567406506
87029836524
-85350232492
56088749811
-98910248805
25447168462
107186785432
-164829123991
82360448208
185075121213
-86948007188
93444001230
-175432838508
-200841612648
-89489289204
-66128166548
-155061384098
-52083578012
-1835496313
-177161736622
-167059365295
152763213824
45304775390
-189200125432
20553972451
106093896753
118824431665
-146117313089
127817035579
139067315198
-19038678640
-3518318024
44748550239
-205229240641
159619524001
-104299148481
-111998550404
60304678976
16258560565
22039338489
-7828274760
184095577393
19490463734
41908001399
10584243532
-24771409086
72795111522
-232977851532
-73710409086
97153206303
79173729394
-223177735098
135524875692
-78028578947
90541556253
80909189107
138987268028
131932352339
-74289472926
-179191399171
11721891828
-15915015815
42878169810
-256790284133
-177381315944
-52998899112
-60223106059
-79986939579
51487005453
41375993028
39400545784
-75405197284
56875577500
-63098185374
90530066143
45700310438
-75770196478
-71450963594
91603267938
139555138781
101363572702
-103670670867
53214884671
-42079698556
-76321593609
55068603896
130147551742
31682934165
48857684434
-4610137824
100855353689
-151610587095
-117583043183
-212804465219
-22036643455
-229780353152
152040497507
11143290017
75008416527
-78393966525
-107767268544
53462876232
-194481239447
49513544650
16330201616
80867873376
-136038915407
-50236727502
-20838780099
-146562107004
-75247856771
114332377841
200944385564
77303462121
-103723642588
120890751064
141016123257
-11820568788
73332458973
82286969194
18089280679
-185658336412
19285404456
-180724332144
-397939764
-149514639331
89056828726
-5668557968
-17958144512
99102072392
34056017639
-78690717793
96823257902
70988290805
56460146605
160197321826
140118577642
39597179948
-74494500205
205395622447
-21429383655
-171580012750
38461890988
156061427119
-92554738591
-55471338682
-100464388154
30351071683
157810146639
-87147773842
41803018949
89129152542
5335518465
-140922481875
143929397947
-95425808352
11815542653
38942877077
-48007644698
-104455411375
13204585621
-57684630248
-150491766530
-16243753582
77553874730
162680574661
99390211614
-30731651903
-25123929000
92340863824
42204033117
-132861237356
-27512514795
-165610406167
-68276507609
-20856285132
-55032749275
145191071515
154523180844
101732782859
68306547651
147909287136
56434436639
-179539736380
69272251812
-31937976847
204038007219
89363065493
75396843543
126123416860
-179844506713
30313333371
53583489127
-54406845916
27693744003
130996716188
-61290606167
-45708097902
37773651109
-57635717241
83678906689
33032443420
-15438050618
50898514399
96926993869
-73920619498
2383641867
203205694152
104017541439
16218620518
214053148802
-31758496943
-3996702575
127453816312
33606760759
-101426749200
-29522790596
-33076129428
187130767114
67024138182
-14507869128
149099975823
-139436162168
-152291585449
-40464433328
-120947057205
-83627747430
110962439004
22833854244
44216479701
-157648288796
122380584334
80656672149
-180105702047
129647646002
-62949019162
41940254427
-71973659763
19792760976
25921485971
75442793332
33379321747
-21626337660
-86238043807
-79458059426
32202953184
-187372415542
-133377792059
-197010667694
-52074243920
53596843393
88634343681
31432595198
2313313429
81608688262
123450457157
211413932940
217304734027
58008784320
-61177638399
-28653748083
46341928432
101377740434
-89453830948
-74093967733
156847015790
193027838203
50912557752
61106253672
-190849570546
-204306843317
39518156366
-33948443277
94354262694
84905274130
94012783959
103874891547
112515086951
-172684948524
220824711996
-17347528779
-190605970984
37819439351
-125895410960
80127378547
83742658744
77478221978
-91191699252
-76530099140
19781801477
65199831243
122902864905
107892156331
71800117341
-88344910722
166767541916
-37170825394
-3406462643
194998707692
-153864074532
39080190278
-116314019731
71616801546
-27290586524
-38532714603
171171755236
60185001946
100861777929
58603504029
-37352436384
188174606964
-53408907434
31141928450
-162256046458
36057166638
37453206991
-227984421541
-112359159719
32953011799
-64453004805
69737937205
-108329785029
25934755446
74989575287
158005970546
40428361519
181125823552
32204995784
50718468394
21500606405
-152348758769
35399152348
22463337286
53788671686
-40114476022
92058970734
75735723393
15507420598
-108920284274
-47221895878
16937052116
9095087617
89679873691
98850491822
41608256407
1619763161
-163373309822
-70358615653
-133261484820
-55605538301
22418807015
-166292209573
-130263498488
-138045218254
-179090843650
93091740423
76896096596
157810253589
-38465874894
46583801690
-137843846299
41112376907
63584247882
92740451915
160371310639
-54039768351
-57489943082
-126502695279
37406813309
74096449643
-141443206597
61285174261
-118352887852
-78915755819
189421821929
63534597655
-37093124523
49801403118
-82191152134
-151610774795
28150315831
52956694771
117908870698
-2819418698
-47875252690
127613000508
84607690452
-169183638407
-19292352014
-199393231509
50953582277
70510692526
148614198983
-37468646036
-168102872890
-102771005209
8791479206
80950991922
123653031207
78487779988
66312530956
92062491508
6662307597
-138275418252
16632392855
-83128062843
-211701903582
-13941298347
-48079311146
30910598807
3575286367
-172208981503
-177473307981
8470264910
120330825888
-73227929670
165369993860
127410108672
-139116176140
-67361450894
130949079077
-5297463858
108519899500
-203556821916
127102353841
73377046368
-176815945524
-58937766676
-1619161408
-52868851884
39714887971
-46105105255
-168692422081
-94849401713
24511170520
-23047811717
154904057130
-50823023649
-183346235867
-178556482771
87614367611
-200031308993
-139618705496
-44003455628
41813149730
-83075926111
25355322509
-9453822129
-62531661660
-102601975861
11649592598
50648941671
-25565509057
-199773837560
79180731931
67708004295
35314053547
100171266884
144069368517
7056039302
-15211025103
-199587891852
-153573125065
26433983540
-16495820637
-166520982812
91950805419
-24712945879
-6048033177
-1309204248
-43290995202
-72035384058
50390992793
95278846532
-180239882594
-15931432037
42753345827
42153388497
42991089000
115529952131
12892103884
-195912157272
146117706867
158240401490
20292574463
-6799858185
-115005474576
-174051413565
139092653359
-74543355463
-51046337091
71743473145
147401896718
-90270609405
-71706305597
-8605873002
111604100163
208656438321
160957655784
-167915738660
25856605652
41521301481
-2640077206
74283502403
-147668421549
26651439368
160563002977
176239459879
-172246931411
196977977327
-62059563549
-145606702210
89835598960
3118813904
29109105778
-19265370723
-67468875086
161696541812
32617839825
-138498545332
39076042254
-129745728370
43660331167
-232370756620
57809036745
63919318160
-19546869307
24860708639
-15573323968
19265940572
-124770349183
41633790702
137538661910
-53822176762
45975567711
72350273569
-43607933281
128226645887
82379306252
-78823263858
78937449790
-92987087238
-22291769857
35310585630
-162249839960
-34595518553
-56189586083
36004272343
92905998912
6771350247
-132162561490
-9562873582
-184529999541
177250023352
45223368117
-4013520316
-86026557498
-81022121432
207262723098
109151390606
95574485959
-171249201215
-152237691081
-45413047754
-266952465102
-53466092293
-24903602526
53758558943
62780127734
-102256912665
-60449387750
116245938428
55056323687
96125455517
73933780250
88414412850
95533719835
44665558706
-132433075842
26624024940
997985346
33443304173
-52009085024
-12834034779
-53613264583
-3961883345
-64985495249
76343037688
-150106608656
45558805381
94328341001
16255882183
-56767656866
-142686153348
37408371772
107029199267
-98592269897
86403188786
-72703129253
37256203921
-109392843120
25169130370
-164083083438
-178469901645
50182057828
-95462380157
81759104578
-105089483892
21622397942
18631231202
-62615185474
37770872148
-67387807690
-81613911801
-171827348975
14073047979
85958879574
-55290719409
23397210921
-164535822120
-170907679908
7975688281
-163247612057
-75189547532
-157897193163
-55782332205
-160032109402
-137045212628
24911744105
94670729757
-80754138144
-120994380566
-117874649819
-133891643660
138654789890
-67699329794
-59304662119
45544388329
-173983137865
35582398017
24052749967
58774333164
77330862435
162320487260
-1844860531
25289460565
-22474457984
93591957213
-54909367926
-15960847905
-73581361391
25265661717
54289117503
88772577607
-34122017028
-69477380243
165691433757
44566394053
-155049692076
100163387364
30637919879
39479828246
60509651553
189471091660
117800209187
177985108327
-170156595806
-46715009120
-38309089180
-239331952949
-197376327
26601939047
-78791141118
-194826436281
-108461774529
-9626854300
-157253419901
49552096318
60995528673
-148187249486
124807073625
-112179396689
111346057326
81534612434
39598788956
-189797565981
-175543218445
-57804868398
-56662520782
-2052210272
-4622212986
-38879555640
17766957658
-301098038803
-133339275944
-152424347723
80001351360
-77969093245
-81928077522
144842858704
-210165491150
165497285044
-72034030424
134810608087
95212773944
51629916592
13407127015
81558931908
-56860246393
10862057768
-151974264066
-124338086789
-64349851624
174533942410
-81957110283
-145409649662
-9245295602
111219811892
31432595198
-66495522751
98211893341
188488355093
-76944017975
-49500450296
50120351882
83991116393
-69098531478
-7634249044
141250029904
-87457655687
-146688093094
223684055953
-50425659559
-147876306814
75820937201
127243269485
44898750774
56666540632
-139315795964
70434981433
-205625692479
144029112630
-21873541229
-134152676582
-149778862960
25865898374
-104236658435
91519920031
51773616973
-197187097111
77091674515
-171423172986
-69666136581
159671700165
-3886031280
98808510580
-143576941015
-89018170712
56608081488
-70946479133
-1580450244
45609772430
172374140364
-226944774304
-106373490078
89869097169
-192487214141
-133514956809
122670190367
-72746227742
-47939755636
-19465059625
16720617706
-188311776024
51065815375
-19235176996
20802423705
-33334280333
69993506699
213933220398
72528255566
-196016392891
138103579869
21954466453
64250319919
44962671252
-22986753304
-124806970474
-81781722987
-10458655790
-66345668065
183365208463
-88508177977
75572776577
16312318055
-79413192083
-2330360196
67568039238
170122155986
-21507428871
-133622423803
-259400099870
201093802067
-40635288687
-45536943996
-165994423751
9043888496
-86709927306
48590976844
48793856495
56438911649
-198931810129
112159562886
9996428382
111811364275
75435761181
159437667655
-30505955481
-139264848625
-182631703175
-34766860131
-219454540048
-115301201390
-38419668045
-171880388884
89544540294
-139682083996
167742518236
-87491667490
75701367794
19570764927
30281115933
-14729885908
95243516482
-6355920487
-133788452403
66988858735
-203057031886
75021201634
-195238797190
-92808515711
145882606899
16985968688
-156691823357
180487689172
101375980618
-168711566604
30305338693
29317026874
42286856525
40698604086
-143052225071
62148466265
108839290651
-167641743393
-154599721778
-23027927269
-32068682220
-137387494420
35009768942
-9714682919
124260014946
65273215790
-173962140810
-89485621527
-88691986743
50067141753
148460105776
-166515160422
-122429380752
13601174318
84597268815
-42201420972
-168122651404
-26395116579
12052838640
69447818155
16686722917
153039353065
209953362494
77991528913
-44491872454
153818552664
55294880409
57392209786
-23270062397
33627426070
109810959414
96236296892
-167740416962
-69113428555
-31264003514
2147674742
81004946200
51249610578
38434053538
13482335826
93670666362
-20381316720
22340875922
79419082236
-192318667963
-28130024617
-2226458147
163255366762
41193384552
14477333424
45769766951
76125321454
199394065495
19172670736
-234279180181
-7888161724
18383490385
-28743236835
45222989556
-166871698557
-725540486
-77308952980
-148519604794
74277599633
84194177990
-191692173392
-122223755989
81898038030
99979666921
-191438984333
76368645587
-105526442199
-137979982406
193329063414
122575160363
-156994634294
39105169018
-129461822010
-45606905625
-116246023043
-377819966
-136022001782
156028122815
-150632151943
-115105783265
77079517068
123115624982
91087730643
30796757355
-23405653327
-99100701713
-1968373785
-183846349194
6449002712
-45831934940
53759008665
-84045585493
143990255365
-176335741229
173725086938
-170998595416
-58014034538
49757191188
-40338319448
13451302817
53573393521
-192536674324
-88580327169
46635297848
115605514240
-166613830793
110130191507
-3098128174
-63988814917
63321622378
89437087845
154736785377
-62133395860
69349128284
-132719393511
-139998113301
-84958150078
152009843543
-219542261059
-4654712468
-108639807983
-54543999402
-89804142106
31552639862
119056820829
56998874270
56702135596
-187908587399
54587523946
98477592523
6048563130
47117308353
125275385328
102411213429
71352474913
-123615700633
74401216627
-13267560257
-165625253596
-181426165530
70942858636
-151346724160
184604576491
94415316202
-112316199093
-89450885309
40967177284
41547602127
10170280889
-57299515132
42647143980
21382389025
-120434110518
118109299982
-138186361064
-218448606448
-174996712856
-108701291914
-84941377708
-90090324479
-156690253316
120540207562
-40297238845
98840266609
39427771633
42230807034
-199164745322
86485572767
80897486176
-170545381230
143639752232
-85848779924
-208367163639
-23615545826
50041518086
-63247970925
121092676380
39049912855
57330597848
-85693138416
210625764971
114079568178
-192028001742
-20062217154
-102469350905
-64090550377
-40021123490
188674417450
-71962682875
90162066427
4001332613
180281463832
-77237712768
49240742650
26748661101
-134983938373
46813067512
121245773930
93179546648
32282775961
-176579437738
-129321944380
78280191232
-222473386019
40206230401
23137337884
-83905012219
3063877662
15515939394
-114901972815
-31810224172
30537344466
-177986364943
2044767250
-85162547683
-197795420455
-185605610379
103120984424
36250418868
-23969378419
131631990340
26556672876
-159638759666
-175540863655
-23261423895
21812903832
-191310731813
30185142046
25052454973
-76435299857
21975879271
-143917413879
-47978040207
90992379541
-54406663510
-29235644481
37264295198
32813151192
-250770980429
-68092827430
-155984699714
-96683434662
113828272250
-76414217325
-218017942589
-82772677510
49718844751
18968852226
-2396116487
173246344172
-144951460485
53104616173
122613620322
-112872962687
-91330859258
38015293483
149248276506
-14076710952
29248267131
-41729869077
-141406532628
32629771865
24757019945
-85450015144
-27795670787
118839271799
75104855726
83230631351
-2119627845
19742375482
-58102218826
80492853587
56602762959
-179844506713
722230042
26969452970
33219255480
141446569130
84742177674
-60217206899
73865251519
116513603698
77249298536
188402981783
142784998581
90127797982
37827787972
217515608672
61181157224
-68252377895
-67896773179
40202118830
-5107909690
-102938646155
-75572545025
-143821045088
-68603486117
3148219039
71594980106
99959908450
-43343663335
-35007771650
17775239820
90898547677
-83152287677
-58442325815
92759141824
34064293927
129795071118
17715462355
-5439446731
-187364528555
-63281055543
72492813934
-100917758849
-127433525562
-30954843626
46740985724
50756979957
-67223154284
-94398780401
-218880334523
-78736001468
-33600395919
-158653471309
-100627019537
104683006051
130683522169
4260610044
-102270604660
84372776052
151193803165
141952895582
-101914936964
-62866664001
121369984352
53194940999
-64311359561
-160310549382
-124771591100
4265305281
38751851173
-182421042906
12112250162
-92110976235
-14875499801
-98052090615
178596701705
-258769886590
79054150956
210791956134
-3227162569
-141333844150
-38355428837
-87243841395
35674861648
-146413713162
65974992531
-46311729272
-159445501552
-20391562502
-144289576695
-128652954521
-39522769337
16494357156
-146638125645
-74574132508
20194233563
-5318138464
-92717990173
-147298179521
41604953268
-73164930267
97118501985
-100179857025
69993201797
-156110213313
206466533158
-105173740596
110941470020
-63103518916
-83062999186
73879310351
-52177011677
73232008560
81155694430
-186172501473
-103235568587
-90482871674
-32328729552
-32377223044
-118642641291
-86104095981
98556658995
42728327929
74203539875
113297637572
-119719765148
-4436581107
-70238029639
-95539287443
4898046274
20275833552
-170636599570
100410234251
-11309914470
79393014506
-71669587465
-15423409981
-55441424598
-206098223187
191490596694
35785421152
29802013503
53570587479
920798614
43127018813
33340956147
97429597072
-23413050517
-859001092
-6352879385
-82334106205
125996904534
-145037184632
-59933555376
-208579746289
-170317986532
34300321092
-61059948736
-157143594651
50868293792
66126065691
-93909646686
-108561764069
32794051251
71112790512
170767128852
-173186318247
-79237448702
-11661477624
-162170196951
76563998860
-64065957057
-28188972270
86332700645
68838209782
-62261787050
-79762116811
-115809452696
74737109050
102424870463
169733644109
79465529054
196709123595
44323807850
-48741467028
6842300579
124779396940
-89457456039
93225797599
42504173131
-77674101552
-76761956963
-49283412853
3168647024
-85800730183
39046506578
-185122984319
-6499302849
17114963192
181588108676
18577779847
-154396981258
-4752605936
25113284721
16963420964
52618324508
20250017221
-74128201644
-183035026910
133961894897
86879547174
111739223670
42829089916
-95061204943
-49249094443
60097259550
76776660859
49283382551
49255151993
77921172010
26557486519
-174025423001
110879551430
172120126789
-96437182952
36030252926
100847322285
-90986388042
-112112159302
8304607279
-135006489087
42994583961
131451819335
-83570408926
135849890838
-57247334989
123931454433
114528639076
-67653440412
127518124540
96944395493
83825152623
-54476714804
24653070863
51008180163
-95339830103
-209976715953
157881910966
14986495580
-160541872865
74216020072
71766804513
30605010033
-185777942597
13164532943
-61829424706
4919366246
-175439979082
185258708925
-95447349119
55315501246
31484655731
-86583386340
7628238208
43457905855
105401814139
6469607843
-24761868947
51416889391
-189210620470
-217253348984
168012122469
-128374602449
-16044667655
-126019168846
89276538352
17527915973
-11777551469
44167431470
45212969109
109410582306
-28786824243
-123055973313
56326782080
25472987146
-86154135442
76429834515
36064168628
-18592895729
-134252194584
20772606141
-71849316219
-51776459546
-15086852171
219631729763
86197244308
1640696544
-135284707886
151584900171
-117831304667
31606500468
50411096195
-50266081715
-170902973173
59843591340
-99328688922
41130333313
-187040071409
15097714207
12566909725
-158662444112
66469137979
128118410815
-72732729785
-94635847975
-59274539825
45572966616
2194364370
-5510983804
-158438231639
53250623496
-131900661075
-35506680796
102883502929
187295322146
-123194041452
-77603476575
-66729186950
-58376732022
-3425878979
-99133538038
-19620140416
-185932324648
-118909499752
-139940332307
-66019653554
-11486467241
93836840431
16403853507
-7324833012
103894718257
108053577894
71532800401
-101897267932
121262922417
86153209699
30679314671
-49318967580
150180269419
-148591275366
4162115963
137623292994
-117216173113
-170096639395
24100049247
-13371300622
-163581412223
-58269592603
22206206172
-162733350085
-172470966944
-3504149475
-60989652439
-71886630185
55211224249
53916344072
8205344218
197036631284
-24544358479
102768857348
157787717171
-23081478803
93802436582
82208166595
75068578974
-31314296031
56643329357
-165387073732
-10362420038
-212575543863
50974149922
53431643864
-45623325809
-60305735992
-126965543011
-29287713960
102534211221
39627446673
52245652389
162564800741
-120277660987
24676236018
-178156620554
-58809728611
103246242573
-162709518351
-13194247952
-176490591377
67049562595
-95864412707
69680383393
91452740954
177788012947
-186396130237
122418201768
-91052065444
-87882655207
-96246560940
11446742603
199315478576
69010533381
17104467282
-109330324493
-170913658105
87795837527
-151946119250
171206255463
-118513563877
32289653056
99107326065
-73229339865
-154412913231
174723821192
-52897746268
134810796460
-99797076303
25398078523
5497069361
21345782520
79622611326
204712064737
27812207105
-174465252140
-12008501743
-66829930916
-150727026905
-206678581510
71904882556
173977279273
-74511092476
52585074092
-74336094970
79411143185
204514269631
-21108954589
30396355550
14653027095
10764472275
-9327885787
-256849113406
-175728688096
-88380298229
-103460360928
-170485154
-28614472278
82225142341
219336860963
-104298264289
-174726545672
-230419808425
57865968511
-50245155599
-62910351530
7701999306
-100733679222
17924418904
-99109996110
-83225191230
-147657955879
-14079111272
-169751958356
-76076706266
39417585293
-166092631983
89225015324
67641226310
-126007363993
42571007311
-99029787942
73610828151
-50431917474
-197601807381
66284833616
94455370106
-172936526903
93780970915
71383321845
118965007715
108128545202
-3305832016
-158184205559
-182592119781
62268989430
44548463368
-84860060815
-173159164798
-60197731554
24566179915
-147012069409
-35662100006
75620420352
-118259113968
-167874534345
80324194393
-36134571265
87396572294
103890403738
-138774986855
43247746711
41291241290
-400842965
26442871730
86905870427
75453277433
-170186611585
194555242228
-165151539080
-45309361186
-180387949764
23614085821
-9938794353
-55274421320
42712118586
-10750779394
29389649561
-170877049852
-166180326867
29048428367
111070147630
10688746078
140677791464
-82196021196
109817469373
-26976787241
-211941264706
-243697174570
-84493585152
6037709148
-183846234348
-189347803202
-85565165563
-53685199491
71676045821
-2493138297
106969329205
83826186818
14925496512
-19915366764
78732778696
39104140987
-69962104304
-98808357811
54217148788
137960789800
50667236178
15400241938
-17385124117
-75702303518
-90164722350
71018265248
-79151801998
99078775166
83644524036
59665547119
1834442660
52736374236
15405882590
-11869008353
46542501348
95770304761
54588745995
79710632432
24808641921
58159854254
-37256221255
-112509038286
-115362392979
55109820144
-135153147253
-67592563973
-152323874337
-66328843978
-132867181591
5723488680
54694638290
40153885583
-21406280821
2962852938
-83652479931
80270438275
-88076499481
116231648542
69812615182
-50858581748
-33312101225
72265130546
22037808975
121920191895
79946515197
-38001341700
92314184550
-150732682744
77721504098
-204081602724
-25972391144
25840507047
34181018772
125249100431
-57181934366
129939827357
98955067744
104649174299
-161477894891
-170634286927
1830788878
13725183849
-17703603559
-62113445856
189657194488
-52302806847
88276221763
186667048875
126946033789
-45606215616
78000694469
160508861043
106660159089
106574742148
-43612543577
-135479578540
-163948887394
54220931157
49207232998
116698605050
-109566625282
-113036142306
-87889783584
131494097681
-180951880129
19681497044
127326497309
-58448267816
88902804873
913673039
7828017055
-92169637045
-4208361511
-60210911943
36375180386
71152776931
-48119854132
-170165503025
-162763653779
67632812552
-4929953435
-109419210693
22120794803
-72774422331
149195308471
-50022664824
4195058801
-91050726100
-156991601095
115496011729
-113217804407
78112104324
84896819213
212599701536
47487436607
-21627935634
-55231120213
88699320236
-72260371996
205500101255
-62333141814
-213251742952
-197589653426
55618154367
38995523204
74784550629
3053977190
33115900048
-44606280859
65624397271
95384801168
-71628596063
-28656617667
-37970103687
23648651617
170232166149
2719802160
-18552551862
-129317356872
-74522878955
33987077616
54121389344
-160191519925
54974301815
76548518799
-7592357144
118528564840
92735452574
-41102948339
38223607669
-79199337457
-184026926698
-62827677923
120370867487
-159006966958
-181913866672
-87085862576
-134854254158
-82504969674
94588043515
104062103293
45350629147
97626217350
12405819414
54898026928
-22253137455
-63234974960
-245934265315
-51329334547
-75290888432
-42061226394
60317393894
67188349271
58101515808
-38405201482
-164910044924
-63755553359
-59532195684
71908931061
-219570394622
-51071897950
-198857105263
24936879440
-144701346766
58516508623
210388152015
-145650042543
28673933300
-23145742224
-89860773011
6995056709
-117638400386
-44547408319
-61423578674
78467014510
-58000461441
-63730827019
-103527324702
-135426979117
-183028880704
-164017365703
-111760726211
765277136
166984327930
-64346680100
50086472132
-125837771140
-145340784233
47437987692
-80397963518
135483775433
76290758285
-107322894374
-10727614986
106249185691
46483657471
-98339393942
-57324672981
-39219122977
-151214928809
-162716625061
-181207550833
-12078011343
20478565125
80407965031
42849041825
31446511237
-252500347208
81189573862
104158091314
45899965644
-23481327084
-80957573081
-113866323019
218688639186
119098609807
75856255762
4834892724
75051809115
127321277216
-5575340640
-246259027061
86686365237
82972281794
-138568756379
-158953190798
129818547684
58768432530
180767493207
87698520792
142307324577
-88165703313
-176815728732
-86789556238
-54360427506
169591850153
-140665800449
12619800478
106000423187
-2391883634
119921650321
-169095006904
13095712429
-203742344003
-172098419261
220132086766
-125302063873
-45684443216
89547291373
73250905428
40913857111
-184564925538
-74813182061
-3727516465
-99789041368
91390329877
-33888768000
-133437305436
-87916912635
-99134656602
-109444514537
7539123054
-100414104601
129331276816
131764396822
-111616348364
126795039673
122732768593
-14456492782
-83841919441
113617853142
-83436533418
94616247928
-54543869301
-38790457462
76967912865
-55051304740
-182531493552
-151132714433
77478221978
-139035204004
-6933591873
16321421127
112815465303
142800067506
-98621783230
-95472186953
-240222849753
-80429742088
-75381876241
154351359012
-179203203569
-52465532041
37096370531
213176054451
95424948270
39563146378
36003954016
-125878033844
-81381627305
-42731770646
33796615169
-137333005476
19648545925
36042040792
-86461130418
149039503994
-147212303090
-12228687520
-69474872634
-197040335807
192559883746
-73579706879
93934134376
-18098530744
74203842733
-195468866787
-60284770762
65554447008
65256368130
-124254870019
50855963029
-102759441040
-122214023236
192918471788
-44353365914
31749441268
-144359285128
-144784042392
-80258683965
133686019023
145153787252
-197007751878
-107391213480
-168328042620
8427281111
-21179671563
-80379962646
-33977442594
-82889488727
78958456963
-30002047666
-130137364027
69030895727
-37672691702
93551307472
-39954839854
-69425127084
92922778219
-156560292586
288265649
80803475258
-51015071590
-177513087419
-3533799649
107114693662
84547370643
-43170876251
107247705079
-206834551284
64089360922
-143302255651
-211373261606
132388686100
161071486045
184377707713
2669630245
-79058514183
49893367429
-140615700599
115888341447
-155677977814
38878925650
47776044453
-26866599257
167341800687
-76210558449
-78301202833
-200229635647
-58704959458
-23604612946
-98194022654
131626973258
71046160510
45867805544
-33929046618
36749079257
4308382662
-4082978577
58476635639
85382166442
-252123497201
24626655141
-77414665799
180177784358
139713696720
-117351813829
-10527448576
55328797477
-99964233300
-28491704327
83306241044
-64512610951
-1168626650
-149527681541
121423858488
70449011100
32191430430
-171227045707
-152761871956
-172585809580
148608423264
-1224809514
-79063162049
3328040073
-66640543798
-69975981797
74234858290
-79465272583
102514164660
-102906175579
-13745980825
-60132459978
41998750955
-85378538073
25129051140
93209048943
-51911788877
48399459280
84741184476
30703728614
-165136037533
-218426922695
164284282341
-42557696311
-147411069531
9100788396
-34282595004
75292779897
-32587753618
-185612041165
103894780122
34197864495
183074446547
-96780086782
-72983198253
208859963614
117501046966
-56142924540
-169637025043
142851891143
-51334700752
116248692628
178498469145
-218471936704
125800246160
162129300929
-74097872374
-10609443553
180993835849
-184451984738
120337758409
-146358391171
98356340504
-87543264292
-164005725882
37064101640
74342961489
37064101640
-61303007342
35445270664
-180980174298
91655975190
-140953374658
-175440461517
-241138682265
66034911848
-80632101525
-99821494741
10742649414
34550885781
-44079628866
69884611295
-21835752666
-206581665123
103298060964
119681160207
51100773662
-29750721415
69602011668
82098071665
56786165435
74504426392
-33595934007
-18060961844
137922296042
-36826982335
-185957193521
-22962055770
21191469891
-23271167244
-182374851796
148284383611
-171606602537
-67229357715
-119714521790
128234697331
-16947835593
-89793021218
17349704136
-22752970889
21200529462
-88402762927
218140491689
58069096032
-103162657693
143732831398
146109230871
-77172831430
71328721522
72637788746
16422836212
71181347109
-233312888151
22052775194
32617302008
53619780413
-11529149067
-149864145568
-11048172937
48584411239
20007586715
34828049568
-35901592663
84738932739
-56128920935
195827651697
51334786587
-158996808590
-132195786069
-55697330381
57437618926
63535936353
124552824051
-87540931310
-7548508734
-148897854563
-104025487967
24252151101
96385399717
40486955201
-1622063970
-83178198653
79072645586
210589226742
-74320234453
65911655979
23058075363
-5567134043
105034380931
-69424561636
-77699895047
-163770566592
-84882978097
45061408179
161801181099
62765582754
8532257227
10711271498
13761344069
29469339782
-8478091223
168490181770
-23600849281
170012383708
-83567876897
-300379240354
-12487219349
-164487973828
-57277843275
25730731595
80002242133
95066083216
88710484510
-10128610628
-33399753724
-64853899699
-188848846860
-91470117367
47235445123
44255286778
-22927428598
125068716445
33146980793
88854071950
-163235012647
-114275192482
107835201605
11195211865
86519668853
-75786398105
53110187505
-24235512988
71819374219
144902114395
-139449175943
-28325561600
-60059605895
-12249667011
25881771040
951164672
21755280140
33993936276
-126416784629
93318311755
44257669106
-34453663255
51827841271
-207110007089
116408214971
-80206860965
82445480115
70590146490
8864909667
-72409385251
211078604949
-203651602326
114640243481
9517574857
25643285355
-15579105000
138566133355
36713945313
192739142342
12748707315
161583162654
60102066836
529457857
8714072634
-160258911743
69824079260
152355881142
-16356881822
-68815288511
36125629746
-52814084075
-2094168215
76164897421
-62345252264
-32058095135
-171301950132
-71854391052
-18278038035
5291615786
76809238291
-183619614776
-49953766524
139687267878
-50008305062
15428901373
-107975080669
-14315493827
36213655550
25752394018
-69447281391
-183886265025
12262792550
-5892854575
185778964565
40649795417
-108242937345
-67187433292
-9225699848
30389368984
44807372617
105392416367
-25565573710
38891069098
-85661592066
1761207381
62509780093
-25352085979
78515781831
-172001093001
128573780150
88702094033
-4431022643
-262228665766
186336088010
90312064845
101893144586
-13483200930
-159800282255
-64935036693
89461030165
131243123241
121946119226
49889114310
-40348254359
-84206218684
171434269667
88982331320
-22514253807
-137330875789
-167877711650
-155827962805
-41519570330
-164663861639
94788841794
-89690444804
-161121599014
-225099792241
95288518562
-49207004623
-142543418719
-8868140634
-53710448123
-150361938513
-248181014572
-53720768055
80836565340
86597320707
-30291341345
-46127307943
111041139222
119971299882
35825319830
117495039520
-198609277358
29703290390
-67235241111
-128939253265
-20073613306
36291054830
-146664600327
66166062196
39030979408
-59562478439
71716342888
-175814523105
-147903138968
-148884672063
-7180375826
-15945459742
-112510338119
-166860620703
80252738234
-183749559418
-179913278832
86812142319
34211099689
-24542950025
-68250021145
-94220936128
143290538363
83201824065
-8194226504
-173567319880
3682813908
131432517250
-124487101601
-11054603566
-31315644202
-353683645
-8796353026
18145546776
-63770841963
-71034519243
37104351815
-48649798867
-84904602801
77817447866
86944508416
-67868667358
46594125571
45875188589
12222303828
-142224325025
-223920059597
102521430853
-76368074250
-64811695542
9522677445
28034594455
-137113400221
-125694412002
-176817171428
-93421069985
34990346703
143188027414
149402874563
-155633045625
-11571510505
-163619935317
-63816007257
-78906486538
6805454141
139347022586
139231079260
-83919189068
-13579352958
-115861223216
-56367189678
-155668535388
30555881311
117034374167
211062583889
-68327766134
-77606839150
137654523460
-41637902991
139664031044
47171583652
18618766599
-95873195504
-89026612519
-12163689710
59751833988
42507874098
-96889166803
47167473895
-1317911460
-195148614568
-7902583465
167795813240
95304568971
51965215429
-36242910577
40107042285
-183060577111
31727367738
187132229398
-108088857656
24535737839
-64922217212
40716230191
-187588343397
-169031370310
-113290317893
86820488727
-176878657112
76118796072
10787060696
-156183558529
-247298394412
-93891302254
129972352360
40301000308
-28175982260
31997989142
-87283262782
-92761661612
20278058170
6387409336
-9454779151
51124269705
-95486117055
-128428256674
-303120545219
-176920011410
-151395626228
-82277913517
102332170995
-90567989236
23272442470
-76554215260
-137418923838
-70928371852
-14829927343
55915099721
71826232497
162057197877
21620007065
111967033521
72517565051
-160410596861
-182992846915
-50372239528
49050016586
80936444733
-73930832181
-174260583091
34503644597
109394443314
-38281159991
102636002151
-44016118354
-120059161363
83731200864
136074059682
-46266674116
-32828432874
-45332637523
21402014418
-131486553593
38871971915
22486542026
-85570195734
70705681628
25992757489
-69252695306
107902466466
-63582090965
16704741097
93073180112
-231397695834
-43460018479
43939931480
-116906440782
-182240532273
-50405446288
82453702573
74820862723
58223590640
94430494402
-107781775435
-21871208672
87430049241
-82581180089
-171075143083
45416824386
-168540059933
30700823296
30174200507
90761619475
-189231369499
-173644726687
-12727817978
-90058325513
110650264875
-124570298089
125352816870
-52338084358
107494376763
36540043723
-208845999440
-146462871966
21380318804
-170075063686
-86783797207
-85755252536
82080085230
-42104506533
-32935740829
-155689812172
73620388829
-11509640892
-197608656672
146647516407
169934765661
146702133077
-52654832160
-198973695040
-53642233348
-186725758584
-89702636392
92856655830
-53295987497
82168308264
53203857512
-173225399574
-172370047266
-13940300567
-73340092338
55226320489
-131820099454
-38762498572
-202252911534
-51051319526
171283114845
71414112340
-72443444598
42779152821
-23854202090
185187498044
15188730420
-76156646003
57041055430
-91862134365
-5707016157
150277472712
-92840790974
-92868867123
162435843736
136898017656
100187022215
-202418588805
168824504857
-114577213919
15917933671
-48195797693
4339810736
-61532021739
-72398086604
-130294679851
90519824994
96229261788
-192937412083
-58448267816
-62741149068
-148596647386
144248413746
88423393780
115847087449
26630223689
104239025542
-71901777715
30383816481
149548210079
141423919841
116945551577
9033257943
-234721156981
-25861046274
-58963866882
-46205551592
32257680814
-63935466495
88125503150
55514968655
-98846320260
164683014066
129791359829
122870272749
-164069014344
-9026663919
10535558815
89863600159
-199242581050
124121792816
-56550883549
190917053905
-200523374937
136248041174
184075329087
98103719518
-102384427804
-123498457445
-143415989516
-8616334105
-31191456311
116882424144
151652562263
-54951564012
-55042120847
-29503635203
15122816091
-56782857937
10595678933
102945143439
-81774966374
126428609321
-64082052261
51251920243
-144881037745
81659094246
-185307777592
82101187327
-137683310328
179454942100
127283778142
15434207770
-80638229893
-171592769063
-72014774418
-87016590271
195193448695
-4552332198
-56002022872
-38645478745
132904089302
-127207078098
-87559511031
-161253524434
35952759842
129804733555
-148942573610
-154950461273
-80124420393
-193804192105
714696143
-26931873114
162334331923
122613109278
138582253240
39229409982
50094338886
-28513322425
75403241644
24228375003
-147123178151
-12378051264
-144511205959
-81021612501
5903744688
54888285021
-186806351715
83422817147
71532335709
7551977065
50752526434
132351287185
-252560688878
82176651806
36045733210
47596043673
40783399492
-7005360803
-86558719508
-38541597908
-108004397655
135656331360
-124833132447
135392534082
-172881730941
-53695203614
-71777022440
174846948414
22632093769
183184479566
-88536796093
-189825328633
-74628436245
60665079704
-187212470691
44035989100
-167842086253
63731116300
27261237323
-10816882458
40949291838
7009172313
43327561184
-24998593158
22370981381
119342391173
-3818067593
-4612423388
55899954222
138866562648
141943381190
5377330669
-36916797203
174060304300
38940745968
-93904155466
24492626387
-38540404484
-143446523302
-149629982814
32019642088
-12510623607
-108413509711
-59513061103
125865881801
-114703006560
-198550427243
77219397190
-55600244077
82880752265
-28281043423
-50425261390
43690957653
-77251422172
27899235675
-87152261954
-131615346831
19879224600
19315663538
-77179761840
21646440532
-37933554508
-146606468718
56279583559
76058246367
-34027698722
-155691778434
-124132969069
-22697020282
90093192152
-2074057846
76875945948
51992506793
-61366458151
-112353045726
126648730400
8510903561
-25635615491
-10158198191
28204132347
-112895197404
178056439631
-100904804531
-130334581486
-253222202519
-160153028673
-212641296374
69568032570
65185021404
-96146678642
-187797694436
-87343128663
163787616743
-108490938402
15633508478
-190975385946
173760825792
-156665693282
-108038492697
18553245912
-58214133338
111280102912
168236917721
-12727817978
42103841898
-2650283920
-167165889998
47987368433
115434836271
-203191395892
74315443167
-73958641503
-48552792947
13105066028
37579131583
47394785081
-68662682600
63104976881
80781163463
-85112095616
98464934630
25019573993
-35194135422
-8929528642
215735597990
36388581638
-74658339285
-96633842192
-117281251946
-86739256324
-28361679965
74237633441
-138513227637
185360439800
195248991866
-18353223770
139704939403
130413357420
-146046299931
159197469774
-140813632687
105102826767
23729030779
29875689080
100843351722
99016628253
149528587354
-41803603066
-153675248173
107011001892
-57533525547
-61521313480
-86785048105
-188788161303
-10234570582
44084253305
-183350458860
-176790584083
-215095923155
-183497488458
-51059915810
-15467985129
89710912666
-170077772122
-51111894323
101900002169
-24089411820
-140134258784
180146561375
84076353021
-2494784652
-171545509012
-171579431866
-180577206470
102229036791
-74662455140
-167901296646
43029928405
-98127170120
-15203171107
-161494518117
-161269703358
-151582938409
172786205262
-9810492299
-14801095901
-6045312820
182744374479
136746339688
69453297506
-111585154089
-8397722643
16150256576
-63434373373
-151951241146
-13088304659
91199271230
-46012979853
205201110613
127569836955
74720668998
36741489118
173505317303
98658316404
-113588607932
164997396075
38670744041
-55987058886
-137804041332
-169483517901
-103717045283
70051605637
-55328241373
-234453413616
84079774291
162965453013
78792462865
72993559402
128465565171
173627095580
-67780541740
-30375471028
-92165119740
-16415859852
-14541004180
-89621642811
-53436150850
32735239915
-42069883722
-148108422316
154895512728
76092061927
7435878654
188596292324
-34657047151
-6559136119
-16053268121
-95420080915
57649018936
60812140807
-96811270954
109356373996
-54890806218
66526636905
34055855131
49884612396
-145472687953
79507738326
173919463102
37647786407
-70792051206
51201149519
-63062369248
82283836142
41696443900
-195132484769
-170100896182
193454827476
118510566596
-139013416031
-1727259962
-45488345662
-87400404196
-187563785546
40027365889
42291155226
19627180734
-186849317862
77929178848
111678159957
25967183014
22463651415
-24877265248
-37069238201
80482542875
-84499330055
-25500543766
86083415835
49363984970
4913522896
-144075131868
-78704419582
4352824280
-151482081722
23177163756
-151813206715
-122109171176
-85043761849
36234732368
-181198302632
-218768183403
-91647979431
75867301119
55658719079
25790862152
-190286376328
17694895073
-2864757122
5912085557
164314637076
135182527084
86447405596
-102252569562
-62565409752
-191381410090
112279494479
-178179458662
118068396528
90540273336
113772966731
115933121323
23694539239
63434066080
-83747638574
15813127882
31562222684
18049446768
-68404995850
9255124739
-155740592600
16352148416
40197030878
184969528311
98440746281
-132290473839
16034148526
76139190969
64731325383
157200455296
-38877158331
103816289944
37318284928
-76393502635
143984281294
68857823352
77530495056
54757747416
72793514539
-13922820339
9192729650
-148441531075
-105885461779
84797020199
60995343078
111998176524
-112704295788
-64455737109
95131251204
23958061319
-217693008026
-121775793477
-69889028736
-29012174948
-28451743864
161927910360
-95162881464
-69787534913
-41053624120
-98445725742
57229582250
63460023078
65433234067
115209490732
44312906660
-16775690735
-221522081400
-61855123476
26365314740
-83900927331
9237472669
84425199228
-165210277299
13016221419
14818853949
72987660188
150709432779
29413022126
51518074288
-111097262749
88714716618
-69381912309
26639921878
-137838551142
123474029090
10799182156
-52480291715
73360820693
-57830543129
-81008291310
-132723800787
56236488662
-55496100154
76265564918
-17668152833
-67904425210
-51545284717
189011829237
-29922813152
6158755360
-181962418607
82265234319
-179348174388
-104547793426
59899498374
40915348645
74241010746
-210316751723
72886285330
-180571702380
44979047394
44798497097
184748314748
-119433398891
-63622265299
41584627174
135694288352
71155023595
-11229439274
66004910229
-95061204943
-59455441200
66739910423
12757471873
-32435458517
80108384403
-186286049068
-65630846089
-177183927562
-7931625271
147169731558
113131679942
-55344595981
50638691602
202775948640
-25692789618
-90659815966
118824227737
-99320805192
28896227946
-234058267205
-97746608452
-213068540241
57275436270
-108742073775
-26747291952
-19047531836
-16642651215
-126069336775
-2115190964
-197030324768
-155787888321
-92886420769
-43877362880
61820101769
17517664622
48323634746
37843739746
-57733434957
185798884903
65024524337
22578298833
-53707454400
-33809786087
-1226042788
84170002244
35820495136
-155539049660
14634868031
-35808936639
-46728510728
-71320567127
-90792344849
-241572771862
127087518380
31640375847
16425857506
-64451615799
161808994737
-68729388169
-85148440094
-146319249042
-185539368524
5259849008
-124000433858
-86755389772
50250220401
205505181221
16768147480
85396902029
-219504923936
41322428339
-93162378631
-1509954150
-192322278752
-104935664837
-138664610854
-64879072579
28717454631
-165026718230
-41230396378
129993241829
-162779093426
170524141763
-75755163875
4265323148
-80681090002
-56383478269
-80058644462
8328624210
-64209431223
55628120259
-74133201764
-102031657000
140491494672
11491767661
121245773930
45767626102
5275796322
125036605776
180473510691
-78015968037
129160599009
27312093501
-63620193760
85330599939
112944874711
-43413282205
-73621559484
-96843054971
51081630307
152670567817
102227758649
-27000149273
-200417873986
-84824924134
38015293483
-44704347253
102588695897
-154481127748
-26424458526
66689440294
-133216910338
-182042108315
-178796182163
36671891171
24066233598
-236542241632
10475630355
-196498816365
-178128940065
-39146382323
102657940975
179001755451
-116165354540
64203206895
182773375623
16184781894
-183776049700
62268428047
-8691512452
60811602755
-84709126551
-12011295636
212455872895
-159081416399
34636611793
-163188417910
28404955787
-25639441224
30724546733
63549263068
-181751842975
2245249446
24045288307
-179269478719
-177360450970
-152709563610
117344149855
140563227903
-71191554504
-172802908125
124869890768
-84988754408
52853323846
-143649464908
-83948454619
73874426693
-12829755730
58876428437
96198836152
48407638968
-135811203095
103131047112
127310680444
-182675308907
-107866530348
101900044580
-40112014448
94242256387
-77254380488
119776153040
90700056517
-76822299684
-89608828875
49033593961
-43882440157
-139082347502
26589796133
18639092314
124951683431
108087128422
33075175202
-31033321506
-24942470489
38622673452
6549647478
-31900640353
-239594179982
-210373655422
71095528514
112544811789
29657762074
158826805584
116487642597
177417077922
17119308619
-61774897845
135152601018
58565960133
-51395983911
97807067209
52506453386
70347254716
34837430806
25474832657
17238720316
-111336329774
13380508795
147805470602
7306362808
-23084242959
123500781513
33101422727
-147915966755
-156637082983
-182298393375
-58345511415
130257107313
78297817738
48473520922
-15832183680
-193086959684
-170922371131
-167820058649
-163173949273
-22717863177
121965204302
200093831957
-119720096272
-13988801493
44461934193
-76553233497
78056233902
-34147198048
14887425074
116793101888
117218122875
42155130388
-56401864390
-166668984620
24477793954
-68930345029
18105597346
104843711126
-173185973122
-35273328477
-197080869878
-62837172737
-167264720877
72746758504
169084261319
25997908018
88281272061
-44573621653
-110742505781
-260560045676
-84554455886
66220754368
111683213666
30272112677
-46288521115
-162197797116
-84772108709
161086536430
-12895495817
74260243192
-61606499768
-97636237339
171929813078
-199380915955
-10527382873
66454149968
-181768588297
114616480036
124718059323
213721608571
-60910659523
-6132739396
58262325016
-85803983732
-162760979143
41836496135
123064008398
-52783395981
-36250609420
36927951979
-143757374027
-174755745790
194851835702
-45734339649
-73606276698
19618099924
-53785291225
108453663722
115303057450
-147422167115
77737208473
-178428588573
-165104084829
162013848871
-170535978217
-178777302173
-45723469130
5128035961
-105193720923
61870487952
123448656025
69622584556
-104174971488
-73099347603
217428694889
-192504210247
77600675590
90255422461
102229284406
98341108581
168337799713
63562106302
199021598420
-102018451947
-114013749309
-116755498467
28562940084
82856227329
-178325663166
195185088639
-180795953020
-85078127238
127701282092
-108431943420
170781083862
-92039746864
-44020632485
55685878051
-106968041148
-4925975027
50073289623
-166949758861
-44544109636
-168813307326
107339003159
83020758095
5731342613
22135644540
-71276299436
-34606369591
-40165503559
-65550071580
-50255848935
-15702056766
56591816914
36663093127
-123592634859
-155125210572
-12166257195
188192214393
201932299373
-39494891671
-175004100076
31094116672
-20523090948
185711375076
-77905775097
61175629643
33385028405
27939104772
-46494846740
-192754984058
71736380893
23990051516
-32940230012
105509921335
21731703245
-223603885864
-142083429776
181808570742
4510485129
-180812986560
191397431554
72889263925
-61282449269
3623402622
-177915506562
106751188120
102085144313
37514741760
-73936183687
73187019584
73064612446
138770452938
50567769728
-87655851602
172339158858
75860990087
102061554589
1378473839
-154781484852
-141964907314
-152358948535
-53435712032
19241691548
50889446272
175886250272
39099157524
-45875545192
169316269238
47330493359
31300954573
101561139469
79518601795
11908665200
88489738450
-15884150585
-121351778578
72114682764
-72506146193
-206909799858
47004236218
-63101592203
60156312048
-182709962387
-100917431358
202159548128
-182822385232
-170631892552
-14536458030
-75569238610
55709173989
71648113731
78827902101
-132275623553
-199046692475
-129752705966
-153524450157
48507342681
20478663057
43524501031
19959656375
120346177889
19955241498
16136388366
99761458878
-175593316468
-137223816807
-71480522017
-80713474879
-140376468594
84171401615
79961258798
135425328327
-24415110230
71214563046
-213713426828
-63290363119
45733723004
-65200368478
48715768220
169258431285
169891176146
-58079475388
118629750750
49783532312
-11063825331
34381185817
-15479777459
-52861225766
93028424460
-92205220507
-126307760898
188197139291
24284078059
2803049679
173956523807
-89934463605
6752203
-205569977721
-80613505687
175350852706
-57905765327
-155454313766
30808826358
3760708222
33408158590
-145251399333
-67212951260
18958997390
-51532288780
133514149081
-86378093001
-69356968941
76062977198
-44769228086
40925323149
27274962493
-61036440285
104819566005
-185466759658
-145965470303
-76465669810
-186661077616
79687845794
98455737820
54439202036
102881872228
-73100795075
-3835522036
48229297329
-43946985888
-145108628333
187985627585
-8944090662
73086079848
84069708034
-66249193762
65800976820
-182363784719
-70375308815
214658249035
74147345231
100081327267
-45414562848
192219713147
79124232083
-95409718465
55295604606
-30088394445
76139190969
113278358488
-223727110081
-110415420840
105533660344
114652655445
-99203145383
117005487783
-53642243762
164598318262
-74049574702
73754150151
81602047501
-82731535903
16264935420
84623846249
-55778084408
-73801125666
-96596960897
70046324780
92452690698
35026509109
-180834983541
-100702257149
-58465064707
79748308060
-172636446562
-90603662109
26861929221
117495594266
50860420398
-101875789909
-86860271115
71327655842
216672405150
-161318246109
-57628413077
-94715726708
74197664146
23226940365
-58874345580
-170653797225
172393823285
37321649641
28126166633
-33758000294
-3010822497
95251192944
-42015926174
-131412886557
31613923311
160610442225
44423152026
-14434584388
47158529046
-112425340335
123532262555
57641540284
-45025007341
1435965068
-85455901226
17676396627
-86763756207
95197331127
-58916223199
-99471212471
38300053089
-63212739618
64539671708
170047912994
-25427193002
29308496055
122235712216
117203536473
170781083862
-18929244388
186968716059
-152092559593
27707882430
80669063490
-32657724150
93999211776
-93192137295
168645112881
-45967954584
-59265511831
84443719726
-51105996034
53702743508
-43598043744
-12598402830
-99026885603
60832823150
126482441292
-107391454807
-174523483199
183883844509
-17781994914
138869398375
48857845284
215993190216
103875135630
-174868869156
37250163390
30028736110
163033030488
85717763295
517425545
6673874602
76958490646
4325474228
79345591697
218878697734
116717169779
20879925827
-67737946354
-111397408916
128321971529
-11889035917
46322732895
-80172108438
59015674954
86802776415
-57035740344
-36351941249
-41574636475
75110510243
-111785578930
23089309210
27411082109
65640635979
105251687037
18509774893
108224961099
25473682974
132603679892
-64396321525
66009968351
-139406859249
-51127277139
-56943559285
168758897858
82426981228
82604898840
-107308048540
-56022230130
-94493230251
30874150728
80458118768
92283977043
74579337120
-77850458482
46947725194
-22794370568
-25801055734
-125741447257
-225408715103
81051499149
15874060954
42994761352
7357448017
-38249010848
-7362819793
23312971592
-42140898174
65606511026
71770342632
-96746021112
164302240424
-34104318098
105748057929
-162476621223
-157842634775
-183462413887
134576219632
-31726085217
67097822207
51039803422
162610598159
43276272954
-89081841402
-180866079635
-190464553098
-132922035521
45555878922
39427106515
31056025861
36549637532
152698697976
-26598036022
134396960041
78169141219
-72024914339
208926084164
-51336240719
74148864635
21927612599
40725343715
106500922995
35724899297
21084291479
38704025198
29619107269
6179961858
168986982611
56762710254
9596691354
86646346836
103394061272
-19444405078
157150666792
-97294717606
-109449944024
-65422322497
-180896190712
111231579232
34861609604
-10201659100
-52937038725
-79877674592
103145624498
6301623696
-140269455532
18597309150
-17647975820
-122137473740
51112715873
141189902837
-157653708884
-44089720711
21551147058
90518827360
34391289524
107060444196
-183935116761
47414302124
-42755471598
81927307790
-8793211251
149660645431
201616920438
115684871254
-128800725238
29288001633
-70560204547
-20699808250
-16269571348
-121712135584
-198094460772
-46661619430
25102650069
48101091390
192128683814
-151900892860
26402633352
185878937297
-157521805068
62300506668
95569095234
40628082869
-80613863846
48689302301
-70691058847
-175360014806
-59411489123
31863031297
26751957904
77328405039
46779444985
-123461398827
25505965824
48401275130
177734186824
19456400002
-60159733216
59316981316
-153650804860
184697687087
-29082131880
101630832220
-66803689716
-119007413498
-94979595905
-140490972950
-17577507506
56122142742
-20264261222
-57062354270
35603225194
26140117939
100864329121
-46704300753
-166117747479
26895519807
-257950040858
206277461751
164413492975
74643211287
-31384808547
61899019739
-71256982714
-149277606540
91354728451
72131533608
-104706011214
155465400879
-172273414087
50041816011
27022868189
121686583565
193048491566
-190396548857
29802648222
37399713136
-87248859516
-53117340660
47077271579
-13668774204
69421160604
86581720045
42093872573
200738271899
-53340067850
-97950414793
-47308279503
29568409915
204997640982
-64719026857
-116597198207
35716329597
-127763110500
-176288286272
22546473784
20449490703
4329630990
38719766720
-157789810007
30033283498
-44012589845
32843379599
96052420856
46316878637
-97801307761
-89817991419
215715498964
-87106102837
85378681056
-140770092639
82837484192
117213148663
-69957522198
93186750658
83034327458
-73869555894
77246811105
99558502962
69478604199
-195517261992
98175071938
34713762356
-39112083286
-175891551123
92494876456
-38953009270
-38401303397
86784058311
171174541027
131207780172
135590014901
-15382675927
-57704995418
-99089208447
82473457263
-157282544098
36693040773
-4688121111
-176403282373
-44647251957
59088987377
9016490884
-151002129100
197425215993
-19274099875
124405124830
-17216822427
-135750550219
-168087511752
-54978859454
-71826877560
182396243846
47627035173
-80486157128
93525779813
42206220964
-21133218670
94981942649
-22713081569
-182726664484
144122219454
-58962550056
28542950845
-89525362641
-77312046251
-33081243325
86785311209
-174950643765
-32214513364
51458842254
-174610237282
61112719432
32946499547
99936217426
70650599979
-34300075980
79217600127
106760578076
62675220324
91701478500
-41310323318
-169294555512
103057674870
16965626995
-13691130041
-106866569069
37944026644
-184823887630
-82716974549
30797758345
28199383644
194394268668
-95917932760
-131363421728
72834504098
76365406332
-87511930902
-124572975023
98715614175
-96191952807
-23292542803
92571782700
36637925600
24300472773
84616441480
-77938863695
-42010412991
-181402241506
-36319540126
-704355562
-225381640039
-63224484053
37028359600
-70312116993
-142981344107
-35492367088
1078998957
-135575880299
33873932416
71743067145
29317268629
80928633901
-142485044956
148232296684
-176596421826
18697830145
-133801426469
-75686182607
63683946762
-206205149310
109967214069
-58242663270
7786851382
-51090557985
-56018323465
-158764241783
-139261812941
41919244262
-7752562877
215646767421
-3695024773
6412441429
-121447924563
-158969596916
-95959885956
-144568984368
10099373235
-57435731221
-134996380871
-158991586490
203205376855
-93925139807
174713749803
44353796857
82213948554
-86977257620
-85451382183
10213062273
35491256006
-178793018587
130707470083
-203990822631
-60831361874
-59291976114
-22466016254
-78528736968
-40211193856
129609256950
45756556072
-218950322594
19408022763
83538542198
-10511514899
33085700346
-125296693956
83795754959
111156289212
-214455706945
10271871624
67268455146
-41346404675
171962626631
-116541999769
-172663026414
-112879375743
82136735517
-90183119386
38373158949
111234007803
125394951863
-130348097440
-164321489834
46415404975
-113077286043
36403893042
33109140649
-117537962945
-38269236899
177941067894
-192525725710
-2906452170
-71508567201
-73604263214
184121372606
-153446715250
197998066393
38615501826
-64341016538
-91077421811
136522462886
-67695967813
162941350425
68252444528
84162065136
85851850547
154584339315
-19342532888
-225671077400
42721132846
-132551706573
65080658451
120216864033
6967075840
-47238116375
-149922229348
86949269847
-11306541496
77606991915
-148657914614
-99990467681
-34204473854
-4435027049
-48895772351
-58917822419
-2887825604
49773480040
-153200185161
84246237148
58044392478
75240686238
7767851302
-182918429156
-91260473952
140411348069
-6019904224
34122490989
160871195252
-69847726955
-98649060322
724996717
-59241280046
-17609263420
-139247779410
15422567096
-186069986772
26030264979
20354610288
10098007728
163345861184
94882333252
-174348329025
83932490066
54736248254
-105987174596
-9954958088
62456485171
-18086117430
-7957725022
14467911926
-190069635698
145216644647
-10356562143
-64197982192
169200023480
-189055559871
41859252334
-135196576683
32047023937
100734747499
-149118397821
-76624400265
-77072328040
58870591148
-175155453212
-148128011454
55186011784
-38776857533
-201311291167
56510989536
-135912264106
-38557923014
-17538089239
105207714378
-79093882969
81469012908
-138016828788
115131528737
92824604934
16182367111
-8026142700
-159424865201
-173515830344
-47389967369
91694889059
28382474276
-5443761533
-65628922454
-141842459876
-149930713055
205377001251
-79291546363
182154253159
-188895170073
95300375775
93216984736
69771130285
-15368126012
35222055190
-8352017221
-159895664910
-13012372618
17495879774
-68649006661
37864405605
-176451994432
85183549842
90153834385
-106047276534
66645418963
94320174994
-156622350220
78810595264
60296107940
-68545223302
-132665041383
-36784316254
-28669998421
-177837188477
85208256786
-34776187416
33402787202
-231299386333
77317003680
81037432206
-68233629657
79834468084
-53493470118
-64933586029
-51635436881
-45316590419
32783568544
-212375542064
183234212167
-243913385436
-77113794222
97721552918
-109207420734
-233458253209
68851832636
-132886407802
-169488905610
79542903054
-130149253717
182628959554
-52892424426
140536108402
-142817839817
-187103502195
-185812854794
49916017734
55971927352
-166419961795
83381896581
-9016870435
-121106819913
30371688248
137080293157
89068136410
55369521251
86581242724
48901739662
11792937115
-141506302329
46956238530
-31148354325
-71538257184
111014954
-13019509202
-235840951940
-68000234189
224979973448
-75910941401
-19445782730
-55256180672
25543874850
11417105087
91532033697
96878444667
-191589387556
-44530950875
86951158498
17271237224
179847285905
-72817585231
-170443405094
-122919380637
90515280381
-62342953104
-170708901563
-136502956930
-15290573068
-73257788375
30800607352
-65601879242
50272147709
-135736112886
-186405953055
76262688775
-97375954761
-176646818704
-146532265809
-170597228820
22265436451
-21914220998
-59952532267
37673436554
28123372664
78135815974
-43404011271
45503278441
44042491877
-79253236042
-92821834704
-96942303793
-124477957952
26692594010
-30700865058
-155022367259
-45889206899
-21853827876
-65986501774
90902844119
103783393081
-58619742299
57876735113
189394423291
126620950919
32863767735
-57679754969
75816899105
51177324582
98591422645
27850968687
27632532815
-66151989858
48527664369
-144164703777
184874966427
-22032379898
22452013511
38463556521
-167001358264
-113730703327
18591765769
-140947740396
-141321357763
-23747153154
70305203156
94291853271
-54692882058
85177408014
-78497395107
-118655242973
27761613681
-208648024408
170578685325
146457798659
-158125334405
-74940288209
-118544649933
-126991249873
102760368801
184834181461
-169620143464
-17115356125
-185107639709
188566152549
-75236718281
-125423992917
7165206267
-72025894567
226136698555
-19420928529
50474328036
-61652060489
105476577386
44975791344
-389133519
-183388263299
42226811343
-11927160805
-144070305179
183683838325
43506707225
-179474459121
72999710559
-176561123399
-127747893260
175260393558
-67989053778
38712155762
-36871723844
57844313607
86817725647
19836545616
69077685200
-69740258549
-152546156073
19160512238
-20259666543
32318535907
51869350711
96227250680
-55654619564
-14714521822
-5806258334
61200180661
-231129950422
90726693284
-160637271553
-31765928662
-219032691001
22080869104
121583895333
2005447934
-76983569689
-161657784750
-63040962774
-57373117521
94096928060
64586897485
20515236628
-139333486798
63949867215
66573034771
-164299245753
-23945135785
-69060163390
70689
-90880762208
112040333336
152274781304
93866176318
-150317418179
-161058858178
51159645319
80963386230
25490540482
-58277837940
22939550775
90038244280
179281791485
-47107025628
34270929440
161778543652
-39302057409
94012916788
-89144078833
-37441607952
-80916754088
-199060484564
84375074969
-90158171132
-10688620832
61513708882
-70085429283
-175995311534
198801382444
19004356146
60964896938
86310706438
-73087897054
116770764360
168442886519
153375946251
11096953370
-96246354513
-74133254448
-145264564078
30916647340
-147169541647
11799831805
99850583306
-4672655233
67524158643
-69642946438
16192420329
41671989402
-15057142632
74106118513
172531193042
81625992875
62346970624
-19335155624
-119612426008
-89424894480
-5015624696
-90085016403
-162466920815
49822831881
-185017126001
210395994872
86524582805
-70339445598
-76786332665
171502284279
96345757085
-12715856464
42823042669
-141953977223
-14409752784
-160458640323
105512691452
83258644662
-51633011935
-195146959034
-38572997076
88035664174
-146511392718
45315945634
-11414912708
-51054046486
41499583741
-60913405791
-364801434
93315031903
-48788306067
-115773952659
-165736684597
203126290587
-155529017082
26312020243
-26647017432
-247320267465
-180587737660
-61604087858
44415463446
67833119083
-43323293021
-58305449186
5107287069
-86589115156
-176267121954
-146798340954
107076409115
13405305578
3150122197
-59040990147
25571710375
120317152499
-93309636346
-104860749807
18745758822
-20077340099
-157358564030
-47540829965
-15456186998
62637298246
7536137353
-11783403981
77741932322
19478924126
5898272461
49862210866
95653661547
-80769385095
-102174829891
113389560424
-47054117959
-66213628767
-18929969174
-86102680592
-182620969833
-12583183901
-23646663678
-31012723911
73598166100
-188539160366
84110568869
-158571178293
186635562754
40151034201
-6000802773
-93241839137
-35529792475
-210411215507
66788264438
187889174194
-31384007218
-23528827519
-75830640619
-65120412002
120338054757
42058511905
-30123672439
3990136844
35592114387
15406861848
79961258798
-140422046705
-125596471966
72274176808
-104634502404
-203763156597
-146639753647
-219829904199
-149816824048
32762711638
131998020786
119820531879
98730728672
46512852654
-45913450888
28683022302
16670123365
73405124241
4583203662
26885856495
-127138849284
-51333523257
56050426777
117026567
-234664321865
162561151732
-52505656741
193014149704
115968244179
25365995937
80555719998
-24935762212
-78826524917
-132418351591
-159037658249
178220465850
-108188822251
30826121353
-175514727159
22419290310
40961013640
-97717463850
-149784055358
51488055096
35688701704
-52408476501
-89788510933
49553383793
-38084637431
49595802429
52919460632
58732497521
-237369282242
-17990730242
84735073605
-90449597531
-69276075305
-64525088542
-45991679897
-4165714751
8536117366
41704077744
23195740445
10306264488
93262973443
-17732358763
-42222712081
-168144417170
109016306332
75061824429
-177589041897
143886568878
64120304455
-197463646472
-53862910604
48843560517
-178960373621
99735062555
105924551647
187042212824
42555480378
-51935316208
134429727921
-23763190173
4069458564
30746106513
-76500800
-244723010154
36452378344
-196596060893
-47176704624
26953399234
5994277540
-41955487888
133984100602
34109806315
63782995071
14644043112
-74432509215
35937498139
42664905096
98357029853
48751742407
136108814588
-60345445327
211746014004
187445664373
-63883049693
76685815012
85401387976
62212712062
-179605302378
1937170264
45911619257
-57330531490
-125800305709
-54765986940
-181565517946
-67994019224
-182170166044
53945094804
-174436735127
-6771306965
-162424064020
54705828384
70091827344
-102782543873
-130611123773
-118709301991
-55329650577
-27453678212
-13595116807
127240516836
57642069249
69392049426
49581918344
22535548336
-22957852476
-59609877847
66506988810
76840062060
-56995499059
-28939353190
77036257898
38072921858
92228159252
6134483613
-49970114710
20149052734
-64777649917
-104237010135
-133286110715
-32102235484
-9401008016
151843259956
-62087200959
-178656539042
-83953225590
-52519342704
-94055918007
98925811542
213777871781
-193010313346
104712592035
11155740467
-176579978623
27290930348
-226157644554
87148928408
-34982384867
-51782715932
-79374504683
51011572218
74214168730
38451581896
136722275969
93113864357
-100745161194
-83893844362
46620636726
-121568008971
127135097482
41416018115
-61449554922
189122847481
202982361114
74227971473
-139769209378
-80007235094
-19114601824
-17872377039
-41312035620
-172511789299
-56222786034
62100102916
-67234072684
-72765631378
-14927863534
162317554098
-136234161865
-53495528543
-57697075985
47000310823
84334392824
208736822087
30084451656
-213188058736
-172521500116
-32197325008
-158464840921
28173720189
115731286055
99562406624
-79371149372
73918605512
45251727527
-37614494600
-79377640964
-10870767734
43660561604
-176486077771
68228560089
23681612555
-173231976960
-213153030900
48412152591
216355778170
-6216388855
-19309159188
-26503327317
-49338236121
-15227652588
-82402555411
-14272985254
68140849741
82132734448
-209036899696
-178083089241
57027606176
201110112902
-175073095668
-75373973039
-13608836165
86491825865
-149553580639
21313410148
5108272223
-7011905061
-63016052054
-88462281272
-11861436366
40111371208
-188112112079
202849269604
-99231120863
6144697329
-135517427631
-170087614539
-32767807682
-43771145233
-76302629177
-140170857376
81426035313
-65879246952
-38993059670
72428579779
-124335082831
-13450949594
-209350987522
-21372623517
-238666661298
54950512777
-20337881146
25191761494
-108719176681
22980885640
-80467083937
-186380541687
25652747901
175832257952
-32766545511
-23308297746
52268093327
182936919528
-128948454908
41194903966
-79983054214
-76783910507
-13988801493
91559850708
-11534337236
-37197543043
39079705173
6554768804
10990608422
-11261803609
-141306317549
-2762293315
38228364242
133189752767
85185020445
-193626891090
-21020674931
-126342793479
-49953846533
49243853259
-63397207850
179982378160
88501505099
-77816852619
-66586051411
8867430704
-16949413653
43473362217
18943258644
169232708070
75961867553
-84414886996
-22754428775
-42222122103
-94100023695
-76136217867
-79069214242
165783486257
-113859343396
-149906557145
-21324881976
-159154215895
119012616880
98991899522
43798541697
38529890959
-19103700772
65114565861
52546089256
49005164873
20111164851
26220783030
65854247319
-49942054126
49820780136
185182965519
-29168615376
-17325820353
50094112940
-77405224807
-62206314804
207351214822
25939298233
9317536002
-28495213160
91875210646
-44556570987
-7845215281
152737174855
-85399879518
69900169887
59666754371
-81193679321
-155626496680
65338030186
-53377796070
67706570221
97668823365
-21108461186
-46888804623
77663806740
66486639896
136443625025
47668522127
-92059192682
167931753443
-40666545130
13283399194
142855001663
-162816341722
-153314955321
23352735101
-253221501273
132729535890
-20111285771
-43764861567
168456024408
-98168387262
147325813318
-77600800216
-8694156826
133852898946
-40233396761
48276287912
-125228699200
-61576834638
28732081097
-57782653562
31456196692
103458478910
45492885907
24313455122
-86768724739
-84012075763
33478758684
-210855189798
69262345487
-8298124955
45729367328
-174650712161
-70650057364
-60928998981
84611658880
-237444546153
114515059693
51280121874
190699612450
-131197446185
-177788216696
30499893411
28157743043
-4916838666
-163154661736
-48342959487
-24025675811
-45925012672
68562825541
21730504300
-180244780507
75843879793
-114309219813
-15469463720
82920172807
-92599980142
-83774909878
-17732242740
84871704430
47383410977
15364089842
14713792275
-100622763372
-152858655396
-23927053672
-14567129604
-59831879282
24317597551
-88823947761
167642458428
92048311927
86480342762
110115865475
25896185898
56162520628
11217197101
-42972849588
-13658731776
72444887617
-170014593049
22295579761
37152887379
61351846111
-139263278462
-62418728920
-168810472085
34368881071
4104199631
21582133652
-80409713991
58753275793
67272097912
-40191702628
-26161724317
195933674127
-182554220912
39880119474
-44247738726
-48068769520
-140608622272
-86268037330
65804507673
23098539773
68494078630
84703739356
31259543981
29494950454
37828823423
-154347620196
-490604474
-207743126965
15558891147
17805082988
-153306711711
54016291436
-123438727556
6113777534
89083010068
-7151237676
-76437810407
20070140567
-186445378387
62535098300
57585921002
-86290022980
-187957274254
15973579225
-115585551315
148508674685
71614504920
177408784007
56045285888
49749059983
-153694903826
-146676019699
22008644527
39429934641
-179215862889
54201247047
-56855267021
-35744428593
135319266050
-167471498053
-151141806156
97089214468
-68707655918
31495258507
20230549587
84779334644
-89569122400
101219456516
-117349909204
-108176376829
84502647403
-87125385850
133431813936
-159189647426
83763408807
106262644180
125544260286
-76556517544
-61881032429
-81203057181
7255843062
-159814408637
-172619385492
43346618307
-61220014998
-97121604127
44683951193
-137279897431
38395454858
4888532
-150969127915
-156916128235
28274446363
164535675546
94497048382
78026636870
70632008905
76341272249
12957517867
16182121423
90859597327
-9890549840
-57168989248
-118923430259
53179646315
-146522395091
105270472067
-181267661867
-157706637846
-109771535058
-172668047805
51250593777
24543939407
219475891779
-183434170816
-13344399120
67524158643
99571143000
132537933199
-153570828000
163221546827
-97471901787
101850683242
90084594311
21515750846
-22307352254
-85867236209
155212942699
83020758095
29248459558
78554322592
66596348382
-44276400480
104251303311
90400204401
70161193026
-74334993565
27183302859
-179507560402
-178174384231
89520586198
150283262751
104206871436
45452853888
36064528255
-36590357706
-52751602115
-205640667406
27543142866
-60232631355
166821779019
-85444248087
-184129998795
-37555120243
23540900449
39276522908
30828056307
-38091576594
-11531124664
-129743839817
-67248397459
-92034338092
156270805633
-94059030140
24797749040
118019748838
-67404681096
-63445444797
-180813214865
-184272712461
-95906020440
-95618127518
-40972587692
-31245210978
-93658416577
-47656353444
175928038294
133554755504
-53408198364
174881023741
66997472216
-168797390015
-101893619824
-187158913834
46446071722
-32392224827
-85385009123
-102044400907
130861610634
-56605149641
-117725387786
-78526792097
-20707237720
172706638022
-116057183010
93958155606
-143947633988
-58714971149
77491981262
116200686392
-66055135601
214586816872
15459170183
-52429600855
-85573147540
-196879067030
-22527536398
-169144386398
-107317353506
-69434744155
103913741975
-59751303067
10729794015
-106126198539
3029808403
42856366512
212175205038
177717598851
50656781010
129780698485
-125488074985
-48019273392
21099556516
139089428043
107514438769
-78947286339
-187174993744
-86616734707
-15701262551
-50246055421
81081763531
-17339782076
-57481903711
61261843042
97897797843
-130806517280
-62153142190
-127371028318
146749085051
-55970232426
-89663921001
-151895024422
-1909651631
-200221427119
3692185660
80377151736
-159447857651
-143918183984
41638783918
-152348834007
37231647904
78773537049
-55498103882
191940118945
-37961149950
23472096439
40019778752
-74332337088
112450489786
-180606983653
-15417976996
-54662602420
67933916224
-178450102422
-85598461345
-53782087377
-154713108646
-175864730641
-45859131918
187932594426
-153087090373
22150804387
88089353532
-135128823729
-49340934249
56006833242
-78399604173
-52762085048
48280192852
72715219955
-151428282771
-85787919897
108505050252
-10086072281
-171200332642
78563090450
-31399324461
-57106303319
40656372788
-176962982742
71081519517
56923079997
-59652048128
14101818917
-97860737936
-197928997294
187484359298
114943803748
-140598506688
53795242500
196911639680
-98487930011
32998404782
-72852398669
12238580381
-78172446657
47300743699
12290236528
-57336031473
8839939249
-176783148908
-170290227249
40942212900
113783849816
-139344020538
-38846150922
-241726998182
-6400332358
103771411142
182348813988
70227954103
49788586251
52941970799
-185311774833
-128186147373
-88890564012
72686740954
-115534313028
91271822819
-158945666086
73937015843
9783120267
115675392395
-153430922140
-85232151536
-150825861246
46746648345
-4749152864
-66998027423
-82494021413
3779785737
51718197353
83671704984
-12215303304
30739018051
56753456838
77846156275
177397403099
-8113232705
17956178525
45293361739
-161560973141
-37229589636
4400561075
-66083485020
31915991975
-77083494544
-88241282463
13900879372
-20408598289
32124793483
108380202267
-78316573668
-113425027876
153185800328
53002183352
145955925892
111923136899
-178833190815
-16328013768
-194133818145
116367653894
96725271792
76521817142
160837495407
114124572925
-200732197229
-166206322453
-82961300689
-72503617157
205519672250
140136550311
-9198418295
34280162653
-138425820912
-67209687709
-162551082187
-40020194979
61837440944
-161422849775
74520546887
-68968021492
-163598862806
-110771466649
93629583016
-102861088556
-186217298541
79590541813
70290964836
95292987299
69745464845
-127942124241
133209116619
120735499012
-74979259628
105897677488
-183055905874
-59747876463
66233760254
-28308309111
37530574378
-178776272557
6130725612
13694702633
-45389651565
-37180294241
-177592230496
144551670342
-173572712664
20511175308
-13255401430
-119393589321
136162281452
99145062166
-45407289304
-171931541652
-76332126581
141423919841
-245766605959
-64099977926
-94690420681
-54085617071
197980811589
76541552630
-12750326148
156023350159
118211353556
-32702331482
-14225058702
28173720189
100081725693
-128872311515
56634222676
-78586946321
-103429887146
-213562432529
-18120075446
61568665766
22038582859
106050306495
-49046890358
-85636304479
-158454756630
10681961882
-49271655958
-145460649291
91029516922
55590228067
-56711655599
-236404504357
5051210557
52093819
-8254913909
40189382130
136274463357
600476328
-160335411365
8828227468
45532287331
-148038479064
87020316721
193819610214
92581602681
-111427745966
-157115281563
49440882936
166164288206
-47170567907
-105903913003
-21857723767
192932213738
-40889216091
-119464925990
149845064801
-140631824526
-56613893374
58959754242
-130584416068
38470967733
-58472141526
42733655310
-48667084035
34185927964
-85798962091
22815019655
-35317856484
28181081988
90431670123
-74743523565
-67316131064
-90798339852
-149762868181
-96645160203
37919307492
80090302244
9421084352
-99039254590
49010923302
-49812236092
80175623792
96289376735
-59078572882
89758578336
-15324555198
27056671028
72262181484
-55002859746
44097117393
22111744559
35819322960
153167251375
49610359637
-75742096432
99267872930
-20256672770
-91283915388
9961069952
48223836819
30850847645
-81477213567
-94130555286
87569228986
24796252759
48868737136
-183715051251
80482728755
-31961410700
-150470037985
-188032818886
-100008436414
65066580758
38477380011
-90823277658
194170829489
16607747798
35208486839
-60641613878
100396146659
-18406637967
159075162054
19300980988
91641026122
-97265421904
1367582722
-1823953029
23283918805
108064897630
-81146054917
8167217193
-15473169207
-177101020036
116171274574
-86005608525
-53511512641
-95802831928
-38668017615
44882663235
-166895468736
-169860633369
-73870741846
-72106015651
42676793493
24574228893
-134849602331
-175254838296
-51448375094
-38678269883
-33550462680
97269089987
-134162596265
-57171276698
-179511409466
-44372932293
102841067366
-158679492795
-18983850840
-80335116819
-25149964495
-27297049913
-75623628131
53573972117
-111258587570
-41816940240
59672644596
45110111281
21213247904
6953361002
-127207974605
19951753743
-141393335118
-157348818596
-47351743014
166920856844
-50606532846
-90159914884
-76892218010
-94557905206
-171593162589
-67642905387
-130532281951
87689774496
55675450484
-31578800173
-133028792119
134765880516
95262338082
61812832862
-134230602578
-64404195372
201013201171
32890180971
124095197577
-67466083501
54918565062
69845121956
-190129411222
55248537628
-141583840069
138327282755
-1178419260
-20566740110
-212831563843
-169594974155
-89823605183
-200379687532
-69102291348
61221889657
135545739586
-23967074533
141631547856
18072536936
-43724801507
-61138073297
109661245142
-91959736091
168793984063
-8732540263
41511682588
63074572945
170375688714
133416224821
-89831466002
-54662932808
-89859267289
-180622534070
-41802046120
140183099098
-19832956802
14517564860
-155720758351
-158021930039
-125480623751
31014207331
-133779008523
22027624804
-181869155483
32843466875
39401643960
145624457912
-163269496556
-78242795738
35122333915
38684094260
98195948199
-59551012516
-192644726839
-84371577297
37490866606
-208837668156
18866329872
-110683855117
-69325006126
-11131346138
-106779116399
-175956619548
-157452809246
-38873560408
-32523585825
28348884361
-179094481467
20494317305
-130862049622
-33175721410
5474076573
177500611050
56833776984
71505231954
54764980555
-162675951318
1031811944
-164114920889
-22289481197
49430617823
49588695461
-228362127305
22393221171
-18367318827
-126421338661
-65383276202
-58534267639
-45191592299
40505449594
-178321987070
-37244015907
-220365847845
-63548375134
-182396289672
114124551676
-59597306686
-84894887378
-57746684425
-51333523257
-43525729773
79283129333
72760173194
-21726378426
5855033588
48250987868
-32601355120
-129500424461
-172369886416
-202711309284
-35303586827
73647101761
67134362947
-93383653161
167392301431
149447957319
-56696082069
-71368760182
-56930985822
-210981839793
77942006874
-18826209531
88957475385
23347212241
-78046669412
162001785183
42710247747
58311891923
69752358945
71828084667
9370750964
46753715867
-32231206845
-188540691289
97456901646
47896600163
-102862895362
9252113476
-3001880228
57472404720
-197448242187
-72289254372
31240361669
75058436188
5737362226
18278132820
-11989164347
111461546148
-113105911845
-46893818401
200252694293
-86230536911
87614647947
-88144601889
114995056274
76511816144
-27861304009
-170934361022
164783590901
76182254769
-121833443408
-127733502588
-192580039695
-149598781049
-26192193029
-168735688619
92057192709
126725302029
-96013080908
81627323341
77292481683
-183457523299
105462611523
205000395196
46343122341
-39174590557
201848140728
-70014681341
-172836175710
54889397653
175544592150
-237238761817
25035617935
97711170719
20068465662
47520156695
29871633818
109120823070
46578993321
-65407493793
26630272113
-230723350766
-3482747529
43340153649
-101563098934
37126302118
-77569070260
75882724988
168757896809
-40533468809
-197139581633
-73505735532
139289246411
48871997837
11135841964
-77553949745
211641719035
-182559116479
36213071778
46890557115
115904833222
15380994015
177930418814
-42895213630
12036429325
33236767235
-85499299259
117903486493
18916746281
51327654717
83458747857
48327483736
177444637375
-84169198690
-177148798133
-65933141103
48342672040
20030735535
38525464812
-45445045020
-178338809168
-21275397331
82185486474
-160414896715
-245301099198
35178861103
31738383325
80699048509
-93683718025
39387830668
-189085994915
-44933804255
109776425305
-106086746585
-48150029124
-57581427260
-152541837541
181657316138
95167074586
108526472175
-68437348009
187559438130
-160101666385
197888790435
-55450760134
-79114984682
123098664450
38264224709
-52134800
-82057156144
72931917030
-1789874397
-176736676913
-78952878011
-125331910259
134108596654
18266126775
50139715707
-116541191405
-204612325285
-106483099369
43473272372
-15692219587
-84619071061
94668229732
-178787043961
65077885194
11030897212
71541909214
-13752095755
46263002984
100370044490
44332277839
-169918528565
-189055559871
-46806286281
-52473412854
-173933082581
-184358806059
90121464419
-79212775428
122995913253
-122307378242
-53048000409
38506594111
-31321198487
51526289166
-16256997212
-158343833741
29126552335
29696398678
16466920855
75658208042
-119358213354
68967012413
-159154835950
31554330150
25664589681
77844526209
-1246200928
36635723725
-136491394922
37304345888
-53512377183
89263276557
-152300271341
-24702714579
-30200824970
-102770814148
73101321928
44002264885
-73139662041
19604016408
29228663140
154568142515
-10921789351
52395617817
-191310731813
-168361517998
19541572762
34791867619
-17290780017
-156519471542
54806757064
-168369818840
-12467655875
-175791135668
83744881013
-18611371954
-23844087025
82379212137
1047379319
-168677760168
-47552833420
-18298086930
300388918
-171037609096
-9952419478
-48973455812
-10621540395
-59844246587
-193198347340
70074291920
94902505204
98658457652
-160286080720
-232656180366
-190399846001
-121223372166
-68188158153
-128932731965
-166835610442
-199369574945
54355054079
182440802466
-83030146753
-88731466551
121328913070
-38535922273
-58051553898
101824452627
-161330394217
-3291564644
46825470576
-220042250873
-184744331736
83464804215
-92566209857
12891861795
27721938254
67577107089
138653634278
-138925068552
135015469087
70756352766
27028147303
-193194827259
-286890198903
-151020229880
60553439600
103913741975
-90377865715
-134469837026
-16977234637
54409260098
58958202444
-50969303879
20815324
85848603724
93564067114
189760936862
200570326717
224020708731
65880438730
159635416566
-29929271137
10541151471
-173841379295
-68996897873
214575574142
126612312007
-71801352099
19962831970
62511052183
-46937020356
88764365608
-115366255600
159112093037
-208749812042
-172695238322
-9998470557
80582980336
24930703935
-35989085690
21649721612
-70886838410
40823816126
-82367866460
-60680782471
-5494685639
-140789396977
-87098313510
-83585431182
-67965814859
99662430027
-2212779081
-176435395456
-52920099352
-1290355146
154628244938
-76845219595
-9733980513
-214363114035
-46986901278
-111660113141
40093326178
-13140313968
-71938426726
142046874864
199646026308
51809534415
167353295661
43737357643
-76118620229
165880082921
-49450461833
-201309830191
-14670348545
-159528689445
75724381367
-7116665173
95672301201
81977827190
91462030654
-166965372056
67343569308
-119121931902
-80047626338
53080818277
-96011396433
102599573368
-169204998582
-135907124267
77741538193
-204808444892
-103745104843
60430030583
68094682649
-32108441870
115214279144
-42836128199
-200746688722
-69784222077
-45287170060
-184239903149
-11924468232
-138196661868
85969590709
-215417097146
106537483456
105231130374
-35454092717
-20163846919
-56336583709
-27064732486
-16154974942
73447096990
-21332701628
77498602027
217247824643
-22190176115
86087498115
-157603703168
-185048278227
-59844246587
-238041336496
136718133524
87295118984
-84602213529
166208295985
-135852688237
103246471209
88734538868
107983998296
35767241518
72345171035
-19483410980
-12973949399
-24068613978
98071455074
154017741498
-156960244283
-119477608347
5262193964
-27533655317
95530206396
29049568535
-192847306895
-167189542500
86577538300
4475402734
5925895293
-11952275524
45032923664
74186464302
-47812183837
63726103670
70426407627
-95110823386
174901959398
-208386475626
72862057691
-174584615789
-79019856889
-17133710188
-118799117182
187427902428
-7826280750
8170476461
53872218016
-92174339105
111373232284
-107308013839
-3367342279
22873848439
54008627150
-178147081900
-140181700799
-48118716555
-70116753327
-239447878858
95883013172
83575751392
37854390843
46329007296
98623903952
68541580273
50035040711
-165374150318
151990816323
59338026686
41989959354
-36357640793
-95073505611
-146277145189
50407779659
-210989377643
-110622589909
2375288508
-170896134022
10166304142
-95409940455
91343622742
37455044347
55071456902
-13433604953
-81333138347
-61981549421
130169379956
190363856029
-87255519262
49963340979
-58660901067
-14794452941
15716536728
-42003243019
42355821450
-53948195814
-158778458265
46748965523
27028247893
-175169934502
-478753882
-70512587191
116323623967
66805279880
-159268720885
111286613569
157954429294
-136878489907
26278935009
22850835341
-44777682670
28545802974
-174173566941
-71502894650
-92859021493
91256260213
102370605603
-105285454894
90503772503
46938438150
-43390255
-126916855444
32574991084
47115997004
-39296353393
-142245925446
36515020456
65537885964
-120458560783
-56171248527
-180243829727
-38053411391
200366564733
-86252361577
21904409624
10791888649
55663325131
-24037855744
46157141335
78805549327
-174784287420
-32717094548
-171540921488
-189546186445
27144209756
94025891365
17453531920
14944650567
61138167517
148012931500
20794176927
-66839904379
-139945393478
-42191902974
25606487986
73823998106
-91145408271
-6202424508
79786346628
7929333885
-119305254731
-108480805956
-152413902474
21164094127
90252990782
-105793022998
-119281093956
21718166857
-61597329837
66760269501
-8608249435
97647639767
-31647790703
126419650868
-97119751791
-153129716227
-102726561597
197353325498
131047639150
-94830729075
-64584561976
-54192492881
-125627334908
-66251726587
21806956777
-35620923962
39210420527
55843689510
-41292881164
-43380078932
33620049744
-173199901902
-1751148390
-89316596416
-164377081128
-73180734997
-67326881339
-183237606013
111175426893
64587039991
4747524569
-29811720638
-161727196309
204417674669
-72560709925
-138272521779
141952111474
-58864318093
210488072455
-65240021628
41759142613
9177700723
115933224562
-63275470084
67273910840
40279611204
21819370236
282243003
109727115570
-106705216047
-46153088704
22159635841
23524411328
73447096990
-160763505428
22305516551
-171679009841
87092997639
-142593613277
-88230539805
64392410859
-164785337530
-87651414449
43859326521
81416768132
53162788822
-164399234791
203306869008
74105904738
152136116105
28679035756
-15864878751
-82740569299
-80516769484
62466603326
141618958117
27966692958
98025028149
29184650278
15235664647
-233782579823
-24456833443
-151865555608
-147699927847
69892697182
-112668487287
141138863117
-76146311504
-210741414645
33509523559
-231744929756
44442073443
-197382378239
-13242768183
26283778911
-130261716917
-17850788285
154860473936
-289077557050
4672429192
-181928304557
651084695
79312314905
67090111432
-26134340225
28738100689
-178596987596
66152108023
-169427442653
68100664507
124934924874
25367033766
24641808783
19759502704
44500639884
-155190835455
21233480052
-162782632289
94150860045
94553627774
-62076527410
-162642217753
-100568852907
31498688835
-52462871870
60227931950
-39671964410
92535672854
-161540916603
43439654245
-42292015858
-133154943486
-121491385657
-3643864453
-157770599283
38401198139
32382580013
-51333692028
-43954013802
65840479472
-84464355433
-142851028135
127927797501
-159559064187
92603436924
-69217810686
201566472909
45441832969
-185154971537
58525204099
-20319912637
-53376659565
48297336775
-66028792164
-168922906618
73271207659
89916042930
-18145888233
40709537607
-63373621411
-77241674039
78858361126
-88846292827
-103765578143
-3658069297
61138167517
-71912104160
96520042408
-144703374471
-92037920450
43651845930
70796821996
49578632216
89578818870
38880841415
21254801165
69220220887
34720365257
-154398534736
-6637981714
106912185611
73078626977
200175599552
-41700776912
217126297234
93965291854
-106035449846
-166765929864
76554091550
153311054928
40976043850
160375985484
169809540290
-146448129541
-38672742357
28572155708
-62941948470
-217900028213
65950708452
-112400460765
48507336264
-3995431629
37237882443
-63322824797
-43376228502
54158442963
19712232340
112407136041
65173064222
176541779187
-43571457593
81696544458
133452300142
-150996794943
101149500256
12707875250
-73302497478
-183071884033
-56519323373
-79169930911
-128644111406
-181704232105
-21918259077
-166972338244
26071352803
48527664369
140127617171
-106449084633
-168535694949
193424010031
-54456853199
79849729616
7388499672
-41930885879
86836398051
25930477089
-187513344893
-62014435867
-140427111729
-103641858218
-193356220512
-2995548304
-83746046486
85856071411
28559351080
-8214127669
-182446162342
-40675887721
23734807335
-173077499645
-58269592603
90846151829
-81622248482
-14765090007
-71503577338
27356705221
-166319627361
73613002202
114272037476
88258987684
89012846832
-172372904120
-98475425739
56265218047
-66894259712
47120906330
47350802784
51325357061
37217712713
-57100752423
-57382584953
-26060164642
-87576458185
-152699231415
154233875265
-151568543511
-7961576318
-58322353860
-182430466415
-62539910528
-189602914779
-134878472844
-92359075584
-43196939971
141842100003
71695324025
170310122141
-66301025147
-116638128665
-178300319065
42718386220
43237306416
195335971174
-147300952476
-151300564763
-192147927322
-24557363115
197932336704
-28863809270
46747715322
87406977520
-24095524674
49419774741
161008149164
-121495521448
91656697265
-75352506640
87016015224
97726938628
-204643010190
226057142106
214078028677
125365516086
39746259031
-29900327620
-25440253358
6835141619
-211716094736
20723494672
54469589507
104861129966
-180514960710
-151392887817
-171513814272
-57155789700
134501946371
-87253810671
-94364964533
65796097336
-16914435854
14242824976
-42609628782
-43905077543
65028697474
64401559261
-8287473140
62944022472
48043439504
117419551658
-35068414723
-80943735893
42826068856
-76184513507
57132294419
-76404501494
-105022074593
40995323099
-170683385910
-10281506820
-10327071560
173096751606
-129715063592
87667218132
-32470151556
84103993650
93213773831
-41255223908
-32183147455
-42197793864
-161732644226
19396475120
45194398167
-34684626888
43021880961
102715511760
22484370937
-167012874549
45678687197
-20486301794
42782713042
42351894642
73220657849
-131412886557
39541327259
-99242620723
101811121425
143234925253
-60974616501
-178106275261
146212893177
49172830496
22115334479
-34243086197
31376525329
42666042148
-60345445327
37605933365
-130495759036
-3787149837
130248717598
14787837138
-9064695659
-15217731506
-76005073968
69740485026
-174639934783
194868126738
11269807787
36661666503
5705857012
-57953503934
60362565118
-128382737423
-53898363066
-194957023915
47194570333
-162551108118
-173193493155
31922384399
50737720294
-20732248532
-161955561769
32933447697
-96794809507
91183191107
70990827552
-145853609080
-91618364017
93620748253
93716351567
-214872408990
14699598988
-22680480343
-159107454869
49090077069
-69101463587
38650167303
-144119182233
87603127269
182062907599
-58411192706
96281890514
220509500563
42960110073
-61192313135
109671934553
8714464810
-143401979412
-61106697961
39259827002
-156424369249
-79775001333
102058414981
84759190423
-159216988702
19341031182
115358988626
-5048289125
-69203645008
-26074171727
79850678139
-105018633997
-114474641402
86974305592
-52637498715
-71762805710
184314301437
1120281978
-52363988436
-211909363766
-4939933535
82116427076
27375643761
-131645822491
-78521275998
-176802494162
-121476848735
43551725999
-18840016900
-167024037788
106830367875
39297444103
50740850916
-47404986583
-148553215630
-65151717596
64123159930
63415905266
-76087081506
-179138242469
119141044969
-56592088851
-62481789338
88099714101
96537039846
-46291707380
-2168750562
-13431154854
186403319692
-52662554920
-41654727131
-140486488192
-237742573190
-199802981763
24059002620
39428443049
-144003603687
51905152291
-62568966089
-75386550803
80101513601
207087658412
79726784112
-31336401392
57160475133
-97135361789
32508330098
84712605597
56753969452
-100905153230
25790558983
167142941752
31973871040
42316384697
123799190364
-62191893830
-68485433561
31014935632
-98503674322
77183690007
37743315980
12464039562
14772717835
-177105555853
-140192032061
116448569359
-7464346732
23094410368
-128592293342
95339732808
-156082642740
102387084279
-104149871435
1505810773
44078837613
-181848932814
-176385674360
60325194531
-49133770363
57060749817
-9033839679
-151473022416
13367751497
63728497905
-11385651986
-6693114197
8540541547
89667453522
-69980474955
94320174994
70506718763
19877978769
51889481652
-137329949295
83720124524
-199885839149
46649046184
95136117538
31053445417
101373420591
72361307804
-20655049928
-93271405034
27072365008
-11481989871
-79586252367
-164342949558
25892181187
-62018416524
50927521576
2651518726
-20607909397
-84528261320
-71736093834
-185947470111
73777113866
125009073631
-66003436442
17033481698
64810974141
-219328732923
182474954102
50237610042
4990220198
35845049499
-3138783084
176585199331
114797379824
-23031793253
68526929679
-24951095609
-122321095554
-10329190393
42032556886
41024721442
-44898466006
-123814568991
-90355012351
-83682577441
23159687992
33567680357
-131289105741
-67099416287
108447510765
92962518895
-46099591906
-104707355362
67505458265
-93228352351
381755199
-18777171066
-161022294564
111555210677
104186955893
-74245611721
81570723797
36845971642
-166079576388
112026438675
97105825096
93276775777
15901766692
16115686350
-13755884094
-113292672110
34110330732
33108890776
-198079086754
25338295683
-119075018359
90557277629
55440573963
-230320865776
-58276440573
-60682943440
-3860297202
-209501654860
11021824287
-56304532786
102847062126
107011848069
-235282433598
31287078625
112237539172
23618722398
13263823860
-192558422313
-223061546546
20456563607
-185297292649
188976575194
53621870729
151886770064
-28397485087
31628377961
131872450223
128058672409
78831325659
58848733268
31036905883
7332497663
-87994838836
137288343814
-131940305608
-86939698673
-152572937674
-85672240292
-253599584557
-195800566808
43593822548
47643542268
23563961740
-32108042201
18041151698
48452460845
163017275069
123239727727
-61199654408
94981933069
-88228205177
-88709679183
-101958152591
152707086127
80386533044
77245145117
-18398041223
36609651406
46930584779
24103771148
66154054896
161126013213
88614147325
-80073379759
-152053590782
-39591515437
-125565651330
-175509015701
3848941428
184596725237
117664428137
165204289760
-20735207939
38279503033
43739621311
30313387147
-130187456840
147400576472
-123452668133
119458808261
24374445227
-179718625908
-19649850839
-2252437628
-164942943096
169445746021
198155756787
-146673585461
101282288058
6788591785
141156837817
104226696180
-56909034556
77773093338
-10980723913
-64662805106
26364387771
-182869015419
-44811774560
-78410120875
212781570429
-127973794592
-176212062608
-123051887101
88696909807
-59403990968
-91400175736
-42158388858
-177037341085
-86475770047
-12965060754
101523097584
-15672009140
-10603262033
214952289167
85085979620
68051740147
14823331540
75298021283
-42498353484
-133174621890
87905626965
-171881487856
-52671648309
-30232331167
-72557499662
-65134256143
-56447405170
35888151644
27756518515
-44417060317
88664572217
-51684301273
-102738478380
21253641457
21332955047
-174213698567
-42535945634
115824122445
-177718655967
24055859033
82068757784
17668508346
71834344268
-75912398743
-62163644145
111471712309
-108936541474
-75326931790
67520220813
92047504167
-89252020573
-18195637221
-123961738299
-227685580101
-17037066881
114529744248
-112235249154
122104415920
-176182436166
51486451546
-162669191116
3278249527
101391009705
-168266705962
44939888795
203126290587
51975874456
-155218348521
-139745180587
102323089365
30262505093
71705018802
67350973966
-9528527874
-91923193373
128924017356
-80534841116
20379377955
-68420334821
-41621152921
-11719369631
35207006132
71144038157
-19280626050
10450552499
-77231229394
55227996127
38470385803
-41902876367
134026509748
-55562628440
-65729490706
53006551201
-145296056842
-4399162445
-23208223136
-184640837049
3786150776
-181958963053
-49184323521
103477716721
114280992791
36132394793
-149058319400
19672210880
25527660846
-79212000592
81937844927
-75574563050
163621370088
73887090664
482230051
-215316566147
-100254385226
13402576371
-101561967589
-4708325386
-184476676788
14389099206
133199783282
207989024549
167383177681
-52899757872
47304613833
-117073100733
175489289474
-32811344228
136677929512
49869701165
-125093603332
76447005152
61743316374
30571704692
-33230234613
-172090681019
-26162736494
-232644085021
90835163520
-183535024337
17906677909
-96165570483
91020348814
-80850997481
101968802949
-33675109796
-171225856065
-119813348653
30526119718
-165581068346
26172169112
-30501768503
-174050137879
186403319692
27686603407
-128244213931
-55725634188
-140037800826
130932916859
128415763256
205517196755
-162832382176
-72142415078
133445669862
-84672143727
-183634192976
-40728215325
114389775253
-34760172780
-134109925896
77248304532
94788841794
-141466261281
2137761190
-78809995654
112782750399
33046200732
27852595898
-61894817461
48032233205
184861844731
161444828592
30957555465
62948504987
48224574027
109373029164
180611571272
-64230765951
-113812397526
71802790846
29759345239
56715011657
-76087678731
-67272485487
92661699544
-42203024934
18727817021
-170311831337
90517394450
153173253671
136286875079
43029918685
85063289499
-118766683876
-155151087379
94179888264
23961585989
-98677933241
-155762664952
74686600342
-27155982125
83317911279
-66611154080
-240857522428
4060908153
2127122821
-157871870120
67754815265
-38859790705
44019961703
-82158336129
-275838226553
58533826450
-191310486299
-80845234721
69909884752
-164297892265
-55431155748
-75583213703
181456305331
58158327342
29117562978
-61041972630
14091778891
52115523443
-184454874783
103837053496
-2316104272
-137442924228
92955132958
-127886743219
4516113335
-74269600361
40390808471
75227969955
-18227276971
87203794620
-61394085703
3192192157
-120909987035
-24847899236
61962968700
54308676846
-16258432457
-99769291670
24293876956
-90023763683
40750959268
-70374843605
-39567409499
195571588379
-5949540417
-108563495093
-168087765358
80681061038
53169911345
-49829726617
-125308699081
-81130283454
197204416307
-46309822511
-50581674042
-133206512931
161073759194
-5725591115
35402879443
2650355511
-47870473841
-191436854796
139217444372
-101915385532
16477709798
91229942086
-113865583948
25070636925
-4268968826
-63658825176
205179676005
-236255054290
-28631489417
-215742296909
-94771708994
27251914158
-168551726157
37540313543
-30974665362
-67037335430
100740513434
-132267198415
12097410328
-157160421025
-37977823233
-162450833338
-193649744968
46994134423
144441305089
46137964514
88154253765
78707386552
1333195723
-169471440041
25317886762
-86339906835
16085406341
-54585092373
91770459614
183250792069
23920813008
117365978829
-143304302586
71108036105
-79256871370
6900980074
94190485529
29555543855
-59745237674
-99517255349
164833591300
35818186022
42249869882
113683079935
-179540555425
51430038557
84373265606
7492156333
88400917366
-181147128499
-150068181454
45262389402
15537958954
-89402349599
68004335704
27514214862
-12012088165
-126580633965
191021421549
-73451871451
-95489932850
-15531047360
-47003020363
-2268112065
40686777454
44689433574
-67427506172
-64991846265
-239583069578
186945665547
98785560059
-56253424334
-15411975653
-147272111644
81846560472
-134374358904
-51068062023
98909163971
77132493915
32604927497
214756721133
24512484315
-153955464764
42986315775
72186183073
-188165862857
28707676435
195347347948
-21373094927
84695113365
17577949521
-16985070989
-56666024639
-28951376740
-47022824198
-87381867892
10240222981
-199906797878
-166406774165
66606049797
-7121073572
-89672123480
-81561542853
-50559949630
76457313547
-67733695361
-80360605990
-63641161540
-13377260169
37576436344
-41433417221
48902561587
-143074545726
105120846769
44457587673
-163628789073
-142321464576
67383905677
-111983993558
-64157511647
18989831808
-130084146557
-53653674596
-6235342646
-176867244387
-66325517121
66260416677
-23006677958
-126648475742
-55823706012
-128161786584
-104336080080
49393052060
-39735918819
51040338459
-28199920027
-78571780500
72169464321
31471411348
27254228073
179401628210
119829825655
-15816976253
-195745350573
-75134584514
26073781153
-76685765386
91926810954
-88077797427
68436603824
-23127268937
-107372976538
-26449368029
15324689875
83108465646
-50651230395
133445669862
5146854801
-184708697473
73817804490
-178773400145
-20718592405
-196240212945
180494162818
-106446881791
-85932678565
87818848603
40599703406
-23150514258
153601799562
-71231376360
-104325077682
-21400282030
175279239337
-69983338314
102428973807
-91459277824
49281586625
74918629493
-53513789635
-87403694639
-222834783340
-106002244614
46621002179
68014414925
-113933274755
-16694560257
195741718997
-39301129135
135924146474
127218341178
111234007803
-26150847497
-39199586643
77586151363
90684268872
68198423746
-175862383847
-5593044066
-194996933075
98925629694
18455641515
116532810197
-71081319175
185944016222
43052714453
-169598290001
-154144107034
-186220627277
-6806406950
-87987991922
-153908355728
206932980711
173216117804
-84196642864
-19744652449
-90188008860
-82753669996
97866461733
35619301935
9771134167
-176508414977
-93287618400
-41306034031
-186871107948
-150343049382
-5847025974
-11741440607
-194245316968
-24807520790
-74440927351
101967947655
-28907025848
172752613885
133731943095
99398494955
-2543404408
123246936127
133347029222
-29830688661
-63356718696
126783953265
20468460547
23503671487
-138302308850
-14930736104
-112473271462
-232019079166
-134013280028
-62210447496
11275028007
4138958511
-160342208878
-91372511458
120180653040
74138059235
144358608938
-104001249795
23737669174
-122823098649
77827692276
-31293715746
175683733504
-44655607003
76731604030
-124582102068
-142359292007
24155804084
-38189566651
98945262787
-44114813218
88215376193
-95660951840
-97237360700
21110625178
73732756209
-90485362098
-171838265560
-168057182801
173395280061
-83480022273
204680499429
40406866033
-64925461074
-68199465028
-62415436526
69588894568
-92718421574
-313613686849
44167207189
53207570431
-70101625654
-165836955385
158284087677
-17671204529
136545309665
208621500
-65349442235
85645586381
-182715604147
-43476119543
-65518123849
-63346733023
-82416161931
-76670389133
49831238334
75926423139
133248231339
-89179137422
44597274184
-167129805006
-147754159607
-229103973831
83166406537
-170246529562
-83683803058
78522445193
25374752763
92519286101
-9575299263
-15858472700
-24219136224
199356363015
17010600634
-102286731546
-66125174948
-86622878590
-138516405199
-2983981531
-35694686837
-89956272979
-155288789059
2549933089
34184674844
-137166688224
-49072832348
-131130309107
14304422872
-47964819359
29774351115
-36380764443
61160433977
114870014552
82555516980
107370364165
-13943813395
-109624047368
-85214079872
-9715341499
-161461797884
-40768921081
-182828711636
51507250952
87080745313
-187541508397
87132108474
57197432505
6869750006
108010146440
53442960372
-49796035391
-178044406565
79215449505
171280115719
-1048532927
-172714389375
-48665488895
-108912343373
-122218462651
-129606459653
3905821039
-130465990013
92236863745
45374548736
25988679343
-63969287642
-81487540817
-180486149008
17918897066
53966739348
-169280665487
52428820281
-121051636233
4306889603
18379590036
-947796332
55232469351
-77537785332
94063122483
-156732273999
-54920724122
-95827911947
-115359444387
-102368514660
-150388978426
-219524571809
-196722243830
-144690832958
69172859692
-183348841042
13968848353
129607770404
-15161469416
-107745765748
-116627810274
62751174675
-30867413914
-12171865507
-67315066780
-160730792336
-72724921765
69169591947
44186168655
-3522475443
-182403267135
35678939151
-184202755315
54146941667
46609148808
-166854528279
147127280502
-98276548689
20183188460
-177694532343
-102240621515
36031485523
-56000295752
-42741842459
-3328262158
-218797541875
53694677649
19263379812
36579243943
-60323901465
75483669097
-53540539324
26228936466
89667453522
130820044358
14218208309
-112646936335
-178336499119
-36937699375
168650684353
67828145101
107544352319
-173432997921
-185733506924
-6874600693
-83902093270
89785661743
74620756594
-189282414375
35992622883
-37168070159
-15878716879
211826920715
-193353889761
72167202935
-24057721913
-159461661216
-140656324418
80841880937
-34225021974
46397621560
-73023480292
-56766587176
189017653313
-80065290180
-37082123292
46690870080
70153865863
-14754538154
-93521198016
-77181255851
18333064226
-57674220081
-49634542534
34142010230
-84202026084
86045062541
169394988769
184257180025
-107607530567
-42397150408
76777392486
44454702915
23045588482
-175381340292
-97070733221
-262798457008
-170343058231
-60122566855
-150714721504
-148002495934
46397621560
-88707233712
-115451116671
126130496478
171743827215
-98664888944
7187521213
-186963598035
-38891141181
-176986679119
-164733422695
387757434
37420950732
-23435845753
215793770222
-76807639820
-72432403295
72238646537
-50410161159
82221833119
44688229984
-46735626549
43960410005
-32613689411
90260114645
17994698216
66643401414
3998940925
71523297115
-148128156838
-138636969040
-75752419243
198550434412
-67955820846
-164268805691
-111748710652
-106467688585
60939895719
-176457501770
29419478782
69045036707
-87283197686
-90799734813
-25153289243
-244983695527
-81781723080
19004356146
79323312934
-145614573390
-12298099926
59292137597
43131032946
111129190849
-17671109793
-75615131926
-55405148439
-181174266000
-42134789220
138011668607
25858264418
22367697347
-224159330139
-163411261444
-174885947455
-11625263643
-2602144946
196247198840
-117605431532
154138031586
153709123749
161425961985
159482264894
-147049280772
22904322925
-15720170563
-53119382641
-184200231126
107521421611
7161727640
68505753502
39885176858
-35125357073
-119178749230
-177475283612
-71072429942
37751325162
-54924513340
150002921610
11481626556
200787726047
-53732765196
-91487340151
13797839403
-205767385683
96096313096
-44789113507
111136043746
-183344723425
-177325161525
19759278381
60107140156
-126660315968
-6261544423
-301895144468
18717055207
-46428319934
157069797327
-187169660525
-76065301092
88105316984
213817883473
-18660240955
-80171021963
170886124371
-74836970985
-85362997469
71596217438
110585876398
-87480147610
74460398126
-183823664079
52458005357
-32805294413
-77333050574
80825267237
31857098697
-94263160146
-183172816813
-176750511684
135713003322
93592492848
6065254126
150423941230
-37359464473
104661731928
-72726397932
-144124719161
217800419429
-146276330170
-73560176986
-119068636279
-161367789709
-173136531510
110229029776
-180836160713
-92215124862
-54539310307
-63200322030
8226384739
-77241321117
-19077231937
164433180565
-115044642689
81069709117
18836357934
-176968441800
30012238082
-145171712574
-114228970036
8651272266
-91429900037
-74601980866
-75466497495
-70235859053
-192367986952
-5212535284
-127503711394
-211755608784
-37567927926
118142344820
15636855727
-100036727350
38436849824
92040723360
40885863746
91314547523
-162401078907
-97855322312
59374738231
202529458225
-89862697192
-18857167462
23802171821
-69078414795
-82159701427
-51104049215
124774490884
63156907105
43377445736
-48546092816
214792568134
53587218950
-18060358824
84076907570
-261137518742
43800343094
-156146339899
71806497851
123451405716
-75826565220
98828290385
-159417318436
-18705919790
-175722680508
-80079245976
-184020526981
83504361885
-108309506889
-86444768691
-96611920612
69545934638
-83396326154
38328660143
21115570008
-54754871074
214763138731
41591288023
-25611399465
56700825498
-14640337078
-158036443570
-178519735989
-185447192086
47309223947
57662056621
27024558374
162547954746
-24490528169
173299782585
44902977663
-97942344930
-84785063142
153289367422
-152547160294
-99462661878
128515847189
-67823008068
-211753642251
-163167552884
91624886220
-106237362484
39934438701
6315018753
-110631697823
-99863403067
16622161033
-188145843665
-107433715935
66763602134
97419060256
-16519591167
60565606216
-163449585940
-233613210987
-60170867610
-48650054508
-72325855426
-24422588799
131767031712
57163924648
-42340714531
-126683058164
89425451129
69399409262
84395258703
87560536012
-42956563893
-140873380638
-80495271144
113445590805
-12762603977
94463134177
122755491868
80461228048
51551701067
-21623641618
-52419177255
-227229585895
165597034628
-81650029643
-105346434377
-63770115315
131109590950
-67182977631
-8903844305
139005658666
-65174103502
102139113641
-137520350422
21686193195
-605844407
33892408742
98872864887
101619730428
143936910210
-113578591036
-25898251738
47824411205
-23965452309
-167661907287
80296534522
-127316019296
-68036583416
-72593688201
21228731808
93628690550
-67408844674
-1869792825
154295566723
-8073024639
85216099674
-146271321162
-155197241835
-178351484028
-59309166824
-145541901512
93395955560
76141291962
-133370905105
-119936133219
91632248232
157423124173
35129834929
-117544921101
-169279251576
-162699606965
-88758698351
109778782419
85112689843
-160351887888
160406633789
126087334442
143677958085
-164628536905
-57332461725
198812366476
-202796031428
-3052542812
34366599344
-114370028605
40970807378
48044791030
-39861079366
136124124519
-54021301190
-58931286858
102825019416
80997388482
114490044284
-29040575393
4400561075
-40753177538
109085213385
23768053029
-180882726608
-1365274890
-197969374496
82718438229
-228885297695
-35466603965
-203184940740
-8594619346
-23131153986
-14737866177
32917050079
26259395602
214789451813
205627343047
103073254523
115887254792
53129578570
65773071685
53973731477
87613878888
83804247097
-35755253420
-23755667171
-52523586278
25254519326
-148721230052
108307419415
36740475417
55681304018
69682574936
103354502467
-178454644847
64598913248
-30633286537
-95367546683
-88324434909
38015293483
135281015012
180459241775
-151416778248
-65329567428
-92736083469
57967841573
24032944464
41280890327
45100321576
2631905316
-95961752359
48122520643
-83718194988
51615881260
-53241229489
-52211716347
41298831238
-5085123671
-185574737077
204671437012
73326909905
-132231539414
-103966013465
-309349772282
-150661596562
-40034851001
156554165592
-170514266093
-99729635231
-145802732293
-40454952610
-84733689499
68282542063
-219759464490
26884078989
9695563394
-72240492150
81884744922
82348130952
77901305479
-70156783315
-185078878717
33728709847
-16927666834
-53830731578
-54170304142
70400360728
-86103193705
2589832121
-185164186410
80134803773
-47310237350
-15701262551
137852597434
195226962310
39694091661
-58013837296
76814724198
-47208626992
48057752591
43632770150
-115084182022
-105804597841
160717648192
-53180726425
9046435073
-114817163251
-87855849939
3466658122
12664972871
-93454578241
20001424904
85356841225
188846523690
40121952292
95691116805
47048834003
-125613907462
-54631296136
48512634723
-143271603458
31135609096
-166840399564
4766870183
-87589830201
100791640493
21718994033
94041548490
-63965361687
-193561300490
40346186807
21629247222
46101730982
3095088652
34692947456
-177253202684
28960379018
39642191141
55290146726
-168282262907
37859309262
-197982208705
-86732104494
-242617480721
36047313687
25532565514
-76536295379
-49881696449
-105428355213
-111636665090
-23552711039
116347136260
58366303838
193206622961
-7347867974
-125556619887
779668023
-106233337091
186227344491
133419042404
31441132973
-7762601565
195568755524
13738539669
63447666059
-136751059492
-104333932058
42154855166
-87174954544
-104605900910
22202943634
26485350492
-92448142593
15743445340
-210984915103
41802483501
-95120359503
-235453122651
29896905257
-28362666571
114424917563
-89430281428
-154636765492
57451355818
-38886634193
-70645483377
-123963474149
-163169550032
18625030671
77324837051
17512793721
-155724790744
-83201396957
96590035300
-17747410000
-85649553283
-69343425592
-113658766845
-108411513618
154994648144
-3816719393
119395810728
80329384179
97128675472
56528554597
-120686619943
-65472290441
-57837743883
138922973860
88359917766
-39885115003
-173132122693
-59908507350
-60959079510
-28866212735
5224243987
-133814909313
93228043434
-207193467197
-89205790745
-165937307755
-67601729647
41140426998
-177637426380
88076648272
-160717957365
102173531859
46835333942
21510973977
-92487571317
-87337559424
-117082236285
43854926990
93847515000
-88466330891
60438280338
-194238249581
-70894456905
-87423389893
92355957643
19280607626
80083064029
9445839070
84704674449
31222045250
-111651253235
-93780988253
-179195298822
5524274827
-138256502918
49538372913
-14136191565
39961891751
-141883118342
-102830039073
-165157523437
29447131677
27109874800
-100880642014
20745593428
15401625807
17613852463
129180964433
184748601448
109108133480
-90491835393
119066537033
52598679969
77129768893
-191088899687
71257214833
-142170994308
-161250531242
-93219395058
36969995705
-111803362086
-48545847012
-93716031613
-56817098991
57805734889
45275228982
-108271915953
48597329296
-38609281606
42597365604
-34665583167
44125560719
48570414654
-20226721342
31367384430
122935438992
52903668403
-194070889005
-16658110325
-24583317587
-38055732416
35214685870
53590365139
53146929151
-134365028594
126174970869
-61293433633
-53863636713
-69738127495
-169938432527
66284521668
-49036399365
76394038807
-53766082082
-191945618992
-164474424363
99272297635
-48143124318
109420304407
60069257282
-62884022689
40338887148
39134891702
47560958436
-72169930445
43007296577
-129679788514
82373394873
-184627108913
-4297963410
47845988982
33860880739
-54155639809
-106724896882
52893484827
-198605609457
133604121737
45451868500
-165989736104
-178706559418
10496000916
39598419975
-21175028509
180884078560
22489936212
33299109204
-18258930854
45164663503
78270996310
50671518579
-159773927850
75659706580
106860469898
210782921934
129872473727
182285853348
-163593762645
75796916243
31983178054
-119639051051
-238733314774
-71573481550
-145759170562
-6271914516
-155507636007
-64851594838
142990636807
-57354389516
-74164388463
84516740802
-46005964488
-196606458470
-113711410438
84790267603
91001494634
-172938947062
-20404073311
-196840128727
107420430910
-42906316531
-145080972662
47542863624
-19412500057
-63090349445
-19247474048
78108954618
-16407935477
-91142605728
65652086940
136501427035
-48790506513
4185629728
11814061493
82537540084
191526318623
-157153752637
-84425952579
3375489834
-161085082105
25820053632
16579503192
-4478477229
-88978735030
46292127488
-70156346327
190779548636
-177063667732
175501163867
43025502072
76567004275
-73982238277
59624520657
-114466363470
-146544979492
-143111877474
135271915824
-194443309416
-202798861086
-68860067251
-163993084691
-156650515050
-220863851679
136401984500
-137960751118
-82738680019
30000609517
32774190077
-61109612468
-186229757055
-42018244333
40797994426
-76721871205
-55676757687
-119208499742
-41950098981
55614374924
-206295456211
-63625728275
106690648253
187481886247
-137835868888
-37942760909
-20567919685
113185054383
-123422074781
-187658752026
66175106774
1393996015
16387296606
-24809786136
-45002007076
-154432159142
-64179839677
75470004496
-142194576068
215557305668
-4227922149
-88563844153
484065280
-82875927371
-151901338147
-3507628621
-135862493813
24341486048
-65958011261
8836602262
128325944231
101519290589
-105439116249
-184698712913
12008025731
85553033098
-253949715653
-81814406691
-152040178583
-70394807588
79002109522
45986053691
-54626248582
164877981115
162813716517
-120840476623
-43411617862
-164674239598
-107991715371
79957445936
87308530662
-112590757958
-108752401726
-140933990703
-58722102284
101780715889
21599792930
-19151691741
70142120699
-17435465307
-7759288196
202675195310
43727412969
-32572595841
50226861806
-39658528639
164886702148
31123426417
87311467197
-82903670882
-81349198074
88393838581
-174210212450
45498785520
-133888445146
-127375971447
84926949063
-166756250989
115453253569
74272862370
-6420521563
-207171654060
-113837640959
-183689353632
55800185457
-81359043922
19654822765
102479083382
21720029652
-64535436553
47874078013
-53141046126
-66489980741
24608360193
-51501711520
94726604104
105685972601
-94960067913
9163271417
78550262333
-162224031723
-140995000291
-52061493366
130411377166
-111560009929
-196819787606
94637966153
-155702622834
8997265698
-175345243794
-32692952631
-163451336338
43896053669
76030375877
-85675065498
38178047670
-89447282001
4063028976
-178329787705
93893925066
-124616091592
9113677812
170025169839
137717321441
-5200096227
-204564439287
36608065777
47398566167
-17747788283
80613050880
66633080299
-5197558579
-43065512149
96997832333
66617201630
-72413291240
78129964704
-158501422668
108818219922
86671630853
219137740805
-140264021845
-17628089103
65234386345
-192651010041
-42190233985
98555301927
134913635999
-130982943607
-63789046420
-128355892600
69324134399
-21511099898
-255306633910
-17090374483
-4357058576
-218702773763
76073440645
-91538032161
25433636297
186938355434
67922440979
11785382246
44034720447
-82237008303
-104569146145
-20897692168
-27304373643
190476672026
78620143490
201526240024
129141056050
-79693862855
-108052927121
-1907585993
-11123100816
94409062027
-75976830153
-161128689001
39243777039
-158315480140
-146738557346
-45118340626
102600143360
22752447091
-143297653996
-177583897199
157369450523
-58591119591
-85410362217
-7742892155
-29770833173
122496789389
-53006233279
-190276353324
-82130251201
52778362703
-55189390638
-81807115331
-81701861222
-58716014555
24324141264
-15897058013
-145681171850
24994734119
95147633424
11217271215
60856301175
6736536832
-66465844950
-6800940233
-217831556867
93318278980
66893714796
151564559028
-45903418167
29855246106
-101486477003
58374879895
-15122947251
-95301999848
184856419327
-105745245282
35149749034
24625924830
42625085204
-101654814446
-28583575717
147754430787
15377644870
210238128816
67812061935
-49206396676
183832590321
-126119211949
19854487183
-11890783707
86758655869
-211242652895
-67838072130
-14696318429
23389339539
-144259260124
78011859242
13078871321
45550925030
-33190727376
-57495269071
-88708738050
-138485098182
155593875529
-20388612371
69284557854
-2863054339
67384919316
58589970462
3754838542
19595452982
65786033016
92100117979
80619175929
-73669830765
26271520217
107141343875
209404416633
143565792196
-156261207934
-52673983579
105585721169
95390935553
86150432924
7644169582
46860131992
13257959282
-146243338745
44477444387
-122497004180
-65436654415
-198152716043
41549880034
9704078476
98623473640
114932078770
114392574063
-43381460216
61859954748
66989342614
-76557511490
69867653879
-48014179225
92925288027
-77118221313
-68335200339
69266679039
196748892744
-120483995264
13148274579
-61904131642
153323521835
-38229635160
-79454866988
106417487404
184952423283
-14478092748
81845637359
98840315434
172732037026
35744628156
54837952817
52006050490
-59225714894
-32756651698
92342794236
-153419721350
-42624338486
-159849584477
-23237864945
-146419019853
-15103093732
-27019091518
-78416387990
-13696632161
57680022280
126684463704
-177404427770
-192401348687
64570505772
-54414875248
-89765821282
-162929691163
-110502348203
47485492162
-28211893576
75451593137
-107138763156
47365228627
97232770078
-7368144346
130995600296
-56637543595
-166357178569
-113584891121
-171290898663
4812793035
-59526364456
40941424719
-133315886720
-69052333788
79441400747
-10996775819
74911829913
79108065123
57810489241
55941956147
-84452918383
45721613730
-19222828686
-51435179308
-54811161191
57089988535
12242171
-66981372285
74793039086
151312636501
-102633860561
90780548731
-50523647998
-104509084236
-137611974658
-64360499201
-175956175775
46731967493
-131622813208
196308286094
138166686546
-151655140916
-151855845399
-164772509572
125385897463
116987407143
-128194243496
-193356326055
85429575576
-123059619954
-127055222332
16558716305
95489274398
-113744026163
-138848533810
-89741902211
42222552298
2656110818
-174309357214
-190324297200
82942983607
110983028894
50495011112
-131296846260
-67835259224
32011376186
-47282345692
-92918765873
143684709190
133512165479
58955646753
5006210021
29833155400
-128537416128
-161782539416
33155679026
-95722206578
-11884882077
94864894757
-202170527695
7921196630
-16749755894
110011719475
-44534917381
36367304877
-45557534455
-79028603001
153788401051
-124167371327
56223682122
-206827766136
-1211667317
-153448885530
8588776860
-144787203929
-68965693522
117247977291
-147377709334
-149289762176
-24357839135
-81799936712
-109256320808
-168148946039
-30935125986
85140949036
44123818263
-94365732887
-71265831020
40518766112
-61409141470
63691456712
-140932019040
53854291936
-33334280333
42483694822
-201718472369
-42787782535
64544736307
-104552430977
89057164353
-6756156646
-98825662321
141303110251
-257073243372
-195422204705
-87257937565
53371594112
-99233701219
-43378780303
81372687679
183897061273
-84005993969
-189467463609
-100150312278
49435533738
-53040199494
44606321391
80433427955
-83238926841
138281124449
164065967131
67655395708
30066079150
70465970193
86540002880
-21661031322
-84643496356
24301687171
20301121231
-81446503965
23872515643
97443027909
-19667514803
-260672148949
-63008961320
-156241176170
-84678455315
37169394051
-53773334537
-15664555080
91987349637
-128377291657
-268237798049
21087037987
-172852759218
-120202606438
-43401102919
205780467576
113190311339
24337009935
48594997994
-85243372521
88734527537
-4257463543
-66273065667
170448393988
94182393442
80155861513
8939659774
215231167571
-127594483746
-25265594445
5863393145
110752678402
31991145331
-61274226856
176378394445
-85055583492
22080175260
75774013687
-176871875808
84710831613
170015291876
41019795916
-97561123892
194786699401
147621479189
-120696486437
-31497448987
-79641218072
4029755405
-109632812328
-64226348686
44329805857
-137696935444
-161319200327
-68845828474
-88916881511
78431558735
-95384258800
-18751392329
75612445545
10154480560
52331664675
69792881348
87576074919
-96630516191
30788996199
-153096385637
75090410772
50630603166
12030375926
-35790942940
105343062757
67172296649
40065996586
57918661527
-33050884586
7562743846
-32569839484
-156078769234
225464206584
-57856793161
-17391250418
-6543430029
147487104530
96507158961
-91564797677
71210752040
-145653622854
-163820549162
109566640949
70924763886
56561845842
-191634044628
127054762898
-164649658386
54750684406
-44390037689
-80122312346
126198257339
67624045285
-43840812582
50294665410
178364242070
28837526515
-129229772261
-36879195923
-8779387107
-42400003619
137744277895
-225172186186
82571236273
-180167590507
-25945713568
93073180112
82462881809
87491661647
2532421105
102546597981
42554442808
32929403934
91386538649
119234968311
-59022405382
64579123054
104780333478
-25566469749
72145129643
-133957718311
-62721017829
-154565370964
-141629047545
-169196466237
-173606875283
148717635230
59857784962
-54219149771
-79305560328
-36592910912
-54468331387
56766703937
-76886781370
-197330896756
18568062774
22565967931
48793760582
79374934567
-35630870693
126290822313
24831879918
-75841048797
43257515269
-15590896552
13664274633
-199600930682
12178364173
153593681061
72029249518
-172921204973
81826601850
69028420047
-59819026137
9706632921
88293645289
-75237720277
-63901793075
26110159336
-63396771659
-161633366228
-49352056022
16487545952
146366762146
-59306506117
26152932
-119993269666
112177246228
96086677455
-82684939943
-206169839300
-70338082378
-39436455811
92205764013
16477631664
53291979917
43035485011
131028415422
7046873645
185728832503
1483605997
-77039252523
171810883683
76868081788
7586177268
-72382186294
96779446069
-117820548570
186400214732
93526991868
36693040773
45456403095
-38204553932
-176017921657
-173835468630
40833629953
41695864590
31318983164
115454033636
-72365892307
-60922224910
-79880545948
119124489264
-128379405699
76659848662
-27847856808
-116123723537
-177135646556
-58023509030
-208141839128
-67837231383
55416285441
96356213752
-247478707596
96936750786
-13749700403
-60193776649
10426738499
-44568241182
-90596808582
-51943559254
72084651527
-81932585794
-184755273726
167235269545
193954989986
136569987283
-107065604168
-31097418227
-32476866385
-49147477736
-96339700441
57526654008
-104990495467
-95198968907
38243967362
-84243485288
198275121452
51026187960
-63734173566
20073123945
-58830477984
82770412304
-188568074990
-8820312352
-159743464973
-61243632840
69084265012
75461296233
88535853796
7958595959
69304569086
149320445421
-151143758676
-36843278789
-67876240487
171064960082
87260941703
-55692542842
-92918820617
86785157995
-69649339216
124416775265
6255145658
-82101041863
31253806421
-103091216041
93360999947
170928651651
19258507760
-83277397477
59620163043
39014705382
43858278685
-45247198651
-58844585358
-175854073069
-15496785041
23383386435
90160629287
-30325835584
-230634318862
-57180889470
35006563874
19600229126
139731552382
-134831861587
-161698621366
102411731820
-103217183246
102546143064
42344360148
139553458018
-166154058889
79944361964
44705738796
54575787574
107341464970
-163382229734
33955364062
-112954015007
80377151736
41937296578
-73352721355
123566894395
-87977330028
-43396110968
-68010664618
90486718987
86260427483
-50121851204
101397152307
-15357065299
-54747192958
-164940370424
113659674756
202253631282
146976787721
-51588916423
65119907454
2983388203
-202913487594
-161378056506
-84117196299
-50554735069
175941603923
71268263952
8074263706
82525603879
192412743463
-58191025820
76076797062
117234659684
80879254502
123402461484
36810911860
68028707595
49573550035
108986568953
-53951160629
-53566279246
-249211132834
-42604390624
30109134387
-11470149057
12427787941
-125007822703
116727180111
18524076393
62401043103
15515939394
-86473673500
66545584690
50136879770
77623547460
86868630179
-5696676679
-98191575379
83011404039
34795082850
-123699204099
72833494017
106186967162
-38464075552
-85682546016
97031514103
98642609388
-68598386801
28777809911
48597329296
-8062350734
161987248947
-158441939477
-58521834983
24453627672
46070131557
175980440010
191469851410
42980544105
105442637440
-177898764915
-138697816516
9860111418
-118282591409
38151153952
168318389859
-186572551823
33401295129
86079541850
32507231770
214492293628
20597998783
2532421105
23215641549
-125344458383
-71921770816
-65842807264
120658345449
139707544724
-152335142120
86101780070
-78168836668
6637029976
-163354697298
78039090723
119045594854
73027482248
-165590246377
-89925695111
47056539096
97351743860
47349166598
142307824704
87074038796
171628695381
-61580328676
144788425515
20746247232
-28330743576
-4691856972
218613930824
96229261788
94729115215
-13035547059
145268595560
-48279990190
47402722464
-62739996838
74222492308
-51986560072
85999738229
74146295291
72135579500
-154734740405
57741719573
146087254408
-203203538784
-104796925946
47821989167
-23821953238
-73054218630
-298973030
91309487843
-87305264567
130884955829
-6481333759
-43318614797
-184668252799
84208962046
-60203108049
-40751312855
-148525220021
81139425351
-54099838483
-2104254660
-14641448238
78801355678
-82003445266
-80057713444
116221147027
58566991946
101817694456
14168165770
-79570746434
128564542935
73884342832
37054267716
82053037178
192421915400
-31494439132
89483077622
110578872071
-42547944545
163536409882
36554799907
-5379987509
-140106972603
-118088962002
-175535029232
34949959659
31185017298
17128716652
115235704889
-175346407001
