9960961793
9615309687
15301020623
11131883069
18279244951
22205344789
20163015077
16100629543
6727986342
4822974154
17831460459
5886364082
22312941909
5794439107
13294068718
6331141786
8730240725
7497120490
920432539
7639769889
23219827209
5734138121
18266362537
4668164100
16920268060
22335306582
9111211006
5509679257
17625361027
1884951515
17607198071
9735618381
9152947475
7272654634
6306846440
20538147829
3353927022
9257001709
6361699723
15799496433
17745419364
18474487416
3541132064
6882426747
1576284045
12300375171
12116969934
15330255777
5945712763
18836840254
10412461357
17689839344
10395097913
7552089728
3995704948
9766018374
6136887701
17677700485
1220491866
13191325515
12003825457
19404850486
23365074299
3514646921
4926002711
19429121963
17707241852
17656380485
13297341906
21920443401
11532237474
13712411677
10360902597
13798033269
2391995248
13706316170
3804465775
9303193704
12719149273
10180004797
17562382744
9047058308
2407865767
11098059109
2429000169
21975974566
1397379227
7647381947
15382384196
9661281202
12622330420
8206815428
208026779
18991265040
7869255809
20195233459
13502447758
21308891794
13737607286
18276326562
3532749031
2222139572
7566256404
5160224990
11003117858
12463234227
12456039274
12045010702
7460576446
1573053903
18638692447
16370146947
8477159856
9113218393
10274766894
9077215251
5554947662
13284392712
8275953400
11993191278
3841804954
2029190422
12665250360
17654731359
18941758156
22412109551
24305723276
2198523948
4827044002
4443497334
19879782694
22517040682
7992965755
1031973690
7636775544
107647958
1987326662
4598774931
8919190179
18950280924
15939888093
16931401187
15015403227
1839668716
14235926284
9327425627
6471556220
11919713896
6956786127
10699957847
12453190021
2067158930
19540681054
12265548006
74873832
5744353212
17275486568
6421992450
3187713552
14577335276
2172611419
3668237325
2374822515
14865131092
5755910977
4927812386
12435494021
5527802073
22062203199
937918444
9781057808
6441093223
16444187333
17939842606
1656985336
13677577273
15411611141
7588311574
8992581967
10635216287
19550912602
13347171640
16351032619
23885762474
3065572820
3568973703
6338576018
716116218
15079570857
11903955338
2667226503
3634122307
18477126578
21809889915
9406115084
3367062501
11277847350
7008814850
18764693188
2418356138
12035187535
3443556110
6424297560
22048609730
16076436146
17150363163
14644384517
18264697479
3576587591
19966417818
14872958330
7699883631
11019326466
16846136818
14475314883
15757200761
13091388048
22122103799
23917584939
4007308668
356326168
2126370549
12859154000
9424520710
9596119088
4284918022
21860455485
7162208776
21763242979
10689300536
14509054782
17055903398
5880648464
5040103824
18369757505
12182866035
8775911858
15787185461
4100860524
9854191955
5517195108
12381871198
19815223402
10324224201
19443317453
13553642867
2589554135
4986951813
9216391740
17626530902
18337146524
5530270854
8298236628
10438897862
17450859552
3330861133
22038907357
14675335059
5997891132
2274427998
2707692721
21048388525
4216603040
6458076105
14397436097
4729157546
17441848506
9756780221
3959935580
961619751
10592371516
10228096174
3163273311
15071208776
19760412063
7328241957
15397749825
21314978231
14634598374
7356621032
15370599990
16417313310
2088301364
4667411787
4593646843
14687640086
17008778567
8850207234
6620303153
2343199195
12124084872
8946679927
5296104955
5396985546
3750333367
14988155645
4736957582
2516612927
18250192873
2928724614
7575096671
1548074325
11250611930
15408523388
4291095668
20856979767
14035101051
11698268673
3148639646
15391091999
1451154909
4422202273
10350230290
6011427616
8129482157
11322551934
19709052967
1856593293
11612801989
2208938352
8775254158
12263497137
14331356538
319959460
8435671305
14742654924
833629771
18732140364
19048135751
9099316320
2835674774
18902945651
275816078
22243109411
6049701810
18168474526
19547764061
12327299948
9160506034
16560343699
6714359597
2680618383
1883455950
11786198098
15481283380
9736054255
15959187979
10052407245
21291077681
11040181790
18506125636
9728724976
2282762462
7879138123
23392141909
8205781657
8011204481
9837181880
7665629587
17441137908
12366619664
15329298053
10436692935
4987899711
1036557345
16144181911
19709122246
17732892185
3889580312
15246617593
6068838083
18632413780
4359556899
17120377996
662382832
10615877695
994825761
8083885360
5700321799
1783753371
21514989819
5756311147
13585449030
22232242457
16851607084
4854173698
11018968463
2191594675
2083585556
1616984842
7213604722
17294458156
2367997342
9018366215
17290593811
3246633347
19044114277
8337694461
3872130864
14847916613
12604983816
6549591813
4546271712
17697538664
5288125607
8059803550
18393953846
1226124232
8794803452
24478390507
11970639268
14266489966
11597493001
1078561426
9300259368
4799317115
11836490122
13733333812
7409741675
11203999975
10376348654
1118836725
19516548394
16440726987
2701558935
12639959232
21593054204
9635041289
5454659819
4190347581
1939784218
660387854
7105599118
2008995969
21057524687
17213449144
3074255644
3475317925
8214157378
12152943010
15266156580
3919755486
5618760666
7944047894
18205435893
1801912225
14175333165
15054526605
7869731806
16222295277
5084533965
12760219396
22329429711
6074909607
23443925709
6451929491
5484095346
6164546115
4726198674
18956282213
304016417
5902114788
7401512151
6473505008
18792911470
18228445650
12997150654
7287547787
8055310800
10614277894
16574587087
5162525809
11546218449
11774558260
11880950801
7457620244
11824562480
17273751603
1954037844
965212221
9873346940
11840902703
14498869126
20555264430
17905647415
6578228615
16693104249
19008774661
8364942503
16625509994
7785139523
10682439619
21411418904
20580910187
16102522317
15504325181
8684060495
13879789431
7323293462
18525079096
20591581631
12848746383
511569975
13564798073
11332196551
8688360444
21080628898
2262015947
18400530314
10504682418
1761470457
2054378776
21585396597
18337186791
21625707157
1416400659
17219308089
8053901199
6948343574
9017866675
17011900707
3079279395
24160375249
3332736383
6090636885
2701947365
6747200582
7663104981
5594072840
16002321428
13631186689
8472706486
19080304019
23857894935
7433741979
9651044241
14035291443
11567520337
4871083913
12164523408
16426544118
4209306935
22629778173
9308434396
13400399031
18544628108
17601156096
17398124134
23154665856
8943512176
20131470855
21949508563
17641091048
17612939115
9950078681
20896675213
7784138006
17112362636
10477522387
4587623530
6501935462
6537403121
20262111733
12711831787
11056243262
8562541792
14062519831
4545390907
13463428432
8198478866
19344265814
2580945182
677626629
12107767073
23630832916
480500388
10831503517
17959841397
4518758672
4262894992
6159786846
2667226503
4843413550
2333942218
6700746630
22651149318
17803279080
16997334187
7853539587
828005481
572851976
15989674210
17544683247
10926401534
16397624259
15261061426
4778617069
436663170
14337011049
4448411764
12394935891
2948196285
3617718350
15158353027
8098845821
3350395824
15332411383
7772623109
3798108653
7789528283
7622097509
17261613126
17628892403
13217658225
18129488847
7430396128
14534670364
2175646421
17792634469
10377868376
17806567218
12652612435
8983538740
12288061103
20754455334
9247055401
10311611869
6391358401
18887847674
6733242731
6296787133
3048921351
4331035007
15865241993
18029033189
18988955600
1702878527
3649722550
21419604396
20129370452
18556218536
15879734433
15474990577
8023214139
12736156447
5451225058
15261188037
4138857096
8458771716
23309099415
13176014508
10152188435
13300692536
8280531144
12896111976
2847808770
18561387603
13327653369
7617984432
9878440338
20000190099
15268104502
20759161955
5032636114
10223765031
7648420340
2209970853
6778093882
13886362807
3926119582
9699359570
9210631324
1304154217
16513641966
396249218
15526301940
21342634370
11742186636
20050962283
8445032658
2839284701
8494390131
5728269086
4922686513
12352470380
20377599800
18244259476
14033978174
15233024838
396802517
10716076210
13747282483
101884551
12215509072
17223479841
17990999899
14322564537
361049302
4328840844
2305866042
6529296386
15015967865
12210349383
5984366950
19953625498
23858905378
11148466483
3172819156
13454732248
13533021742
12325712393
24002027528
16035708197
9345544131
16909599545
10827588916
6824944770
12795731411
17183324120
6015061602
4271263625
15907222623
7568483196
4974111344
7117237130
23914801511
9774113791
2172853607
1428242248
11877087434
8544310759
7678784043
8750302328
12559919177
21453130214
16390181133
13500204123
1395459814
2644537229
17470435028
23589703294
11438212197
7228232490
12937718349
5561538429
18914339262
5463980587
20056695984
3959120864
10299410049
9327013237
3733315049
15785825816
2158387825
4771685884
12759222072
11812391253
16234590356
307543329
15449891426
23355469373
17164350664
11164124066
15537284708
11748981978
381793538
17577146272
191288556
7787216770
18154327457
15833461194
9447401386
3000522366
10387861843
10806215417
17522525375
885145225
5651883211
5806105501
1733924009
18518989358
21163905511
6434566071
24228957675
8931740540
13348276413
14704525841
10800201999
4203989004
19864620997
21597312555
220419750
18781376764
3509543829
8479146375
4807416336
17760133973
4097545266
13553774556
8627624600
762257438
21144284380
15775943212
5254867276
677186126
4462138035
19524419937
8474419047
16352602159
9096088795
10214233433
19117618861
13440756829
13085076549
16409168783
2882604359
22303593489
7491641809
302460914
17571203719
3102453400
14519733755
17606072361
3502411488
19319847
4594869475
4678540791
6559850781
14937924586
12567528296
4640322015
3714594835
1189669198
487736977
8939836623
2655490376
9004328919
4009214931
15482823872
5791277014
17548154471
13874385422
22265329935
2409544701
2867941451
14594629243
2525573860
16924139184
9544230700
19794015204
2277960632
10977562201
21412681387
22451603344
7346194592
6393601135
13343445664
10337411008
13097710340
1567106098
13234931012
15649177985
3082789035
23662730790
3941290479
19318304473
12845832096
15977666446
8328852745
8645876316
17143231013
266297929
1599076759
2302046103
4389217073
10545673544
4123753570
4240659518
13862313215
17227698101
10170084157
10846662661
20751772899
13413562877
22366118132
10675093619
917487928
20235462209
17704433612
12705975010
3618782473
14865505819
11430226428
16994084260
4782639638
20451142541
5440119404
14586853458
3460451296
2073090849
20620702796
10069386362
6454342538
17866574734
12905468445
9146100403
9370290494
9597208213
10393855696
6605689787
13315296168
8724364191
10439611868
11653428991
811474396
252524676
21236989664
8278327370
13324434170
6992832840
5536226837
2189096863
21313130569
3270413918
14553136827
12391898495
3588443723
9385668265
1158393929
1939118514
23442605726
1779617156
7817013044
8774712003
15915657664
4698163944
17701072913
13779325464
16886609448
6729707884
18902512488
14388303965
20245031796
3862465697
1250215513
11011150302
1423186504
524646
7775936973
21337925863
13250707258
5966060385
10084008367
11900788834
20336778207
1523185295
7618762922
14431714230
18592661957
18234666120
1444503968
5154848734
16214896025
22182228112
16625509994
13442784609
14834343136
2054538291
19591674768
9343787578
3078585840
19550755505
19179259972
22260508622
2642084115
19337467100
17663654686
4084717500
3540631293
4949152601
19790198860
5698485485
15739089326
8350771364
18369846445
2039135397
14535220913
10223765031
102606510
13646898168
5541375046
8868607239
2212247853
5740299319
2577410006
4076193151
12036635798
19414826800
3166537917
5080743496
13488115259
16660530770
10168886634
3260471942
7054987946
4193100639
19174790034
8870882736
11644456850
11647182232
10864998955
14363941055
23343305443
4034097268
15102672596
23144955759
15039595617
15426746979
10902448692
1753085218
22349544266
16687901970
4100934631
2988340918
3485297014
4030663048
17196049431
278431694
13053817381
9579210837
11168815749
13252167943
17178758321
15069888788
20377977297
17932454295
2961816657
3469060907
12158847972
17261477280
8681063386
6152328603
3880035926
16481280682
13377684355
18653429541
12753922740
1886880655
3473056115
13091080311
2727730497
5362669791
15865839364
8679949344
13537821990
1325126021
806797648
13957050700
20262925465
13339047535
11975962614
8249225963
13172267776
14875000061
6673529051
11889918485
1532000355
6021218006
8558119492
17583247835
14210129833
14290457539
12338054414
9527418294
21399360460
23217349834
14338706875
4367403898
4342931367
6740871362
12131656364
10910076482
6542815051
14235517415
7771222390
18476083661
12683890473
8830884595
4662111425
2245575912
11494334423
13875667305
17660442072
15575741000
1257413668
9442833280
4072488349
12160699243
15152998518
15867563166
14807009111
16462916946
5619644726
18725024912
21693241770
4500873773
21847724439
14240491112
18134991000
8329911155
20472122146
8568960309
7180500847
20608553869
4910009510
10162920040
13251651780
8258685600
7416411657
10664549459
23956881214
16279746042
12201849502
5902237212
1264188603
23712234325
10348368800
12736952051
2200064366
17341315559
18165426409
9259169880
16692908089
15582217196
10589489625
674901091
17384368784
35287075
14243155825
4789732861
6467957757
11484090904
14564264133
15885114554
23200636638
5783729307
2971246896
21969044018
25484144
16680760698
18960986500
17029397598
13209623486
8833404858
20697661492
11343128696
5341783879
1831765892
10900505832
9860679390
6492510838
1019698272
18434596335
15105457360
13798216028
7427956408
11328147679
3558308026
11839720108
17072085857
17380232507
22192933814
13471412442
17756426292
5922619942
2659076498
19181831002
12068283746
16263021448
11649230207
4140385244
20593523258
13334887057
1847094044
7063970284
4953421781
10900235493
7056639933
5593566345
21478482357
4661005989
15870927267
20149675347
4818298799
15908014672
19611376965
2157501795
2512008290
10398047077
12754559907
5929930661
9994669386
6398760312
22339223424
917649705
10571795933
22525181397
1859553353
2635391273
8674696512
11485408413
8173361364
4483501354
15354790457
8870651266
19998307737
8049989771
16415684061
2315087678
19747439141
1595082418
9646771328
18599271093
11456225011
8542675129
17793107092
3868344953
20049526544
13788194745
16307744320
2779766503
13951327656
7160637128
13610863694
16963854860
15827269862
20540176550
5621811776
15648916456
1762657081
17100576967
13760599159
5145520316
6550863359
8575256072
6139659564
9014245838
16817053314
11332403878
1703080040
20173050871
7441973552
20186601995
15079187679
7282517005
3625769790
10330624109
6694731088
17325722714
22372890414
16211228035
6048766781
16552231002
14728720631
10428923671
8545533073
3609932306
16614994600
6252088713
16602615963
17943648724
8029716828
747263627
9300720323
8530064146
8363497483
10598957960
20269589934
5754163516
3248081097
658948284
7282312364
10422768724
892283295
5826366756
9170905557
2323296205
7757087015
16091762337
8732076843
9777239782
23690892412
16655777158
13961158662
12039868739
3564901176
8672862345
19933909078
19887069968
20418694586
21406280933
18763268047
17564923189
7504784342
15542169508
12190822789
4704279894
6782436174
14241366009
5189708881
15817718908
11190608605
6551092471
12796396146
13026245774
17111209826
11558125125
13459868747
20190999674
15366648761
5308902387
13222389248
21111489779
10153240892
14316137502
3080128762
11209914668
7200540691
23086934829
6211415121
7961849397
4562703985
21907647725
19469338648
12903889908
9423520621
21739089469
13472231951
12030034833
11014856308
4083698191
12449650047
14808034708
16343869545
5720935505
14903172591
11056587635
5975996746
13775503638
17043727222
5111975802
17360340084
15789607781
4777349342
5568337650
12007256623
14878225121
6814881903
15078919160
13419614044
3571899485
8656254470
12271713862
5643322891
8301764013
8695958693
2037783087
11171358124
7522518418
8929003615
8636478954
7194962295
4420688324
21659908747
1881609722
15156326628
5607947716
13093883139
5070461558
4821497580
4143409524
17899806806
152674468
11664691635
18475067984
11736857951
18455940533
15210378435
7401896219
4688196072
9519364040
18938658475
23207451969
5104386362
5922717205
4651509314
8542037730
16145495260
21090871413
2278261481
10547845425
11814768371
3149305420
2040794681
10917709233
11680289133
13376701300
7765499883
12328768427
17562886137
9486183633
6399752444
9529364071
1080090713
11342401994
7216143928
19577986761
10437472640
8886864535
19819951982
19459482326
12325782973
3586549509
5460487001
8985342653
17437386266
22849287548
22673511495
9459058189
17806137195
18535461457
9808406539
1585850968
6278194567
84711660
84800020
22513992611
252434676
10163918356
11078807723
21175331002
7882843910
18590479387
4766375294
5460307462
14791537474
7315498791
16544639178
10957327074
14920615912
13655369817
16132347378
7309921562
11379048836
16863857336
15425445666
14958399482
6517546106
16500804431
21612852947
7511099842
6419316884
3362027358
5586287530
13599414184
22763877784
4834721743
1797516412
12607578513
20008958266
10750176761
12659676238
2981680556
8702671815
1977444750
10646806243
2218004211
17001663964
23687172423
18399845049
20022372246
18719645302
7715245209
17386333880
15952977190
514346962
13728925116
17487682809
6407115070
11671981711
1144480386
9908627416
11190559485
16865511576
12680812749
14018887579
8432417274
11341950428
1733398254
80132965
9010177381
12684319681
10876545531
13717026612
11265130107
2659138133
16207167417
7705217027
2824088898
2869637160
19815521469
8791911870
12706754244
10588517574
8260121841
4766342952
5297115269
15386892576
13099345567
13957467797
13068643497
6877068936
5138207345
4058030078
23181241654
8994248147
15687992533
18741667219
5836136705
20316246533
1511476945
23927016380
1733440433
8733260483
13058997907
16572898390
15546523400
812210980
16416388862
1150780389
2447938922
14265816444
11048297664
2809459214
9245001484
11821740190
15038178433
9130101548
17939077978
7401400368
13046030006
2455624870
18567226667
15367799740
15794699464
19647633162
11405277747
15676636240
20619452357
5826264411
6921208753
6992069831
11155769058
8977219037
12288508959
11369534798
5958861403
7905754963
16091359851
22228714010
4012690141
1118251589
10701880585
11353502366
20507487623
627496120
1493208676
16504046512
9012202393
4215280172
2112599226
6778093882
9486943831
12476371076
17374759925
14652769175
2524819963
12534505489
2235487819
21924978765
245659793
7939521078
2969753775
13266152541
10071186803
14144737374
3870777933
7772206091
15322825641
5043822583
12993989342
4537241889
5603202488
5189279741
8151209986
9741222785
17970343720
8781943337
14406307756
8099487502
3312282358
3866395877
8658858007
8750188516
7963708226
9114567270
7794910569
7323116378
13649055436
4682242012
12132296902
3307722258
10817824681
23918749273
11761262194
2907709511
7393123288
107384492
2783759353
16893993176
8518926710
4648381245
6976673643
18003574083
2114427124
1970871834
18298028586
7990182571
2019550767
3823108090
8713472412
7705039505
5499691667
8456615969
16474760556
12629279638
22184786610
18205215647
6479951362
12942289240
16875402470
3065353481
7887716579
3536896013
84799242
5509425841
8788069153
22101834922
1716573338
3556260888
3584522227
22316471701
6491859107
5399204598
20918938758
15171029126
12765298542
7624244084
17808861539
8943062201
7453007009
7545359305
22271970909
3575625090
6769080963
21520318128
9036268888
14309066631
491939638
16201793017
6670599241
18193196559
18036559882
22051747862
23860456697
19370073101
18102446564
16357098358
10708987953
18880299251
15423736843
16811720872
23890755354
7631537920
136460364
16972432502
16605850347
15024576225
5769356140
7523451168
1445125703
19518915951
13799051783
915366854
2759767338
7449067007
5076785990
2097857917
3541067970
15329076803
5964744125
5861174584
15113194974
15881064321
9434467297
13453396265
9734918937
10201881186
1417329484
16837956300
479170499
11424894832
516880276
6979445172
994627367
19100134892
11491261552
8777393580
17884726591
16021357168
19011495818
3117718307
15672536148
10601342424
5410813933
4692667320
19347293358
14931049967
15310868313
5270412304
10899641130
9172429310
15743551755
16931994851
1257544577
13945432114
19320801419
5501593945
6373854358
13587234550
10697697563
9216637725
9832717243
6151601786
9195237786
13084929978
13969806086
11506480727
12115618365
19733959804
16945860366
9575108184
14179732798
21282504226
13861270413
1651862002
8645876316
10040150431
21685337091
23187772856
12173205728
21703552639
1399120411
2809519682
5447186401
22617130452
19789423099
1570772967
13044221994
16763663666
5527719076
18236912943
11015840375
12842199015
5243055246
17689410775
19553790313
18958253504
20985384431
8533184592
1290284910
10819197287
3905836043
17574774478
8370974610
18474114635
18556471230
1521633309
3514748282
21722496818
4346099712
225450210
9257218615
14105961237
12520022611
15057697136
8960759975
3478263849
10997996076
10598900354
19474288025
10966621885
19444864437
12996697556
11528832128
23171892495
14107828611
14113655065
16959279672
7562409753
10616536383
5426956414
9823440267
21785715040
5549800920
1434704222
15713884051
14657839370
13159463168
11409540683
3495112802
18369684948
6921641012
13936203649
16968752076
17489473968
16477683457
13039852587
16220738178
5387152273
6241740690
5955678884
21836147666
11889227541
11934392840
5902644340
1607216807
23588145040
16211619020
6333961714
13825465556
12170014272
9538440363
13573254112
3321560572
10567998526
3897151883
806190403
3764865547
950336074
14948251318
17653305333
8392219634
10466022699
19522628321
3084748633
10005848323
11609914203
13621225673
12279041278
16487983190
16673858358
10055376732
9519141774
15252070110
22813392682
15724228731
14003369504
3325478761
21909449171
21401434457
15102981039
22351459178
5942292136
219550402
9782665619
7186919499
8119503066
12140854870
20290931158
20894640307
20160624570
2430805324
20978979294
369511044
9293450409
15819193220
11884375981
13140266871
4910621665
20757449335
17749366765
18054844704
1227399240
8725536514
877714305
21399931654
2412926134
10505649437
1928937593
20672647578
12094158001
18748046496
14510960510
5036659891
8819944184
8290310085
713299214
4186374011
15345323777
4764007738
19724605242
3270666484
12681786625
14383329747
21421155618
4437252093
9226607741
3040720063
11131344006
349535223
14489148537
13863470924
22058910801
12110552629
14937281196
22595372507
7194521006
15123703554
7507883313
9402575968
7657804166
18501815779
4393718067
1824772784
2070674867
2628246622
10836679479
2016359747
16404557984
19469023027
16004109050
11797220854
11905162533
15213504185
10978282677
8147969027
7713420365
9911593326
2924004226
5825974675
7897561919
15124363559
8872804546
7452967854
3930982337
10238731933
2318664049
9282101991
12937694115
9008127873
6959369079
11483214645
6497894315
6475632457
11216267923
10647055876
7624801960
12864191221
800343768
15514533411
9865574853
2808918497
6117891644
12522844002
17925480501
675496293
17970066787
16585193488
16742924445
8363928604
1572172842
4417221686
9821214140
2032344240
2213101594
11381838419
17942374634
7245936260
13616331379
249604930
1083477346
20142439339
6862042122
17372064862
7203064376
11037838155
14825246607
22998968580
12707687803
9631243782
1590495396
12297695726
5864483417
21975014119
16583383361
10098248547
8979034305
7313044598
6027678708
6173211979
24050629877
20406905770
4796422277
1374501475
8755909330
6188534018
14137098610
1372441665
11032141095
18144752464
11615679817
3875381921
1002424084
22226786757
10062795244
18903188634
20077497297
11235080200
18935566577
6471744463
22525071556
4944666443
12926160322
2657940021
6483150069
3032793233
22556617658
2137425344
6765339102
1603336380
9342248848
8866365107
17682400655
14986367830
148751707
13862431363
9544245520
12463643726
14548612648
8596659284
9891729461
17370293230
13875052203
12001501348
11447134641
3561539219
12006281933
16374483209
13901499662
9663511652
24073952347
2119639905
22919770608
23008807932
5443663436
12323933485
9597683864
8950266938
18980393317
13039928667
18101546954
6740234659
7960381802
17709398417
10213188298
16560646649
9587220796
13668043620
9854487406
1624071482
12805155813
13888679548
13379120691
8533385358
19527549649
2620349161
13487289642
6819119212
8215947591
1616363901
3307069087
15260861398
18433262208
13593674982
7589958568
551701066
23755512965
15197897928
18991714813
8996369427
3632417203
8787259376
14279613473
5636751380
14742429947
12123432095
5247767591
15621190964
9111176324
20841537325
19847523396
3365971992
19708951342
1884662776
4171822721
10360902597
18925148339
20870501834
15348966659
4628119694
8871671645
4936841082
5162342366
10024676514
14626858948
16424171146
5281377528
13164501181
14676511161
9598974686
8726561694
38529589
14316645253
10392200249
7235948605
20334332227
13474253293
954685455
18924066907
17751971488
9187971425
5908434163
16040581345
7037252060
5782204748
11548664499
20489186615
16549824601
7416724368
11786655927
12074453252
1128619295
15082490994
7789271656
5752828129
17099293742
10209237635
13014728600
16564385824
11477253720
9846456557
3789215962
19929836176
4491850918
3759478164
14447139454
21729377028
11440477848
5050647527
12813433255
11026008680
19338146838
6006841332
4894629947
20996164289
14894679391
3494461128
22557090176
22335362931
16415637719
10551869751
7781173776
4366096325
15164684862
7621603634
14609425931
20093778087
6527346919
3430331371
5765811779
20681275522
3088495724
3639155096
6416772286
1898237840
16051499689
2323296205
11789807803
8143649969
8680147102
15798287942
17968499626
21735355831
19186258136
7803113661
8602234547
8974795701
13316410402
11193534669
7102958853
12890761519
11907367312
1133078539
12532428975
19588310208
8369417810
7424651542
1665955325
3256973052
18768592590
14704783635
23081733645
12431624368
5889056954
16536964826
2681594825
14878769597
6334196309
10686006169
6120541152
8157987456
5189995326
13508002026
8159458418
18701865741
3598492810
19751887195
15873643779
12461632882
6555382097
7740615602
19708829718
6705034498
4077876537
13350811713
5261677712
10903524682
13091388048
10441898560
14368804352
791448406
10323872628
18788608496
3541817423
253910036
8879856128
12971927223
2512101509
18180575938
11749522563
21643823450
240951656
17781800088
11280076973
3907362166
3594035133
1312879333
15736593850
963587614
3825449277
6920027238
9961055422
7904835733
4520396093
6692373590
10918014308
11661760072
18791737425
5926259428
20063386495
6041589125
13252167943
6617503745
1898947584
18777340882
2060561237
13194455968
5254889416
15172173110
17262015361
16147011199
11084178899
16443451268
8105096893
7650800344
8750551357
15168555504
1049578433
13637088591
8749860455
16560984933
23661425914
6675676146
1920330292
2853897934
4347078288
15192176050
8976954376
4593985679
5644240482
12724718022
13983102180
14088610383
34646965
4790386841
1040355024
22367202614
14917699060
21755148056
15799246539
14601000758
3490410720
17226898011
20196407393
11234095917
7786275779
16883472695
12368828037
1371474560
14288102110
8680984742
5954275406
12737528250
7952941578
18179198746
16965988831
20771903976
8715313746
3817613196
6199368989
13945199071
11708307552
37055482
19388724940
2526949019
1368052639
7456848678
1883917470
7883818324
10598567925
17340776535
17680222278
19586827555
2318729236
4650847815
15962303202
4966492913
8530813096
10679485829
2030649969
16939118290
7677062503
10360075637
13316379925
10528694842
6342346338
2051703582
15966034693
2658804185
5382281179
3512810083
6208428185
5973970960
4383357499
5035704003
2866956962
1788939278
4938508416
14894578899
761707717
12069026367
2429816708
494626360
4628659324
14219094975
9073469720
5203512334
4694726807
9561881063
10696252038
19441183183
13443401701
13617766405
3539847360
16482395485
4739431005
21551859833
7166138568
17450608282
5196173324
11735581502
15476121020
17376714967
16533574292
21389457914
19072941242
20094823562
11355411375
9197923355
3556260888
6192755371
18236485523
3317093288
11829825036
19899762749
13849397136
5805075390
1588733336
6048469150
21379649039
8566127077
21313603838
20186547149
8457213060
11728283890
5023865995
5286060899
4383301132
20329513933
2624646875
8895325311
12386991666
16978029329
5146881608
12738356410
6828155974
20737306909
2466424172
12634616304
12238322067
12148427962
20588662553
6787026061
5249233202
13853649447
5056840876
13068158735
22862165300
14266273791
20554221915
21349360577
6829104177
11112059853
6666400708
24397475658
5998022916
21807549800
8758276078
3128249243
9117790363
19941551472
20676310151
19929855052
7305687797
15257829542
4761015784
444125458
8854705754
14379266818
8649008952
15650761236
19780168210
10940340181
11282331762
11825291657
15914529436
4867243557
10274187623
5563290073
6662578675
3487038158
12720717124
8989710786
4827570665
14704973901
21553078761
12827866502
14231095794
4515024774
11253859437
21696211583
9933149821
14951666312
3248762998
11349762295
18678759446
16269152119
4627047355
4777583019
19018909582
17308029705
1748617486
17174964264
15967942813
8623661748
11979931914
9481236322
518763528
9160199241
19336777805
23241144623
10680305275
8248347859
13249753553
11351624682
22890188514
20764651477
14468102400
12744626886
12214616351
9263991589
7219672542
5919225458
16060449541
20197381462
19064777138
13426529443
6712016278
3460246072
12054296059
2592650065
15662498683
3390020498
5349987247
4637563571
3338823355
13678132775
12662381136
12520212499
9309887744
5447206834
1789102278
1525398307
15491815663
20112644492
1799963248
18266731544
1437289368
9258828917
8349765853
4325838212
20820420666
1235301649
18152829609
7711867674
1514966414
723214117
24170835728
15155790546
514134723
15269658432
16912076031
2329902794
13476085737
5942419384
19816377609
16905905275
22181752159
9161020443
6814611319
3822589695
8559479881
852689464
14324760905
4437644248
12204886339
12141320111
5035109541
21686564438
7990857129
15770184487
2544449659
17721239332
14967506847
6475960743
4969170523
1381748410
7633964949
9117003294
22920063994
10711257922
1490947903
2172024504
9178621012
7743011928
2318573706
8437459142
5680279625
13860801148
19794364751
6699083371
9840121939
5425743267
1985193557
6607697669
3855206566
21256817483
16946854477
18749351277
5279774585
421109219
4739649337
9824273413
9193486605
4136146287
3740111374
13896889166
117960599
5933988025
1641210391
22300235208
8425629806
8599579353
13597613142
5901803326
13294302699
7042610145
21667106422
105373600
12174192290
8036704296
2636914764
14629788226
20235462209
16742480660
11233545616
1608678916
6835769821
17730852849
3139334702
675578384
17408664053
6986472055
5026981082
11919050823
9547687778
17706634451
9505865161
6170761491
14172181066
18579093396
9250805366
22159659066
10172553379
6673445973
17644969074
17616566826
24123799590
12121741823
5335078444
16230464124
6773912429
1487650585
2117458746
5965243021
20845226
12828374623
24002197550
12707297570
4995268054
613844505
17664791387
2638328567
1582183452
12647631962
20121166552
15021417842
1573846112
18240778465
15971917661
16825738336
523802973
9349944267
10536441546
16248596501
6724988618
23119770421
5850556837
4039789040
11898676387
17735988813
9110374621
17740845259
8959427013
1573686414
7372991997
9443822379
20873532970
4779197818
6966894043
3670539277
6713869454
11953984870
4632618713
10268082552
3303119057
7094111670
12407818282
9835298445
15053485400
4356405096
18921895704
8482373916
19682143017
17001015970
8439410188
15371939434
13015295546
1185343631
17403788294
16710933972
20354258979
492297251
10279143845
15708329179
3438354932
4602838707
4318352795
5983728856
21479974604
6682310788
5904818473
6346273038
3475214044
512021106
9324554459
4622512011
15338507069
4243218241
15266047946
9268740625
20811371451
9371866476
5689273723
22601129353
2493743579
11517469676
1307382017
20211549775
13175073666
3485791181
19482722335
6542489095
16136131745
18280682036
17014419516
17067534943
9687420431
20666247527
8956246513
8447337096
23292530337
4182732120
10253765224
9279178036
11085352012
16307744320
5913840754
5189909197
19856054387
13613964438
7416991931
11439728976
5803696388
8743521958
21964407991
12190018874
17192510502
245725543
3233786184
11577923480
12549260611
4578933220
13328500925
14718668191
9023499272
10503676642
16152670744
13100313537
19653016718
6899573640
22456211934
14283446194
19447680501
1359380994
6353380961
2396527850
11831712519
4394180645
21038354044
22203937334
17771350557
17966389746
616958053
645370719
12147435519
13155843475
5758606924
5812197509
7852349117
717023805
12552859043
18074900777
16368062478
150007304
13698020329
11754271258
12074088638
953515172
23585820624
11682019766
7471187999
21961284478
11009045680
3550253822
14240146095
2407904673
10936536647
20070692653
12598391361
16710821834
15604934502
3352246963
1419508087
12861642954
8466106153
4615162878
17322843013
2515697707
6476014541
23063962132
16796648250
21885807453
2590575945
13600920839
16471798632
21580858825
12059586661
11181420415
9330615726
13200347858
8068797795
2894634203
21475928670
3098025093
20940087532
8014280586
20618373206
2737464368
18718592152
2193614738
12683158780
1569576373
2331330851
16439839247
3385997703
9927618778
16558453946
7226761037
7418493890
17360675387
16484965524
15939844898
1130853945
10059606565
14538192258
9011261806
4746295331
7902246811
5098904044
19842122258
6145744415
7868801333
14107253827
10389406721
10902723491
13852167880
21748913762
5585281760
12857903173
6837483839
15809997670
23315313125
11605951911
20887677552
15785472810
6630666159
551186335
11209788048
5154900031
6371729703
2550503721
5893759672
1769704944
13587729170
8086452130
11250302442
19642560142
5642573866
13272714440
9828212191
1353745362
1685895121
3495301719
13214397725
21631160665
11907067186
18759399780
20230291248
2181183364
15783925091
12932513747
17761276904
17582136901
15879587188
7400923905
6363793913
14240438168
18601606081
23089388418
3555142768
4352211270
19256392500
1505274750
15347336399
16830645141
7153986401
21891498848
16049429072
1731492295
13445342650
18602876104
18102815690
19536517419
10294748334
16980354679
8853289248
8341636339
10168456221
16168717355
14298585261
6619195162
5952709080
2283922322
13030087803
19305390428
15656061671
8467074683
12156364493
4272443896
15845914712
700803997
13051268103
10896778716
10280840536
13380493510
4189348546
6342624467
9359512975
2787587001
4513861292
4093669110
11868226397
1789740962
9156402385
14741087134
2397830736
15232438901
18834433759
13850373022
16163676574
9864407415
3773953929
2470060980
586016933
13626562160
21047168037
15244992577
13234866125
5816262915
8130571358
11058086608
1605493533
17699038838
1032352016
876198520
2826280743
2587892836
8679949344
5514671723
9679891886
9043491360
21405231123
17479771180
17434688225
4821833809
7978038392
1674741935
471327701
8479382570
1437107686
8893736679
3146750526
2794840973
2088871077
1608600317
6013869432
17622010094
12721734785
15908008052
7790155994
16740325883
1778716601
2749652118
6288254485
12679947415
9673616091
14832160362
13882643191
4571321990
13995451981
8910315302
2569086394
2207779798
13713037925
13947911555
2047111168
2658242033
12476107494
5021248519
1680773606
15483121415
16535882760
3632398357
19443123671
8038839689
5465648847
4290239903
10975459787
20014942077
21437935342
11517561043
14206439464
7187713367
4267431394
5824754421
13360564835
6921499463
10486994135
23493024666
921792886
2951278163
793943973
8067458543
16008465347
9845227268
7216073566
16596310928
142258940
18585222034
19741550474
10204428493
13659862987
23691198055
23180840873
2428094409
15064819936
6039215561
2046435184
9207425472
11686030646
13258749172
19580222117
18570385752
8892086693
6085806368
17801326449
7621008226
12354918641
15455663650
18650868613
12835128145
1671423245
7877164432
15589227906
11076440278
10611964265
10075261843
13680554368
5184330243
8084199144
2906987452
3125320971
9084905037
15134604420
3916346076
13456675361
13197778834
8024204172
7722222950
3864175898
5717903276
12633184155
19465682275
676237533
3892803894
6260963301
3212781159
3163670332
2431465825
3166622070
22729841922
14825965435
13386634995
8818556714
17616145540
3820848955
19625116610
9286860652
1391646395
13106194200
14848996628
3711925615
424716345
12752353362
14920450295
5807601873
6154823101
6214992964
11514054556
15357243222
20715347640
22116208785
14910023506
8751166532
13571967232
7661485949
2625480124
10457905403
2544910875
13659157454
15690239180
10915572896
963737755
17411315998
5271614082
27265367
2634864884
1332031620
13446055676
4594555368
17189592750
4289728961
2047111168
11705382768
16316624791
6318325730
2783615227
4535129462
6703310366
12501070270
22445843967
16380523552
6375394489
7895274459
2828760434
16289913924
8219687548
10914920961
3456507102
13054066788
388892071
10272329875
15025678745
15373649476
14993960977
5097357873
10598471945
9407191262
13838730909
15383265377
18005840108
4201467526
8360206755
7676665729
10919129221
17435695428
5365611625
2237656470
13695749422
6558437524
19577618199
104791444
1441989535
9559228488
6410834486
8639622099
7586342750
467970485
12234205627
18613172726
21419612179
3088847996
756230207
13444290645
119135849
19286125726
11078898220
1386121940
13796906956
12434078326
4024331948
9287056363
4799533827
12662273855
23805439103
2408778408
8526252331
11510053464
8420378474
4483258924
5153188354
1576251014
1307762583
3026233270
4290891016
12856091218
4155885690
8047951067
17714942301
6466748877
4091110671
20825096633
566277408
15997085073
8545256557
9937553135
10880216631
5897679320
9764655583
20624390980
5998204556
782672294
17018079927
19946787712
20556528665
7455186995
11561356905
10786453720
22115652024
22055269233
11536364651
16540733819
18963160632
17100894251
3100443313
6192755371
3937876761
11377248508
11849051087
9017239773
20427750582
12563631803
11076857629
17286221904
18203017129
5756744116
2468414656
6187349785
10635135837
14736794346
13816860717
7579775483
10355280586
14555463293
3668094136
1964544989
14141492645
7259795082
5261807608
15959552612
8179762089
22395183736
16558849888
4661939210
19354891437
1566754149
10409351423
11384044783
12752093995
3657110771
6004041175
17334030412
11902424373
5133594165
6921760341
1078173310
15283997969
2428630691
2004749753
11036501087
18453143157
9444339976
12112411352
17565405788
22279420934
6564000968
8321209218
10309958462
11285993755
8325429306
4369555060
15713013936
16727589972
22755871932
5939323791
20042854811
7066369843
17440365298
12594505779
7657463808
20051731015
17033289593
14246691129
13098651808
21347313931
13423572196
4619770293
7758016000
9223121865
274633402
11619205464
13318738260
7977379162
2230353895
20564460214
254698706
19016294352
11569173647
5788185563
12832037162
3733417448
11777461751
23565171305
13016742390
13109212702
8922738659
8993848903
8601708873
10253765224
7285141005
2791639910
4981083541
19595857431
6505291540
17611947186
23237076192
10456080349
22775379280
7996776278
20294413785
10944840305
2864600524
250342198
9955380273
7878528960
15309220023
8942868151
5754973508
3267857327
5135487975
16574972624
20505597998
3865446532
4094731724
12135393167
15000650003
12696170110
8834811067
8943488933
15444536278
1247721471
13286341443
9681586648
20623521487
7225465950
10125123277
13167318228
17815522107
1727597481
6195328395
19288893727
10395187264
8855532966
7214711580
12981421066
23325659221
12194738957
17967306729
17929882541
9655880329
5577935653
14922736103
4297025944
14660650261
16389851118
7901453848
5969656073
9254643281
1807402176
8552263836
15971955625
18539130668
3093946504
3134095925
19191479667
8663348093
9669371079
15804587768
721216973
22123504670
4268816139
3926070915
4279108040
167974317
6494571009
11595120014
13996634187
13461272967
13214363242
13444238349
11318845719
759939425
6977838114
17628989070
10276636712
22333223367
3829821492
19051239800
3501339233
8968726502
21656723411
14219635880
3906621085
21514826767
15392127622
11453019314
22542367288
11822689702
8544906859
16381647584
5189913310
4063207506
2984092907
17397047603
11234752152
13354938008
10291244340
5813553958
10291650175
13529924130
1702535108
10320551652
412267571
17473223678
16326850432
14907984193
16895461695
10726728573
8034408204
20880418976
14472294922
19005037288
2045977618
6719359745
18447323991
14743105249
15228919755
13477544924
229308273
6686479938
2973784296
6109227589
4890921979
16322621602
5026173142
12912461318
20970299312
10410968699
8810270176
595942845
1573334275
12120060189
14047451128
4559579694
12959092925
3751709679
16910104056
2112672058
11721614549
12926722337
3814123208
20785263500
487976794
7153519236
5920873264
15451579306
551509814
17000186779
10404832101
14294418503
14752713204
19606516635
20481551048
18005639117
11404946196
9078355724
6617503745
23125693815
15528469713
7052744761
9673440224
14205633535
8293512264
6016699171
19554824942
5120463216
21089301866
2435850555
8744010919
1301554728
11852338552
18144843904
1329164895
14358084667
17583742533
16741997166
14761832242
5642286725
7196768951
3200051537
4594221071
13895050297
2228868423
10311956556
19896146542
17822157879
7059166538
9986730112
14161237614
18559848344
9545101622
3087270697
15938226567
6685999340
3308808152
16054625663
11417528975
64218558
3734745909
5497417859
5492233632
8952102793
12916267737
21117047208
16349009509
10016782160
11930279391
14819844576
10212775626
8369267491
2060512613
2682540999
11165487065
11205087311
6441780546
18420619262
3217313090
5183429147
1926923695
6615046840
954576120
6391578576
6693457717
18648061979
9944409030
22634060781
15743925775
1344890719
9404124949
13484593890
3871578946
10735910856
11411854042
1554579832
17562395269
9122669237
14824609305
5117312931
23821860431
9059023777
8721634650
21907607511
8871268084
16624235405
11186039629
9248430201
9263619335
19613920798
23357816325
492151248
3250780613
19233248818
16933859180
14035807412
7559509029
15194500074
20720947421
15128088909
2848103097
1235490675
15542501711
10835906680
11250356488
7149050527
17603365437
5968206409
19610605157
5785454562
4282968343
16808624996
5054272762
14846816618
3144421451
11576012881
6978934309
6924598901
10613572644
20251306798
9156047191
3902628312
1912021702
20440859788
1058111003
1272963659
15596400319
11748569560
15890312372
16821429297
10533640792
6959012678
15281787057
11244772863
2969348553
2961253502
14640543458
16054875590
21018595840
9770762903
1098875809
7262071629
9131430138
5769473726
18805779439
13618721775
3841026979
8440326392
8710712630
6464460881
989245973
2518116258
17516785286
10598471945
7042782155
17479808713
9780993574
331322705
6310483488
8671961341
10341852100
16645080967
15400557544
18095604554
7749333873
18678926464
12730444770
9357437885
9356535494
14565152696
21424852109
8933445169
3922382022
4066109488
15253585289
3630007929
14147925238
16546348118
4345786462
13921203029
5294191568
4501998953
20795920017
17090442622
10422006240
381380773
2385712594
16155239251
10884959119
13446806269
10754802049
2225063546
11772525841
7227993740
815593747
8472269041
12893015599
12211661113
2516394510
18194905202
8248879186
10257865531
3539809468
1615294639
7598973997
5887449476
13601152720
5209371892
2779818333
23494729251
5308711966
3755593120
22010246999
1843793528
1527394307
3732358746
3152144268
17288201592
3703651175
12960878448
18501859212
12901246120
3192386746
1300516801
14282776781
9867193134
2945422135
16878196415
3960122301
12443495349
12423243447
11221365202
15994571149
8889379340
1797628638
1369752200
2430896422
5882692471
11872636789
869788161
8139305895
7954519840
5811159314
1840976778
20127973589
1261991155
9793280917
2368264633
17968883678
2228142730
9941948151
10910440487
11570444199
3805335745
681978523
19654487518
5683268402
16504977906
18522320537
353696500
12471261126
16175134473
7419489388
1875906003
4417196538
5905351715
8101372033
3875132562
4686957987
3427611311
15279325454
9356465790
2331373418
5356128912
16067422636
11886147340
5389916341
11040957771
10261491438
19626558425
130222101
13391546292
4064189623
6526481573
15939990297
1783063418
19431754646
2182530975
3713627994
6551653385
973959270
5041728683
2183900819
14630602445
16705635361
1225837414
3577563268
18506272458
9318990624
22225898767
10641780059
13798864066
16167343350
19478808892
8801105147
7523176274
17793285922
23776310556
16813705488
17217176930
1090378794
20900596069
2567070151
6973420754
17704609191
12359494416
6838928430
3007206281
22476962799
4254409931
23402169434
5019336713
2979482708
19707980488
472647802
18349944281
3892605283
6604811510
10364696355
20393783428
6122122835
7612622006
16011179164
5503030065
19415242827
14704326593
17455562443
5042845570
4209592864
182928988
12941781197
12166805055
2340068955
6660264311
19243012400
3324184339
9663977850
3009856246
11107028930
17785217955
17678342071
18781191157
2278492938
1409753673
8047531634
13800660885
22286881132
5272059867
7070394200
3055323737
22307677842
9686927155
6392614036
2421108217
8661046161
3539059994
8568643074
16246916152
14803714355
11170936230
13908107721
15366291318
1519744491
20209049423
19390438354
4640143264
5948784436
4109215572
6493700543
964940410
15851237566
23208819368
11781004882
8397423491
4294574679
14837373013
7186919499
15618848521
32768326
17357428178
18901067091
19446053776
23229437518
7621849031
19453751194
15904564167
12626272022
5836087872
24562802627
5313221073
5810828175
17135393434
12158561863
18187647597
5808336878
10123322074
6166486369
5605783911
2356031086
16980583406
11324995263
13993578912
4905956867
24047886651
6794396801
20162144417
17995362126
24022080927
11271663409
9349021494
6174722853
358624874
8593027372
13383871784
2590256153
1396135984
6337352814
10171877586
5788185563
9452369989
1600851530
1771223151
14535907195
5199241605
16984823281
8943062201
1625265919
12212228840
7517696492
14750539086
12006885803
9834407666
1768298489
24085186097
2952385398
4685341659
13210452464
8013331390
13295432021
16876693102
8834737913
6019025130
15830405348
15110725885
17182396089
9125662950
11471550796
3087237436
14145070848
6433243136
8549677880
6552627359
13241106705
18978196288
12055566812
8261814279
18666369273
6135748364
18905733781
3549748343
17478940782
22142207921
15784785119
4506333058
9645929064
9377395912
21354136156
20228512231
18508077898
4309876663
441356556
14033138538
3739501612
7379492352
11530482492
22163933257
6458743697
1695432426
21430265082
13039161003
6580256941
8905835775
4495482321
6612133010
11499313276
3579981812
2050948444
14576096438
5637159662
21689322734
6582103488
3868494736
13815515958
9762535735
7925936759
18358595029
12254950086
11333703569
1774142456
9539889962
18917017789
6656492300
13806171985
8487653453
22414623198
6855857020
19926104768
9769920313
19620609421
1530181722
21123062869
10283341834
2841039849
7999065584
15328645332
11749806153
7165379634
20478093531
5185480610
10937573658
23239650284
5102678124
21962695529
3529199309
12035892565
195371926
12069019568
20964144409
13717393240
10011319339
1633071936
4491325329
13620100496
4216176348
12359478490
2667701333
16962759953
5009953805
918911573
13397513745
17030746777
11365766258
17403267907
9133196409
2245521179
10502588963
15735225508
76080884
16675668528
4514882187
11614624947
21550403068
2474375040
9129863872
16807326044
13242926734
3354375563
14088689512
5095630241
19919691706
7541796460
2318386618
8861655587
15851721325
20892329696
6075833631
968714803
12041951235
18716748539
11144183279
14922300521
18165015379
16977997349
3533400454
12006885803
6951258685
2647076921
20668049444
10982813949
15561048756
10240917674
13893758648
4209574246
22340671685
4504435633
7280966967
7792964584
3936840660
4639288924
14963619741
1925428116
9194314899
3128034592
3577875990
12464494787
7789146592
10634659192
23411049360
3088211148
16902960359
21404248470
11320648460
13465440276
18204673323
5639116826
13422485212
15439692492
14690622416
5737740105
3328983261
8752688927
6145882612
6605411207
8114305286
11102071834
17507717964
22105190187
17480030628
9976381523
1609551034
17336721464
14660471137
322342357
2088696330
4209391481
17294738376
4407275901
11442643265
20966623535
4783902623
20295377879
7462505090
6116912613
23978701004
8434419432
22890623002
4320354650
2237347765
15240318548
19445370853
14370951764
16074287421
4559451260
16392878218
21626669575
8696480107
7284129945
16207165186
9444593268
5325453998
9527211787
6021986310
3724291382
191189392
14993303895
6774377112
1600234998
6839283591
5642338581
8519940253
12569270237
22578581309
4065332095
7760677672
10222802747
10706429751
6692243872
16772463959
11048969426
79806254
17163687125
21333044360
5528832699
2350339067
14711499484
7088999153
15145207860
9683430104
19165897561
13559503515
2500090046
2208677943
19397789765
10017478904
19316212533
14045472521
2500828357
229657111
108497458
18816713231
3958222439
15158557901
15815042653
13802201881
18890424541
14068739501
8615586820
22048161141
6414434644
16786704771
22894305001
6901503643
15111781687
229254539
17584437813
4010717947
6971256957
16660961385
16983748715
1507847164
1628070376
20486076297
22097217820
16674692411
14393945246
17415873292
11039558320
12706844445
12076408696
9311603864
9242220712
4871783027
8351489007
23821130498
13950345741
9779378583
12178365867
6704021056
18353722473
2705081362
7994069136
15866650958
18139898428
3884735410
12989179938
6554026490
12554885306
4211663519
8985238854
8832263659
6956282287
14604621931
15603202884
634997684
1744066929
11782828754
17170827959
4301166739
4870097855
17368722561
6245341326
9478707417
7224142125
21424721665
10164465456
5996399901
4786347255
2619511494
13070977512
11688938514
599514961
12759024883
22812831614
21167379204
4171177841
978690827
7433833927
11739522712
15723693362
22011897181
2162748112
11643774292
7694045512
3885682622
20611431206
10541259576
6454061722
8404500550
7558541949
676226740
6421304660
17009416776
3261809237
16621005179
6690488419
9868114296
19489970668
5861507669
5746437163
7261645717
19282284818
6475290496
11188845302
6559488347
4678012347
18156210731
3110517219
15453110227
20888777812
22869583674
8999392817
12093390360
21106560200
4167809524
3987965449
7576968223
11559819885
11481675038
179023189
10392509559
5708055172
17188524585
8705119338
21104684594
18854350287
5313221073
8287830496
12899938100
14624281934
4643590726
19534901238
10430048511
13194163005
15940676818
1456799311
4885861611
4096917443
10262318638
3320465483
3994041759
7597557403
4847351809
11792757149
1259080000
9215817552
18921653918
11862629761
9543256767
23325699849
15437286880
11794963550
5289359498
9313221512
17371113476
3322830220
11179455688
12529418965
7013255041
9187382288
16637149764
817623723
14741646872
13730724608
13795814412
5162308765
19699573803
22110345989
7158518636
16478346843
10609363059
6866078724
11733584123
8988083156
24676278740
7509988754
11872663901
17621625916
16220753590
2183978240
16090832938
7368115702
6295847420
10666220162
8405470035
19835610191
18561791817
14605020926
17470478656
12937279207
21843212934
18568788110
18265513286
15736553907
4488456805
16005251845
13169374796
21969928458
4028554358
15089839167
2887210259
13350168889
8871252840
1202054429
23192178710
14225112564
14659761015
16540237216
3362802530
24230310570
20874136661
15694821434
4888388342
20372073668
15165365122
20128623743
14996524997
4838399998
8222423549
9370991900
10305724055
19405229437
11687944713
10055813368
22029590806
6126447840
21343589850
1033265911
9639770460
12531226683
15720800526
10923842146
12997443486
1639424260
11454151384
18951278622
4368066384
11013330657
8746872666
8833709225
19277122198
13466400772
6422064843
19251074236
20260252109
13956437525
11139287097
5770043865
4843309256
2783272087
9033087969
13073758371
18609795221
5285160808
1227898078
13035777119
2795760822
1405998462
13743427832
8814070413
12596450129
2853656774
8481498058
12924598102
4105889110
11946703
14534471607
12496558010
10239702666
8595500802
3870175195
10552669173
20790154939
2080571363
10336720134
9321794022
16924173281
23099457065
7657601669
4103719836
1628382591
9481036196
19986593845
9115445317
8468496195
12712066830
1159501430
8647414633
6803956602
22888561200
10787364245
15485801151
6813188666
13356076981
21613981138
24395047431
16816916768
4783964901
5680253400
9370444880
14160045240
6913510629
12862759323
24255257526
22032310717
4349162704
2122402881
9729340897
19341001719
22701150287
18254484554
13339047535
5561877917
3646813285
7987891857
22257572085
4604845259
13801384732
12116077295
5071270386
6666805151
6705227695
9761354177
10845221414
21628499585
1317840099
10628880561
419540368
2078366718
1225285051
21059584791
11483820670
6433874934
9340020218
9829649255
1341197322
5565267580
22083875509
896105334
14686698089
15656561563
13164656778
11150620146
10738696847
3146521823
8930913644
511689557
4655280805
15080546075
2506741775
10180869895
3884422593
5621556111
6734633830
7135255757
14570357369
16555101364
17575493760
13717101691
10157600123
19341014885
932567139
1782829361
11313088624
14982041255
3622265946
5036472366
4766822902
8228325925
3210243506
18318274212
19302966470
18053126659
722381335
14203457115
15731142149
10428867574
2707370236
1408912070
15220042464
9990920017
10869770818
4085831908
18772975229
23041943514
19302700953
2914582222
17433120679
12397696990
3954399403
19929973815
12539884708
3003095962
17835048746
7109749277
24323201291
12540071544
15098206689
11880950801
16210673086
19007184322
14813399375
18187191810
15513025697
424066852
10691764220
642379337
17448788758
12149115383
10185574279
12065390435
9932541259
6383488798
9879279291
14187500325
7686792951
9370512973
6478719036
16850371455
20749455561
4166027023
2055609888
4327632567
2708447793
2246319738
10828507697
8511529288
453788096
876434416
9367814654
10847234175
11219226130
566432523
23260487394
2278692772
12707681315
9042039671
18945967485
21344355370
5145559481
15265570665
24486552647
7319005994
5629486492
18542443847
11986122769
4805892893
3510227431
3405582336
16932798867
16871036395
16518632567
9318616817
1517848450
18818475386
10377001173
4345444045
10598296387
20676757792
1733398254
11794963550
4390516642
4652720917
6341231718
14797845106
11368046993
18430599383
11474883
15008723216
15090809744
13047954216
10938669923
10056197676
21731879309
12872304504
13366579546
8474167856
2906848859
13879344033
3354644869
11618831973
11711923463
17230905116
22000620016
4766877703
13429645057
6013079033
13537279717
21210658823
193768623
240944773
11132581383
19301353772
17648342002
23002423048
7719836700
9409185466
21089570928
10786739941
5639412724
18279879757
14868112027
21843505702
11402647162
11737945786
12637985311
13617831925
19804429967
6411254718
12966420340
10255453647
9323711716
19086085782
1328604019
3288034837
4792117305
12705335838
22101022904
12155157080
15971917661
21808808235
1768508420
13987076515
18182442959
18356885263
16642796999
682138671
2231713752
9583022360
18419632911
13774195817
13044765705
7498292607
10058404118
4289939684
13725004903
12434573659
2973267102
5737680449
10031792882
8035360714
14288359506
19289417355
17139924325
6342460260
4052572712
12059295930
7501180299
12289711295
4588012830
3162327135
2110913679
3291948602
17776342558
16728653314
7527152764
10771937038
3697805819
13180069349
12916029926
2111279763
5606876734
7402258811
474426105
19158457914
15603457282
17892160079
10916128505
14036654125
21795767200
479984759
9756901128
13361387964
13292925978
6271352283
12449249653
14503934576
2136146236
5897562722
2220958811
16134405591
4701746877
8006479605
13667586814
15219387152
9498750076
9572387515
6112072461
12605337565
1670003857
10497450355
10885756816
8111147488
3605329930
16011129666
20316175617
9188580314
6139434914
5457126281
14327977843
329369565
4467312898
5773330357
8659791591
10977908586
10975113827
10050585761
8830626625
9349970109
14164135968
19443152568
1573846112
12446855433
3437018145
10636250235
1921529656
10226333805
12433140560
19729604358
21382504315
9339922357
17453450721
14576877815
2709854602
23121699321
9766566862
19779896630
4531182230
19690406906
15128087406
7078415299
14816218650
9200946929
4458637482
8711224111
8652464358
20551909637
18031681662
5957358753
12253304758
10931700664
3189559822
7922201944
19203590998
21580617558
5643194335
1495914572
23187917989
12761499192
1013598370
7009391455
14949405140
10162923268
18017639558
13349235130
15561840660
15910843641
4282289328
19076167837
10766823023
16524682382
5624086803
3958262075
6905108538
16004504856
1257191032
20999506259
18338382604
747764278
16039362294
20543796040
11473278483
14663099010
8137766816
18338455680
2589399907
4172185130
3240789950
14127020633
19779988098
6543360841
396642724
15820775117
4915838442
18813234175
2445323133
6348190490
2334154796
16954797947
7255806263
14315557851
12128432910
13449296235
4889161010
18113507738
16882546721
5586327336
21619185430
11998802240
17442807019
7614701339
3843805482
6596639513
5360506692
6768293878
12388849644
2867104229
2729486789
10571169222
6620167880
2594471217
3842521735
834150287
9438892120
4789362735
14724903901
5678471450
15752021743
19458737369
5573751754
9808720160
19283943832
9575089087
12664415734
586245517
11401075030
23215388845
10284877335
5567657187
7812844998
21609416606
18177372577
13860229340
7418656317
143539690
17749328950
22422464208
6986575369
20330270146
3404855310
11935368426
445974227
6920619990
1467286487
21410301669
3614134667
12518051873
7036419246
3069725840
20081142757
5463670730
4892813018
5402259564
21451680964
19003392884
12672605673
20123059281
2869746274
14534031216
10044806843
5552895632
1826734745
8207583918
10266750410
4553666410
2113889880
17885431588
2559208798
10258089085
12997489445
3196864181
14865648172
12424298549
15775991073
21163952133
9726582791
646403632
19615869909
12740044489
5320687483
6208278698
12932651900
18235684329
13648642957
15810172261
12758473814
15137831699
15529067790
10882710974
6621044819
9194314435
6464028159
13375446670
2562300853
12658740494
20827396588
379227513
10364608777
13389977339
13813256128
7738801004
1767528889
10222669568
4095818639
12831962127
10173601240
2979986134
2322266587
10428476012
4839910738
5321771923
17983288379
14062343547
2872467027
6973420754
4367052619
16613399020
5944931941
9993387526
9300810171
13779171325
8943976709
16566579452
9478217710
12534222740
5678086402
14238865380
7134962089
15195070605
10494054586
19338112287
912998781
10654861291
13428403127
64371462
18255034781
5529026550
12549130231
8985460787
16824416843
22756053215
15074709999
13575852608
17353704142
9444180874
20096854604
11753497141
7162686827
15155265551
20407270981
3237249324
15404261399
3666680942
21546976969
13616563619
10205898965
11379633603
17610789417
17042684071
9749017577
4389681728
15411123639
8898514957
358943885
10858147429
2072253019
8442832480
21627412373
15483795796
12710214853
2856148338
17493752813
6541468152
378854867
13414146926
14632876323
12871284516
1369936208
16993947553
7375753575
3765953350
268282808
14357527633
7570663046
9968119327
7618785531
12977392475
3942740557
15532849369
10860432012
6767308622
1225334888
16293346921
2223940243
12639703979
10214233433
17936022263
19048551506
2420562856
16462442757
508526054
12182686799
5269754452
21980094681
23062072549
14207106758
15713645814
3161177390
1799867005
18913859455
14590311136
21758036792
6889465459
13997383313
12712067778
14183829288
5090359530
9327698216
6141690423
12858720071
1680868565
7207009534
11405616111
3343157195
181228107
5999472884
3172784680
16671688569
15449665121
15513741855
3097615818
23601901870
1620528707
2305012766
10056509300
10360384775
17510339300
928809535
12174252777
6707339699
16127513183
1177354135
10173269444
713497801
1824321993
1404139907
20253054000
12777804412
245624919
4174991461
12402438238
20016468513
9988915496
6446787492
5557366996
4508735455
9416401585
9613573336
10735269757
4980145312
21064586190
148102627
1384242194
2100545144
9703492776
13265334294
5463790141
6695641108
20796114583
19982915184
15231059308
17036910731
5847366870
17775511891
2448434775
5094154645
7801520164
15633416705
2414383936
4326261503
16448244668
2626280840
751287892
6922261543
13625403498
1577236534
11134169749
2052716647
22557034115
8687592999
15842684898
3811610330
5242486755
13326386976
12033473899
4095858229
576141080
11885181743
5890299078
6787194855
9466187097
19204459231
6138740256
9145388467
3457746524
15535110679
3029811557
18721747938
2860244813
8223117768
1419483078
20984127167
9279434439
4373196778
8830427112
22951753580
14465772854
2318573706
6766592096
13846101887
2107050349
10958944393
647016661
17115261014
12042795361
13512404795
7133911550
4167434711
2374749921
19710066360
11542523797
5198681337
20416817748
7624244084
19055673336
6196094166
5398497392
4796479761
15957523278
14201996722
5945998140
9016759800
14164758048
10618312627
3174751324
2503730617
3875333141
11079150444
12784708196
9879716442
19464633632
21560864778
523802973
6850238594
23057338633
515205667
19189393879
3220689416
3734255346
11761278949
20295550885
16477791768
8736008564
21698931639
13345665202
7995279342
9001820661
10713401601
5800774889
9468912511
10255671194
16725616862
5962269108
4049183507
6854903573
8494854296
8689268296
211745696
2401174882
2869049257
23711006632
2029034262
14066703898
12765504802
533482108
20802744185
4546938508
9087690932
19633468010
5390980536
12653752333
8055069144
22144933973
8970758818
16320253071
2737851161
6559793156
8124922700
20041616507
19214099512
1378052992
5179868820
6889162024
1348692350
3601654385
20417638210
12970260003
2084406739
586414177
5832988686
18145607766
8868714161
6464489939
4604304495
11092604698
1351995396
6442999945
8465537776
3098519473
6758284550
11945148814
9568504705
11762263279
8948225167
11992112289
7094336156
8474286033
313050976
1752573705
9782009057
18819705275
16301854988
8470381146
20788411018
1521051496
21259854773
12459181392
6825784553
1862065741
9552769845
2661559476
7606719246
15944729551
23139600458
4721283786
947362596
14974465955
8824512609
6060573841
3087276817
19617865304
1074515348
3808127533
17549304179
3573617219
16826413919
3440478667
7827274016
16506716377
17387569503
15674095368
15189705449
16124524000
8387170129
5370114836
8250296795
934898498
17975201168
8259204033
20716901894
19773814614
1120392846
1310073169
6640858184
7574168426
8199017958
21136190051
15403937319
17318169913
2907410539
1253594435
10528182468
20383948864
16855367593
16931248350
16200420488
3355406186
9871023404
19619101692
12852993448
3477269060
4742100264
15866955786
13698903913
8991343337
3937923005
1018157841
264344880
1455373832
11238941825
5331035705
13408145403
17296400505
13403940816
23103843425
12234349886
7576971875
2352656509
2767859954
15111366154
5789943463
15041341531
11564744819
4528762011
23274515652
8850207234
7624040697
12060058898
7356562138
8995001089
2715250850
11411683193
5028066330
1430949797
12047306922
7150353449
18949817494
12550211313
3158612207
17058714792
14057581574
2382513058
6521357179
4886244347
4513003938
770910716
5983500200
2692917668
4487579321
7058582851
3760066357
4944638654
9424971921
7459794864
7191703742
8964707763
22969476291
18173442200
14273983546
8976146160
7215231058
20610024847
19425266504
2537849281
5361221133
1579630954
1575283459
7309861688
74070633
8571157924
6437633550
12347666124
3314553295
21653779162
11132469047
7612408842
21838040339
4925329749
8851067292
14404126252
6774789987
16034375191
8334079008
17484698356
24114635818
13918830801
12921130403
5559874439
13525950160
23584586516
12028750772
6900752812
1589503699
20283175700
2240445081
19114997313
16324614005
18384855583
8266710338
10115425413
1185343631
23048948569
9216637725
7648360336
1997269576
12159010329
7437422373
19598185311
7512162333
17599781096
11752049512
696218387
2865556560
17827859160
13579061044
8216365887
17898212540
1404004370
3296834730
12263640354
18624680936
4861090013
3317762705
18967046502
23228350618
14515922855
23860553999
17504214024
19888833204
8369875215
1304370099
21196929091
3056841911
8992236975
6796282493
6980874626
18933520985
11056792203
1035578457
2408610895
17066450751
19956876642
14528124012
20384687132
6046397877
4695738631
9229282649
7685880673
8413870909
660101283
7789344446
4475553961
3470915275
7508797449
4419503276
11510034231
4099157760
844354062
15156307501
9852452742
2226359950
2622374420
5837872035
11208455347
8942815195
7428006060
13573175980
7619804604
11537313600
15050678079
12884971379
1869429798
18240411789
20148090156
14249999497
9416533077
2224328629
418670367
4857575227
10353820061
17772476553
9768596145
12121847233
6676642634
4807101383
11929550599
11850394131
2225360887
19811102330
5059419943
13742871332
4168703207
20069772152
9158974739
7683536799
7708333748
19615261216
15287509162
14958541826
6194018904
18205788868
5356238897
2090611377
1030513912
9121908684
5377628569
7258789562
3581783903
8730314576
16673609269
778630467
1960388144
7906429792
4403871252
397126075
23656840271
5459110377
5015578443
15255875674
23164051287
13212553306
2113199304
12318423810
2659655891
7315492304
8941881666
1436652912
13750519074
5360506692
20340731136
5977936493
16183053640
6473877879
3576943593
15941320395
3198280722
11018166531
8114602913
10171451551
2090995437
17289450577
11919612653
10232460854
14129723181
19489392415
7200276499
18759622695
3167704015
11249783344
10313227422
13044535566
24264594245
16773572083
4931353964
19579098425
22764097534
20624775628
14582390441
19258588648
3645046230
18266204822
5307265664
3566481106
1284092004
13697362714
54205245
10239225734
4448029839
1389473121
2176032485
16339604762
15010711885
710133188
5150809554
644233943
11706992666
3804958217
244764488
1498512666
13866902315
22465767760
12692588803
10298425888
18215545254
19114793403
8882241215
3938878342
12402445695
16434996109
7991175976
11363617837
533783689
4144316261
10421712943
17116252940
1678852208
21106977615
4963121302
7351414289
5183453999
9994091075
12561173013
22626453075
6071619631
8192917882
17329121971
20604979134
6093203957
3866867722
2832885215
492297251
4012968953
1884227619
4653811437
2601172505
15034567555
19516546253
1747598355
5345418629
321835739
17587976095
2973759945
3841590102
870365163
15684736486
20471064068
300025878
4101380819
15378850588
111010768
1992706536
2691886035
1286991160
6433874934
18658884661
2264632
1328867080
17904396792
13380143488
7161587262
10816691676
7788376637
5398664511
11653339064
6483204841
3511403208
9909737524
16926995928
9202507872
13775890633
13973415243
17906575519
8034848306
5700987270
12547964896
275754787
16403931265
16001327764
24486842536
5525431488
19416126544
21455823730
11607209285
5036945685
7785362434
15547302667
6387257662
8831586311
10008932332
20579025853
11632227541
6918210484
2563132499
12762904183
3822108176
7042292493
12050583074
10896980296
10050438655
16405878357
13966217385
4180389524
2135967748
17876879363
7576227648
511689557
8546023394
15994967153
13833729128
12985701295
18932253460
1098276881
3123909837
740222187
9911593326
21949755878
15602540346
8147424923
11332850046
18568142105
3328296796
10362854053
4290373048
20471856798
11049831406
15851565556
7808486399
19799060928
7911812870
8977097539
2387167142
7649554526
10180361253
17685316345
13513301796
16530745792
2206596006
12401248716
3787530303
17232207774
20844747730
23647612824
1018552621
17467971847
9684252603
17743142203
13661559871
4069364133
6825710766
15413812235
6684134217
22237541116
10280507448
20601981283
5182376703
5227391558
22665595518
1842839086
3493851141
5287307787
3301379712
7680443934
14107610581
10567703090
22520970687
5997471233
9460917429
13776867916
6125277616
4845780422
16929160459
10464036366
12595217687
21097642669
16424750534
10902479737
6043913593
3556107232
13484548336
16591132235
18182270988
12040452907
2252382280
10025299970
9110954806
15624596508
6526158830
8646746805
3668237325
21720589771
19771709115
9902725954
9052546994
9630309253
21358432422
8182188363
12440034960
7150985467
14938867230
3820003388
1089522037
14268007863
9244076440
5254743233
3019592131
13958930088
7403485386
17043776536
9503679537
20615641344
6273170801
9454517297
17627934114
7776247175
12216998380
3033606487
5906491023
12592756675
1628372718
6524453217
7335130494
10158004860
9130160066
3823791937
18974859422
20734774578
7685703364
13665648406
10222903221
16272320034
20485502440
8700777627
14690609052
6027214403
3683784677
22853943773
5734361477
17582482203
3539188430
9173185042
11531374660
12165068326
11382227343
20587200263
11556146919
4817256323
20827626605
4762003853
18888313447
18909830614
4290239903
8938997198
4359741675
10561052935
16260128850
7702386115
11693171302
14467073441
12518435921
20973363209
17309883979
1091258164
17064537290
9114537844
5417367269
21653839903
19568386715
18903884945
5708822663
20824625669
621034439
15203717643
7270858624
8599902362
6273943587
24605095608
13926698841
9110309695
15653983507
3626222742
16125978950
1766424595
14154090797
6576285072
3559096688
7470901536
12045403433
10749906450
16690860663
16009451168
13206697548
7571931433
1778951453
5383240598
19217289386
3555497245
2081670912
6432432435
18611538122
14628599209
6132123598
17723264606
19689271208
2182758195
18017947438
11911322729
22249107273
11366005098
12682537342
19440713601
10226210797
6019352839
9318867292
8116861583
11403121864
8903114845
16312888898
10324835860
10363382300
2147405368
20451799819
7161629157
5677317823
17813311205
21135497676
4310527674
16168507319
16334264946
15046169360
4663572999
12551065404
1079752801
23419919900
15437527310
10645522848
6510677429
10807061979
5419953107
13031055558
20021693339
5814785584
4966130504
3365971992
8100654314
16303207393
10133261242
4580156817
9808446800
15388949605
10376525871
1428242248
12638730822
921689543
10701645573
10007016700
3305693591
22495204797
7239865674
71341771
14677193026
6073990505
14153886020
15830036644
10335621178
5162142373
19664434982
10225030891
3321879838
9305901860
5935235682
9482124627
23118519974
4691095613
1612042522
6330861391
2305209461
21407847547
12147584240
6301593235
6320367818
8956172960
2394652425
9045709380
8785297625
3849803650
6337972167
12063861677
14620527142
8467046598
5637673456
15225651474
224230577
539544442
11224058252
3072251615
15615875925
8075535075
6119988696
5191982759
15337093153
4043408772
8270628332
6393340194
1931364935
3345847324
1734009427
2408975500
22667485174
2741497955
6901495249
11180374951
16571862877
24058358353
9995490612
10373710559
17916592517
9657273342
10551043629
7216443015
4347707479
18483853981
17400076736
22431489650
4634994193
5606311361
21596696110
4941473165
19353430194
8790604317
6240707230
12217124082
11371316674
14862293444
654798973
1518469705
3967979591
12535716674
2070674867
7410858294
10737018116
1831995376
7609017289
3795640376
4543159812
16824835558
7833630179
4541821541
10206645882
18142610327
11241095707
2270298331
17881866041
7961027969
12433477485
3356284147
112394318
21471525062
2951800138
63933696
3850542586
20485982803
1525087906
5319662701
20227177006
1487729349
6749467112
3960695949
4293435846
18993594159
5256785564
9516914230
10674444900
6060834715
23432391030
5253691565
23467211880
8967257190
10430492222
18137491843
11113697562
13840387237
6244416533
10201796498
2491611361
5206671479
13526006920
14271351322
8521022549
1462239018
5808675928
9473599029
9144773473
18242438340
3443879599
11585858764
580696352
6180077675
14538339733
8198644764
8134068646
20774379141
16063930156
19301254164
17002658027
22418745006
7981431128
15490118225
1904919434
13342947414
7319164053
17450143704
11115898727
17904539769
1846233146
2811764122
13203991248
2666512064
7892975434
12620980620
16059066088
7640090375
17265195157
18414340041
16067453778
4626339579
18326204616
1387758378
13456212604
8970245112
7051033743
4799985245
85537723
13938156836
16533604165
16539010638
8099843745
9027162227
17950859040
16023028373
5565559518
9379605386
8856741081
19654227070
14436145351
14195456313
16498523541
10930461414
15680842359
1680773606
17051322620
77395957
19312255200
9207227598
7357370286
1309185980
612164039
599059123
5603881580
12134128052
4583527442
829604459
19586417896
19403201510
16944913984
12023605265
15688949501
10935616932
9971719582
7636612159
8870290738
3209575752
10268082552
14301092255
15013243713
8616419665
18579845563
6944493889
3928570761
12991327234
13876907156
5339234063
16424995368
17279033171
13964416135
13170563217
8248543285
15236271966
10155353709
14319250730
7516307039
7772405811
9081313085
1874908156
7028300001
9798755719
1104733318
16196278322
9574199928
4801182992
23699701652
1176838324
5273514525
10309256193
18950341259
22300572228
7510238130
2137509928
23030435958
14983220279
6491777734
11351436199
4374403415
17309628745
6507804005
21883266541
4074603302
13625491572
8533837179
1828619871
7491493782
9865732237
16980162839
5797494741
1901231264
16245796140
18214957261
11381884590
1826409355
9573614414
14946994404
22273669996
18063484589
11208235249
831462123
16721148238
15365159421
7918069443
6274264902
21106135520
22166501399
4857712144
21043541444
19048314056
17506378308
15937097373
10892831964
308611941
11905054998
6449053838
23693152807
12798025316
11348914521
4254807441
19057107324
6196352154
2278290278
16310759361
4174149865
49021823
6261667497
13160240648
2479457026
16356754967
22350984809
22390903996
9871970537
5295476428
16246707212
11611743918
875618425
10614302905
15364750982
9544318364
14959148310
18348449797
843676029
9796552168
16637429014
17896065277
9781217949
6043599414
15081353927
9481671382
1543898259
10980304394
3289969158
3667972418
3293403279
23331690987
14214133983
18055532747
853714996
2810875194
7599284311
8085212389
3983906878
19411692025
12178539746
18776942127
188066216
13944680349
15510848941
9829236179
8276756985
11943378548
17586669919
22335579900
2275056497
12272805531
13161555056
1841563732
18638533341
13403805814
16994027133
8912611352
15389258682
9092855304
15081023858
23628704065
15849653284
17504519001
12984081136
243522210
410325749
14183822152
6371807900
16899118226
20628476327
6962566601
6138244723
3278135370
10334576207
677055436
5239477351
18267981638
15907432745
11049191899
14690658976
22283042332
1388234005
5315322808
17920867455
331041793
6165333610
18920989462
9133252555
15966331837
9948810271
4058874210
19897540294
5799120927
3993263439
7547884223
315696799
4861179149
15994748192
16280313348
2642512123
9392213733
2783181534
80093590
12316325273
10825279743
9584834993
8133424947
14883470254
2853656774
11071239397
9121697352
7177131712
2335059105
4795850473
18234719249
19350089317
15259557417
7154546150
5335230898
17194381907
14507359367
6781498321
20277599676
8272527391
5950520546
1595315955
1007566207
13519167003
19350658829
2521983865
3028599211
4820758720
11385016981
20317569396
17570850992
15684231354
13414515740
21145416575
7237466895
7545255112
15156643981
3222236982
1073261687
17277182099
20782247716
11409314481
5723024209
21429276530
3315190716
744407136
13463290333
6314505992
9322065541
19457839605
15691228809
12904335549
9864638588
10083217022
11193870460
18883453069
8678038135
12327582148
16924949885
6372589715
5571682424
7323845255
2924827425
11198442415
8580127174
10031166490
1217683203
11216973100
861345958
13700629152
8751551499
17811510365
875670064
7490225625
5863011403
3561539219
10335950904
5700524933
12849222983
7511427594
10624448047
16286638333
19798962889
2063987334
10240302058
17674737175
16170291809
11653799197
2659058008
9267674366
12890905621
14852102459
1535410443
7850296789
16147011199
21903980839
19425105171
18949360001
17136935621
1705954094
4001103942
1353572273
7363151654
16425121072
10091892062
15598315780
5891182070
2870799883
3688015683
13477818952
1839722293
20542504437
7245716801
3010029805
1840865606
13615766621
10427779810
7042782155
20909228344
5098245434
7518538475
22647288666
11197322454
5392092381
776209538
13625150712
2188394832
12806485591
14732705955
340452107
7521540877
18525319834
1422343513
7933794870
444230257
10816309763
6121561556
14786555538
10020064958
18473369353
18466235354
1177484742
3664380460
13582679762
13102367956
4625432929
12177827885
7212308445
18695458666
3830728798
3625680255
14655079457
8621320055
7782069968
15925520831
16653194928
11545660591
11119332298
17344116292
7899328771
20590293621
2267838665
5578677804
9097874200
10838798501
6830999640
4932888346
13423979447
8512056302
10417045608
11426177755
14603165928
14165540832
22782332508
468060920
9760499765
2645167042
2344065141
4687063250
1615430271
11744280665
14616055153
13287519509
8781998002
7957619010
4449487651
12904566139
7935396173
11908004571
7487865831
6281692270
16670282652
20314739501
23227409557
4525635702
9584160813
8993804306
16139840274
17489506540
20688647931
12371240927
18263817012
665697649
12527624329
7691576419
4553598776
9343587118
23191973559
17056567034
1552899743
19714652923
21564347221
6447861813
13344356471
21104291583
217474944
15482716730
7766554921
3085581434
13224512999
2643164562
15113914963
17289189867
19581776810
6459012221
8984437361
2110987743
5885050691
420203544
14497052184
17053897058
5028286370
1204622384
5750596019
5640996458
22061614537
11809400736
15353054080
10435468528
10188929378
8728711788
22059546133
18587527275
12705831541
16615001491
11180275281
12883856058
4971507041
288235059
3840580767
9489292282
11043021174
4832529309
9526745257
20047380137
2961747568
10968878120
748345846
10787197506
19834846551
7451453006
3465678371
23692315919
15499461054
14932699154
15145055778
16366468141
20470823694
4094763184
24298262441
8130591959
16539788791
19046968887
6435915074
11119347499
7098002130
6206945936
14563229855
1163829106
5650900772
14977493222
15847593016
15231608872
9646402915
17893133732
12403027657
7896422313
11807744671
20445099714
5908671684
12850984819
22312693304
15240616634
20877746830
18965166951
5610556027
431370325
18476492329
23909826237
3576953098
15814629020
11042322845
21559249144
8921614170
7396468016
16196266378
2563275879
16456004642
19617910480
16145846516
4927706519
20650391752
1436662578
15110277867
10313227422
5909361287
19613920798
19926287990
8382545571
9889426834
5769674929
17566373405
5499063491
12209699621
966155462
10880375682
1259246888
12650289757
7341937571
21452344964
2394821142
12687720362
2968314574
15742216990
1069907050
15669803327
3849732108
1260765511
11883203184
20977282451
1483632773
1305393079
2305866042
6027457229
1035299162
21504078902
6584439470
19006635112
5448574140
14033646314
12643781759
6005300072
16172127301
8858068514
17379844457
7807287534
1487357244
2281564715
14889076973
19117818551
5391808582
17033635016
20194421996
8818159126
18693128019
8793305765
9337986914
14391056794
6998631449
24024374537
22659075280
23072745766
2251722836
3134095925
4984396290
9928180904
3620141629
11109340304
17950326549
13489782076
9088585913
1042675974
11293626908
5445191923
628058575
480995465
1765592070
7281209839
3981329869
11591016083
5145064897
16657049866
22998977339
13199361878
7119758313
21449688728
5352789114
17463721985
4856085757
4587129233
2842810950
21152735409
1180889847
15285390396
3901901687
7687307716
5732532541
4582390935
5182797453
16657158881
18945650986
15995582272
14184114283
35929718
978773019
6662499005
17588206849
7687447279
9281693765
1426927719
21464392736
16210429229
16495326611
24101889909
778144204
3213604887
251620395
2620371815
12559023767
12194968675
15620554947
12902762220
8222653070
6174816649
1019962068
8214830201
13445590485
12207302633
4847834416
19556923689
7840846688
10733583907
19340424689
7013100114
7355042470
23696597223
4024578708
15403955299
20775363555
3040410860
15063426131
20074781525
5808172354
12536024579
14348429666
12923685893
9682020122
22702556988
6404326741
9097207561
13333709341
3588228735
10669961273
1503068074
7087971247
17501070471
12973618198
8954547820
18794865505
21308767069
8146648756
17271763399
6276288561
21447829108
6670947395
5030349134
15410803544
3065316718
14372464662
5181830726
7702386115
6112076754
17000844992
8980192052
14576686429
17972974131
1465103052
15459714211
11954022407
22743238140
10387588144
9942865777
13691074850
10180004797
11985182956
1312865777
6521458358
1752216741
19459883072
6092912369
17978980722
12716885312
2420720112
13990488112
4557727560
4109814677
11234848120
2251193120
10262965802
20290082050
8287042272
17244696737
8343551651
8047860926
10552920175
14971139368
12489719012
959568023
985995845
15039545852
11272729754
17955040470
2565152110
15158464668
13879909991
22363452810
18399931408
10491920377
19738264460
7027706560
14324910115
11024704600
13474029945
11064631483
14863016344
14174326530
10678824634
7521424406
12122528222
22086572915
5037399440
8347907309
18050974922
183515798
3120261217
13078109070
8953532739
2576721452
4053294869
11482854136
8362591466
6519648571
6890277237
8080932154
10073740399
7472497609
3165950832
2531899366
19048076967
10312635007
8406660397
3611255206
11977962637
12717233213
9769868301
10152571187
9545589908
4979554310
3693879148
15861068539
20235413135
12461975836
16497974093
18287356725
6930707590
10124813165
3841878042
15410999807
13249350422
13209918177
14695542891
2574432154
7924646477
9581374193
5743001233
14187975824
15943906438
11805068695
6091922880
14420016034
22738620882
9200780130
15549228000
13088359585
11438341492
423119165
13425599964
7472994020
12258435645
17805804992
15594726743
5048387172
6447120237
8829375209
8764047966
10282552285
10136575774
9559592606
17710599837
5254658667
1827796907
8516945055
9966577570
1583104718
12298965833
65528441
7663641065
15349404076
7138399745
2979818529
18260432065
20328105804
4925455192
11830295485
13863217394
22500992136
10323781635
4827570665
13317883213
20398649675
5146167215
19481475450
5446328832
12434924520
3540278567
12058780273
13651695859
14890131844
15017318163
11030775253
845600052
5480758741
19882324399
16513266442
7471429812
414562278
11804913127
22499941775
7471808495
14684378852
13537516578
18121496217
9680238139
7410402997
22837195848
20227222674
6761313589
7890434513
12660324795
10102323184
2229383101
7892062139
8800410177
16387182591
1625121219
20217852818
24333990797
239506832
12046044796
13708136012
9503553263
6872685007
7962224940
17489490925
3123421264
7470099731
24527172145
49209324
10633520315
4619718452
6937041475
14160783194
22587828854
17795928492
16445889762
5325872626
1912458500
19072416713
918458210
7789973998
16848716601
4939091517
7748293032
23714620497
20837958375
548392989
10950428640
9917703875
9008100011
8957443196
9688612902
10332931316
2808205852
23477817289
5510142962
13762799040
4612157406
18655916377
17674161158
14052283395
15427843233
20216668150
3373458771
5244967400
8446113056
6052116400
20282697747
6720333035
12405019114
10255108343
19419119567
9117690813
4154455733
15753978060
15130696486
20054112536
1354848427
21337353445
6232091572
13031479239
21381169675
8942619922
7176639954
17465052222
2229498706
3566398894
4302257164
3124126831
6440861518
16712654205
6291021636
15160142352
14904456255
5598330077
6839864752
11936912697
11739659637
3625967578
3811765286
23096216733
8629114712
5165863435
19584895292
10282969913
2193482543
3395018736
14156807009
8392145744
16799107105
16242693202
10246608063
1637621193
2248352989
2855912110
3954753000
15804637800
6125297285
1189606722
10223084375
968714803
7978113206
3190435803
4592548025
5189831837
8963641629
6613085937
14366931573
11049373393
3321396968
5793553454
16921136076
20427711606
10617479127
3837952743
448330930
189308576
9385835259
19475019571
2709658991
5035370014
3588196637
11696379519
13016201376
2453337993
12246366460
17679220704
6167071125
19814372926
16533587334
19062471332
5106022756
4743765068
8887924371
10510424465
13577440890
19213708875
22060625037
4898826506
7629196794
5788475792
6974885835
12397787107
21895812611
18350076822
7192044659
7783662478
3599726238
4096440729
6559488347
21995637301
16651266134
7882211023
18582588956
20308744878
12117728131
13775579280
18025262431
14683132540
8619482408
13447615019
11013330657
20285446091
16172451189
16442477576
9373001756
15591945729
6473007039
14459767623
3638232514
4113681702
5415340248
11284236447
2318008775
6996881394
3588228735
18687295220
20924587386
6526702691
783987755
10438215508
7788227422
6533307285
6441128165
9278924877
393954002
6685655483
17788294476
10636720748
10627289689
11355368251
20209417931
17581901056
18897869276
10701001149
9602992388
11561950844
11739041633
3370075882
4579520151
11523025185
20737833120
18245996337
14867684686
13418232952
806241326
5440127532
8854092608
18516598018
14173808114
7183658737
9061752055
16009639448
4171412302
18844873143
12848570073
13503572700
5927408446
16169544048
20104813274
8649194833
12889659441
9813711610
4371621454
1259067937
22389978605
2644102852
212137225
2100537370
16086501778
7809668459
26018541
4566209765
9058963766
16906676398
20533500148
20870177805
18808982450
5185360573
3338522711
18104969670
14939943851
1982882001
18396567058
2304469830
6075341895
13919544334
11196652084
16503775822
3753940604
2142664204
6583623480
7041763763
18992737799
6921673379
20489829405
6578315213
8413984330
17103887718
5802805344
9101077814
4538640406
13505544997
1206460329
1790926320
12419650553
15831794155
23630328930
12693923948
11352471336
51315968
10231894193
17392759073
10893424260
4392005738
14741899355
17078591228
21893128478
2955103389
8487747877
9433251170
10501770094
15599882316
4100537647
20404036205
21776671654
7377875232
19602678910
18479991875
18206842485
13455615999
17463784149
2385306821
14404343108
3449078900
5382444426
3298780835
10958418589
7191589375
11313537222
5610993443
12638139068
15288055397
19726456993
12097524077
12520978359
23392636577
18951850898
11956180603
16498969018
11367585745
14141564127
9647094715
14173040511
10876426773
5392450326
6778044770
18881543854
15873112732
21695932901
17049714142
2664543736
3822108176
2230477861
787847076
5363739629
7310857579
17818076456
9234600361
1278903456
2682504793
5330964102
7745671660
6697435726
231733028
8320029024
7572362440
21403658989
2765062560
8602153343
10323052832
6742544033
3892225421
8662893712
11624670030
10059825423
14587349472
18932808947
2015351765
7511126659
11022129966
2323572007
16281275343
5461867510
7623940585
17320423974
3574235754
4123049829
3786692337
13718757294
13294930428
8272266475
2112013065
8807916937
3826085328
5871495289
11989519234
2277932277
4597169568
16728988791
5566729729
18174824331
15213531001
5097435766
4513194266
3184931195
10967448559
14371783187
8288649251
9574189656
1522724027
6829500510
3840363758
4026146982
19519767970
1641686641
3110522164
2425296712
10729519901
151076565
17518314885
20289990635
3090354327
11347596257
23205993670
9464177292
9010182726
8910009082
20305824418
4485477293
10804774091
11888291400
3367296466
8943804567
9561141508
9864638588
23049995942
24022495431
17222393996
11165834902
2040333098
12267952110
6574283208
9839510703
13759248929
2290264633
6317143046
3780109518
12878543498
13154424054
3059121007
1395459814
14697465392
8390109521
14280104080
17725506986
12926975367
10572283402
4221780825
12807904950
4213252101
18442793873
8736424881
21634977180
14617710999
11853216667
2829444691
2069678171
4532331602
19766632323
5533833951
10679686514
15032402074
6399665591
7318708191
1507431807
6599668157
12670201812
19035493091
10604789226
8232887980
6589426472
4494256099
8162108930
2970282291
14008030545
8258171168
23498945043
14306638158
13533306571
17517383615
12984360278
14398345903
17583056964
6151460385
15544128613
13433191258
5073172692
4908932048
11515240324
18201362124
15928418043
6569478263
21571837283
18627281350
12639007212
3823332810
5519683153
14190588692
17206741529
21085878386
15132298889
6089537459
9130101548
6931546583
8733278537
23210431071
22443781381
12416540941
21875507475
13270521254
3454104717
9810170876
19334958336
15830203181
17574804569
1791820687
17492855203
15021836057
2502768535
21342503257
9812517771
19742883022
12103848941
15352431744
3654165612
16760121501
3663333376
9333204272
20428624678
21550987715
16613452645
15434671637
4649252031
16560908777
20578267869
4892640977
17647364921
21050401886
15868891293
22808011420
3659373282
18640236342
2752216503
12697609851
21654511929
8418393372
11805302978
8394034395
7658748557
20169367014
17697240388
11271233667
18675650769
10815713612
7661734105
11563164468
6105315830
315696799
19482547385
7445029701
23548443281
20727133309
2457278022
11729337049
927534668
4096819514
3064748097
7594128857
16543818286
13820240574
12366539273
4807101383
7604942208
16108058008
8445364190
11047222577
16203200273
4734842781
10402006910
8907608417
12001501348
12829551758
684089699
223412713
4619661201
10179690178
11838585030
6322171720
20892052710
845603257
13937664652
749167253
13167005063
10573103019
14737247786
3797686532
10049838749
1427429970
1948047550
3355835275
16498139014
9760021795
14128126527
2016533356
10875718053
11152755180
3474016814
5356477993
5549800208
9832979041
19228117037
14027660838
4072666818
10739419628
7810487349
6952903654
11230572217
4402203185
22080408387
14926762543
5740729427
17759476789
1813436136
1702311410
15100757217
11519401696
6613869415
12298801620
14196265331
8891735631
11750056120
16852731236
17001152117
11726057044
2256931667
5336108199
21098201391
11551418781
6897775185
14676320587
17063122560
4873104919
8368703435
10147222473
7182928830
958662450
3355657411
14714627846
2822680448
19988145011
9723618619
14553136827
2779637005
9298737845
5857923704
14541939135
15726745933
6351874424
10983807516
7130109507
4057117227
2742821534
11506936215
5515866688
13875991036
5584419821
4229068161
12675305313
11827421830
3700455607
7731385501
5814346805
20366178267
4297025944
10915717145
7094775831
13031016771
3893446524
23144046382
4536711248
18687763091
21656558318
5696848121
5008676888
11202010577
5035825447
8459224115
2648253996
7619571531
20160013956
5111556660
5118639802
22563601288
20161283522
1694174603
13067888640
13468120942
5029348435
2383736679
452815035
16047772870
7800437141
21854264121
11844721094
17855850755
16301416949
22271657810
4834598097
8413444417
5517743982
5256375356
18739951187
6385174572
8443355396
19875888296
18050036784
1317840099
12692583554
8047102816
20897129842
19674213586
7160607512
18173470832
11702494979
21727102332
15214918020
4465117553
2383736679
10458403173
9676565209
10143978745
10185362680
1680645991
10076382345
18878369085
3797739386
11078752824
10694204314
10222669568
14130363547
19290875697
11272588733
7694791723
20821527200
21799939769
17078559082
13573130481
19519648554
6545799241
10773205648
12028216470
14580800494
11107809083
14106844064
18447391134
20873744249
6924508317
14651626262
21878580422
21780357204
3026770261
20544642000
17568834775
582608004
10176283577
17384516332
2225333455
16170806244
10090692831
2082614136
9623954272
13169032998
12234846463
14122250427
11538118607
13679152927
11490552173
11937302226
7773521080
10642665493
20717055989
191098718
15111840515
15655859500
2194211257
18100118714
19791180688
2140103657
390526445
9214960347
14534032522
16502460011
11099721715
10068246517
3624186885
15015642768
14343191641
494107824
3435117707
16333696946
11324692688
1083543861
6366605970
13554452778
16129952909
12180990020
6916539516
3984902200
19347162932
2378419907
16617463102
10680044966
12506619474
7409933804
14718450643
16782779945
539869774
6421746127
12708261662
1561955178
9566262877
18595278379
6865945138
20973981382
7796594056
17855028511
4596285963
16904578508
16429111816
6644258138
15157191445
23091928883
3995704948
2787878998
13029429381
800850485
20380814518
15289621389
7390929563
8924028344
3701846191
18493221809
2358090746
3966407160
23790767942
8365947714
5285475798
20266681540
22117337979
8612015827
14319571950
20735125752
8894928855
18647999376
11056272460
5283328925
4917571244
3719296766
15713509599
19189121925
13349937106
6922431536
152396195
2907193126
19729140969
11895617826
5141269005
294433237
18876159705
17943937404
22950893682
1770083639
6801192389
4630953303
10282162833
14775483592
18068940699
14027660838
14958718162
2958221949
10674142646
1480254106
3622049144
5231665869
11049614146
21872658618
7032936234
8517952893
9248461662
16553533506
18285782284
498514648
13558645987
19555884483
15505096104
21232609189
3538694347
17268775634
11231867382
10457697629
18715881946
7963407096
10245108910
6659317509
854991498
22624680123
2760496931
11999100777
11702789439
2834801215
3354400763
23037176331
7090488224
20306579912
2393232548
744966777
10380048057
6289189256
4592459774
8835358953
9538678486
20356440983
10368739061
7149622915
13318361926
7011746805
3190435803
19803186994
963094974
9312843156
16640438793
2696942557
510035340
4198783326
8365613556
135529734
13130392957
14246860001
1602419927
15620164099
6223440051
4719604101
11429218846
16807962432
16456978130
5162319089
1970405993
4783983830
2409907320
16068726424
20272001526
13109474443
13996913636
6512985971
16114643259
15175220218
13833986470
23620610791
7570717892
8944916969
9453232622
917487928
16836292555
9143547690
16884085306
3468664522
2458079372
13405354434
19422314156
12535244074
5646453806
8765939346
10382941089
4090824930
21624560992
5072779847
8248808429
19460650496
4675171167
1484012172
792211211
21884785013
5523792268
682454916
1427104976
8585836922
583093936
14077637327
9129075133
4279310918
11242713118
2131202272
4549833719
20307927610
19359732522
6175447346
13462876019
2895338895
9950233254
8036151728
7636363493
15280173564
16866810997
17170876573
2659782610
4299891670
12044470372
10612833892
16273847703
9972174849
9015378646
18123841865
15551024228
6960098687
10245970574
8873519987
4541439621
20436341371
12618400327
2875598445
3661247969
6713458099
2417971406
3080979556
5685306207
2545660145
16477712964
1078911032
9118966980
22905688512
12731994178
10899767280
5542156344
15951418900
20228759271
1740771116
17519293536
1701817610
15983389793
7208957449
14346337644
2951342026
23837993254
15661620791
15669850186
8358759019
10463405967
10856018301
18466697390
4595464163
726493353
17402110184
13173335888
8381764103
10142896727
10288789659
477935434
19254392143
17652519173
16277732398
12703780077
12493049250
6147332325
16140295517
3638015189
15510737169
2086119894
8049449660
15059649298
18504555170
18457786750
19400663
21622442371
18191384110
16908079968
20539786440
13695250481
8684992302
20559783375
11643758003
8933821185
17744960385
6527436945
5609513527
11366772436
9355875422
2135975406
1712447767
15177563097
13084537650
9002144713
15655520873
9811582018
19841104457
9278619740
16985438030
14504380646
3849094364
4024993498
3189434979
6039358511
17016619398
9989780591
20219331670
9660409629
1732210691
18309932803
8870676182
18510194025
14535298610
2422009233
22161451149
2687890969
12023930136
15508660788
6298292015
15675457840
9059583775
13271962593
17580199220
12891801162
2635917139
5932933580
4993622058
13508549007
11594925320
4278786625
4074980100
14108287137
13542418248
9724483578
14047182534
5586124919
15505775813
10406171035
13319989518
19253382872
11662317643
9098080162
1304870276
2848450056
1703874521
2511672988
9242515828
7721585031
7584790030
9689342069
10775980987
2987908980
4189545590
6557846920
23146167965
3957068283
4843309256
6448849717
1891003258
13104162825
5554918003
21836068456
9744361202
7758281250
7466520658
19503671773
5009808005
14803947870
17037747779
5768635681
9433315838
14442881007
10429581582
8073049440
3131824851
11650584268
217769579
12919205495
5942485037
8035113387
13265910193
8868830957
5073339264
4733601129
2798260824
8609115083
14442928357
9928643699
14010556541
15156462557
15252023912
17436705845
18205321496
13581278890
439760136
4803435983
11553451884
6773634582
6473072962
21419604396
10366104142
10904986235
7199238527
12504652974
21137333857
2942637653
11425589234
13574183404
19717077876
17759855310
8784858715
3863038427
7577929433
3599726238
13893370124
16403126228
5769336830
7942523492
8120237039
6377908016
3874224266
5030943549
13181620438
13097180577
13631416421
8951972340
13066472941
1640486561
16262914469
18605596024
14978174793
3194211650
7315742208
18401792306
14279017019
10076769109
7474184382
859383992
3061758968
23949039221
3965762941
4293435846
18804614388
12164430529
6140141553
2835411530
5874795960
12750990219
869255706
5180522823
18042959585
17780546969
11389210994
7342475060
132035019
3512837695
12509585324
1509522771
8047191517
16589169992
20595309483
13447918317
17116742846
15992585724
8567017372
20232871362
22018867939
14294283784
5096613755
10540007680
5162525809
3608580874
10323844425
7638150024
7644743653
2567751692
9303610724
10634995883
16556218676
10667963104
8914231671
9119456906
21864161105
2561391984
5586516671
5231423183
3232849310
17436705845
16197215187
8063559815
2641296937
5701891984
21574717269
11901081311
19951535430
19896605164
4257456569
4191604924
21525565744
13034525507
18351562438
782107714
16807499240
12823351042
5165535095
14803321296
19595874697
4077876537
14760096391
4483545743
1189669198
10430804650
2695749367
12656542320
23416536742
1866048030
7817629956
1242993011
20732424765
19901946045
21266039135
7148684138
11967359217
4326014479
23590477935
1484051512
9292163721
13084403297
22257526499
18076423709
4508416366
16039479334
16734853894
1385541047
9034394783
16046266055
8678199316
13509038357
15434064918
18533329330
14043779113
18996166953
23494280756
18821916507
5139729150
3170510661
18251797989
12289750551
11599267766
12387298559
19081138421
5929119113
6211997182
10598957960
19815716129
10464957701
19324784272
1196665436
21086992856
16079712010
5065974878
11791759326
6294856777
15230111200
9762231101
6175327105
6441290439
12718812158
14923249718
35603060
24095562019
22840614113
4937600380
8368723711
4059187446
8719303261
6212191185
3236518678
9132027777
519245899
14727812022
3026709469
13768111166
5536062724
3869889014
13893117042
16024161975
18069849628
21087876092
6031541618
18812571581
3052085175
17089296109
21930919324
1913344298
9156490409
24163556177
13298146325
12082217192
7812844998
11344204189
13095997222
9996372563
18320465141
5374638258
6380513631
5058116508
15896808727
1782235582
17037554550
4075812246
10639482425
21215583347
12340028551
17934925401
9217859593
15050010224
2833898962
12737037350
3844037914
3261128590
18342694200
19664594699
5204670791
22010587975
10173521044
6781412574
11343884475
21726083882
16122743690
8381342982
9330110944
19488321596
21898682972
7089829012
6994043346
3994004379
14392973939
7275991939
15774667855
2964381324
3903295561
5929410204
19730317224
2251626626
9153715096
22147629477
13604947089
9478047532
834150287
14370076128
18174155189
4589690950
8476979103
6299324362
7579174297
5241518606
891438562
488047580
3280953747
12987552971
1018019731
5573099513
1396811105
21554393933
1612793793
12232768214
15822097060
4579725431
20941900677
7421644117
2726414860
12668165559
3450625410
19915777807
14682182852
15798610739
13163536834
13200539172
8492682547
6516116845
6245927683
18111966998
5846453721
18509317043
12855166307
10448375483
19358191049
17171520376
20720947421
11059900680
492408840
10099618699
14401675062
2333942218
14353509913
2264786133
14307513803
5517750609
16212802238
16237564889
17067480222
14829237359
13387738317
4062127793
10050645135
12453354490
1090378794
762722246
12465470405
12367592218
1671446052
15111916846
14702322415
9478451563
20731483081
8544974642
8300391289
2265685770
177822428
5980413364
15118931935
232633185
15444224097
267258967
18102104187
19363170456
6479247500
18772808634
11359112258
9773904069
9463326738
14018697272
14354646481
3694080875
1879152877
4078811869
14032869519
15523130773
17319053769
8845647351
19469534537
5445977817
12567758164
5592151729
5734569424
4050797635
6148356314
20365436277
20824678426
3760148243
14955624913
22889035748
219524606
9954726019
3830633015
9540768847
12916635320
9269089689
6038442456
1600040101
5310868977
4322625922
16247808660
9060458040
6313117489
6896405481
14918300795
16556218676
17964029927
6457034890
8260674795
6568953317
20681852238
12333028494
10103926515
13814014909
17793285922
9029381722
548384666
9698396830
21140717593
20321793039
7271221019
7687447279
7902762710
12160545888
1912700946
19943418633
3085210905
18687014337
18072039880
8629261075
14511154319
16038326473
8322687317
12492723968
6946576119
21918473176
16413881207
22863578974
3135099759
2855122268
10495451570
15917473917
2561796320
627296262
18890478888
23967991677
5515582020
3491217241
16039412142
18352983371
13627980610
14016246455
2206596006
994031986
22570755326
5241570814
18929908607
18400668323
9847619746
7361414280
13554395148
20415629366
17652820649
16409918818
20329541841
16577612438
16327157216
20570854431
14609465422
22891153662
15643619923
3107634429
894885180
15158021774
20024802091
4638727611
13045473923
16481910752
11713746807
6002484890
10573923537
5136128283
10141543809
9121199197
4338217793
6849586811
4810868398
19196235518
2852763970
11242470812
12129626841
19096733893
10818245076
23282359324
24537188002
18041145268
9679438444
9583022360
19010674355
8746992310
19669553658
14663619402
4584239055
19721698831
12018588046
21182051011
22041013478
18862039628
13768891522
9144492711
18885782872
17933154335
8434497526
6431530205
20611761261
20369551995
19555835825
14447465509
21631014084
11937085781
11181977123
17479610600
17533359286
12966420340
17224186724
20265998374
7789781300
13078216975
4441187296
9851954961
12329667654
4447964521
19271197688
9454618549
12390654223
12334314492
14820172564
12985124652
7734386135
3626485741
5507829215
19253671073
3271805537
12902754275
18760600708
4100015310
6453606175
16989302396
2667449050
8203741576
23043513810
17271809014
21377317455
3494410176
12813928039
23193325403
18959397646
6983867159
4941118053
7295642185
14225122750
20717579826
6901596077
533197120
19534862086
10267626459
12829210971
992338363
11897941006
1708438311
9989566472
13671368235
9324062345
22872629251
18226438022
11039917651
8560266369
3134992748
9598296549
19777419903
2906987452
7065034619
4766101601
2207280702
5337830090
4084717500
20757580248
13592846749
11536030543
5701522673
6585330943
20263489991
4057178995
7096545922
2254459586
20127599408
10057632731
7347893678
12497241634
10642665493
2997970195
4723449937
8639864944
1720467187
18120807311
11966139170
19586948572
23148685268
4897621995
6444791924
18123115444
10684689092
8856568192
13104195476
16083110896
8994325694
7511099842
13145346563
15479232305
16197320755
14059769718
15132078286
19193200790
877326140
8175391645
19115824858
3369227116
21596142903
19270348388
3550473381
13237546317
8656579069
1794777712
16985996358
3565894518
7057471732
17361560042
12882072131
14274978354
22302174243
19839748754
4272534634
10170290202
1767645203
15911344031
952927875
19224340517
4537396921
12904856062
3617718350
947362596
7925023562
11147619121
22393832403
1152470298
14537848156
10417648034
318662284
14478822357
2348943904
9238348277
9588324803
14255050060
7619035015
8386203724
14127020633
13699031151
15535720192
3272075326
18745482957
21796453312
7448745888
14358084136
3555780791
1678420098
959568023
23959667241
9357193533
3086631860
7673347224
7751460070
2234347385
940045254
18400253974
19129710411
3152374531
11477380235
13293653792
19239902534
15118285875
23499453791
9713312138
3771209084
16297440401
12181124583
17783477926
2972787518
1118666685
11884721785
12935955618
10787602839
18325818186
15095766706
4419138386
22713578913
629403347
23551089508
4291380613
16470045612
7160153710
17350908498
8467777726
5646371477
10961389180
6521537827
9316299423
5422906060
8067654583
4587895752
8688333935
21175534285
15650304724
4575217776
16497238129
8107292750
2309506606
9539016407
7053768683
11392023927
10609916798
12582431975
16787132245
12518753619
2356003731
1687001496
21199412002
1641076273
17009758700
19788421336
17127261024
9560561127
19959739894
12879971648
3870778181
1288119012
2019488719
12708021048
5116966384
732490990
11777939515
8056726382
9692542642
21598996219
3792571343
12447001558
20879972821
7278403655
2469384786
4789434727
17338902092
4029320362
1349809397
110028261
5934230091
14056199140
145109088
9976192978
15070121071
6111107997
9762090704
6276243622
12617930840
12116696767
1781464495
8553069426
11340553219
15608093811
5621968924
5998546117
15647471414
7261828097
778059934
6474457083
20727826407
17861749162
3053833472
20571361652
7447162275
21684950704
7814193727
17825233849
17474006416
14361361530
12782002979
11858949305
17866308627
4579980460
15052121532
11467802238
551648942
17504848186
14550509460
20800831221
16263320531
12586316964
23906266932
16842251265
7120007346
6009203701
10245797035
9539208853
8995106977
12131656364
8830417350
19777956620
17912327021
2417022111
8017931813
15213055496
8034749430
11725849485
3165367270
5352700292
24113171480
1629665893
23326964319
19325774575
7925023562
22549929567
10826331389
12283686510
5584528494
2179731319
10024145632
17208063796
9400991993
24424330119
5822421486
9623880833
3895437882
479008659
3690021711
10366877448
2061659052
18562345220
2438110716
17397430326
8251220705
15642864977
7787927804
7424390477
9268998252
14047451128
339869375
6950343549
15299489347
10758905518
20238795974
17727778984
4886704571
10417143277
10852795825
4050083613
420035478
3822589695
5372751236
5944215847
8735147086
6840888326
3732544499
421109219
17988563519
10095930227
2052397449
7849554171
7290985362
16248979274
6537403121
9956948497
3941273538
17598448463
4422839310
10548562512
17862861908
7033382537
5324902737
22911949657
874476151
11445127828
7160510235
1782235582
23946839083
862322573
10819301427
1765754797
16351494415
19578596031
3770728567
18881726772
20800048357
6992197016
8987939631
10692475722
22636620117
5227618326
5008975856
1522411920
495998410
17351891640
17621982967
2057270493
1508918676
18995966962
2941224696
9289378274
22626602172
8520992466
9099627831
13355233237
15366201134
11809046094
11775994031
14403292367
3897526055
4962204811
17848123671
16426607591
13408305695
640987731
13217255280
7668055261
4408730078
17484964941
13366542281
15002057631
21652202856
7612578388
8647174312
20986361331
5167831783
14254771915
15140258142
6207787286
14770576716
11628195260
2974033579
16960475023
6597365375
11552444747
7989953303
3317385859
7320057914
14231664775
512417070
7054427635
4282968343
17384830107
15576244107
16830645141
18167626339
12736952051
17339079923
2701558935
8601084517
8680712573
18521146566
12517645031
1230105297
10705982972
7883180716
18802216054
18873247072
12862249653
23995523414
2776929114
15607985803
18303306351
737841145
2012417149
10435468528
20216603967
7296300999
10281240435
20117214124
9395107344
9215425591
2004911011
19632911953
2139766887
13679727884
2454139244
1680985252
6666472368
11500629831
5816262915
4232375013
7526543793
14413214101
179626256
19375433078
17307261982
11551661657
17281781956
13686594500
10148297587
12182187838
6611482564
10880961384
2841994299
16142633512
269652642
22588497481
4546451654
3459783005
16297934768
18506087785
4353003602
2021177957
3656730208
20438710032
788234823
21150710677
1217798631
1404023344
16278203648
5421963386
18133759551
23477503292
6838810651
3794798659
9319614077
10559038282
10950311414
4373590658
4304704184
9416736732
12931695060
11655634753
22746741390
4557666476
21459808089
737937241
6513239133
9437447017
811587072
8179298629
13749951909
21561523790
9729522871
3045321427
360073546
5548214378
213163034
10148945812
6336861888
18984301919
14545789226
3929509536
1506393974
18487418813
11799631986
1928477253
2270298331
14455242260
11567991438
17494856358
24469716003
12045998184
3003078761
9118329080
21116038084
23198495610
2229216988
7986572199
6262438261
5322241806
12517419300
11170555399
15407216314
14937485433
7453347962
4470631112
12188093502
11822923393
9060831560
42796766
4021648633
21852417985
2395982938
2317667078
15168055101
2792648663
6151415568
22202495896
15347011663
10317601390
1605088207
13228977038
8100654314
856894755
3582817673
9568936593
3449464018
12099547804
18183649675
14510977799
10021337339
21942275216
8445506385
12804721993
4470895186
355579003
7298390791
690207847
4529328959
12751390909
14901475255
12738952252
146401535
20377179501
1226542767
18547908811
363034080
17981030799
14430902875
16713535561
4431895618
8938982140
16940986634
19512182205
3586639916
8799763163
13980858078
1260062122
12206376143
10050438655
22235019156
6724988618
9692418162
15188399765
11613716241
7907641174
177679781
21949444339
10326484247
4764189991
2085996536
1881434100
6069590453
638325866
9830727795
20544389997
16747916285
19420314715
4115210251
9660697085
17127432325
14870648834
2558690791
10015778126
502221239
4887491190
528401997
4582317344
9796451981
9378092183
4840230647
14242664352
4983310191
22731927351
6380388840
12255380565
4094139477
7295191499
3949254500
8423901064
2091050238
9909487785
4595535083
13724596096
13263867106
23036279337
17575340630
10460263261
17392133901
15907184639
14266910961
518607123
18919230286
16710312540
21465330159
12936691242
20295512463
8237896521
6193000852
18474540454
8871162470
10248739137
1217728380
4638802442
5929838150
7990148661
9277819258
3340824
13578625249
18034399914
10395421829
19980107291
12690477135
4108703520
5215932699
5707289727
12013938981
5769554407
1571959546
7297605715
13797162488
22466804742
1130981802
17211488146
9544920723
2308931852
5456744608
17222697840
18158964440
6764296510
10373477401
21207199220
18515216837
18859033212
1319320406
21804500065
802920222
21373472304
19673637472
10325923519
21552694546
14957511820
11986994910
734778044
20971248046
13572706700
22084921644
5282678891
8374071098
4878325375
8589163926
21634680342
6338294323
6553896203
17147792537
16850474670
22860056970
21751426934
4216603040
17805318133
3361449119
21082487565
7321150087
4104287887
10473424932
6658995727
6266487500
6517283736
3290654659
13471228359
5738666210
7809836160
14241745860
3157907421
14889417666
9652697176
5279290028
16603644184
9003889986
7763888017
10979153618
14112142192
2673497262
11537269461
2749255606
4145492170
1715094001
18927613692
5918516538
9814819385
8848256403
6279976527
19667235896
17550961646
5466879450
5674276601
20995071753
17114998713
10904820776
7277144440
21155328692
19781779938
3981252783
1243007426
13330990287
7510238130
2932117316
8571128698
16052968571
6617195882
1918621800
12565965731
12109821409
4296551074
1238122662
20711206418
6207443250
13404292245
10393856479
14510690069
8757011838
16120031168
12280339970
12919115787
10669657163
4903469439
20328909852
16233210853
247711666
6384101488
1466666654
6225775747
4455474671
11072287940
16517112776
7624781490
16826035536
12008867120
6157209668
23417151457
5045580420
1124576302
4424226344
24060909979
15636183824
2099895695
20473452253
2239652327
12727653326
1901165819
7952480319
14585963804
1327751590
5338771416
14962784619
16576875623
5283815695
21738774867
19896597575
3423361111
23954328227
7130820785
9213908781
5428531426
12241422636
4910375182
12020671639
17365122847
6185233015
9482427419
18825037461
5177516821
13364264988
5227395174
481148947
16879621463
2252048175
13263177578
10964550505
6062752139
5115674088
14524390358
9729818693
13171740522
19629875957
20076764790
15827349417
4937591422
9612584975
4280529768
9892899181
1421366834
21928119848
11678137828
19228151892
3181158609
8699810704
22077745241
2658514298
7041369930
8221226449
8815417351
10221055957
15415428769
14401052315
20931690491
21268407726
2882824842
1805240571
3267480899
4426522174
12195296656
16674696448
5700387870
8186877950
5458106750
7161236302
7828162492
12412082434
16793850338
6909441917
18691759228
2922401831
10494818009
7460817252
15419743725
4333837361
3932257697
15397749825
2226643309
992372478
19359842694
3984111051
233605769
14319625634
13701488700
2857281599
6035627880
14168746196
1060550603
6418090371
11763555898
17316854682
7497188106
14382631805
7434244140
5370482462
83542363
11845909335
14623847552
1156568428
5546890321
7368779452
1165206775
5952709080
18208351831
3579972667
9852232337
7329636806
10967459144
17922991402
20091036083
3685883782
493397391
10501397196
12659528136
10663857056
2537128498
10104099205
17113950489
14353418291
13172453066
13246834041
15057940368
19457127724
4409786809
19188407013
2856110464
18427446082
2826384643
7557065079
15341316562
132837682
5005972097
2208823337
23583577641
11638302983
10962066563
1193279105
2329714387
14359077946
14671463351
6708640448
2047184397
6789815859
19476620632
12742894731
3622810159
12665303027
19249764518
9442990356
3850188164
10279555584
5004270364
11854887536
11290065917
4766822902
21189804849
2774065271
3821512955
10354506592
10243332357
12620198389
19106001811
19908303657
3929291190
8636351976
6296361396
1635276790
22596864580
18166086188
11764360164
12682393043
17555018897
9520491679
9617516047
9402807417
18386346779
4162083139
4380027818
11516403632
17459357801
19731362337
3988147748
5898253607
22246915483
11776976725
1425552601
7686435838
3061801774
7708395276
833549189
16665954445
21159208683
15046946535
10886696908
7002498732
2716178816
6751596233
10051612581
640239881
13171906200
6656668934
754568488
11450252
7830292985
15616674284
19874917626
1355469403
2599667818
15092906973
9615340957
14066733088
23734986932
12316065387
11610781207
3634533237
5049570893
14184753165
6922928451
9593572112
4732250512
4502814673
14390982868
16883800215
15010062842
19612975852
12903606117
15939441109
18365080833
7766632538
14418157643
12964188203
1343488904
14072518443
24165684822
22566694391
11248193555
9966399849
19727275279
6097403465
7315547724
21281259960
18152655964
2921506751
3727460601
9375829333
15753348648
15760170868
9687662648
15706077228
16459123405
13643843111
1078561426
16146801823
17331990151
14217171881
4881266615
11482289042
19280914500
19869878221
9445942338
9868147261
21159185256
3172819156
19614750928
14100344381
5627170017
17627035740
10738351142
5733112344
16533607913
22558380412
10111191025
17141112115
6403577862
3546785306
20007137097
3471564995
23081574403
22718882700
19288816725
16576357307
20629653579
7484075338
11669724950
14209272073
1946526081
15928418043
1292723489
21423106577
16561611700
6907032713
5280438682
13669162090
6811702297
7875656292
877334052
17896008422
17751548184
7599720681
1792168335
2247280843
20761362346
12168584856
5798131337
20915642630
14041369016
10961425736
4295524149
18675126413
15747366343
13319860843
19011013053
5848815485
12079821698
492151248
10183546257
4389848334
22631629389
19886751575
8351171851
8695721605
5610169663
15287139936
6484572154
6559203516
2653806332
3624466365
23169990398
10169558640
13337078357
16722891337
1522331374
5243055246
16283860400
9450626635
8800752789
354460560
6343219138
16730655176
20805879208
3418552325
3108506779
17767925731
4964521582
5037674732
7301176675
22017362836
3804713745
12160481507
6160459968
16495587488
6439311633
24061404126
12529847739
3409116771
3194812153
14896313486
7149710792
3251766646
13361463497
540088138
7623611814
8044999044
18148970126
11712084513
17796519308
6245563927
12875842616
6877521353
19161494372
14937797905
4642205131
22520930165
6745019560
2949825635
16251247249
14216474846
19478090899
14160357814
16641687037
16440423349
2233097190
21704842323
18030505583
3509282757
3733120553
7988672103
11055719092
8473385432
12164726428
5918842772
10702478015
18278984257
9330896877
943221494
11185826348
4282306115
13474443432
11945942008
20301953006
6172854309
16266592670
21147703206
18651356076
15326657997
11236480616
7013796553
6951258685
1323653948
959124005
5459094646
4923869099
10763988082
20767315636
3079537739
9602992388
5941446969
14597423526
21132359595
12524100593
1262828171
137903348
2953704993
7066120998
18059711854
3079410463
12466137949
22711143750
329510690
15374208530
2252744859
10117703926
23417417011
20078203586
23491091860
13000790836
4244353411
16408172252
17044327146
5065506426
14778902721
6610492582
15701294653
5461652980
5655821159
9909383374
3172819156
5167010019
4553889133
20693203929
15916487440
6767299924
7642151491
13467443786
23879941180
2652507038
11202626311
10060412090
19056226159
8760010301
4094108700
1341057209
1011477014
4507829672
9412738782
14157454741
12165761350
7282871734
9723607551
10373950502
12831834340
16442869877
632267346
7262246896
7149763054
1625709975
8326843722
22252768169
8393731065
3165990546
17450859552
1460364205
3401658494
4077903494
19141691488
18633367149
1557310939
5684879704
24249451237
8871671645
2979527652
11024502843
20555043829
2786493764
12517419300
1215087489
6666020271
16188658169
20285790509
6825171138
5900325588
2615548571
8484649018
10703791788
7414960530
13358290965
11856120936
7085584640
16396111482
4975587919
8746872666
2044129968
6678971166
11930973845
4936885322
5736333127
18120185634
11747434774
10748416041
15415840126
14244586559
768402605
11216782919
16467222915
9942897199
21428880197
10056509300
7553356391
5099154917
1688187887
12518452564
21288506768
7979006395
4518247965
21444155102
5808167046
11568262011
16928589471
14987733830
8479475476
9848808476
16230215787
9033238149
2904890087
21351154344
21673771314
9146679234
10695196900
20925126732
22813830046
10065959746
10881365632
4604661179
19740278650
21647717439
6593262848
15661816282
16846631931
3959212697
6936601097
9947475475
19964297189
5859234781
16485156482
6690383960
2644950643
8834954527
10675484422
7324126090
5471990597
3486732036
15145441964
1847962189
8872858068
11119747583
21031767031
748963277
6714045830
616214367
3552351162
10458528860
20568803020
5960474035
3685594920
11068143118
11148262125
13718423784
16983365396
5782565432
12721681932
2052644674
5339244101
20321011826
390689570
17463208911
368063783
1863346153
23934459162
10135761814
13615163611
11071077566
21454927730
9427660897
11957955262
16027559575
6290244360
4727543926
1077843199
1554520812
10657364839
7101308358
9673917124
8053512874
353914496
3973138451
2114943013
6138961101
15557625710
12999116306
20721393349
6885458523
18852338492
7041985049
20349818456
5928346296
5253540366
7638372276
1200705284
9869606135
16905976359
24038228716
12133575042
23510598408
10214165199
13172635714
11327387082
8386669142
1763218524
3682460347
1680158783
10105295709
19708759416
20242589254
2368179912
5955536554
11655375677
11129540434
14704377204
17139541323
17664634460
19241113736
8389145226
17844086788
4018133237
22183518825
3895566024
3842732415
2905716097
2339840048
12040595928
7345679198
12242420853
22340370559
11515672317
14732039444
4787554262
4629787206
11642506460
2696020341
3585435193
15669122843
7680729260
9425034670
16726753213
4095126772
10679944900
6380481812
2561485898
3686203208
7344373482
19144422211
16738939900
23354272860
20017345747
21579700465
1941907797
2288826396
2369186266
1506180482
5965657316
2864846199
2428079953
1091722916
7164763514
15090946745
3938588432
11148118645
6918697509
2136064185
9567037910
12517447350
13843277457
6138097054
1634720870
461035719
15115187185
10728839520
2491563550
9390507019
14743261620
21518410512
8964573702
20280755629
13391464338
21950464347
18297933179
7894077064
9678590532
10010148416
19115209705
9655406053
17652506065
19993886838
14366363814
12864610633
14314074695
8346119458
20636674865
5855290095
15077537683
7933718380
4627048700
8179594288
7188445758
36445654
11593693831
11988616496
11967359217
194546864
20982778680
16897710641
14730113248
5297095022
10316099864
17682443934
24141254571
11653408041
660564861
9870232314
3465066431
2597156472
11219559681
7302909113
21881205636
11419644714
21783937743
20939527887
19566953679
7289834979
7482559357
9890429716
3094647476
21904885691
12783469117
2785593345
18792206756
10281389829
18209435559
754790875
10148223472
7603792270
22769014408
1373858310
11465452670
2224618655
10864267058
6959173132
11710804164
6696781102
5624493337
10575282789
2318527121
6181357744
11780321599
4203158730
551701066
10750394361
20527700197
10660625904
22237497918
8873313251
1799984604
23863726965
20090485074
4526096554
2795760822
19116034925
15796568573
11092243783
23393174977
24165611875
18211839052
3020629313
16203545905
15179846365
15942990651
4280312068
18019331788
8426937074
3729159943
23386861442
4912906617
15443525165
6213626979
13927468579
11893533239
1882835113
19336617472
11748069313
2629232140
16912786783
10584964352
4700793865
17655528860
5306300582
2251004656
8293568746
5244277041
13455118283
19987216445
4873766406
5573691631
16340306502
15406934537
5006341262
5292657912
8474293533
5037594900
17208601184
14703560324
5411701512
15839312551
10896017488
21213916390
22016296815
2342389360
14327157297
10053959271
5729985892
7049217308
9300659718
10193087831
5826903200
7346409202
14585769334
11657879041
10172960502
21436757058
4990580452
11009859418
766868836
14937281196
20988878021
18324400630
10286982495
20915210388
11875433153
2693868589
19712977372
9992863498
12688212744
3042059709
9813445743
2024267627
783987755
373549027
9829331910
20053037261
12563376001
14711204760
1601100672
17398823136
18859084746
5043408605
19049520707
3591924700
9810749807
10605726864
3263840295
14685364725
6167588504
14406234088
4558980316
6589149862
10035188766
11796011463
17050100357
5771512082
9594969336
17995371039
11773433225
10362898870
15170761472
5248025571
8647392801
14471814789
7275273849
19369606413
8468770599
1145304447
19073602492
13442484651
13349259192
14174696929
2497063
1470991669
12721563143
14371292084
2683288930
3438211204
5901541573
6215561968
4945181400
19660150571
24161043833
16431116760
11780686689
7523176274
6454342538
15407293468
2995667334
4163634424
7150942363
2259913348
10144771604
9816678863
4319544224
8353204966
3960018736
12300018688
8972484816
8637214674
13317268898
9513578672
8561981645
12533441994
10274776705
12423282704
14835412592
1914705046
7461210850
14497449583
6882361919
3323783429
10394093337
5930994583
3325437766
14384031712
7897256086
1341621277
15863798237
4594553829
18748883542
13078936094
7924750417
7163985024
63867650
5184613371
4759317113
13690156260
9225929744
10539562722
10445260529
8671494900
244757653
14735323213
3670833890
10598716324
995417689
5284899911
11406614949
4994135885
14278477418
18475442523
6880588115
14948915393
4576586423
10749138337
10415199914
10931913584
11275551228
12111086794
2327170317
3805653974
5081011195
5804030849
1205344603
10282530310
13990720438
3187167379
284181532
10759965347
9241818350
9883163752
147650647
11945091453
2494351480
11409479032
4489695360
6641313022
14526930813
9850017243
4298336590
12075507716
11694597904
20142971697
4517705068
2250643850
16135129061
7795965479
4277702388
5943309952
3065763887
6126024913
16831237175
9467082652
1439594107
20644005384
10999185032
14390571067
18619460485
23864770189
16322621602
2340140474
12025428741
20588887546
1199481802
17223856433
19262405322
6889712240
8747366554
10056219919
15817370205
5201805207
19175721123
16125602719
13042234372
1771433953
616885490
16278752087
10082829173
22037267602
21043927622
16146558790
21438493625
11380013273
1703238275
1526120101
9441912703
11781367618
8911595615
8463466924
6633723346
8645100305
2979455939
1718965693
11625898818
8930360708
7946033106
8754365921
8265511730
8263663044
12118087106
6174451960
12482364507
4154051531
11717933361
5404736954
24349091363
8845235440
14645687860
5358078823
10136294744
11791424961
6597207738
14297820840
15838543196
5513352590
8720560198
15410330397
11518572514
15155937694
2804107516
6627944972
12172377237
7021708526
17581271003
9425792731
6337023718
21894703925
15373740445
2084552829
19109632093
13056978388
5073395848
640415647
3185239768
349039340
901524764
1883700198
8022777183
10529738570
24148751913
17614248952
16090430168
15211779165
18254984993
17405714337
2742609410
17318350549
11242140431
9417088444
17749068729
4249820650
426983286
13404583261
5865338141
33124422
5003370901
1760282973
14083318139
3377363848
8199141593
8243877507
6160417415
3766312993
14254954689
853697839
5959414321
13583901764
9614527599
8582853868
20909835857
10178564738
18919230286
10276011559
21022187453
19178505273
10256223330
3234288150
5564113663
13468545770
2152818328
7365834838
15296508557
3849732108
15262875656
2634431706
4981533883
13092324024
4193100639
3097953733
605126685
2054778396
15672536148
8761961200
2234732050
16057148757
4464872669
11671862904
8739777649
7755578446
12859474923
4680774134
11497673046
13947777195
722178687
18304083553
2256931667
11500743914
1929292169
23348272901
6387212191
3605902603
8945359351
11129295714
2016503849
17198576364
789385548
17184938111
19080248515
21711678428
3368077002
11453982623
11906486329
14094043821
226360243
18779893044
6767308622
17406163931
7000996299
12416115686
22589684626
24004849478
14806353312
6916352092
19615652712
14900145864
16417953600
18223371825
2609105242
13166807160
13805089159
11059605408
12644782101
6039112172
9134608587
5959764841
1504862306
19206153707
15373805280
9019168304
15026204916
13247424788
2658930471
10793934264
3672890827
11236534145
14144591336
13259172808
9478217710
8754109320
10365710164
2814817491
7886429377
10574364088
6854064611
2275188993
8963223265
12857672445
4445786836
110021300
10260054627
23821209820
2208514814
1895382649
12293338956
1733217176
5365339581
19497292757
7578307837
8207352564
15738828744
9296287509
20528094976
9985977879
13053926274
6878262995
3986572527
18776109776
19410048889
7465160530
9764346052
9343055361
22775956675
5632750633
1236498446
5846127674
7634311114
4220962704
1063738526
7764666254
6582715850
8278844656
355362988
4733089721
17493923104
22213033025
18664080399
961426544
4690299495
11804826739
15860595903
6344074514
7284315903
1107173097
21152991554
484829960
12368415142
3532103768
14295925789
18736745344
772396535
15152998518
18548329719
22892072229
20009583180
16734195338
16040218964
3478184198
19471124115
4232334286
11814776442
6732620344
23014152951
5369692637
8741952641
24502940876
8826892638
5589916473
15828066610
19441785343
23211970345
9773979439
2022735224
18950472952
10364115435
14378683964
7682373685
3931444940
22951989158
5980754297
16898755127
17128011114
22372303794
22380390624
1279360847
16366963011
4780858896
14638417702
16505091777
8733716213
13405813732
4921159303
14048174420
27265367
7042610145
5152011422
4598774931
14805384483
5841575446
17434846342
8677998196
10360075637
11519154616
16999916428
14733175382
20251096854
9601588577
18386724681
14691128920
18366665595
14213044445
16845484399
7472034015
6161633764
13692725052
17210285935
1408995138
5968722577
5474663125
7968319540
7835853527
11459068493
10876075686
23060232909
20389930503
1232475564
7781526204
5776692788
22464879084
17798979515
3569660761
14751148553
11770448615
12351147150
14959752739
19253954538
11982796038
13130979200
9587916666
228133437
16211683914
8670708654
5929297239
11046668210
17323247882
3411602968
10088616295
4422783425
10104946442
8679739803
5998787205
9453185645
3427898056
4085784373
6741936831
8289231385
16919382534
5676778721
20383713850
10223751757
1892833982
18953068675
9911213606
20343584053
5713623719
183859126
2479326804
1993136782
8951714245
4962759997
8243661106
16752825428
18703656286
9807842993
6215561968
17896601132
989560286
15509056011
21322147686
41276273
11980335299
5460136121
17459682752
20217083228
8449385208
16668994891
1703569387
19468570992
12551660347
18135804871
4791964028
8830920670
11872934952
7410641222
5109403430
18962099460
8488671742
8138342478
12246810522
824081218
13632451995
17045197134
5859255519
22088368719
20512678648
433694615
6541179349
9120950343
7087600977
13040603723
12512735740
12861052317
14489544941
829980637
1328153754
14577305682
13994193527
12790701278
10732656894
9964499811
21525565744
418149224
2349258291
4651078313
21783635587
12068575762
20338160034
14349530224
3168807560
8672468051
6855351813
4597206384
7508068801
15247216916
440034073
17164644090
14204003818
6101837324
3907104632
11849489024
7172817627
3903656208
19029835717
14355884583
11439193130
10374584878
7537286235
2370139498
2918969849
5744038272
18776942127
1841530458
13884387593
4794481542
3848802840
711669678
4755972298
11298242300
12917158120
20865521884
12991234648
10934323096
15335860679
2367986884
19157086377
17005433882
7709261164
13024287104
10767914358
9001004786
12052732090
13059421849
5509679257
6475960743
13440331988
12953906741
6642608249
1130094149
10661519662
1012343363
11556911385
22133493932
7274285515
15260854684
150825283
7578288856
24040592990
5417876086
9050480512
17314547018
13454456523
13821284614
17185242417
1606501364
5635636507
14192603056
16259929788
19317051264
16232856956
11792757149
14266358025
9332963728
21222590689
604048876
8800601972
9433480279
4685341659
20068143049
15947932294
14809233456
9412396644
2310673312
10418276099
16652334067
4648241805
8651586444
21699480067
21369104141
22070350142
4125646360
2463585997
9249704437
20424764588
18087380140
9643051
12284695964
11862555365
4021721207
695827400
4723449937
13902784240
17728302452
17654749312
2842810950
22219186798
12268573956
10836881407
3776402219
1079879686
2136289052
18616033784
16071558290
2319765946
6764029471
22218255021
5628236901
21700010018
16349328012
11418891550
7018189392
15233211270
13426411349
1509053283
15187205228
15646808516
13504650155
8827612920
11365371114
3428952588
16023914161
3665069266
4651415035
6373854358
438959627
4798760633
686652802
5363995013
1708570099
18687422395
2360860488
15233802468
7843346267
1705008639
10961081667
13864389243
8394530744
5304423949
2794832736
17699238307
477953954
14512332610
14283468005
513313727
13241106705
11612703531
14493777529
4290697361
13110585446
4105771666
15101686568
18945663090
1377866954
19314921397
10955417973
3732263092
11418457043
14245108489
17564466629
16185747120
1751568996
3912655948
2201859097
3872961600
1766203784
6375860171
7225118471
12781720948
3513191808
4952139199
21915685525
10033040748
700460470
13308492362
14704525841
14832116374
12385781482
5751817866
2979455939
5232706459
1680251774
4613846151
16741257879
22447788982
10752246407
11376066702
11035828753
11462940836
17371889763
7680029569
6286176733
12155801454
15304528511
3085481388
2247721198
14636631793
7722837395
3701115930
808635326
6138064589
9106376213
11753196177
13410581986
14230057636
19579525169
12156364493
3494035745
16918264719
15999601973
11209233126
9890079035
18868745866
835808863
4294574679
1799824051
15441199563
7726473713
4949888503
17384516332
15457012941
1220230787
9121276658
4800309104
14397541429
5231423183
4317657547
12422734067
9423305213
12377357248
1931381342
20229288469
7441823911
20948156377
19233551266
11167992190
4095131670
13034752647
10881682905
5325872626
19242565514
18433867711
5709430109
11279614500
254130489
15854810246
22711878358
8230748050
9113587721
1472567136
18590640249
334604037
11463292524
9330615726
5328140510
13670322448
1299024697
828521330
10833895965
5139925842
17974210671
1540401482
4125009618
5233373066
911317005
21393503779
4472452088
10371668828
21386846024
11347461232
19052268851
5984570781
22549929567
23215593423
12018537720
180127625
11421566065
11205605558
1227924632
2951800138
11552257540
9509563701
105642256
12193125740
3495301719
13534750582
4658029180
6719825388
24673470086
6280861877
3004814944
8114388766
9214123173
10438416293
3134095925
13031797209
10058587924
15812813223
10806775440
1448820862
6120383664
113193686
12296430024
16932030085
14445143320
18751458605
18188732723
11911831381
5487613708
5255376720
3653664250
12371850528
11617958584
850900082
4295178587
1904638822
6244115286
1196305807
5535480524
7087077754
9623698620
2406495658
7348801171
9883255796
11304917587
19395743217
7355529670
21559039744
8259682196
2046253223
9852232337
3475195843
15309541611
22405034396
17407904806
939620931
14626775488
15578334120
4942448722
13278494860
7313404476
2804412448
1328909699
7325844280
2890206140
7946652730
17797787643
8677756453
13365552194
5128171850
12411334738
17666085704
21179168800
17681760824
18447069547
7113233508
10636754442
8672057245
9344560428
7180777911
4245630853
16964556139
9487985637
4823410439
2318232596
3426545478
2909570036
8881510377
9188829356
13973150784
16090059498
7916539853
2610280889
17440373064
5605153396
13285850015
9496841205
7487300549
8280508399
14737659349
492848371
10009272521
6886716387
18921140151
19020168093
19843242883
3120982480
7970879055
20593024928
16737161234
18329253698
13231461729
7057371120
8930754650
16280620989
7036789516
16497648342
16504670729
18149251324
487222648
8016687015
10609056584
18241327133
14733970564
9093133878
20159451524
23267040576
4293889330
10364066850
4154978844
21462596282
16825724586
18267024832
834225383
2849369581
5628258577
3026932448
3098314585
6472518554
21066946115
2978459871
1884877314
17270650302
2644673169
6018360926
7780720645
17955639219
207348164
16331821999
6708364585
20289719204
17702990932
5314560368
6487479606
3512646009
9890124104
3839218203
19479759497
17458938889
7304566301
9398491680
15042374364
2057409116
14221912903
16398934811
9754077012
2461439358
13052250898
5270402684
22494625730
8584220441
1559923404
4627047355
7233867949
11983499358
116470230
4826201793
511404046
17173562398
15126002049
15189752878
14954943589
15557841587
3103190672
7885382405
12287863898
4390463943
1914752347
14534324407
13847296716
22584370194
2143621289
18857828251
9205875339
14504042633
14535611121
6146078046
12588403389
508388224
4724191030
7173296675
19355816812
15100996717
23700765152
2887856710
800850485
15714895662
17399440128
19471016572
18866319610
2126370549
12331391299
23239981632
14673250298
20925439089
6813165123
14865524163
19767276747
21257123647
2086119894
13807863480
17516590850
17381258185
596352477
8697711607
4143698778
247351254
17968935636
2755354769
23360267732
23660924939
17202674949
7247377286
17692222911
7804001658
15155773092
19669215285
3159235420
13703668199
17327757269
18655671722
11366605122
17970433499
8768889970
4770167342
11887012292
1948866701
8752768010
2964564794
19356011169
20039291134
3306162749
2597084756
18929786668
3419733016
16711203568
10011575874
9603038215
18087128538
12645208268
18159035112
16397505462
19617089005
9143218644
11470090293
23604409339
9678012450
16211781646
7050350901
9591276718
10506132131
10726626011
4949232108
22708001778
21657468063
10167660115
6747634685
10978818143
4858609897
18880163592
5536383869
5964337891
7066642494
19445287720
21160328864
4865918810
4022228515
898362437
16717352584
3576483070
13768856202
6603552250
12813995113
268579384
7710103257
4964564296
16868774674
11853752093
14860527125
10952946392
10108537233
16954260271
13615441692
4485532129
14391958317
5954815236
10703624022
3624186885
11371531404
3342815623
6311804523
15951982046
7659903888
4790386841
4909706223
13594716965
10275546279
10817090454
4117708346
11208423478
11376683207
10775959658
5199836799
1864667381
13986028294
2353341029
11756685705
9145485186
17902799773
244044085
18290455110
8017308330
5157470103
17883751244
16849237662
14046746024
6334500722
21524837713
14204518166
10171730254
17207820763
7644417580
9235489302
8288949724
9531332184
11868267646
10997336192
512435964
3784029
6059373596
16086501778
2642820786
19533551842
21047180052
2487505667
569463442
2683744574
7087628349
1048383220
13773452654
13407029004
5666068149
23258319218
15299991722
9854487406
23458706507
2880293467
9480575835
8827723106
1677089756
14970329956
23830622575
11438341492
8510320619
12877345782
6739913663
7441207871
2330091834
4180051588
586240913
5748080409
2747217407
16146619254
14177021155
2219989590
6749988576
11024502843
20757432771
7788991683
5676846889
13285205044
15980851610
22176365759
21353889066
12109821409
13228045904
4761640491
2361754190
18388065099
9237070507
16692200679
9556419183
7060632712
20974715751
17385522634
1077731947
2755703205
9444599483
1974065120
20749603555
1765556893
9278055082
5557520896
9752080097
10033933884
3871248644
4763579340
17148716231
1951365997
7390375040
3538840845
12567507565
16710467249
15715818056
17101475997
7841245346
23502888066
2250887725
7700087357
2481138929
5988507579
15813478897
16247249665
891185062
6336519313
12756419227
13309547018
18258562494
22228937257
11237796947
20679537469
7505691260
20358980203
4074525435
16476438215
16905830889
14195111425
14874576711
11314125896
1019030428
18019244830
5135697612
18888467129
13282907128
602562112
576557724
2173862395
1160676191
2621355759
3096694258
15725357770
22496500069
3167176969
5962524155
5786970989
15793008374
7409436741
9996372563
21790305362
2749547144
5068592108
7052511834
9016433139
20837272947
12012559528
9980605516
17875851013
69658334
15260680840
2384189581
7485579841
13279841639
4074525435
21952007105
17375970765
15322095202
2694744999
6733450877
1746264167
4772171708
16733724017
13464751503
5761309219
10403828491
10077077198
8972724564
4890375410
5641083244
10502369547
1370902827
10270970240
14525346287
10105553477
7355470679
1469717890
5927735395
1693560925
6794887088
14504388948
4800299560
3853479382
19089185196
18876253757
2405953013
5045613320
10895496067
12668771913
4000920204
11509360310
11884577983
20027871590
2766090916
20385038376
10381142733
1641042125
18483806506
18614954373
9789326024
3829590627
10977330333
2840613709
16067979417
11404899597
8445500263
2869788646
10010578545
19685600925
992594419
5630267270
13950838342
12293827136
22429550277
16442917843
19077631322
15103459626
9274616770
8370314378
15489344347
3949714878
19352009127
1382577260
17334390715
5642176429
3222236982
6871590318
4328043013
2982639581
7680729260
353905741
23638362055
141515098
21621090190
9822488954
15970660913
2373130685
6440786749
15805658969
15258487781
15350094971
12266685580
15590967411
18988637164
1119978554
8897918556
9489437817
587190289
1813436136
12493265345
9300579457
15363285052
24290716104
4426522174
8697350164
3695085334
15989579984
5853114344
5942528589
10632808836
6791479322
721319648
5257570532
9751725490
3577066272
18465944802
8077702247
2715532924
17053717660
5903860418
20439282678
9911355084
12415359924
3822059414
20773657200
16348615766
13181620438
5493528592
9573095768
11662162600
10855983360
2692847279
8282849997
8928747480
2185866239
9575175124
10599558634
6136713040
11365258882
16232155387
6246157206
20370457284
7165636815
2661129847
19970097966
16673801100
15341367823
9324353988
14644548233
15064796483
3283797822
21105678564
10894845491
7185356362
10296990808
12235648524
12360183403
9598014243
2794974674
2761769964
16126304981
5174852999
9557663973
622964577
3668729920
23259910626
11872075886
3586731575
12726233043
10712161945
7319929629
9344014136
2973183378
6367208846
8247268094
7909660833
5385962283
10592029161
2428407206
1620473758
2642820786
1769918110
13608344580
13316190668
20481616258
10164431133
17022162914
859136143
9890887886
14396396414
6149885366
19109463943
3512910863
12541299844
5512753572
12585612568
13055034902
8216373879
16097090622
13914067379
1498512666
8138477690
6670483192
12992807818
14415331426
9025547336
3572532634
9988112295
8381677725
8731267787
18268254854
18535313960
16286638333
21623219219
9310345126
10475435851
12620358687
16683929974
16905984732
9568810538
6458418024
21239634928
17910728517
16256812112
17625693799
1649004755
16060449541
8480202385
16399132134
6001224472
13254388016
3834185106
19859615075
12238426567
71240211
13348313841
8206074796
11676796412
14038225550
4707984311
17324922516
16470690527
7514304818
8177525108
2174207806
76204256
3119139032
20609745997
2321977480
5997435431
4611874144
4729684385
16556628373
18950955230
17568707749
4671963278
17037631087
20179942613
7648980206
2030558459
2645507977
16258171041
13529985170
2486507037
19686998777
6480122473
7224651121
17810624108
14375562478
7262378511
6679647676
9473281474
20387394498
22091193588
4949201904
14157323770
19768718168
7225840158
5184163689
497886922
13305148503
9249906575
18127556221
6434710024
20384051079
18611203933
14810635018
14125204514
3085760443
6901440512
3979233140
17871034786
11175826929
8471401453
9590711176
17434237489
5555849698
2811931484
6040883009
21557147073
8284395926
8642809257
3248081097
1562148090
18647087926
3513754762
16187620740
4963301420
15849778083
1289029622
9757485124
2352059402
1805751726
6137365973
18755775194
10855894389
1246100622
4496356976
3018992924
20362637646
7681407939
2931603770
3960653501
10788509498
4374928609
10645437419
6262850372
14319625634
11962426363
5801033266
13798033269
14875987181
18625904329
2683074296
6956024907
2494294877
15882104980
16563158766
16064068166
15608643899
1591274080
5403811000
4386693670
14279377106
5710382625
4077124942
13430285768
1377523818
84074607
4240552065
24388355023
5983500200
22438071921
6289904571
3022735150
6908818120
13760077939
10274776705
19484796765
13334046628
23020240232
5844307344
12062457118
8433828673
3175679010
3278559403
5583023488
6953280768
20217823968
946435702
8829299421
19806485429
20851417291
23288792467
13381196700
7638423242
4633158400
7900357826
5035879324
18333801777
6924719062
15935241754
14795104776
4034610954
14705027647
17800989479
9118912333
2537066728
8658027793
17872053798
14468593606
1981397607
3263321168
10549055548
10674741202
18290440106
14009966122
6643647635
8371049864
16829594323
8008422471
1767247625
7711349499
12128521886
181565535
11048353377
17034190115
20861522849
17151211100
19349094468
3873446494
10860564089
12781762840
14837813328
9891423103
12759939029
8621278074
4599431466
16355120549
4684308670
16076007558
4722174951
18047990881
14044828000
10065506008
1200842539
10705566706
22089186039
8309040872
18658221911
3107221770
18569914976
15094435473
3468566350
16891224509
632698596
17930480541
1286799712
7639258724
5603080819
3609380871
5729148199
14466700955
17906688721
20509929816
7512448148
2539450431
811800517
20462896217
9828948313
5217943319
7441295118
7765853882
19978999972
17928537574
6697868787
1396745438
17791533879
10658723592
13090520917
16207366285
9863136951
1765592070
8908437009
9728681833
12067212686
15629891699
10817310187
9630910656
15434611900
16862248308
6558465443
15235325086
7435839503
12077383655
34146859
3575679716
408293830
13405981156
16401487190
7398654859
19392389814
13796533511
9512896371
1611863782
18998075766
5490873286
12422993223
4876360994
11400334964
8938897416
12720548698
10915139557
10335530972
9232484624
6073297246
1821856644
2223044141
17334225807
6271141482
12925199437
21456173563
5414127826
1809197049
19321402586
8973798297
17994199842
23010726164
2244191398
16559745598
17454995804
12180022582
3578254602
18564667258
19423046968
6465650530
2786209630
19339985932
13812006992
8288028695
3810615846
10573504501
6999319828
8350726161
3825449277
7231673199
282162397
17929400270
4605589072
2794731473
12523350427
16842285131
9998359683
17832214537
16726225046
3901849623
9423668030
11190525243
12183725813
17695652038
2380111524
11343375891
15626445426
13277350811
10183941266
1224663452
9662606826
3862210221
8830207969
6534331442
7886079010
5604787219
19954718047
15754826656
1188572551
2145815288
16054258832
1419768491
6436865649
9983414123
4094747099
183484507
13582426687
16282372924
14204724515
13937726113
1355079576
16915800683
9014356640
2946805573
4517341961
17669419942
18277875387
11697435198
12985237125
14758729180
12302446670
12829552348
13291877693
3474115606
834135581
18004663525
21553352832
17822226208
19287929327
13399528632
1928079033
4327632567
3473510217
7016989370
16823032012
9487790914
8864547588
15238399247
9344007802
2250783703
17447503230
180363365
3510889346
3859566754
1309185980
2275384781
12007760745
9810189700
3988474683
16763275201
18612699801
18377281581
2252036386
8985943793
3539885751
10223062887
15368123818
11143861232
7427010719
20559941737
1304486312
16905998681
8604203158
19567877856
3773558300
6785266518
10336989273
13433176535
2225360887
5978923024
13057863948
13326688961
2052716647
3694673634
22059515378
8725097552
16710376878
16431979693
20600944132
6683128944
3317134757
18855288482
3627797259
18568725056
157530117
13484755515
13694379504
7117199765
12854668246
7849554171
9712126580
6948854494
16304898423
22606698803
9810655456
14534040364
19615474556
10810591357
14674597209
5037879180
8746469990
248624328
15072756994
5230818809
6804948219
16957438465
8464846036
9831674586
15590967411
10376577781
4595352399
17779837022
16813399818
8540312474
16479232871
21187182672
7637124962
8634845544
9421185514
21050027831
24219729469
20757884755
18438311433
15612482346
17888209275
12979320275
11159584609
6632551695
12678341946
14247908435
12913137167
7103402017
7593889156
10895262843
15433464628
17165206852
7128221726
5586326747
21550987715
10216445090
906823512
1080835514
4572544151
10700719049
18411630451
3320806415
17848867139
21568413408
3922823952
10022739158
722234242
12900779120
5969201208
21574014659
6272076426
2614138896
23739058509
3368758647
10532707492
14827239591
13017989941
18561040117
18666943064
6617195882
4217967482
13618141672
2311266928
2451309423
16861230440
12870487781
13570925107
13742136877
7126061475
20803683685
20588855594
1768587872
821591819
13405361232
7285190356
1153765007
12203526514
6721363810
6651233213
838501849
11608745005
16276868021
10074252121
2265177005
7575460068
10959284454
14160137421
3588315491
14403407834
3532662156
2349771083
15235415324
5824820458
6788237889
22424964745
6854232487
14336003954
21887495639
7719740828
11167911402
7952685239
6677741082
14174303634
5726666830
12147596323
18635367573
2363719561
15817798330
4210404307
4412550054
10123955760
9182408336
10062444529
5827169419
11119093570
8640099156
16006335288
12045066333
708376741
18447323991
7785436822
12549567025
15150870928
4111476516
2490507003
11886086392
8074413744
13357503050
5601668355
14837002252
4657329514
15784232933
18840771372
21767806625
11134987049
2604373352
13683990260
7627764065
318153789
18564277985
7221957117
11227129675
18447285806
1496861766
18902962021
8235872025
6827386126
3424135093
6659432710
3351520884
4448673025
8387562707
14036445869
14458443666
10934903680
23571789352
1005771430
993425313
12163157011
5637165840
11901887842
10895367866
7616890187
319076350
6674740608
3560609628
18712244092
9112255142
9985397583
10665272360
1850252519
5809682817
14918670585
15027954299
12099947190
14266130319
5659982629
4050487829
16586911100
4962277410
5697593483
20315636091
7588676731
18257683700
6091922880
4055795174
9955796571
14100148777
3355148241
967032039
1569189339
11923220645
148728238
2708075178
8532540114
11863709472
13272181373
15089119193
6920710500
9861544264
12019904334
4340621793
3512749953
5228358591
3580963247
7989956352
21654402396
10168213015
13044464985
364147698
9888899696
10005141809
17806311279
11786412512
2363452570
12250497108
2512007245
1291748748
6375629442
7077479584
4873076023
11876345215
20574264228
14258701936
19148433761
4199340216
20534166287
7119281908
5146730439
11810371622
13800707417
14860701243
1656806813
2626598815
8970604693
13233195940
9515530577
16818336980
10472987214
13380536302
8939915127
23628662127
17413287165
16169719356
2879369525
796714655
21523699482
6751279533
13359838346
4924920635
20414946451
7435764800
21696996324
1381495660
18317696649
11641132438
4336760633
6320237881
14901313232
19449703323
21231149902
8313211764
1018565118
9631737139
8061386113
21207374704
17886163529
10560272689
12679580336
7705655359
11715713246
15096231387
18734006339
6788037972
5610554151
6986359918
10063403959
24108272033
13536549302
17843580192
17563118806
4109764388
21498723049
6396142414
18768594296
2846114464
6212185178
19123023335
16915963862
11534999652
11014535494
6813569215
17778521044
1016826581
10695612229
8279726455
2407373566
8223307861
8018083161
7514559239
9010714219
8601708873
2386794077
9217579554
18806752395
13039175530
8735651333
4924128828
10264682019
23024323962
1082890886
11714991757
20240019723
12536926846
4445466382
16202347747
9423696511
12844065734
7495813858
4494210220
15349091299
13187434340
18776979781
9266168634
7915490233
479170499
6305344153
8368015623
12046044796
545184827
7858627580
15233105908
19569799042
11232951198
8830920670
12695497208
16044521548
9925836816
6198514341
14547031565
16570626357
5846216396
10438922200
7486659256
5336800174
20814301072
9543456045
10685684092
17791748574
17806771637
5012266860
19591980858
537324894
14125033643
22201414311
4977620354
1641764371
4840230647
22717808374
3819002116
19769131268
516880276
517346850
4675973918
12713175166
4167366079
2064255144
6400683328
15854182256
18375422732
12037347110
1315583519
18275412916
8639579507
22031704235
3962330537
9407376577
13261170154
14034072739
5382968981
18910561336
14802421958
1246595705
3819110239
597376686
56006897
18098752961
13686392877
8926165469
20402725780
5986106848
2703377006
6900150105
21163825280
10150788347
18354414740
1349642420
4251474224
18009649580
13123959402
6175400563
15293331481
64731656
7715408162
22478008535
2795807074
797634427
16761317353
21675899988
1018462742
153507730
4369344145
490568637
3892225421
13999882452
23018986705
6378191945
1232273650
7347306892
5838205267
2429771167
8518243879
7545255112
8638290343
9829857612
3575938418
4829693592
13197062535
19076188953
19750987314
11601435803
849969109
2680118927
3384395017
10538556745
10577052625
12325924564
10884103139
6669882715
22438203802
9715163819
20387901758
4624361048
13203976252
23214202963
2032797322
9871006622
14416438429
2920849253
17877778837
9506145509
8999160088
13698895279
5982971746
5893994657
11421061490
22140329505
10559937099
7970776883
8503595679
4641603188
4038101502
12035572971
8135656963
16176001452
229992134
18266419277
4864543101
23455571138
8345453094
2032280937
13726564261
5652010444
8047314352
13236646172
227539916
15373805280
12514626698
8071818070
355348718
18329700976
14461590267
18675669821
18618945509
14541939135
1258547993
4035044933
18477008713
12103456337
14731950203
18556148499
10375305662
12937405723
13248665000
6140597243
167649363
4070508502
4362641111
221840548
15914529436
444035743
6866960694
10320819544
2113599568
4789434727
6778910143
706928822
12587581701
16956334551
9468642670
14429123770
17742949230
6815348030
9256911318
8314964992
13424535598
4009795449
19809067075
1763525851
21687235249
6107246142
8912667125
15906876023
4628119694
2330456492
12221666706
9597009518
12182549174
11109088978
20429432126
12997762616
2455078436
12696288446
3563922076
2228643062
7119783012
14006484090
15353097105
10060515522
9779599539
4594722520
14164851064
13345665202
2826280743
4355846797
15099306442
14562245250
335988936
22920847557
14617241610
1526201390
8912611352
2693538629
1029327573
6327539298
364719781
20444272997
1493822350
2577564839
12955007590
476895845
4910555615
19436348610
7500842826
17530079822
9194382748
16792137830
16311681005
8389076386
4666593506
11064402461
8017931813
21300398769
876847515
11674919931
23956659376
6706548571
3960122301
5209935552
846447832
16848841179
13633996105
13441100506
1403181280
3468664522
11939591179
2437653303
17570284640
22049457735
16910387211
4311730186
3613260218
762725944
7991678253
151148857
15281050046
14708247360
11675125502
20926602652
5893925666
2718691927
9348332148
838648658
8279342350
19079597814
898311535
8554907151
22257176359
11758127657
22557334782
14653545083
19814826796
2643398258
11856623607
3951912653
7160273304
19647633162
19007846719
18193611550
13684299470
11878119786
3255792930
812313888
11872233926
10731820763
13315223703
3219829788
10338929258
15775295877
10971110401
3175604157
2718478880
11797650978
1603712292
6319497675
11199696347
17463945989
11176065306
2743654974
9152211809
15789622452
9397916740
5039475347
19153843167
5607619503
21145416575
9415370900
1099994384
262856526
4687321680
7121502309
8392869839
6890253204
16776442338
1520305734
10014926423
6425427221
7295688159
3979408816
8776344149
16634974174
11870279435
16922633269
19313880331
5025582378
23044724720
12227045138
2975966981
18405327676
19244426906
9945421179
19108162793
23042142167
7805433734
5668503335
9673413422
3871269541
17306729001
12536079399
14404343108
4174459786
21904683507
8139692097
16164743364
7544165169
13630793954
6404806146
13079898774
20988695637
14499751316
21080335108
6206614046
10713146503
6698669979
6050439015
16351721394
5734473106
15226137541
6473623675
12552599921
16091370286
15709031584
2749739516
371933890
2899680750
2081183885
18494517860
7927013958
5640581585
9506546714
12657228605
13634023642
3538639480
9795348987
9677367036
14310266283
14117237877
16214829335
13706450327
11465686505
18573998121
8133134754
2492664110
20656901138
220159972
551593534
7788183283
22911235463
13039498274
3374862820
15187681476
5088836822
10434198381
7200276499
6437302828
14345932479
10519180991
16453745532
16983716197
22578509668
4109316062
7780614438
19016226932
3099783940
185464392
770876910
14604793731
21895598859
7598181657
21148261586
10920990424
20404036205
18930491204
6759277936
8469548646
8447463575
6167116379
3357314134
6860851988
6440326391
13105961719
10390635888
2750917808
15074927720
11426616137
20104022969
21135392219
5420197061
2863641672
16855367593
6133968337
12248585586
10708693765
2737731261
6681746740
19708829718
15295726700
13673298273
9302391448
10849393754
8364667347
8378363238
14258774504
20057920600
1441281837
1156272181
19704162406
9560970908
11668677318
50158761
9934349193
4413418916
8858744613
17319004622
15303898213
8832730874
17996405364
12181532924
716982533
19504032187
10626717512
18350176192
7302443720
16161877659
5929900815
11051489540
20588492310
17129850220
5244970878
14285996602
12679982282
23536984260
5200812237
18577105073
12322333295
10025834549
12851289552
1632188287
11891343683
7935083401
7041988636
8284994833
5393851964
9375261440
8868409200
12375131561
11011913191
23348660294
20241362573
22579748884
16883531641
11697604551
506415880
1657603584
6426952721
20563197918
16528398048
14792467629
19337895107
19507041297
15623797542
13863981334
14221105454
21719615964
5430681492
21203789507
2644856156
10879252726
16671114440
7945329729
14572652826
11888264433
17979165204
16448299189
4284723450
14176303107
9218203548
506415880
19173226382
817125464
14687759348
7639258724
13386303690
18728865713
14183961325
6295297962
12503228303
6277019359
11367310791
2862589610
12215509072
20539097937
20794849739
12734929691
11377248508
11786412512
24164702944
1641393118
11976375878
21066737633
13947152467
9098212413
3862271674
588695597
11643149056
283804455
18058520616
6267731555
14720595354
8412712244
23558013914
15835236522
12969185291
4271776764
19240716600
11302684094
22775425635
1220445757
14507853715
6363081014
2370591705
19205496817
4522124346
9093647909
1590662719
20409441610
7714555246
178297511
9042473990
6192975407
24034016324
16036997630
8209895638
21627669716
10992574753
16688353650
4440620991
8135771137
9212095239
8497138126
14330731852
12130139221
10550589494
4425644325
4093397139
19197611416
1307086908
9089208388
20285446091
10600477232
22354261170
10672899865
6897934455
20295149390
14519152697
8133957725
10268969036
19989100045
18864070606
5099710073
6729638128
5697444909
12131183884
7844237561
6017993049
11226448485
21179014435
20339836457
15061026825
11396589054
7183907256
2655878771
21145616913
8573441109
6439378770
1200842539
15821198320
1436633250
14584078912
2507049518
2005665384
4352467881
6197370604
3587113858
11414848743
10531367287
6803472105
20186651703
3524738000
12099926604
10586783120
3966123857
14375436339
10234925884
21380506071
4827427730
17016724756
13993591713
8318166243
12133124395
15138618273
10814299958
5789250415
6433874934
2112495410
17459865826
9324554799
21957629452
19463959605
16883762572
9035609901
14190872246
6454260121
11820614250
960175089
18370907885
2651820685
12451519753
19814922157
15748407970
12781807163
12673281720
21080058701
2566473313
13590521954
18561625434
20669419530
13865845771
1252817750
17702437291
565140869
23091928883
21686932514
10326486267
9303436618
17905647415
20062275140
22546142973
14717592971
3827453157
3495112802
3687328363
16260327547
5004932955
24221046934
14001363796
3360366324
19946043419
13100535080
22720917690
9519113251
9132411880
13307791453
7811796902
14514263853
15883181829
504845170
3565774548
4850752863
7191158692
11844587681
24285669930
3119101851
2377239938
18711129372
10139981975
7069485436
6147500119
5824647006
20750998949
2126294198
17114600233
2751883939
2981612434
2677527515
4598151289
14230067065
7830764157
17450400660
2277453674
3448323029
9217798816
9428291816
8376996957
2475374513
5280193203
18599840670
11782366049
6744577172
791477212
13039713554
14675471014
9737004389
18303424707
21252159097
16577243617
9193891817
20907611550
7628415738
20538742920
9278924877
8441688850
16167822853
17973513733
12696115472
15630021713
15069323649
12664895379
2408465481
13920338771
18938719326
15489729209
19779858522
6892891723
4974111344
18768995649
16413648076
1681839062
7926252837
6734241289
24103697992
11333186246
23536319530
16482209353
5568405710
1599519177
3850188164
5168768178
16896151708
17727778984
20216603967
15960360600
23055537393
4992825687
14654133913
9507447243
6131818771
19825625568
18413545997
20141966445
4339095709
645422301
7437994865
11295675803
9468609331
22175437172
4801265124
17071943808
8922914930
11593889859
1030330251
10598044461
1225779447
3839010021
14760096391
10381203513
1300045870
5073112271
13635483628
7512569294
9043525850
14990365852
4594080777
18060708359
1245027869
18671849367
4594786570
4039559734
11779271473
21405274751
14277372834
19359906696
761707717
1204795997
4966374035
21476969303
9388680404
9356647919
13529617938
12934278976
1226554945
10588397105
21836534295
8412470340
17993746224
4298342751
10891035182
7031143234
8526683420
14592205473
4398647894
2570431280
17728536352
7919633902
4215897097
19232017175
21076962357
3975286143
3983729622
18960326283
22937572580
6471340545
7280928887
12436713309
19666628554
7852018488
19293206243
5772455424
5083657208
2650378675
7714459764
5996793664
6688450808
20635939507
14703203382
12924982453
1356150932
7498030399
16086604518
11161378381
3557388877
11948098438
3158048233
16869386468
11108705124
12592870911
9513445906
5700524933
18473015796
2053744758
9198943249
650932918
8053542738
7828445462
19457246189
9288330608
7471894715
20257701746
6175520062
6139946885
10360854116
1550156004
217974423
9417062049
11340245949
12841355719
20277570826
15931565258
18744326429
9404339770
18590820844
1122615043
3772935150
18845695799
14518322066
17703701372
2563372428
9371095032
7709717045
3480836738
11351361390
3875381921
7969459196
4073345807
23203431977
8438788391
18865380026
9080726148
2436433716
2234720627
624333606
8071312513
1405998462
5846470702
3018401349
4378045496
8401662538
7749455824
8366974970
2435759856
23739608855
6161307424
12255724748
6741182371
1143416883
10228096174
8059874499
14615313510
10798211531
17398295371
20296635814
2520341804
7708955646
4167910417
4446205619
6927163033
17243037046
3387943449
10303965879
4777467815
17361210280
15603202884
1876127868
21356268942
2380019395
14403964203
14867338756
15549300822
6704722575
13843501240
14703534715
5846247649
8414325786
7189711340
15083604954
3291421701
1516328512
9944877228
10463141718
10977433157
18112358952
15998050472
13008575772
3386544605
7693560195
15506825700
4629551342
2779639196
19693305997
7624244084
22557863569
6008008882
4021908152
21380085225
18904794730
13966468566
21181362173
15776743311
13513859285
10284435626
6049651731
4387225501
14062769552
9798324848
9657484954
1299354624
12535605635
9578526373
23157222816
4218557775
17143218172
23343842986
20880927468
1841865551
18243270151
3078168364
6435676049
3489499589
12945606470
12235602369
11335478274
6346630552
20454671451
1391310982
15864804355
4563788263
10069979795
17932512487
12692384681
10736380385
6102493181
11343246002
2265177005
17906770238
11728616488
3093687628
12768646619
21200162915
10743744556
1402826961
2338905222
21110680528
19331354901
17792507820
4508118747
20780979338
16118086071
16682866891
3833647428
14904394293
43008667
6337536097
14946691947
11689952762
13259309591
10649815180
15195975094
3453228264
4791206807
472629694
9454528064
18729063152
20444344152
6138782835
13295914973
4036786103
6192474248
7851803143
15668156201
16562868722
9797677047
13312202489
2965239431
18099837953
15180754793
19124380391
13808723100
6678156813
5235790240
10949958015
4486943668
9105810598
4382503389
6343707241
1805751726
14811134948
17966526626
966377432
8440847675
64332690
18567316280
1465699535
7441982943
16052320334
3896399787
3848802840
20598651581
141578084
101884551
3351820590
7157651857
7274009575
4973517151
171515867
8986184151
10077651147
1495377898
9029383399
14550800140
9290321186
4816360324
19442842962
20534182393
15605227513
5027078799
18414794563
21707704631
19137318379
11488301401
17006592229
358944693
1569823862
4615162878
1075161277
9780169578
12724668906
12516585509
17050721733
13078882248
805771569
14676407311
3910794224
9900255282
12396754150
22220603070
9735974889
16413651908
17850456480
10011319339
11022436341
16331944731
5715690340
20621325514
5016465847
4138478268
18597495382
7835695579
13171906200
17255397682
6517841720
2908452551
6948343574
16854097796
6164991352
19075659095
15995669036
14165231371
11190525243
14319022700
18672837198
3274443923
7351607210
17031081647
3495799782
3123261766
14619418496
4469598801
13526249575
6148055971
7126061475
2277327873
5788659794
8513638181
2620101176
19271875720
18694875802
10051992575
2766194756
16427079475
15383241042
3812948631
11115676484
21107228337
7532940200
5631239013
13551874086
5999307950
5494325258
16563929553
14516105516
18386930962
8468770599
16378258273
21903117911
9905101792
19806276129
2560472334
12421839521
9866277271
12206376143
12615344443
2339487488
476419068
6438720474
8905730622
2254469391
5244365484
14510167853
84424292
20833887027
2805984757
4953948756
19123444952
17547312004
402941351
11582695309
6493199141
5003197795
18889531671
16303080316
7343942626
10998823953
9533109753
11257562807
488868420
2552813772
8330081768
17492744521
6439142838
8761982464
8816210534
14059737904
23241439311
360578686
20642879750
18319598810
6586254360
15662498683
8758939933
12401988222
7152439896
14734652598
23178667457
4850377650
17094345923
15383502367
13500207788
10950548269
5807669639
11474418366
13068446878
16536208423
13009821606
13444909964
86828294
20320214539
16051499689
5523407405
20093508574
16440947972
13775488536
19541889005
8773833966
12991071691
20628858195
14899987670
1879152877
9433939771
16074264540
17968682150
13630388810
10369580793
20032156343
4894750250
5769330115
875636784
3754750844
46918411
5766749454
9794450665
13774190478
20917396509
9008665102
4327299890
15308826890
8439903352
8113900192
4825227626
21268367579
16856175324
6354604484
7822362279
9084918755
14513120326
15091312563
7297605715
7787948650
15613587375
4304318289
336675350
17121545435
10542536998
4768491945
2669292426
4721561753
9709389713
4868356481
18667803830
12367404973
2808918497
23225580011
3338713944
9261766533
12890338533
19186551074
8780007583
20284338813
19352346474
18772080725
21029759093
11100852228
5352456281
7963099589
7248101407
22259433339
13435561803
17792487659
20899143364
5631432092
9404667845
1051843013
10119150274
19383345602
10645437419
13800434563
11560598039
14652059540
8369417810
19833757350
4141325741
14284537365
1606423167
16241411987
3045123031
14969153688
12179550635
12708024653
7886429377
14224670823
4153466788
1647499380
13351546256
13230731079
17029981781
12688006869
11901656257
4415835582
17732923260
21160933245
16958996295
4588224358
19762822879
2235224728
12989908939
11231665940
10801985940
20028817006
4077876537
16918611141
4226807015
6889620699
2693637973
18163968477
6220411010
19195954529
12484973500
993542879
13628089199
19271990434
4490410464
12765637186
3686640422
6737658552
18429746340
11418230481
17031528174
14436437376
23727807098
4901660694
13730700136
23945888821
23492757110
1259040161
6329808381
18705630262
7960623551
21926354872
5297754653
21074016758
509775759
21924156134
6059512623
19245236551
2248352989
184284883
2821333114
21066140621
8912785253
2599242426
740390547
9613784673
17344094921
12864208715
4786338975
9709595871
9343027354
13450247087
11641944953
3019896042
14495904744
19627998924
14684217230
17902513142
18905272073
16022340676
3889580160
9912756924
5403543854
3959935580
4340293551
7053554335
17435777097
18222730047
11511751269
2252382280
18927715764
14369504586
5446707789
3784080302
20216535630
8610874417
586240913
16791248532
5387548795
11339488189
7511927247
4741862137
1079284266
11379048836
31907231
6318971842
11025756932
5056587601
9367555439
10189475262
6315624103
23824519364
6211825463
7884309313
9909911098
2145895184
3202514843
18320236364
16896701074
14205097439
1557600590
19149085903
563075252
18225025467
1635820340
10035940657
15871631226
8801133426
10401889888
9573218572
14913526894
14903124621
425243604
8677229418
1104152234
18790577615
9150397422
5994509062
6376222427
3093860838
10582062350
9215620155
10921254989
15904536481
9821909451
15892845221
42382889
17980705692
6722210681
13150512932
5783616387
19593338499
17671423914
19312297238
21446585224
3880225212
9508228810
1947198265
14843044930
14596000812
12395284370
16556648622
4793877968
12726338048
14321701944
8911482354
6752927315
1519908137
17499599323
7615900590
6036352458
14968314242
14330482153
4490284876
17622010094
5058484844
22954003999
2351412389
13025675686
2080807653
10636887750
15068705601
37948755
9878120053
16742030810
19103439777
5410049557
19895037675
20870500173
6986803550
23651036971
6987235893
7710845789
829821900
5565559518
14778213064
19977717360
994265218
13489150874
2124679067
23226421503
11899000805
9412526323
1766424595
13183790559
698929058
2526932484
14838232770
5438364241
18983389076
12339543584
14697465392
10363446492
12676442755
11877630901
14786474642
19899070892
4967817776
7003511359
13164550818
6206242276
534325918
12434681688
10681355473
10088956882
16235108095
1982882001
16010560020
6432432435
16390361007
9186663033
9182379280
1073329137
5750453193
10610410435
24556788622
14547690006
10056974633
13780688920
5036695399
21902478009
12852579695
12972876413
10335360697
18481656126
16824179557
6387257662
7228687467
15460248229
5892087280
12875417918
17680957485
4115995828
6197158678
11602874453
919878594
3060459707
300349935
11628147392
10212803336
8182127500
18949602482
8675601219
9482660293
22537042184
3224060602
10425413557
5182029236
5450211866
1086016916
15488633255
15724339318
3559135891
9630170708
8527285459
4638328415
12102296507
6834905226
1304764025
21264122717
8479282743
21088661863
1249648096
4293435846
16203502814
7804916040
11129838580
10329599801
10887434457
7670653274
23943217336
6164040793
19222015254
20413223147
4787354339
12534857291
19529066291
6112003455
20559603880
15098873705
5015729609
2264165398
20815034818
12720614836
9013689777
3534504079
7662317960
13788718204
11988665282
12387357329
16289261419
16778955819
4540497580
5743626668
10633404005
8914676587
15716249978
9003592255
16536378274
17038064368
5220837400
4630568416
13575198991
13878336043
8587876903
5954021484
8160067178
9778796592
6066449190
9781217949
15241020994
5397183150
6366605970
4457077692
6474682252
9935078406
7451953902
15182975853
15133607179
12683923543
14727651622
660653150
10322884559
9398795299
12895271244
17758124738
3399854906
5021248519
10673252515
20321133334
7041098002
11811453536
11570711654
19979939738
9559160786
20672010277
2593184422
5490212722
5689817800
14913465608
6575756019
4581721494
16589438859
14023000657
17035781779
16405948295
12464788064
9845935852
20873128227
2286703823
1776551923
15713992887
14337991311
2939044614
13168585592
11716859576
12521590613
24303502462
5783812972
21351503736
3868378956
12550766507
20457687486
6622708487
23238590594
10809223119
8939308742
1155534730
15889851549
19284203926
8871451725
167649363
19952415371
6425826827
17507642194
19208865460
13686667400
65464086
4530324486
16892453214
20230694114
7703444110
11031719679
11404699509
6241186371
9639372461
9142012760
7076688902
7320775503
17154475463
5346853257
3672959412
13788403789
7639195260
1650299720
5804808140
628854123
7427475425
15087452942
11934884063
4038592415
3878533541
9627350473
11886947235
377759852
9833772994
11006893979
861285065
16288386929
8275053988
10638193407
16805189297
1523960207
12258669339
4967087400
6924751999
7155056258
16632372025
660317010
10135394673
3918904156
14239490440
6042189680
6345988381
3130602754
16034375191
15967312431
16176576675
21393787699
18902917495
19986571149
7306153435
3608612349
4962277410
13374085331
9425283338
19031481413
11777756109
7802464975
20814197228
3213047216
2149387306
12041380207
7471533839
10428422024
11773781293
18325818186
23684737459
20222945185
14596922598
20623960139
5662239415
20473549232
5729634369
15427019
18821449408
17208853814
15727134151
5431289510
10525462339
3840552643
5736169774
10884623639
1086900526
3096433860
16516128997
4894252223
20900565243
20634041925
9280188002
7625101304
11305118017
4467922839
2081272785
16660496393
5896005165
6503604005
22897794843
8895491883
6174400066
10038773298
15724793738
13350255746
16930913906
13295212945
18098631992
9425981558
7825808578
14951556161
1506919721
12250143941
19551158306
12645102101
20781222380
1927069638
8554238714
7315127056
13395377178
869144242
12345628725
9255620217
2175848587
5511871728
8681391250
12301008407
14218544903
18932111243
6438111119
20464020591
1809975629
3487543197
8647709607
18427598289
16222064077
18088274265
11811215796
21868755223
4261027982
4448443519
9110319203
15323626286
13590248694
4199153315
10061422634
16372796531
10895126383
8768205002
3474179590
22094046342
6662105793
2409292389
18910874403
15638258667
12946013792
9809138868
16605971187
20563492562
14750290429
9669935580
21150507788
14780796801
11481786477
16061585559
14032839921
10077931257
3396275434
4366508656
12471261126
4361888270
17361788671
5189913310
16251079654
14275853081
3561019504
12484641822
21250168916
19229504
138889268
448538076
20276712972
5437410289
5231988456
15970442867
7126061475
4003592499
9014680637
121653433
587190289
18810857539
6698885637
13298931436
724618940
7689060837
354460560
3895726766
3424513188
23733372503
10298425888
16928673007
6292750255
6466249512
4429895104
19083761406
11138639669
14563060279
17984691051
11715864994
17883278661
5899815851
9342840019
5222061955
18393012080
20576053265
10937704217
3363175797
19515722691
15044896225
13019863452
3389283591
1825462897
4198909663
20697232836
1296138890
4139685266
6873071033
10978282677
9728681833
21602539195
7126199055
19610177627
19615762554
8341318111
15741974552
17561351446
18759218973
779261017
4188202249
19574961394
21987673498
5227696983
2993925691
3406760917
19743371489
18158316240
14090024660
11576694292
19157651155
10030265754
3930329703
1315033361
4051885625
12523959378
17634712657
17546654183
6570653982
8491488882
4107208328
8389657376
7618932353
12772764576
8909642914
15925217516
19375892242
5825574825
9926063657
18488763400
10827577809
10956724718
8743845936
8595926601
16217901192
5796795221
18117211746
2327920905
1610058507
19029042722
21266034778
15154509341
22683882198
8098965295
12061081781
15965978382
4782580823
10056449989
7787511228
15489803893
10272663938
4087463052
6957336781
16679419527
14331295733
1769211898
13743935870
3992571438
2343174065
5941587110
13457046391
6040576266
11750056569
5621924147
1348962077
24108855634
2447583160
21640925939
11709838939
8616542543
5382240712
14932810476
1681689132
3654899136
23047988325
21817224644
19433765835
196283071
21110604700
10122387366
12127616195
9920980050
11117340665
1692053065
7756876521
9540047389
22974935500
12442043683
18265376137
16444013705
7303790259
21109024993
7578245179
2075720457
20186601995
15860596002
5281828157
4554074431
16026692720
16284001146
11642484069
8288949724
1416736550
16949389585
13919371238
8009234392
7121489729
4592044470
10634843266
21520212042
15434595920
80132965
17678259130
10287282098
19009891496
17382112110
11120899036
10075690794
6954171132
14650820320
5650579899
7887841482
20511977352
2407068938
3818168023
1368115036
7321178996
13224256857
10180767673
2603928846
13160682952
14673446115
1509257081
13934807201
5302319724
11221365202
11944182269
509848746
4750916238
9798757126
1973780771
17448359413
13602178511
16101536031
195880888
17723321510
20001559039
14045273980
10279849247
18467849355
17317237209
9428414136
1092350020
8766172491
5688270417
10955517390
20799062586
19692589406
20742955720
12803947708
8931487585
6682525091
9572975815
13322321214
15260860622
16686148837
21035382585
14717592971
16703195257
4279753427
23361570496
11810201274
13593674982
10631733972
8037570115
3091028531
3008389202
3824071757
5644665191
18491997539
23909372249
13453244318
7430432650
11091768799
5262214824
4470555773
10221419857
19636655425
10636980221
17287665590
11007929595
23360504542
1521051496
14476161639
16541028866
20808197513
7215290663
12938008159
18892201259
23481880184
22308177012
23712731032
13381979530
5103354601
14523444411
4481659496
9414659207
8629315357
4394180645
808758102
4386291640
147035742
13186154694
12453190021
12933841294
11210471514
11810332381
12238034205
15757987174
1326558667
5724165533
1124327721
12395698336
2330686086
17833113406
186966293
23722858948
19792999547
13012439830
19646714303
7687307716
303710156
4744161977
1314848904
3262359330
18128363326
14178569215
12353721500
8894928855
10313781579
21626494316
19466092141
10163883273
8931774691
5544007843
6570918616
7763546859
13212660738
19155685353
24021745228
23113280052
8070294891
6549724575
23209733141
18475476831
20007999240
4231522131
2813486268
8443471192
23584541242
4257706569
5856455795
23817195322
834828401
15758372006
10766823023
15863230943
4259270547
6195677718
10375305662
15037371980
18911576891
22304124818
4595472286
22963076560
8935942174
16924050934
11615679817
15433018434
2332194139
12220791985
12907586433
2821788051
20002150950
17749660641
12341387333
5271081618
7292360267
6599252277
16775253347
8470418149
21553683844
23646336535
3090499750
15029567714
7296861895
5579089602
9568061416
18617580503
4658704166
11314531241
2184464376
16157050
8881465754
10532228198
1853160878
4848725520
2016163856
16668681563
11013448858
16918065775
2691668981
11174620180
23190375606
3887777184
8934217673
11135537366
5973688537
14954997471
11952060423
6441093223
8343166111
2406687963
5012438686
12646941983
1847962189
2687827159
11661630398
13450974057
12831671925
514698906
1811256521
15842771247
7249281554
22340901417
16390795970
10902567267
15721627259
13405268412
6956137721
19291003267
20392421142
13255498556
2080543293
23579860491
10581004166
16243118778
20465755704
2828132373
9832932211
19693798341
15009857772
14486063579
20953625291
8289834400
3196499627
8369560753
1561673394
16936171769
11732001452
2342748164
2869746274
1302482724
2548725713
11118064814
1769037441
3445099169
2053437347
10536520582
6449784307
16409120391
7710060693
6708851888
18746700112
15397667297
2779399112
10807412940
8457241743
415817784
1086900526
335425164
10158803846
20746375276
4581721494
2880519240
20093695643
7497356162
10358090910
1494522225
19191378505
1519837740
11705382768
2811102476
12070216254
17288595205
4490652483
21785825970
318452692
13490911430
22850420769
7126904473
21780357204
20776168078
19441481636
19200763959
7150919235
392037841
3110085541
9611447570
3746012079
14173808114
13538159667
625106757
19996399332
13533306571
12484422060
6717178130
11729863385
6052962966
8485043071
24282297518
5576316691
23483376671
9072078471
18778255394
9663646982
15054241811
4893162138
7213152150
1951746646
11277769414
15188784432
9646463020
12041080463
9719122830
7161112417
7683685992
2187147611
22246102909
17216949971
10634135976
7242786729
6559526281
16060554856
13500659682
13923676042
4067002990
24086733788
20047873830
8519382636
1935620959
23440128026
4879824289
247711666
19495878555
3662406616
1379642815
10181117380
5050928928
10598716324
21165984554
6695603051
12150048034
2775369153
19059080104
13056540915
18288366955
16304137137
11513484967
5735269302
6949927069
20237855132
3984372556
2015353037
2687136093
19602635627
13868906384
15369086151
12160545888
10598686309
14016871321
5364183748
7759067849
11830354829
10540007680
15561329356
5189924332
14169477880
1960854506
5104829319
5244485435
7978113206
8390634502
13378713181
17896242363
7865135862
890268169
4100726205
10960312368
22573054137
8075535075
18251892305
1227946933
17876147615
15016229586
8741073600
2177577119
15084932916
2944301140
22891142472
9438431502
12289366982
6138083164
1982932466
3961967669
12216732617
8938357615
11013330657
10182164868
19438557442
15966792119
7837731310
282403433
3550254313
6107449395
4948058072
5194570016
7693249830
3370747725
6631383726
7580262768
23194648584
22030051787
4257048511
1608170825
9304069894
7192373882
15376805617
22429354502
14729126300
15063300514
10334153121
16320229140
13976964765
16468716243
21224953632
12380761651
18080089040
15810806912
15203623709
8726088137
15395708712
17675323445
2346192028
5303616378
18508586218
15081700
12931858939
4257769788
13022837409
19564004497
7348690743
8897256796
193098163
4145357438
21209565661
18367761113
6920720875
14987339796
565755202
11658796104
10404906539
651218735
5547031172
11048367085
9070195391
7354986422
18267866427
22370253046
9772281697
9577570411
1657099345
3646483328
13092630484
5789656231
8997453696
13752616123
8830662790
4389100570
21229146251
17145524437
6412043425
14235559713
2344450802
5507829215
6895481548
8515003281
12075118123
17483066331
10058361833
3693539777
7264291637
4009859151
18399015274
23021150615
3329146682
17943625971
14144997052
713940173
48533126
9275677294
6517349886
12187055392
6782436174
22417257629
18052554479
2422626541
3474491922
2019013693
21962350259
19721691364
15906710725
3795339627
3870312192
3783019971
4596070189
2223093507
21211170788
3804038520
290621670
9889863556
8601302348
4774071974
4937507149
8810144727
638029668
18938990144
8439537189
3754272159
13751410875
7452247247
9987903343
21771753963
9122002530
10744649456
2372680384
13590587564
4324814742
12276614085
15864896319
20382779520
6282571047
20239072333
15912049753
5575070961
4798111845
4438895162
6583647178
7187906748
8442128926
9560887391
6877761925
12961840919
15840119799
5670120951
11656390893
4467081324
4481575991
11117340665
6655528630
11543669289
6544338009
18227730061
7245871755
6132646067
8824296115
1355417660
5727664087
19600965622
17743637431
14182340476
14673226528
20915017013
13532326398
9182773686
6111435820
15717858362
14718519045
6019039729
14009456652
13537587533
11837140914
2557566461
10557366287
7095391661
4446535942
7661734105
18428360510
16202401353
1198680429
17840233732
8052210310
12287787331
14084666705
15716288056
12505744467
2434418252
21669342005
15963837678
1799214779
14986511676
16168840366
6278528112
20786586136
17409074577
7413242344
17885553726
999623288
7882805636
5032244861
7340126614
15402232196
10058761231
19427469793
14294775009
3360395430
2929099231
6700102926
18101104471
17450969887
11346182398
15350582929
9544511964
6899964445
21757293459
7686930129
2808307903
18442289340
19266583814
3778524173
500701746
21723326615
9016153443
4400020453
4867779581
16457380297
15277156309
19827032104
1396120254
7056181781
1009690227
6227554695
7785943307
1898062050
8047271178
21440616937
9575560517
830698881
6375353786
9136493926
21115837623
22293567945
226251705
2975036913
10525574431
12188993146
9374249333
7055636655
22978838710
2819241542
14195888164
4787550720
6547907628
3618679631
382942658
1682267625
7747659497
6952971319
12250143941
7205935636
5059779966
3922382022
12737092841
3517987608
70557013
10487336225
6516558449
8752837386
18069849628
12887004068
1664446187
16280792554
4329502215
3630074217
11560088546
11016184191
8533987185
14447857032
20270618017
4423441389
13302273818
13175294320
6894197815
3873418323
1929729579
14507075640
18447933262
9843398213
14745762992
18338813698
8086783526
17432320127
5953999181
11494327965
23635106112
14867900393
22545063022
13188732336
496089500
7401512151
10984947668
23425014651
16075150
18234756157
2319370221
11297274521
2900897972
15156543776
9016586809
23725288357
2908503042
10342152353
15297113596
6820804993
22135693093
5067034272
401243893
3661594828
9929455565
17686470589
19948135077
1504737392
21878872053
9480270141
835126622
16910018785
2795405707
12676683759
8070113834
6913412514
9107204471
9625459937
5279907523
4595088986
3104475042
3109995023
17573287490
3208623429
5350595329
18741514071
18382345962
17811128722
8632603774
13019077076
3821984930
12224326444
16968449001
12052660477
5860689204
17353704142
18686368452
2081829334
7617426963
19301532671
15157528066
13303434634
6989560556
5072406291
2980609970
19352071874
8718342630
11626640810
9909383374
5265919305
7932635678
1461337776
14666122719
8614855937
16181847325
1506483202
19610866452
17819887857
6170941413
12046044796
7819849634
21672005187
18556062692
11015180410
5886364082
420488297
3124621241
15302422075
16489689328
2565635830
11873097194
15361223060
8674505588
11593693831
8767897572
13686388591
6498935330
20638258714
14058131756
15101951645
3188849496
4564713619
6760784090
17853902680
17820559667
16352528734
18043968326
19663643976
4645957392
12238974949
2067493925
11653428991
13167641346
12771750991
18428261204
13225376714
14547273226
9344393607
9871575264
5054183657
5085292479
7164763514
11870497065
17954996276
12667778860
13877170853
7546410220
1766946645
21179168800
12106974395
7900060578
1022833200
6759891457
24208335759
9854487406
5463670730
7899812779
9053306096
6193406945
6049993407
19331759381
12526045384
18195510813
20150832845
5338408749
7375521882
6315677325
360137650
7099209692
9538945314
11975943887
20749455561
14363969887
13378713181
8243924625
18483411414
22207289561
17491612140
17839991113
22444082628
16916158223
18464884618
250312206
20306510784
15365581687
6236597308
9405540325
16540463705
11666441423
21018309742
9860312776
12137713276
16663716392
9417509333
5528832328
4429288030
22858709123
9014782473
16820046377
11426201725
7365136371
11339615012
16532027446
20843905347
11634123369
4294292595
3792742731
22329686857
4060213283
5572829659
18470436412
10268860239
628464639
16353992478
16859453454
14648241119
16010131786
5418264791
10388340573
4050075469
9215188846
10043459048
7979976786
17813839095
12740193432
18499812727
10925424036
842122030
8100466528
12823186290
3801561574
14958641471
668311792
13601032031
9225113242
1691439304
11483538807
7662552898
9685359739
13026756725
5879283575
1663881814
4630028800
1949664497
21052050926
11427171825
11324263983
18348449797
7297987273
3757690893
22676488985
12545796408
6558524514
1598779488
12964040132
6750950518
5320002465
12256417778
13825384587
15705129166
3105404621
16463759871
11057634390
11239730635
20782904935
20048058676
6000804700
12747625790
4335789526
19581765235
23227843412
8483160714
12272413909
14644494188
2864445568
228384718
8675601219
5428934374
22662072503
15157222482
304333334
12021765151
13953815636
7032683843
3883183366
15236043592
17051020497
4568861067
992173098
15900921238
20211779216
16015666591
6179620699
14028264891
11003377719
4256281119
5529995737
7149465512
6147018704
15018010844
13238548242
6583668613
17334335276
5959043592
15312025708
19103716972
12871977121
10797093504
19060473657
18567964614
11478738782
871361117
16380253449
18336790645
22974483997
19908624900
4855171666
5370843420
2409060117
15282937872
12771978974
15784713074
18386850596
1817369273
15005988184
1914531772
10757649727
16771151345
18675342425
14045366369
9657046259
12044978382
2000034959
5908881728
9163548256
16597972990
1589330115
17605322074
13776867916
21218822617
5198158389
19933195555
20300033591
7838123818
7758654030
7361361399
4980521686
5986323669
3166222110
21623918453
16638307697
20306943584
20745924054
18818090430
12692100434
19877469533
3286130352
9710555871
8483693162
2759785655
6739906749
19287042890
7213240020
8763626065
17907660329
18895459638
18540718814
7234069889
3379574270
11014856308
240523894
7020397499
12465447209
1508830195
3993407718
16637498822
18167146912
2469937150
3841366101
6126429934
17649040483
11778912318
8752165937
16673199824
13012314962
15452605720
8769014022
8513316935
10532569578
9453568139
14426852887
20548223078
18955524053
6422612024
4037058852
8957671567
15584888384
4654211286
8985342653
18897191577
7160040063
22181694029
17583301293
19400337725
5662040965
15294385939
3587538767
2582389431
801162309
4843309256
4086959569
17149425842
17138828289
3187939384
5441716129
4993756681
5038650194
451303341
20929626502
13209013296
9846228016
19869069898
1312660398
1864442816
11428146330
11078426984
11297311724
14650405740
3116760697
12218195097
8879818970
3369026857
13601032031
4616244425
3538160068
10532738885
15112590497
23393199193
6362820462
15368553828
12355270891
12231769387
10292995574
14014458883
10896313691
17637604403
13909915045
12065949200
13285467836
2815858840
20473549232
1599324166
17854560503
7175919351
9336462924
13367192805
5744353212
11860419943
13758146526
1866715137
4397878865
1856750941
15927868772
7735741095
20096069526
17452558857
13940124847
5827498594
19793729891
4035091634
5442864367
3422236934
7667813023
15400498194
2057683880
23073788734
4211115315
12996138014
17406347127
15110277867
2149979115
18089765775
12209319068
7786683638
10851928869
21180113000
15775295877
11267833901
13192871573
20171928457
19299234539
989356138
11530070815
12946774881
10171730254
2352476765
6941434286
11945901402
7716938611
2324785242
13911184077
938021305
22694827963
2014835033
8986094723
6921641012
14113115885
17362698000
1079342970
3029093126
6246529041
15755654265
8553990324
16259475006
6959715433
6087173754
6196277590
23834950193
12533613210
12122474667
9132027777
8199090074
18823901070
2516992664
1507830498
12311115000
15420663075
856041837
20224282667
2782317611
11093483841
12160572548
12301132915
12145347047
10902723491
9346294877
389233146
2917335673
16176402334
3536593576
21496070266
10923842146
18131686122
6433342842
12816173726
6978236219
10206116108
15010957848
9037417445
3196499627
18509863448
363850584
6935084890
19702762860
11636216066
15445883805
2780881303
11253192226
6471818504
9424323832
952075561
12132296902
5273541941
9000351606
6816542459
24415587153
17898453111
16109789984
15647753986
2387697686
17229648908
3250103250
4597738142
13952156491
15677209727
11707954772
16264120923
14744288208
3716460445
8605397348
17711043729
13456800094
7540385191
3788608127
15037255490
10377780211
14902092538
14988484562
7075173105
8943676711
23340976981
4679445798
2305362315
6284402842
2048761749
520684812
1434448310
8700705283
11234896056
13700433528
7590165224
4359169567
2527091046
9185847716
22930341550
2850960059
17337327844
85457247
3675587227
16633465262
4796160343
10130642970
17024450899
6028205461
7088686591
5473481584
17642524120
3803968236
8993984697
6151601786
15210207952
9604308699
17777649298
5835621666
16143062827
11839385816
7548988419
1671797172
3096308498
11219292150
459277914
2624025324
8223439892
8741983740
20261346834
19668992706
13446431287
1799963248
10307717679
10931547985
8716856873
20010625314
11363245591
4277156179
2694973474
2947534575
8134987965
10895111650
1295446741
13044251903
15999411056
18622278616
20232264635
22117732229
5869871047
12147657465
1665453841
5776897722
14383571933
4716461515
16766306773
23733010823
14647083466
11344060153
9647758907
11838785727
21446275722
22057298767
8576349645
20234660175
17226691792
13865939022
23232512545
898362437
4948515222
11000936206
3368564613
18982931457
7677979235
23418956906
13298702269
4475924303
9568030051
826079727
12967100418
1634678188
13485476393
14782539636
3099733929
300308889
3263928252
3805181421
796564671
14859527579
11851131537
4498195163
21202640555
1065525047
10280842913
20951522804
15490506719
495885891
4940777626
3011461546
15208790093
12996998726
21476565820
10896366678
9403826863
16416317932
19274479043
4875539746
11525113172
8415385615
13380292474
12860230963
12441016693
3957202667
7061542627
11006510098
2352403280
5702220442
7489986856
11313460432
6691362768
11630292986
6511456621
17759892535
7596824173
15690350336
24620272870
6607776792
9603428928
16885833841
6239738964
6683843433
12758443571
10858903481
19080661952
13110307704
1476311997
22366713938
16707498290
2237034077
7057331705
20698468151
16407663395
16018343844
6753721223
20565004152
19007569262
11657921307
15480373664
12835526707
21960473318
8653865480
9777794735
21448764957
7995441198
23429716859
13894210579
20297546260
20220167018
3665330790
177407523
5031146796
10976790963
11212687447
2644132659
15435007039
9722155869
15576868954
13449950109
2810501262
7883818324
11449009202
894120189
16620563777
14752018893
22560172664
21988414771
5237064101
3373308936
13325412182
19882114482
13717827582
566184975
16475667541
11657388740
18051237300
15818907730
10781652990
22155665104
21230053350
9833393796
19368104565
2435418549
6180982995
8898899913
3936912371
6640334839
7160310575
8766881838
12336907305
7425417720
10882875738
15296202087
15577079995
20019080515
13997348522
20062889374
18363741716
23147950201
6549935356
22376394871
5025582378
1136412387
12335948015
18098196847
19066673161
16722636715
12783051065
10971826484
21952124823
20028889979
452956660
21738773977
6476468015
11790429185
13928177744
13325542331
22491176041
525828482
17229126720
9964146816
22257365175
18850019677
11343066855
10932168276
18496212240
21553062695
12790930709
4437252093
16750938615
6609004041
8332885705
15915447458
2595285877
16882525463
12852993448
12656389938
16201746800
282492405
12327258595
6678579260
19302873651
18982769747
6167658163
17666245080
11247672622
24106597282
8857044820
16958971088
5593640892
17519170955
22126088774
8357290487
10075105233
1427429970
11598838057
20187310357
6678971166
22768239042
9263835509
7807472227
11051532253
13116587438
18758526144
5562673200
21653047717
17762282373
17999574297
8257600481
8603272257
14556796839
2604814163
4811621912
13800611218
19921464257
10599455808
7841422900
17475517876
13571432910
1465727703
1145233710
5144448450
22210016296
11794228419
5419194220
19556740066
18728577084
18351293665
11035571562
14861014323
10858506495
6298612921
12024793740
16905057876
14332720087
835808863
19131328337
16759884253
605814689
15034737100
4634942037
9121789974
17304850703
16812224407
1304992783
6457778318
10827838368
21203905961
2830602876
7671612717
5162171219
14190601620
13635061543
1831419073
11288578648
7442866156
7244196048
6732937149
17074413280
15747494606
1198902675
11704013493
10281066202
9013500038
10845415091
5517916098
3446852816
3068401229
312963452
1371474560
10116723439
13111761095
5224376716
19008541119
7217462266
14509015545
19970311762
3240221675
16495978945
4221780825
7297168518
6050764192
13438746774
8294045310
11804149919
6182778103
10195517383
14090004445
1278672687
10808242924
4292450911
4715017900
12285988793
419712895
22168748119
6262876099
6762995421
19243626270
10927169228
7323834590
19506819671
132520845
16481841507
2511463213
5083756585
1231738003
23579440439
22427386212
11749326431
18481225655
12979225785
5424927688
1050236906
18988650311
18342885187
9874912116
10335777441
474426105
1269505038
3307884335
6422275286
8160432185
13743973527
7873316939
17794038849
3540242985
18667286626
3554344652
20841905450
8942097441
4932563234
20143121422
224704897
8700950936
6393256310
580696352
6551092471
19748893204
2683579652
2224044843
12849962620
8871148190
19723940876
12607125409
10267901369
3110085541
10800201999
14004147066
20093877308
17678826347
7996942327
17842159831
4165257281
18688490730
11992551039
5275259882
217474944
22901677705
4719027860
16919027971
10145967913
902184030
2695613298
9109779865
2870477625
2377239938
3356828323
16039233207
7478051510
8551951892
3840552643
17186576084
18706074750
4352211270
5728265438
16309724214
17284780916
1791254652
6134713948
7282021383
9061447623
20286631144
19948142687
12128829333
17202847941
3687771724
1796689950
11839781557
19300402204
14545075789
1324811226
22551314680
3701774475
12553125739
23240884398
6923178105
2224767200
21034391538
3372294052
12043307527
3303579578
6790339331
14618568754
13406389837
8136153809
353696500
15003462506
3299444827
11011524506
10341900261
20731815066
4424909126
19103461796
13947749911
9855044004
22184936599
7846058104
9076250906
15113197980
6252827321
15949323599
6637300202
21947436965
10612621730
11670235445
23264239145
12983405203
5700321799
6693835430
5037282708
15549247691
18308656267
8433520343
18923059200
13191713421
22475074237
11049850941
5150425089
13472457311
1373229931
7427265934
24678489681
8654540331
2812075583
2112495410
2225433425
5570629298
14107596228
15149395697
6772655493
9194593717
3319719022
9729556411
2794738216
22652032476
19706594012
17411626701
14595927372
7157623644
13728958354
5144887893
18018117215
19765100904
10590434984
10579559531
2508650786
10572164413
15427072728
10258898738
7425367597
4185173155
8233529714
16713698686
13977881361
9989616762
6986993071
18142025810
12904196647
2747672443
2685325750
5651988675
20696749916
675289158
15964482236
19453434325
8259148930
4903469439
9986572256
3202982070
14897332875
8053901199
13252131254
2439901916
5721889740
11431720160
19531686275
16700866191
2511600767
15373125293
16401506706
1734383854
10902990955
22723805252
15667990899
1391537515
14023364421
13274100940
17318316792
981966139
17384125116
8849292781
1796814619
9370290494
582608004
2401505435
13236630139
10956257208
4468280979
7551233865
4680774134
6779073962
9167345318
6148692853
5988146477
2511763898
15567597468
16733368041
13046455358
12832885443
15050940296
8524035732
5473623532
15395467327
12120333932
5931067369
22869204853
17694413335
11708487566
14765030877
13940033932
14535780488
7273313241
4639230307
23984235765
17746957051
8669935109
14599316492
11877252454
17651262711
6449053838
19071884478
10646828815
3566796874
6792396095
9443822379
3307400334
3656046092
14176017296
15584154911
3259835433
9088267833
21863736794
3156831941
21774376907
7284359899
19481440695
13776018528
17659416349
8412925047
1761435220
7941928474
7229702955
2803423634
10330248690
18908612994
18708141791
8753516651
13643843111
10807629342
12256965501
7657900334
7890968732
23540463138
8515607158
19192546462
1448110900
6224446158
4997979096
7409667484
20249295943
18910735979
12918343581
9814481043
6170066906
459277914
7840995698
12128632341
7963562520
23531100572
2097857917
4789314520
2605815450
4577309337
6301593235
15306628950
562657658
18283907430
2226359950
2170603382
3476235717
17677102019
2265685770
415813300
1957054961
11096525403
10247401530
2464639445
16512397802
4034475529
10817451053
10846619021
19113112005
10866614172
5969058477
4447005085
6798793478
7050566567
3474206096
15779480498
7785450775
2920854283
2504368521
12425224129
10064782983
23250501525
2339475896
17462283611
14645747866
16939788382
13969564229
18383055237
10364772440
7046876052
118028617
13739684980
8179762089
18193683060
4486266625
3054037749
9750739720
7796944721
2400170117
11510915328
12517030546
12399917709
4442282811
17564923189
2418588911
9659946589
7397903029
3214732046
11169720885
13833729128
5344971084
10568374180
567128301
2762827249
4580081996
15391512560
21142071781
4767879395
2098137898
15077537683
22557313732
420454352
7719754601
10288127187
3790378125
15451599346
8862342342
4867852499
11216782919
177630984
15485964641
17962510042
16076732164
1624636547
5036945685
8360647997
13117296628
816280040
8592552451
4347707479
976850034
5811521858
6235697950
15046467739
9342688441
10844176904
2122414927
6965186854
18350102028
18633670049
780832560
4487198862
6933357765
6380947917
5929723270
12971253255
15548658088
12589394172
15433286525
16310284416
14525498274
15793843646
7732362657
5136128283
11971338820
7348131140
9592476577
20932662412
5780695889
66509286
8263603158
19144272072
8971178415
4872803418
584910719
16487121009
14892412433
16534056600
12464884925
7157693362
3631427197
7424651576
1515029068
1946407048
1703379555
12569378181
2868049256
7875400790
11219572864
9323539530
8149452713
9730336819
12159808565
18225086357
8573202581
21383849150
14655532101
6812799510
16673027306
6492219610
14039104198
9715996826
10601342424
5785564220
15449891426
11116023107
9479160444
11610505048
4656833988
4772412768
15697551475
18767223214
4490243116
11356184474
10293229280
23479184967
6314505992
7255260706
10538599493
1516132783
10525295492
14393758075
6939445893
20285429762
6387197175
1986468491
7835790814
18028961378
16468239425
3966461075
21222454525
13591141745
4352794591
9906190181
14998658316
318153789
12473303439
3927823730
11047193741
13282028400
2595381184
5585401223
9813939314
6250662484
3152044594
6147018704
10439175516
23821526692
19361328069
20708302687
16782241862
19369982434
3544146870
13795515839
14063906767
13555888946
32768326
18650704979
14147621755
8559106266
18682605547
8223295907
10771628640
22849781572
13316379925
831462123
5796461763
16865420985
8252470083
14795921259
12238939768
2109000231
19271985856
12588443022
16159650969
4613403517
11570379391
4123964051
329447827
17673136598
14558143638
8187997874
21432386450
18294782027
11985586577
7402049358
19210308496
22400425222
1205331724
10463405967
20079653298
9762420014
12760029217
13071221798
12286880231
14309457748
707741285
2814593693
22251120421
21996352966
3814218269
5172858757
16673887992
8026244861
14984739542
14240142129
342072143
20749329789
15145534105
5240266593
360046505
748679840
4557048181
7094095550
12895535205
17483669512
420497081
19071569316
20991804298
17340916726
21852893723
1599346909
3397315637
4093191698
8333421292
9527057170
11309800813
18139698627
7720144894
16441423868
19013651374
14416009792
3564621571
3541130950
34082560
342088202
15983994947
176400641
22367780546
3538132855
16258120343
21932195979
20493447387
12106989823
5371823726
16304361183
1523586348
10338237655
6493213607
5109695137
17255259023
14174031585
7618757751
15423464749
4605300784
21103590326
3071112192
7045606718
7450764038
18010702626
3585435193
9343685666
10899885714
11905054998
3546763591
11682215589
18510350686
10885798599
18106196583
13148204545
10665413121
13974706992
8072885578
4044661681
5295863961
3303509676
17269955332
6986579166
5987163353
17413455524
12077641530
15848673344
2630235880
21683653638
11035910274
11246112917
7613205904
20950100144
914792786
12182829767
6289026619
6712372193
1582183452
17004397642
23166058881
3616540665
5200541593
14837386903
18678984861
8239124374
11010511610
7826286942
12505626405
5739878655
21802441552
14219851465
7457441370
15717523030
10112430070
4683018553
18315790782
14358663844
20126868825
17779651328
17983312443
965706639
5018189580
4941762278
16890644456
21105444899
5079810132
12463366190
20557389624
22018447415
10174406888
11415988988
19908408079
8941653518
9794618223
12627449437
18239013330
2046807206
15929153506
10077897688
8676797781
16754793187
3469236779
10323112080
6789806959
651641841
9916052926
16655513402
20303679271
17774301586
24486140514
19016786317
19967700125
11915830767
4679250650
21065092579
19209862630
15150947774
3600873097
1509602080
21434622250
16722138180
12758984491
1392876802
2438927669
1525087906
9388798765
14598429632
16939788382
850900082
5967436484
16008947135
21408756323
876198520
14104319355
2821216810
15256848159
19082493352
9538863365
11053101801
676151457
105749079
3473991995
6790328748
13725910969
14957899474
7273380393
9181588900
5502372961
11968161538
3426589259
1596541227
12615870161
874860673
4077876537
3290357709
5907423964
20216268950
12644831742
13602751630
10872184673
4800753605
16142625172
158516255
18715547401
6997210427
22185539660
1050889355
18116704955
13191325515
4094217312
3861619616
4369103378
2018870143
8115585108
1342299590
15074983394
3693875700
12518644820
10866984481
1387939084
4404828450
9580581260
21655112722
12772503311
13466991314
13872570849
13046901944
6976264899
11084765415
3732263092
18161640660
13907074054
15405776726
631281099
19739906407
7451174809
3398531874
2687034282
17181878651
6139088824
2537907437
516629439
15649085179
11305498569
1848952710
7360100803
14362856123
1917323620
18226835832
7160973538
21822121721
12481113560
10784924984
5036472378
20509751132
14345023619
4322576055
7676740970
17667175654
20321538577
17124332268
6688037212
6705137270
17727778984
6872141623
10885988193
8754659227
3063537266
14854222727
14626775488
7758016000
11768424953
2318232596
18597978916
12751724333
15147230120
10390397097
3549754915
10677380774
5295992657
24620424716
17318773315
6214551541
16167578688
723528273
6578951734
20226956790
10050645135
1492481357
180363365
16406796477
4547127246
6302504722
186550786
18555166744
5199331560
7220499697
6809935622
15152748993
3983781417
10016508936
16277603894
19906762503
13803681622
13635302994
8429385803
17146275409
15530838563
13488480902
13261353500
17148651011
11045917314
12441235166
21351503736
7093844080
3369866739
5792627215
8430266160
22283494865
12554541942
19475963314
3861047502
12946306875
1229918023
18631368584
19931635701
10365612428
8225940974
6506884085
11550803306
13627969160
9661863885
17917700270
566498232
10261555230
10073094642
3322262468
13313704892
4417982165
1029505686
16560881107
8610696241
8727767191
19896479222
9535699773
16930466254
19733805185
20401491141
1719081062
10968448801
1421371011
20829149732
20362708568
2060561237
3030755144
16972341438
2959093771
18482936876
7735102141
11150763793
20227969812
7551004512
11971681739
10855798740
8719979329
8119371651
2273105948
8329911155
12037506174
4073785462
19401011068
79823215
8368336501
14534611731
10110157762
11694811148
3324404359
8852204301
8132719732
15882440941
18369312880
7027621062
12707503184
8150659408
6473390586
10602231435
20068106983
12807505561
18447323991
8807916937
14712225934
11762002784
13826528321
15422748083
19783426515
20504810703
5770387487
21306132194
12527282507
13659824922
9376791583
4406218251
9903796223
13946562834
9371296012
17228361911
9926516436
13054421268
9068386184
3397103169
6238268278
17972553776
4554899393
14285846274
7742338916
3459025367
13115838522
12593952640
3701700998
1925056118
5181086181
19504762486
6949295684
16794248867
1094678866
13917752460
13878801033
22913130731
1032424532
6029642621
11886224685
6444986754
8191911064
16410776952
6781687756
1842251002
7895931723
14024074411
2374280599
1602095943
9286769422
4493665181
17598413492
14047316457
16927401338
21182212391
20648903212
1102112017
22906650058
23468207238
303222216
6906971965
15791696118
6136287701
8610429477
21416975174
12487219375
770236140
23071390635
32263509
21905918275
12123403044
597317522
3440473850
16658923376
10757991433
9033826631
1193228116
4673873936
1226259773
14605540808
5022934913
9534985097
16150438280
1771223151
4489455756
10682439619
10367340658
442732352
13617164295
4298409718
19615074105
4137030148
393978660
9758151732
3693713254
14535220913
5145113909
1014729594
11462940836
7879359505
6777551803
709258382
5295595233
20881885385
20657592602
21865214099
15590599739
20323618951
989609478
4922114474
7424575643
18653460587
15157749971
15289547700
11020089906
18659383661
13251727671
16296839044
9597814406
1249838475
15581460802
2114943013
16704332166
9792554834
14404977742
11966260575
11453091868
5999088235
10359623450
6046863826
10212634025
21455828050
5268381421
12257495920
3710092022
13984973955
13004303648
6386242793
13057602905
1503670615
6900663933
8069472819
117957711
18205772671
10526555792
9258872647
3209663361
5982865372
22775217641
17137592661
20915210388
22143211298
13574646273
11958561609
2235367306
11703557146
2523527562
8351170722
12875309751
21114931081
7489662762
2815309746
852371807
12336239231
20009456037
6365490663
811844550
2567070151
2784943583
15996205682
11575209669
12051534883
4169234998
2374813679
19017343006
8329147032
1831765892
19677448943
7120272448
12484362103
5572400928
16291541874
4790018136
12689730197
15998019287
7720077974
7884498391
15500361417
10959987909
9886257333
12062522900
12683267827
4282537381
9075204972
14308276844
4085532334
6613752748
21393499704
5634916196
17183848711
12857672445
6273865912
19408490494
11650406120
6312838178
16169848643
16941421435
8110859458
6893087107
8539690834
6281476125
77886272
7706942566
14776308786
2203906396
23368588699
10362630541
9215076680
8485456370
14830285890
3930176413
15111677406
9506483179
7989788085
4009745258
12013041915
13606332283
6277388197
1701454811
2710105230
22252612689
5271116294
11919850342
20334959464
10736723597
433567667
6421057596
3084602516
1145208484
8832525918
8299761324
4456218079
3414880638
19089311079
9213093660
8461832971
7119301498
8096628370
2209410243
2960399363
15962284097
6190796601
15661200284
17489542672
12815127180
8245390965
10379115195
18225775332
23223799175
7738073183
20345391934
12586392307
8310746858
8392287777
5579140588
14331772115
1582421850
18472961302
292189442
12043091641
13010817970
442289248
10427596668
5306033467
17481912327
15260991580
18889721094
18080607228
11164760622
1330067701
4799282265
15408413278
17318501033
4439747954
16004586113
7892973902
13455832527
18320356788
12647739645
20496736879
6247071095
4886647471
11475475891
9016950090
7285976457
12989851866
2701084298
17418972592
5352301404
2835411530
22051024982
17493730921
20912758115
5716104044
1928044837
15287836840
12978329194
5151159422
669718205
4795210291
4868264573
19173517595
4318371625
12259393090
10134445225
1715018933
15409795772
15375335330
22162375617
7154048385
1301194337
11244257751
17191115240
7082224862
23391522145
9031760154
14947420187
20601716604
5757017467
4932507301
9606665191
10060941181
1733008161
12878854370
18905779784
17269674108
15448038926
17013771825
9989478393
16370118125
9889139880
20560760887
4169141701
12799975809
8399167233
16300539801
16123662351
13194214132
13638403728
13550300117
7149920804
8533182612
2565152110
1610058507
9120950343
9768735435
12663011841
21424052982
10284214412
13812535931
23035803986
11656924451
11875305925
5281406736
11048806144
8498714409
7062654969
9559472078
4564568841
1966391287
9692661247
13521740403
19442598934
15122537910
13348313841
20579609709
3197119962
13207856624
5961329462
2148724929
17523278732
11332196551
2700105816
12386393149
6546082955
15919472856
14106400918
15099306442
182435001
5254733500
5163493300
9081449481
12474108000
15410222522
16313755593
6760075816
16252011849
9494472512
16588513724
16722033435
10401765556
2198650531
19458899597
15059291384
17864720604
13787204149
3584623337
21296486317
19143572548
21956937350
18173413071
18472556477
23107537462
7755337021
11163761777
1086582846
1750194019
6647895598
13863226254
21554910238
2613083125
7622775689
17028172491
6225668883
1324108164
23393199906
18564517115
14893936611
17671613395
7916085907
17821656694
12956309200
7282871734
12563376001
2234720627
7993320582
18520668102
1379764001
2929332942
617591877
8347064533
11637551234
1492390608
14925532136
3427897166
12165123199
17519266518
7047155134
1467286487
20366320063
20067629466
20801547776
7769836106
9885131144
4381498909
6543446188
17970743876
15416516310
16654616333
14354684652
7316671679
5062793688
10504639581
22899947588
6377473446
11092793312
22445883272
15515591814
13445683042
9268597981
16226509786
854288058
4540731930
4626402273
5040431613
6192474248
18959248510
15317719022
15639813752
13902826046
24021296832
4378078927
13537611908
9886184666
19987939243
4782448030
21520441903
13035066765
1484306559
7689427759
21613329025
11116516362
8543494065
9208311644
4951415968
14780436605
673496334
10089377524
21831410064
4994793813
1245709568
9012454377
6231256541
3992728449
19381530731
10513319534
14518592746
14004848536
8540194884
20894056129
7721660679
1272164977
3906621085
17779943558
11487700263
18160851962
14573392648
11938352264
17699698997
12828547217
604048876
15163676101
15900926770
13559341984
10556289562
18514240709
5809906704
12636804108
5560293930
15245431809
13357917304
1591251112
269179167
2318664049
24163048909
14966762493
5526276001
16065360688
14731525069
7266013737
13227413412
12129917845
14391807888
846467968
14435676015
9188447214
17147258749
11077075993
6094852465
22863858715
9726255912
921222941
1770506041
8272055985
20020424801
15901478302
15424244807
186225963
177679781
16003492027
19827233743
17835095584
3580953373
13287940712
11650301751
20387609323
2564353761
3239834107
18714021011
20141964828
9973717780
10668278560
24408697039
16939135060
10232758830
6512356631
11725186602
1383212622
486797837
9389360395
15544443907
4392474186
4449928605
18841816657
11836657397
9342547307
21497342035
15721925359
6583623480
3512810083
15133837465
11313957050
15405374821
2233755745
10835479285
9598941409
13124531974
7836536991
2692370088
8656579069
2991330000
22243849089
16039770802
11279115138
7387653930
15122303634
7002306098
1709121665
18832613698
5290030680
1943881770
11968845737
6055749813
11356131433
14624273386
2589480447
17043089222
6519648571
2324460871
11017231265
21711644035
1380738286
19225118829
2331168945
10159913163
1173523216
9794653232
16972884313
1424845979
19000061955
5338341924
15313288523
18495649013
6907032713
7989482654
13101950036
10745842130
9119322299
19282149602
15251692273
8431007979
5911173008
15831658655
10919013155
11085052278
5301188591
13737389092
7698632016
18598534732
9831560377
9157360264
23971090887
7628363605
19121327557
19278872315
13749973742
3941070231
4621464409
876434416
2260256882
5787680561
2694780367
9258876233
16991534094
15766567994
707435502
4153932841
303379895
5779726693
9545690053
1356098801
3338713944
21378265238
7732627758
1278947582
11717361489
7811301737
21884091810
9377321296
4075812246
6226180122
11244424572
7719926739
15493782022
7490775771
1789102278
9461017965
4651646342
2888736026
16189017202
10773683065
17562801305
17134597973
24126684688
15620222946
9226572098
19775944821
2155213277
2408226705
5624122386
9524195484
9960551427
2724362959
9588103786
10577327879
14491630771
2364682282
11677165046
23566244008
4612290055
8812261510
18714808886
17235826769
4171850272
730610729
12326512899
1937605356
4072488349
23202174075
16342714674
17460313822
2661527632
18606370416
8861875883
5572159759
23331690987
2952245345
23567944939
2507190751
12840957867
7162682153
20235897286
19020168093
3397612791
3895654967
3365246817
19017890996
7511869993
17930580261
20662746697
8423828134
21419553306
7605387625
19423267463
18785792052
16903980357
15655819288
17684863874
1972912714
2979818529
15187450769
11837183413
5227618326
19947529687
15278395125
16343515765
17564108648
7436895221
19290299645
10211490905
1611887050
10882241924
16535596089
12031386608
3053492031
9457905315
15358677366
18162259399
1951363732
4429618023
4104098687
3333956998
20896173277
19593200772
16711469444
17241698138
14901671488
18456755434
6982746365
3368297339
24185775762
11134905097
21027500221
9779195984
22428900582
22299284745
6148692853
10510911374
9866200620
21898651682
15584763530
19738876783
9605480226
18537351228
14245243197
4614367828
11152923424
7784833773
5491737404
2256519524
4120201906
19994986682
11155879104
13683524046
9001364054
3243473199
3139819035
8191098955
14936742263
22762997221
6314985355
7876454151
12652028084
4651078313
7070688154
11933026713
4831529568
5723024209
8358693191
1152605768
2477150113
6221696228
5030349134
12790951171
993728493
19565330821
4525505739
4195360298
15358733138
17791748574
6099572131
9428414136
16360145306
6207442176
2289108312
6853850089
18634029478
4842861804
21048691822
1181662824
3599414420
19070149244
13434012168
13985821688
24027540869
20002711121
2249681422
12201460691
7120779838
9214687018
13644435100
329497029
12656332763
12340255698
1497725869
17356083761
19969086926
15286485510
19046286473
5243492860
1640356853
11775735240
15287144357
3261980478
7434883413
1936720447
4757722500
37948755
2685872126
11961104788
14363646535
18299387965
16040534114
4084717500
17422060039
2660670007
15666620779
13216780944
23309573699
8390909833
3356358120
196030661
2426046882
6653283435
3910444247
5689106028
18418620739
9774400975
17632540410
7674658916
725762695
13683409046
2167095988
7224142125
2741551179
7385604197
1701622915
18332624840
5429330312
892269753
1590358301
491957385
19494351967
22779024513
18964519954
2593504954
11747211591
13744587825
1947442237
15966450382
11306680387
16464282682
17679110705
17085431293
14368242125
20621776722
17687444901
11121657264
15094772950
3553068966
15477292342
18911144731
16286082707
15487638340
6993920127
16030871504
19497931924
4310088757
8141821448
5856255006
9861997002
1915394582
1980341272
19355956012
16451155456
771969174
8439289419
5226980276
8593927166
6211415121
17475543579
19026115651
2618135115
5566811341
10758352408
3079026163
6433089061
18764327401
16984398201
5350809169
824904718
17448757224
4892436657
18701894030
12490544892
19980091153
19679685080
7159778785
19310135182
20508003694
11215941025
17386921101
3547427571
2624171483
20046258223
20479087815
10821613673
2088871077
21448465706
17338106714
1653711200
19602069295
1561955178
6558064725
11082946642
8270478462
11887519421
5045051940
23163174579
22709834169
5952874266
9930901920
8411675787
11609457451
20113918898
16390358467
7588058836
10486251091
19543193627
11641870115
13125282549
226360243
3323679054
20466780145
8892955192
21123003291
8438619990
19692292218
4338990873
8698070530
9545228386
19994642085
6553972752
20527082128
15092674027
17147018400
1119339787
9029381722
3005250822
15912699940
13475534380
18463524422
7022050626
1635665071
6495991702
8941454817
460802917
19519575230
3270413918
9214580836
4447678229
7788625059
20420014308
13168302771
21569088676
19722545055
12286554482
8652922795
8884765455
9321826941
9965989067
4221527207
18575213482
3379233722
10528322841
21514426485
6586804035
6140580502
19712123393
3098665110
13575214765
15325969175
6138287812
11617982564
4057174361
7446011792
6070722677
5642353750
16378679367
6605782672
23341870111
18870755708
6176384851
8056833590
12868821267
7452997862
10312881202
13050992436
13546676445
11631054680
7481821266
10853595919
20730696147
9195237786
8189594145
17052908516
7091380675
4104232651
5403674344
14772339913
16186846973
16727990046
6800804117
603314927
19581776810
3886776338
8796075807
21432601720
4173059290
7307000960
4737525658
15097373403
15016289538
20019080515
12607375106
6703310366
19620218022
2907579921
8851194284
8870676182
22981527777
16098707255
6779893056
19865270517
14936726616
21915420899
22248628095
19910177953
6725655820
14840730842
15819700357
10903320373
10281066202
9263529257
11396837266
19549521548
1506654555
2119334442
7299330106
20181138697
6035817962
6183474074
5613910456
16559493491
14265803469
20711954713
22531582481
9217783396
4547213546
9000178321
5188475048
10068102178
17702357861
11552406742
74873832
12705831541
14027260105
4684203477
12736385514
13849453663
6989835674
13957948582
3554725644
16742006184
4303615748
929231244
6931162530
14439856254
16477330277
12864287867
15685276090
1022894838
19271985856
12160664556
13697672290
5155811598
2970694534
1322897649
17323220078
3852845437
3557719069
11234651944
14741087134
18590640249
2113541522
1397028443
4291079738
1653154517
8761446389
8774678336
8988196860
18525374868
14565635802
385321696
4584389023
4066535551
19975206211
7834892749
15002502379
5229239483
4184058915
8872302216
7419338150
5839667619
7024740102
5536383869
17966076812
11356633450
14106168541
15175903232
3085760443
18179245360
15496657872
3462432657
19207186313
5507875655
13166564938
20320291176
21303462691
11381927031
11775264139
20359351840
14412731113
16079536280
12158900768
19167304294
7090310193
259107923
18788150251
19056784827
3051291603
16655229272
16119743499
22657402878
4003582257
10809655802
20648691466
7789025511
4283420816
20699096972
8742952112
21110124919
13896392505
4868264573
7541082860
8523011350
15205630078
15477804425
14231012226
12831901909
10676980832
9007494726
15501142191
9985076401
15183552192
12438545497
17928974737
2359023731
8416191806
17224383038
15287836840
5025638327
16983365396
9250689662
3570155485
19204911379
15353206083
20946087877
7649258495
2317943994
4835599272
6219049078
6468496342
5698190292
19647014765
4293744285
7236018929
7763151832
22239593101
9739206532
2549407085
22944607098
16374664861
10864590576
12190584105
5189889399
5886595459
1399979788
16699361840
16110617967
8056804493
12228620123
7014527572
21213827065
7730519544
3922103902
16713454401
13952411067
12634690024
15572229041
4737465246
19259581838
1492390608
2252224897
7781539886
20644716149
1946893503
7442467856
17386236752
12880006358
1141424064
9261677591
2990842360
8150063269
16829124156
2328047208
1503575844
23381421348
19156809809
1838904268
850671624
2158548675
1905776767
9983414123
8914251077
7923228394
11184596
1758330088
24091875983
6976110755
6363545702
13337494989
10281371481
23447274486
7888435771
16027234841
15481689229
11293341863
8098131302
11887164133
445744437
10409699082
3355589356
1741423879
15069033435
19988060606
18302576856
4983310191
11856935182
14015370259
4265840665
7556520377
7397953448
9443638909
684711613
23919957183
15489946584
2356594836
19736258924
6267993164
15843286502
4996267066
18340674566
1998779006
7800401208
6682146508
19416920796
6711327448
10345578824
17919631291
20187577387
8966837652
17504111517
19166387411
1997003773
9312876130
13526752148
5242314850
1240756193
16202580594
19924510962
5255846497
6105120983
16947795579
21560344908
1782317683
6957478010
16534539001
9853162553
6774920152
2052933792
4573783116
16199635231
1869790733
238944456
9271935587
21788866824
18447069547
16734013094
13732001283
19424671347
5728659055
8661104365
15358983102
8387100235
849969109
16010515475
3599527092
6403442577
8991275071
21074734893
20560563858
20694425892
12674284224
15490306294
852748777
6619060871
11847956338
11100166157
18434321333
149329209
12415359924
12236778801
1984299673
8430845321
4076497266
987788702
4390383940
7656687645
13852290217
832175843
3809585321
2973759945
4743480238
5952184509
14713921185
6550543759
13185547422
16973188848
235442027
3867814212
16428264669
4084359509
1382847978
15414567187
22440606911
13133933717
7956498326
16186846973
20042702830
15500494577
13683409046
9169391471
7111874856
2659186662
11842146069
8932271846
10787603963
16908603307
11252746781
12058570065
13125725204
2366499196
4941946837
14386099801
3531295758
22838256407
20025785464
948293402
16827841926
5459110377
10069133954
10740403012
16537375182
18389064916
447564519
12661210527
5236200316
5739558010
19549256915
6425826827
10903858800
4593217955
579237803
8432228361
11970328522
9774524112
12851289552
16312036267
11565094527
6458103691
4012403022
3435675005
17614494838
9103481048
6956786127
18101113014
1542991201
4116961301
9104081081
19505662218
4336257396
766885565
9435754736
15631802825
9703518256
14704664411
11966076201
9677711535
4253674094
8340204725
14964781705
8776723928
7730702021
15292497692
6204634467
10756300046
13430008354
8781977512
12100833999
11294266977
16929538124
7500052163
2113362409
5376142252
20382810035
471905644
3429562616
9127927861
779628504
16463550353
16754399410
10466758816
13101950036
1977730348
4077979486
8162368427
1017113830
19991727206
20088116757
9745848788
7918465655
20011204830
21165589183
4611586723
1247817781
1297578658
8813656786
16968153340
3957202667
2562228549
16883990072
5769787131
4517630770
18838308987
6786353312
3449230608
10549951219
7891658698
3453229270
15265182984
7315234889
3243908610
1087783117
6624702675
16210500045
9738252990
14407150287
7530823480
13137746843
2164661654
18144422232
762394550
20087654012
4931658731
9100497480
20253570801
13451130502
13674073298
8734487566
3540546544
18055846630
6148686528
1917893074
13175242036
9976675248
4336822663
3054609068
13893547387
5550133502
16626352774
4982725388
5354127656
6428393499
10814925554
23986814379
6953488302
8986210327
21226977505
12829890750
14804220280
23573041904
13194622246
17471003518
8295498076
12772570221
4402405582
9106719442
1118666685
11228899861
14521697780
6882745750
11831077795
3902289782
6672314777
10077855536
20994200003
15869209816
21881334651
10950872869
3018778256
4451820454
11536918826
10575647829
10083135855
7616368640
18165390612
18942361202
7027406884
5945152697
19096955310
7666015458
10626767289
6727206955
433277397
13475821141
22783513774
16758581599
19142315504
18205969800
3271656176
6781412574
11572412922
7628816057
16226209256
7692152589
3646813285
12784708196
15161622631
14824415385
2543967276
18129366609
5423051922
18001495322
4898952434
4782639638
14250138451
14711700322
20371293254
14640629033
1075605111
16747113361
9033076168
9441293420
6250248564
15573424108
7113067918
16975675846
7659930060
9956913810
16288308233
16824525995
8831040264
17818274492
23493264516
10877559355
10171268896
4100015310
12429336657
13912257895
2809195885
3820071819
12917098455
14184274569
3402601571
10564523549
10957249933
1430216208
1445067587
3668318735
8841043587
18083610200
13527445567
590443143
10270569204
11669762363
2709558813
6012535260
13444606256
18978130855
11810384008
8359963760
19607605137
2112883100
12082171494
15230035958
14836646150
7001595773
9359101335
3097135352
15977095734
11920030829
16998829962
17398699919
2813809490
9192821419
11430859750
4255735583
2747217407
5788735898
16883912564
6125881191
5418658072
13899222269
10228550444
6195058922
5780598361
9432721651
3207775369
15447000614
4043408772
12640002892
18796725754
12444297422
14297632352
6421614902
11988183196
6518724414
18956769871
15103469555
1402138014
10689801444
10574812927
7892772897
313050976
6712397018
14129344753
22167257290
9226123766
2121631528
4596437165
6592527225
5353287551
17243310897
9200330570
24561598292
9016433139
11788034991
12427756962
14482029844
16204395964
13600249469
9123370799
19310285996
11289311813
5974533981
17666335818
5856434493
12880864384
15689720156
2793834826
4147715936
13383905952
21356000616
19339134784
10279849247
21628646198
15827069751
3841212844
19042567600
18865079945
13755309653
472277640
13033259662
7297494477
12043178127
11500629255
3634050595
9829883669
15630013319
5642573866
10496186414
351290736
14037698703
8987409556
17700535710
22240524354
17756641547
2979108294
11020342782
8577132824
3775071268
15401313431
5481254294
5726666830
83680954
17300534154
12204037698
15060412805
1297324147
15203125421
5141828145
6921714110
1145316026
9503660397
5999151733
23342629243
1153163643
2792648663
10880876506
5227237773
5669004505
493582944
3473742713
11049614146
7623940585
18159868513
19070770568
11967381018
14193427444
10702432826
6727901966
18239728758
16923476792
12984043036
9065347232
16686592154
10813658118
4475924303
8681787916
7993268313
6621226453
23273977845
7453432614
3835945765
11103258696
202452773
5054183657
15016943200
15471238736
3064708123
11172112016
15073390540
3967143092
12260278947
2734726192
17568535188
9400810727
7449801636
13352418589
2858752048
9987440169
5698190292
19013198389
7951938770
21463101801
18931347718
4978426455
22731856392
5775176082
6559766607
18250120468
11804681364
22366407399
19614680177
7382689164
9891713393
5017020479
6922014884
10180676386
14879513400
9876279833
16506017541
13785832454
18028197817
9615135503
12478593194
13984339833
7792008775
3983944010
16987009387
18886305704
16312290097
19162662635
9393135348
11499380739
7990431289
15805911381
13876985557
6136654381
13801309623
7730878234
10834825877
16633465262
14465534030
22141500567
21644201630
20947735913
11290673052
14857901651
16714462000
18003145465
11541649431
23992735156
10437221186
16213348833
11774558260
22677799319
5352816334
13761702791
12677017650
9229028999
3565486230
20992892926
5077777705
8352137564
18401742731
21010033231
13848217693
20091381951
17665929223
6954163345
6854848446
3284647853
1811396811
116930580
16501541439
4406035246
4433700897
12125458097
3509880731
9144676166
11970565928
1651497680
12100524311
21379024184
6366385087
13349259192
15410897674
17743571559
12676812660
10181709826
8484785468
11052842093
16937250960
14532155491
19884077977
16638582234
1890376341
18314587779
4258593014
10349820200
7794025618
14372002567
5417064707
2869060080
22708153950
22488402719
17627934114
10746808285
8793925524
10281415720
1260942070
15647855425
8223117768
891355611
17997791135
2012056976
13390417716
17743882804
7683573274
20943072461
15132011508
12413223182
9789651346
3395900149
17122804532
7626165566
12399757555
2786162384
12511920364
21891687174
10709162702
15629791498
23393342597
5750596019
12265855776
5105050619
17586663941
6481848941
11431550574
14062519831
19166700836
10808823104
19006872326
12850971228
7541778785
3897151883
21625567664
13347933097
4973756780
5955669913
14633459906
8871039779
13367323527
19181467430
3219584766
6155876875
2826218393
16753470887
828777654
5921302997
3902688882
15537926684
8958216880
15380083093
18556148499
2975377376
22381784465
16138933757
2671540878
19329119688
18101820441
15182209122
16170319615
14289493427
15326527263
17910796079
3730425730
18787422495
10328646313
6069218969
3303254691
11611353856
1224337282
2249713972
366977886
10457533189
16686758300
13039928667
13732533219
10740505034
11373143512
1842621349
2302863938
7287934769
1526753259
4573520737
3896189855
5859261455
12287298473
2612864329
12528479971
19245515933
22731540976
3212285326
3955656561
4133816065
488908628
14383406872
14817127621
5119821104
7659375480
1702361397
5163360968
16138191997
9041399498
22628457759
2624174896
2840984099
9112193165
10272521804
15305096024
6149444715
5072806297
934570722
7615122442
15843731086
21701832080
12441547035
11469371622
5832821520
11947461490
2111421865
6976045569
4087675324
12264960453
11521749819
12440416425
8032989160
14538247679
10184481596
1060320836
2341128443
7988451578
19318393968
1268357043
6432210324
1432057530
6897775185
6704442665
9152987523
21130603785
17636805402
19566404399
11346171916
4065666296
2763584954
9543994363
9793591303
15982312712
14502174475
22405097909
13086958480
4593279379
1104022761
22231126786
5348703098
10653841835
4334719526
23192849696
6955742063
10421685357
11343398506
11210113668
10134317798
6839182480
5817868270
4026698913
2805609727
9146587471
4098514903
7809059013
9780169578
16603651638
5385962283
15849546126
15917955390
4363568603
22475214573
21182950753
17627308811
6932976928
3903942931
7987983595
20042820758
9215644875
11490677463
2002814704
3994740038
9670273940
6613080971
1525069283
15883860882
21851302145
13723286085
6813293225
14259118910
23756934915
19640554609
10313033649
16520863559
18231887980
12990691369
16658335128
17826271283
9999347236
15375396386
16124524000
3445099169
8897856332
10805514007
19299234475
15487710261
10927556226
7974028766
11806545711
15950774254
16094364988
6662884168
10006756618
6251745540
7152009695
21537523741
21405833398
22470410400
16355728562
9811600181
10401829073
17481672067
6518279118
8915301914
21130706746
22714345180
14135473956
188197630
9700426473
3043496349
8839294110
7553747830
1869340766
13380006782
18187719497
23003262543
9417308045
19648276116
16514740091
3068638310
12634313260
11885289522
15590968936
1512508604
21357112904
4208329239
9417604676
9588268199
11440496199
11041696512
2615669886
9947064230
14589289847
11738219519
1251422091
14622405638
5097008398
6062043916
16006934233
2910560453
14251112215
18998311435
22676500392
16159907308
12246962054
17777979771
17110076984
22940746002
9343787578
17681561197
9000228171
11344576967
9243131658
5080743496
11161378381
18499987662
2019507308
14829771972
7983597793
10830480622
21995670598
4557204037
8154852456
18073180505
7507665221
5989068684
6621029548
6956137721
816543694
2721106256
1768523969
9544600531
6377032634
11482622775
10433536087
11785279532
13596445642
8439106930
13829794090
6277028098
4656079868
13685113165
19714004584
2591461143
17302820537
2580446343
5438876733
680069327
17236881946
13526467527
1317754886
2920854283
22892346259
1885412518
8776293523
12869893206
15155776074
1006644207
14310356910
10831085140
8848597505
13371259886
7007907838
7618435253
12517662279
17422632048
210411184
3504993988
15684994483
13575113298
1611887050
16891555046
20486560025
2570333638
11576694292
13791646409
1289577219
1016272731
4595184853
4400500605
13836298455
11950548050
2867104229
3377377051
8725993990
2631424274
2525687881
10078221854
8812472208
10420239103
7689851405
315467085
12430829274
16225492892
4120011681
11168573934
7736906743
15667699158
18045706442
8244427657
17192260037
17870560301
17694635203
4957645597
16102492012
23173936858
2711256033
3687292908
959205787
7477590707
2626280840
11203869078
11970387275
10103846235
6432121613
17156274850
11678995247
1833076204
14809206169
10136384647
19898391463
9173639636
13430705288
815847117
8239083092
17332767327
13883294193
20510513836
21473195708
5961610433
4140407845
18458049456
19231794683
16307349788
6054931400
9370344126
2397832379
6572599196
13453197320
180127625
5296719348
8055508670
17181672426
14217589938
10564951177
15270211506
9112630054
3318298153
12165884846
5737020261
5047570134
18038063941
16556479352
17450969887
6115179195
19879479726
10709597240
10410423432
12294027485
9301174873
7505508878
10876454312
13382201040
11150269487
12777075413
3117289245
3933095292
6276187061
1370527058
13154424054
13114540610
12931787380
4469863315
10595886200
6253515805
17014189128
7092080357
24086667046
20088187581
15004966571
8264197055
6051075382
9545076432
23602567587
17612161370
5633948019
8711519968
11683279047
6428883358
12060604324
20848793554
3720074271
17964749395
9704373308
3842852900
16443451268
14663929338
10438718939
7066044340
14582954949
2594114996
6622831741
8796299328
8752688927
1957811097
1328622907
3333861616
5296115865
17687111013
9166077515
23979131851
2634929362
19087116497
12297049285
7372142433
21122735302
10165958011
4895863797
12881556019
10736482469
17025157812
14177378375
6002744598
5624828306
17044186732
9417062049
10306058738
16253173525
1391453461
22332493212
2973102293
1944064000
991765695
8833709225
6434987578
21968055137
6982939432
612078462
8249183840
8000849216
15233285808
21369502137
4243753918
12635183085
19010437791
15099562555
7038781201
11797944483
10972533188
8768598521
183066043
4667356153
11439869294
12682124271
2910319314
21190803400
13346385050
13336028754
3189382701
16533099011
14399999900
15914529436
17932914904
9195604745
23177173785
3823332810
4800396150
17575293680
8845235440
994627367
2613262360
15171029126
2368458784
15629791498
15708238492
13440331988
19967158812
5380021496
6343483003
300349935
20378443091
1321085320
4167858532
12864026282
2674922632
20961677921
6778199580
18944738751
11270643776
23486437646
20517903313
10654336254
8086522287
11935341745
2867104229
5941001128
1613096065
8943424947
9316604624
2886794148
8433099705
13473580290
4195577443
13418183775
11435698684
4257686181
19883582671
8528249977
8651460523
1509625321
4939085425
1530581678
15508404353
16960811465
15879265853
17855099634
4684203477
9130160066
358994311
7992226564
11012565325
14967926460
19925808926
16336325493
21154697050
968488544
2236702481
19044257746
21299666916
9866359801
1032499422
4237200235
13220339595
13799394556
5452064390
10584122656
4036828783
9127047499
15488520471
8155376716
14292085624
9581232998
22442692495
22076769587
1407118920
8923840339
3662873934
11557459375
9066368347
15472062005
16588039857
14556190113
14112901983
13291372821
19947495343
7992870135
15942389405
13410255949
14416009792
22344865375
10606410545
14138712644
16650446235
443185343
11040853797
6498935330
5189438044
6665002076
22051278222
15080960728
14704664411
10599558634
11047186090
4104098687
8939308742
5229507513
12694097834
10320833710
1435855565
9150335447
6795358939
14261409358
20484379088
20530915960
7866393314
650932918
12664720472
15361159606
18903375062
9828409905
16137057117
19229454023
22347070160
17902709487
9894499152
18613807617
14067619663
21266767145
1358476106
1528089287
14503934576
17185765399
17316599936
1918299363
11118911269
5480745983
7884199600
2279807630
8685094272
9254783742
9143246165
14341142463
17530093596
12049872407
8514232102
11846601373
660539437
3354400763
7401719107
6361313924
9065280815
9494642968
18903431682
5784749954
22257529465
7781734205
14977471963
20210086231
11395624580
15728779202
15154571850
8381024943
2173394547
13744587825
6314494646
4839586044
7709065835
830696638
11361525447
19750290665
420596714
5522156641
2429001969
4733455083
16082971064
749167253
18879335282
8903684781
5138019084
22116068659
858872903
4907033684
12755914306
1149419305
5784328554
5712296977
18535040265
5734248588
15296520643
8089198016
8772237679
8619333419
1353076066
967973100
14072250089
1079562770
9769330536
2362274701
1641478812
15930146583
11161937237
3412069408
20545591461
4377939372
10258898738
6813111237
10342158348
17001620403
13199604416
6685519348
8944898280
12677933451
5399493064
16927401338
13957979540
9774465
372281270
17507568622
1289758862
1033060961
14046171735
23178865033
16508264500
5711714892
19556973813
9417059942
517819876
116283288
10890865380
9409528613
18148846751
12829238856
10798211531
4565287742
410325749
16836330556
4024285585
789385548
10455832127
13256176761
23661412740
8960644241
10167945447
20157556609
12892312549
23319135732
11351249300
15256848159
21368755742
7685997050
20874156476
2985276406
10268408950
17243780857
18909445153
14267733578
18784908098
9810110305
5064628183
15913916670
20456861691
1185812975
11657823486
13836468834
4097018248
23915889996
1470818145
14588262901
12076766302
1619782426
21357410826
3604983893
18896248609
11402519229
4598725367
5564894466
8944659305
342510877
19187553859
1016840945
17350908498
2031603593
5811782089
20056834274
10038158718
20484729789
11514659044
18207194496
7358161186
14002841877
8378729357
6825162799
23937770083
1626439242
19957255000
14537848156
861345958
13496021034
3473592861
7660278416
13879321786
11030785108
11749522563
22162005532
9142055031
282492405
10592366285
2736580856
11595326425
6219885440
1705643748
3217852707
23057776633
1185637441
2931818729
22433241031
9143309524
7233769657
18767671123
6834905226
2487505667
13557923026
3948348656
17584017789
9405108697
15648356418
10929753512
88406815
13856752857
23261745507
12767931720
1883917470
7503182873
3695114400
8889379340
13811350093
6877966655
9745735528
11541756753
12305021983
15249458290
6455537705
14521082571
17520628058
17580757975
7209436303
3291155001
13687299540
10053282320
8187024146
5710436218
3875956341
9868970605
13497450039
12296511403
14636181483
11838546849
15159983435
21610291446
13207556853
24095282331
12522893136
5190447284
6222967316
20216648601
22909119982
7509192305
5344900054
7370807665
19123023335
7319164053
9122620329
10520087864
8335501879
14294349995
4400521110
2324589227
12423524356
21777407349
3417673475
7201615474
2323572007
11808320715
12120322701
6125171634
11201796801
6361661931
3195111455
14107380748
10867685564
17662146491
20288928440
16991792345
1937074626
5154871681
10020329894
2841994299
7444675708
9357920113
2254469391
15422053674
1993477423
11348881991
13937883521
6517940528
3419428920
19982839183
8406077306
1108470381
4766375294
11845674189
5365753995
17196560378
17897878811
12390835456
3537825556
5860998488
5153987064
7390375040
9950724981
12870449107
18725769193
10003743908
2776929114
11233785374
583123067
6487619293
1924493109
4342325822
12616677873
11016242324
6411254718
12985273490
19816489959
2442614618
11534815116
638673415
788234823
12353326497
12216097089
11925332095
8277069923
7875708894
5619592943
3796063662
16083318059
10487306692
15117021781
15444379729
16278501361
16378843990
23124398549
17849919817
10411404247
3594435398
9232034037
10560763039
2567888379
23007092156
12464577108
21614974360
9692277564
21291514256
12843744698
7708079131
14158178627
7844718188
483963338
426111232
9864268712
1977414209
10694534718
8755397462
20377239938
5824153563
3873903771
7104374201
24370603235
4172137049
2937093900
11614835670
124254189
20379173224
4606213843
11230079807
1913536290
17209031034
13725544279
15304868563
6800819293
177407523
1752283910
1982679428
12823076144
4363803367
6746080500
4284072364
15265483720
20719351090
10834264829
6867246241
15489440911
3188294945
14302554682
16640179817
1992428712
12158904459
19726760826
6244486104
6394535187
13168693685
10498254498
12435504671
11533784502
1496123592
457639478
24013506310
11476326171
10081369872
7053730957
8354715464
2764387645
3278859772
11662190959
8752794500
9745998442
8477581162
9917018576
10055473475
5288670130
14647083466
17413784795
6293920416
20273383884
14064769131
12109049012
9479913847
15917279486
12807926638
15002717412
5572829659
8809532176
10354042194
8864949051
4766548262
17322157738
10131778484
4000679025
21080976680
10679980008
17580035057
16742293370
19324109375
14877364785
18508220942
13742204016
5577673699
5151473556
22462292013
4012504551
4766608024
605814689
8943988915
11651046079
10174306262
2401944416
21100043262
7790618678
17450640520
2517359501
12819770132
8024489037
3870175195
12039121965
12780514514
8415853402
9029167869
14893936611
17671762167
3266541390
17636062572
4168868056
5244970878
10987154394
347506762
15289550409
9919768301
4239927731
12936540167
15549706333
185387843
24231688750
9460746837
18657126421
21455828050
21205313083
7845152396
6099470631
9726775563
11433202557
13722732301
2977798436
14541751497
17450493401
5799055970
10875433144
15410511874
11534153387
2787909795
11135035685
10520087864
2252692208
12611714222
8821616969
14281350909
10493221421
6428860148
14594177966
16530745792
20327932406
14184801399
13165317413
11205547130
19710287358
21805758109
277762418
12243073175
4155268312
3143798917
10622930945
16826489597
18596633760
14278901226
2283684233
10718371002
7403485386
13198274559
2236470984
7619886196
570764699
11169615426
10054432482
7688967010
9466667606
10514654827
11811507720
12888789964
4880862697
11462789072
21112263224
1051336430
8481472000
10048450591
14209642962
2597703066
483527303
1397460173
8948916300
17446473059
7863498272
4288936783
14864629970
3022033751
12316474369
11199476605
3854914549
7224540951
23993784878
12127801918
15089362091
2747753838
23664622526
2274254935
6967593868
8450014784
15888961151
6727943470
13198572072
4456255525
5067044451
20170834329
4337855814
6710311066
16645297245
14120941115
1019697276
2695944186
10181159157
6925199046
17413040529
9901907981
1271703870
5046327769
16390570412
3049895157
14266112903
19269427937
20607388564
4528250259
17105324486
9656567808
21523016389
19092535507
17923558748
16960037549
16769582511
13662842742
22943411665
5348403803
1404372358
14850671536
3783883070
3225100203
5793786941
14203206909
2582168742
12037349246
9711072665
5926148460
12182122577
13419243228
4378153432
22069601341
21782036282
20865873640
19267246765
1942267039
787756062
11392439206
1807239641
443185343
132837682
11343655005
17485298658
12208059467
15520771991
17109338294
6956786127
1920371061
4545648547
22555915711
3627952379
21478687074
9847572829
16277194621
17647860332
1490869957
20167255861
4502814673
15620501963
8809324103
5363747512
9832104436
20477518792
9223764620
16700507981
6401702240
1089207645
14309281190
10412933209
6369718563
13853197907
8966256938
21688507632
1015724338
15631704011
4993583075
3475048896
20341967855
22488387431
9645940306
16824674109
12336175131
15014101879
11509041981
1085170810
1863788995
8782505376
6390831932
5831517315
6261696696
8406660397
3869112263
16368382986
15347232970
20364040542
10421315120
17651019678
22469914827
9250204120
9674594816
21799910300
12345499575
17810624108
20019722367
19453434325
10576129557
12430344990
3307069087
10213481598
9130004252
11602289003
7968612691
16872025337
5917842206
7347807497
8328372577
10732360340
8251155838
15425220661
7800239150
17594157380
17018122973
7247005978
923507404
695695150
6682898831
9561805217
16486720208
10597191332
16543270190
2693341173
9507088499
12106919253
11146173685
16453272024
8227729948
20948338693
7121514126
15309699555
7530823480
8749326809
8097648740
8812895754
7647381947
2342549775
14205403130
23641361859
16772317735
16338406192
11147862366
19429085567
15636734326
9366690165
8157098360
13873427865
10093467032
6888943335
11728647984
5364839640
20302244944
17653381953
21899843527
4086375000
9172613417
16404557984
19696688081
11289624923
15865253811
8905050127
9374627288
7653595018
13923924663
8625751061
5300572726
6325448450
7297092227
15405179575
6839182480
20119844934
1779235526
7472750644
7618412757
19618086124
254259727
3284237566
8011579520
8999475616
3530619101
19999368820
21239160239
9666869295
17824170981
6543433004
18638939102
2909304141
9490291643
3354776214
12616419975
11168812269
22302211815
15628077034
15599125652
13476551645
11525928264
20970916374
4689557218
18239889116
14811445455
5345495667
13147996375
14105387611
15648461505
409568475
9423154251
8368424211
7878007154
19614832568
17500635785
21583355215
13379517035
1029912457
19873640151
2981804478
5886944792
16725108457
14156352944
15663087260
4050881241
12179550635
7642151491
240180532
16624188564
12031953776
7865549471
4732899363
8246313201
17814142567
22238342713
23856940895
14274978354
20358080907
3660586230
4630406310
20874488214
1691823124
5466923564
19812478045
24115234541
19110307523
16006604758
2661559476
2504051917
2562532633
3001482583
11855818738
11473891788
13524458721
18587376947
4845684705
18447391134
2793506516
5214767714
17369725672
5181830726
18536349519
16337593922
18170932920
2390110167
18987405032
3668732808
19612717759
11131065241
3637277578
2101497452
18226143776
528157221
22364352975
7533030984
19060102047
17115409870
1266135314
1588325502
2299553422
17023050323
20192500626
9635175983
8212561046
17393771473
14800679237
11312848691
2347645154
7545944772
555586773
11435126301
8813893682
19957006451
10529466278
22321036719
18225771014
9153948260
13221847893
7762575879
10542536998
4607564036
3001482583
2567888379
15089188332
22358865378
18228655427
13906086431
6578604314
12483568154
525859941
9747322885
7410861000
3288034837
7157374903
11570703849
18421247644
10089041575
13781764645
7119412394
1841047950
5260589206
21627471465
21184133801
4844006998
13084299794
8426937074
15192950735
14729620870
3966454630
5341783879
11830042531
1720748826
128309208
11268637491
982042041
614721101
11344952214
15125823873
7324044180
7644217269
15374738987
1118836725
16738891542
11826799641
14055478650
10955067509
18305060905
16366226899
12354274510
16883481561
7020017995
16947929717
1715027777
6780703654
13912703795
12074091956
15059118063
8955012358
2036753469
19527587222
9624025544
6473683058
18272623111
8645575086
1600768668
12581052308
3376647354
659845003
10790076053
13390881735
16123662351
12817384971
2255011305
17148500087
20323249190
11057172932
14604334607
3334097458
16642515494
6128427565
3991565333
3370063256
12234803455
18232572440
23461212411
8218392928
6144858651
7523971264
14801829892
11145808402
18630276546
20335110394
2781272105
6473441004
5623779977
5811256125
7536878206
17475464687
660653150
17739882431
20984790504
11071209595
21045755438
11469554528
13262170686
14913657235
2436770874
1720985195
2136146236
5288643870
9545861795
7472733798
16820123355
6197168487
21517287267
9189664073
16205264842
1003157075
14830159247
3300546121
13438736982
9763501748
16686196670
7464212288
1238122662
4198909663
8158944780
8777760206
5273730660
15343718557
8106887101
19668799736
3630726301
12209119294
8905979091
7212957020
16371711608
17724039544
1614489960
3479182369
7495367202
13278836765
17035257881
19178505273
2835148716
11640977458
18930950496
6364381188
5827075332
21409404867
2229816571
22814328662
10795506800
15736827998
4781028601
6556662057
18203444784
63933696
8735175565
6957494984
13090375957
10335360697
23082673214
11514606412
8370837788
14931860798
24296538667
14563229855
21993224621
9369173738
20080915640
19940597500
15142737925
5424312472
9815501735
5073617282
10441162845
3091110203
5881328840
3970565701
9140609459
18979110574
14265597642
1524425147
4531117071
3121513063
12855623772
15233867683
14628881396
4904437663
15828773987
15377684817
13916326073
17012993376
12250117206
7610621997
14620370191
10224889675
16235493122
15330258833
17864120234
8622575554
20965406655
24412565939
7146416156
3097097780
12379750069
13461509403
9580690405
11967354172
15052862759
11430691335
1034252216
20999865193
3435117707
11887617999
11379633603
16860967532
15524166468
21128218428
18446932021
2969548858
1277686093
13788058266
5653282276
19520310925
15559806860
12948731543
16986894966
13443815040
13399906153
5980514039
17301670401
6479907111
10530875473
6029900511
15222223454
1960152873
143256898
10771354715
16001729083
14648241119
4914306061
2112495410
4269909374
13467799641
16241411987
8523136031
4244484155
6141379466
21437097551
14686567960
14952442484
14704466521
16377687793
603596201
11877916464
2019254868
1615367220
16704683395
6434830816
2776234870
1939932028
22853943773
18281372049
9989566472
11366681878
7878528960
5712953828
12032935302
14500909893
4239970170
19235927367
12813909215
8422280986
16963434188
11769794935
6820846361
7055636655
18443254151
19803315410
23394049420
16409502164
13516757232
15775991073
14386820476
11336232121
22039815284
8358315913
3426982811
11055845042
11118899228
10772394226
5423434238
13746339632
12593499378
10180982132
3090354327
6472902518
15119060533
690482943
5736169774
17575293680
22337913766
8114656767
20739362087
17299817773
4835447571
16380253449
23328986617
10055923862
7546712853
23222144062
1818000193
7619109299
4313374169
6776771945
4578064117
594074817
3270903985
21162635214
2210066134
10284933002
16637791668
6893835836
4447792628
21338561496
23117355982
4061952563
1350202241
7009268632
9432558401
8507736383
7424797714
4449295778
11458146197
8991674453
1997951709
9979219678
2545109151
1161362222
4777185240
4564213035
17620309990
2020337376
9835727856
11975238484
12822049187
13737475387
18478394672
5552573785
3886841381
8502128030
18747239254
17857271514
2545039978
1965413634
5860862501
16938710287
7625425836
9137871001
4456262550
21786427042
3759820264
13148706012
13801953687
3731454663
8416735080
3047374653
20236479944
15150614155
3599387827
1582169024
13287257978
8889924576
18757944404
2049137641
12066132966
9336123929
1980700893
4550614389
246887126
11742750862
13084890402
9266168634
15506409267
12257267532
12660056437
7074842311
22391205053
23263642840
6765559013
14123878005
17508382001
20128314683
11759522342
9682821484
10853582417
8223400819
13565534731
2860685690
13231368681
13811977617
9974040070
17088769985
19919538118
6437066972
3708541413
14033075768
1102554588
3124634370
6538449096
9415109533
8242720552
8231050994
21608786839
19844195033
872550766
17606016504
12075668434
9132425750
10696562191
5281342631
9656279581
5758830967
1084375504
15159908964
8921174504
8601237591
7942272046
15464439755
10906262783
9585394279
4203158730
8502130410
8876123903
302460914
2374853600
490151004
17651262711
1887149006
677055436
21831012085
3030755144
2235367306
16712481045
5264795649
12291292969
10255673840
1910221336
11050431361
11012118842
2702648755
16315778780
1002192424
8552553029
12541227675
3493365952
4845074552
563246379
472255752
8803240300
7290601798
11517204931
16690766435
277406970
12734647426
13497595856
8588570549
277638380
94331332
15663334260
11258545033
116548721
19354908190
9796291252
2263687214
15074613122
180127625
17987780827
9700808276
9678498038
20422937283
19859112925
254643758
869800430
23075149259
19016226932
180361810
2123367905
11029923236
3108772941
7357676435
3271879401
1444136470
2967774088
2618724940
2225026004
9010480037
6777902392
6713384019
5544019677
14662543794
19314335264
16229543697
5789532891
8861677576
2810875194
13740286857
16916921158
11156628788
4627527704
2909334629
6766301216
1033412060
8380255102
15550435130
2209279363
12674669149
19376996038
19577893381
21443193939
6259324062
3219647605
1742824756
3411983957
21730673594
10597025345
7279805845
20991187334
14033144699
6048442061
9798476929
13856947773
5849418191
10060308055
5242914626
18637576427
17076931749
15156600357
7557076022
3842098183
6763148614
8939308742
2014747109
6797488483
7786978572
6667963653
14144919744
17583829701
12850719050
16914186632
15173541736
9599804518
21466637573
9736732845
12894143908
9603038215
4223711137
3058636922
2337559062
8056908098
5681108992
2074416003
240223160
3118642432
20800048357
40121303
14367401538
14297866069
4006311550
15291287547
2171465496
5145851737
5232209906
15501167966
20785423167
13572056739
2202047222
6575305239
7188617918
1273372940
10895126383
12533560657
14211317038
15448961990
10742090846
2443218615
24035905613
16044458848
21421684739
13573884550
11125511309
20933099978
12697524893
8701695793
20443476380
8137386186
5656669792
1192828861
20784390208
8512495264
746544028
12480363099
13109887356
9315571538
14246168481
18655229851
6519179058
14308827283
10015777932
8392869839
18904116688
15175842944
19941404335
21640446115
12138695175
5102020796
6520880064
10869433057
21002742151
12236924495
8245008694
11745675686
5643688067
17590480270
9687766373
15957655160
7975825548
3868140769
14508471192
1513977686
13426455413
16623173323
11347357923
13642008713
815715208
19055212304
9462066694
20909892119
19841036296
722389517
4915713304
3473991995
2676249553
7722567880
20009853992
20943072461
3698746233
10740742169
15998857322
5380498273
5908537848
948363466
8488381323
4065091020
9218278605
22118605697
1146887435
4656073192
14508615667
6331220073
2377319614
11041312000
18642055242
18429737279
8198765807
19884361938
1634092905
1534429383
14980644875
8105718552
11132563600
4290271987
1761734764
6542780944
7580031795
18812959984
6299601166
12304287400
2875090293
2498961223
9550191952
12970940370
11851386854
19989304874
9098342926
13394360871
15559764644
21042643327
9163531819
8620147747
9066602722
4708376171
12836878870
3819002116
7430979512
7943794708
17572643716
15852108297
13287098925
14515873084
1316527590
14413026579
21922022836
16355135916
12682525202
14445826244
16339029144
14206256197
4312829830
4095634016
15723103255
16063009453
4272443896
3104307419
6880282218
2513308535
11763355878
7160237118
10963840523
13091264206
10169741611
6750436808
15526551334
14250799807
18106645209
9788054814
21401680135
14370486262
10660993373
6322195934
16357052082
18044294664
20954028218
8440362665
643189568
21289473106
2824737602
16616151556
3353650467
3232396728
6627646866
9518408485
3433434182
19978901681
12540609261
8355695908
9743244129
1058564936
16944531493
17465395095
3494704670
11616114901
9393807767
16021036730
11105395119
1357350216
15741794698
878070659
15735810902
9209741721
13406095958
8174542445
21305403946
16670713811
9986947585
1411590088
20807772733
7149622915
16040275520
12708024653
3401658494
5511776437
3626633791
1342683096
17469792793
4201872853
2406712191
22048630032
4061797379
7863889033
17488988324
18182360736
12024793740
22939132402
628296722
6126416843
12867209251
10038248297
3844964547
10021757619
10556532095
23481706796
15438069570
6754565153
20706244961
6795842682
6792260561
18753577363
165771590
21475346678
6913660520
9444282026
20908685721
5602730018
15963917894
8389212295
20622202166
3717588445
10387602782
12195608644
10744707954
8734087953
16806902979
10323704735
4036423453
7335664508
9385697591
21086240639
19118956739
9188308698
2318427159
2993826440
5355385864
6843303907
7738879190
19655723177
14177226823
5703755191
8089854026
1505848986
18494301948
18936202755
12756463860
8979098863
7270587388
14235034972
5570646801
5182600379
9935078406
9124351763
10256652750
5468810940
8942493864
16824559770
2472582510
6164937453
10787239184
11078924615
14675509655
6473854797
11064097765
4988117597
14183829288
8734456029
21118161102
17980252582
22669709490
6604327977
12735279165
10903024188
10154381940
713905036
9323088076
4645939167
8626465009
21785219862
1241971625
19125359934
13390317579
9221321616
2172611419
4964639481
4715537398
64832156
21717603989
1513489732
16633465262
2507348967
20248493778
18600282843
18671043620
11542095480
5241204272
16535250684
17638694609
5319449598
8577907571
10133174520
2396527850
12353525224
2146744041
1328731477
2956878384
12468662180
6934699145
13883361190
10859613293
15233749893
19129062436
1633215199
3654100996
10471450207
16166898477
22404418798
14084123474
195989772
8349594499
17717232570
5888243744
17427298017
10741064444
4483150102
11613528806
8486859289
14295881958
5226980276
3812691128
2170471854
14861134213
4107276198
19834657399
10345763150
10906128259
14386314134
13466861030
12990471217
2755287185
5597912493
13167439586
18130477877
7470064466
9041704371
20362180920
18833741085
15619051401
15356734595
7159942248
7576422003
13957476111
10160954315
8659481150
19026115651
18118429726
6384936683
12254823897
8345893670
12648068505
3067604834
7036365532
15742383296
7861059686
17310397040
4781159863
17675054704
3842775186
5245549199
9477819574
20966828232
12906543219
6726607803
18749467477
15297070349
14875000061
3549935609
3731982021
6083743078
989576411
3830633015
11018091097
10024254163
15283684002
11307839500
18603826659
4411099532
3572979839
19585143720
8435583455
6675276352
21337777013
17999500307
15088731509
3663333376
6491206762
1306171306
10271918807
1406692617
19399436905
8158418148
3175705489
19519209629
13630437337
15724973294
10686279359
7789003764
15282003982
11854909095
12222764207
11925920
6148843648
11736869617
7033109292
14732522330
21026993294
90423628
9288330608
7399031769
12394609156
5368346702
16706582439
18076247406
2341461540
15335256187
1966434910
19273304708
12905059441
15440524334
3244435731
11719012204
10237229687
8717759785
20402184734
12831834340
13614465451
3378201797
10375385612
16422261404
9408028283
10879802200
9726658102
3627461378
19315142717
10512449171
3066321181
9210641693
23674489318
13948706018
17414071307
15851237566
16266493207
14656761322
5717393379
18839488628
8946679927
13585318000
14812244882
2439901916
13373554602
12078124287
16567765487
7374118507
14615988419
8970330853
3346818931
8386995602
5042171801
2884562478
7841175427
12153381575
7834892749
2395982938
7752906823
19748141656
10366063943
16239543099
3626101817
18563141561
7858435319
3945780171
20995785881
19470375323
15511479665
18583768248
22081675617
1058224071
8325429306
15050620047
7730878234
20562190813
20425552977
20032058058
16696548344
16403469745
329963525
10678608152
12618790626
15826730501
8498714409
15427174860
15198038294
4767752065
19813002652
10907518611
12677905482
10807845612
3293260010
2485828383
15864327688
11800325647
2233755745
11262394695
9319434034
11782087709
3559834282
21059817220
2300898236
2085958935
16814723855
263525374
7484612924
10485066899
19204739810
7466594347
19007971023
13904020591
5421963386
4346280766
23558320394
16287720218
7481815167
7900358015
353185898
1788592607
9569299433
517497239
18075835641
14863489300
7339124348
12038616770
10239225734
6318394805
15751869899
3300546121
11562031035
1936395492
13044993051
7015061469
13670322448
6293030619
8842277506
4518926310
16669031982
18937999982
5104095260
20473476495
13346922841
12383644273
6242707450
6422998125
1030637892
8620612547
3852178037
11491130849
21047180052
13465664225
7637477290
8979619704
6936601097
17830481722
9314979275
7425541895
20669629913
20388134358
8800357407
1404714733
6441243654
3332643624
3411446834
16073353818
5616974553
17871479929
15272311250
14038821499
6394077167
12376184975
2542051978
15461393423
1663786694
6433243136
8179133117
19918930262
2347634342
12230524831
1918098528
12904856062
2808152156
18118429726
15001214319
359387043
6133214883
4218541788
6050447501
7642318218
5555514786
12695167495
18100860417
13534051538
20709800356
11770292385
5383020207
8664011311
7814193727
10928258800
5219912362
6871439050
14495754402
6613382675
8836776292
9254643281
14363181670
21219413438
8171391200
9556248996
5037824785
6960319575
10460451309
18077763407
19514367824
17480815115
6710084338
11753567379
9798430845
18483749960
14368248859
7047155134
20087108028
6840928321
9610839670
2283886964
10016076038
19409252936
4871054036
2128881080
304333334
4580255694
7849296525
11013674041
9725602395
14078267236
4168343058
3535167098
3429311946
9268153519
13309445342
17647225673
8367637611
6374965282
7764618704
8750764078
5008402889
9374179633
15247943645
6538868128
4157147673
4484044788
11853981626
17757297503
18114112638
8998804458
9796291252
12146922634
9650988088
2088542198
10569401670
11576012881
19986041318
9811504224
9700484576
12478205902
16228156183
7730891819
16653074544
16980779776
10303448896
22119645100
13350915502
16904196914
353576472
7563799058
8350346643
19432578230
10189475262
17003214267
10258507364
7685078183
1912354377
16029440225
3798984669
4607889537
7493091836
19367533543
7213227880
19535013009
8954570020
3132752573
853771628
20809905144
4325155551
4291453652
24133920116
18523829228
5804087723
19230390419
11995513981
5622244559
11114397249
11539355691
20950578953
6482100927
21146130922
18567344664
2610050790
6475800267
15995976531
13167008311
5662025917
2947537671
5102995187
9226104881
3263310108
284276787
18368096309
2778999945
13233960915
422698542
10183998135
7464762063
4063267474
17008666078
3672583033
18276807899
8546538917
1220230787
7562950210
14701491887
3345714961
20529941608
6000267147
16533099011
6070746386
18632490577
20843511795
15907920293
13674129861
5403811000
15155776074
23563728541
9598551025
3069678009
4726074324
23564107769
6147987049
5004877213
1595977928
23311783753
16234412073
11851892705
10641780059
18991490644
15827107784
14833596049
9779378583
8431910341
1654312520
11601415042
21252460536
10396531744
6563508642
4617962547
18314102700
13569616058
8162534718
13455247000
15984880723
7958069422
5189235262
6337616418
8934672044
13346643034
12704249659
19924878631
19497732835
11319502651
17802712646
19039020235
15581615579
2907736648
11083239318
4764653801
16995907409
439077892
17036404434
3067811231
3694160689
19515009758
1965413634
8440073298
14219092533
6522370847
15444906225
22625090554
16431501422
10525462339
3222535551
19907408142
1257407137
4392607376
1961735980
18563923940
10017814312
14370951764
1614789050
16251768138
828589276
13105219707
18438382634
4613526625
17465459190
21045338171
12090849462
1254462105
6421929880
11066384780
22056892345
4894013361
19326328080
8735505605
6432699598
22940693484
12326072828
16738240189
16169554310
6684609987
12939623953
15578939727
20499604015
17533591203
20914669911
371362143
2981895048
5562084035
15894102599
4732187488
18451073412
9760473617
12909984648
9151530533
11434254698
13164731341
5809073871
8602842730
8219622568
2897170852
18263257835
8150553179
15186910586
8725701786
5102100299
17629432891
9454059205
7146684776
6995854074
3576274501
22370728605
16931435860
22815318796
3734162867
7658410504
6454260121
489978081
3952809403
4891350592
10834825877
19611535063
1703339092
5931982110
6284285822
14702786018
3870587027
153960087
9357522339
1355862192
21244697786
24518032007
4878013899
3571449997
1385158322
6940579053
7681622708
737072705
17740787459
11375889044
490151004
18686334535
6788720514
11839720108
493875203
1425862126
8349957530
13799108791
13452854724
20149930186
14279377106
13655252141
16057196108
5038172218
2952343260
11250428665
2342451259
12116077295
23269414308
10271346162
10722367912
8488007054
4195401784
660317010
17664099074
20149389983
4017344412
10050346792
2233423353
14099010575
7497949012
21553718682
7216444611
15788660755
4568029807
12825006795
2538838624
15029232777
13863375233
2081805675
654319311
17735079350
11765438157
12539377711
6318394805
1396183652
20357843182
1910431638
21845287632
15724163414
6002484890
4725663882
7358897175
18688165287
10881603645
15910666896
12236374789
3548438972
309288106
6463131215
17219350562
10395473160
5811237057
1880967825
1681361515
6897397159
22600118016
1994817044
10655826326
2946785143
9851653830
2248831118
12146814097
11359624688
1579194589
8761602301
16524892223
18721480776
11342598419
10757991433
13270310101
7933153346
11433160063
18159394028
14781640204
22214204098
5076915893
4888445978
6491428084
10896828367
23911855105
13608459594
15409851139
10380626011
20434216668
12530387029
9566587239
1350257265
4073785462
5316314835
16957312202
12373783017
17895154445
7066881889
18718326164
6041392162
20219291398
16969015061
20190456937
3387378244
12371008026
9131982249
12719057662
2223901059
18568451298
20377957845
11316541650
16482382752
22594914512
5908690157
9407738243
4611373644
15192301395
14643165727
2925440072
6877455996
10646285036
5856679615
7648830819
13419243228
1173403394
510107894
4911157752
7192525996
10323335665
63287480
7778405805
21353889066
12572784870
10109012578
7249661132
1054396813
17287665590
4561728340
7623246260
12673229052
17396116997
22154348001
9121276658
13128621823
6344048249
3950521803
4773019257
13622486241
3600428923
14148941826
4483637140
15113277218
4203092941
11814591825
17209020809
737320365
9487790914
12917788525
4278557334
6391717796
7761670575
5258293913
14036445869
19339609357
6994444245
7791250020
19593662119
5667347208
15435179938
6148350491
15455617890
23530368218
14401675062
21516033308
5687673316
5786891536
18176237205
5380021496
7415999409
10801985940
8652526669
19490312213
9167763723
4176427332
17613076398
2788646367
10787669382
18141760460
5736983729
21445108465
12516821535
7423281511
19637741728
23989707412
8392363180
6181279700
5682859821
20560003216
21448884968
2424592322
20156815678
9505556117
3571756366
5733888487
9327411632
14392427897
17460213751
4456641164
21883593216
20048169423
9582057960
10362816497
18530186275
10049179821
2408100046
13252591151
18974187407
9009489469
12991495241
23476471746
10209028851
4756520701
6245982597
8854047990
4358587253
18039341715
13141001671
19375095160
2590256153
20798972425
7865340673
7641254979
3597507714
4303007641
18610279058
11458045548
8416632892
5629188756
10282703040
2839776643
2201410633
8435123947
9381266783
15784953993
13298702269
15597034483
14743494522
4971532431
3764991649
14992048633
10117446539
17316842349
13954867607
4406931738
20159908974
7042610145
12579316274
6243653457
18336271475
1615881764
1950825821
10376266574
12529847739
20948263485
12133577940
7619717547
13309647774
6620315858
23427005406
19004069788
4800753605
3474637726
223412713
18174824331
6987081502
16098843921
12041077548
13471791037
8090134583
3539462471
8018310275
7153112424
10065890131
2907709511
9832066619
8217103657
7895899052
8934986948
3906262872
8693425750
9694452396
6979833691
23932415334
6566384353
8283501239
21102742798
15753848127
1857265190
2381542395
2682048365
7882474529
18344035524
963704761
3575809245
21524532472
18915018747
4805422190
4725283782
487602942
295849405
7637124962
16586276547
9388903017
7326963422
2147455544
11441206839
1249983137
2671870466
18493946357
6260095193
23132070965
249502892
3720074271
8700705283
2793955163
19319782850
15024503984
8404674499
23503612569
13079795125
4579520151
14045333472
17469117312
12661158102
3389340033
13629562274
20077732714
928498139
7637773191
3561818388
3948651486
19011822806
1410521280
6726575790
14955168677
16641357679
7789973998
11694340189
2252484814
8968004262
14570138648
4474538653
3821114836
13409705077
6168535911
13556987070
1624376672
19199024136
11233731830
11355701553
11483214645
1031065912
7882211023
10708311592
8363328729
4271554247
13694252318
10706466967
12160481507
4834722026
5802790811
14543579454
37071024
10833430865
5854511394
16500913876
17969521706
7685787157
21531451417
14504380646
4096313346
2702781822
17946478081
11640130493
22458056650
6536081279
9512357392
5112380714
7922371569
12358554391
16302450617
5681176523
6234785091
21309194443
1504228016
21456173563
7893745200
19047650643
4288936783
11407855744
552561147
15003063876
6533553447
22199845921
24124494684
2225590960
17877166420
10391545315
1578634517
5105050619
5039940363
6137144275
20902146127
10452662830
7962485842
11246112917
2412756963
13047448327
1626992201
1105173817
1937342946
2502637412
2132749603
6218338668
21378651975
3020653278
19359070112
15229682441
15629273900
8602274379
17822627693
18963898332
2055234239
22950036543
3701000128
5458701369
12478721371
856460983
5890533485
2276326391
9043420814
8928615010
7968629816
3819564453
13672952195
20563420507
15201914133
19137701476
15397940879
1684765324
14390461526
13172914147
9462191636
10845653571
7876516778
9421155737
7642318218
21330380216
15116065464
17184077539
11696379519
2575148895
9546436220
22714781422
4096556973
20962160436
11551772460
9735462151
14678895902
6252366943
3656812514
13941524621
17013158206
17529891763
12536435708
7335379371
12556931479
6924430474
10265310657
6126126466
150215800
5303616378
9681956728
7256437406
14518725825
8759413819
19833882027
17086183041
746544028
22407455092
19045952811
4870596531
13012208640
4792163389
9552134054
17758802996
3144393386
18673459727
13138455076
892409415
4096702674
2675980907
11837074779
12838166527
2655797077
4965764694
8737914137
6712550012
14954050056
17034316399
10993187740
2352855869
20235413135
13513895825
13495988454
8253682157
11199112881
12067252220
5899763895
16456317780
12918995528
12100709575
10646824560
2189054976
10585234880
18217295004
20386183380
19953900503
22861755362
7054917345
1080090713
20868993299
6341231718
19037065503
17669741246
15407082731
3752614036
9101836738
19720248831
8130973086
3557388877
6995298200
5769500598
18077337056
12742210301
14865883218
8970897902
18269388140
10735956821
23553271090
11696818724
11569471886
11508101228
1408858823
5629208156
4036721050
20503801889
8990514730
6473773768
8072642806
21613532942
9428999214
3115907911
9927716922
9172134070
23222922678
17827305069
7508068801
3618782473
1034252216
16596628923
10871512227
14302478419
7945284247
20120676921
12131906641
9922145905
6528766089
11219444229
21633297439
10926348764
10159990705
7712085652
21122230609
13042222178
12808161179
22549620726
5922717205
987788702
16556839037
9989785723
19132130315
3926673199
17316431377
6983559764
2335279744
12910842592
15269628368
2078524308
2798517157
19263236928
3458190733
8232305173
8833493317
10485235697
13937930860
18067979607
4872586010
12952930052
17498798034
12081954627
8073496748
376383301
7832296066
13148221132
15501933569
10175495794
8386305954
12220562728
14772262952
22072310494
9881550604
19430979098
4043014469
15796549080
18195519699
14910690634
17565695453
10936328901
5997295653
11864211212
5576348472
10522419952
1320237029
18838905005
1411727666
14390735606
4282177039
11665968421
24320718732
12222020460
16367649702
1015478491
12141116332
23228598916
18209435559
1841013511
24080958191
13167232789
6733759866
19519538018
20916253574
9900104284
3491956859
10600701864
9770966565
20593274639
6790360694
20746466405
11144987577
11400034014
4136075411
19352217141
6059373596
3495228514
9000922568
18444217992
10301486598
5382059710
4259015002
12792609080
21615301839
15288698236
11947445099
1456155364
5161852767
22981966704
7789359771
8008868859
16885136791
9943938920
2044047140
3502552522
13192853782
19499752762
6956137721
3448009938
7262855061
11258027879
420364592
7656029739
20195233459
16532173635
2611302265
9441311448
11203114245
14928251792
4770314339
11168867273
23323930231
18923203238
22767711293
23189552922
16029747877
4271686398
9024860186
14409106867
11079284305
2614476402
22272481529
16888802482
3373361424
6269736447
22496082032
12597944269
11306465035
7572060251
14369923989
1595858027
9591435645
14033261719
8785807699
171740298
15814455930
12044070085
1524425147
7871962752
18902042639
14248442346
4983288708
7124762428
16614008723
18111291251
16602362197
16780057188
776634184
18540820064
1516646745
10787982558
13275380838
9355190826
19413834440
10772896808
4685213132
23398385581
19513923920
9103786395
22553340316
14663481515
1434763499
6458083402
9528346349
19613858684
8901301419
16439162605
11809700273
11866220464
15419582621
4845608405
7827227672
22709750403
12052667648
17747432337
7992781199
23041321268
19870041589
446809822
4212495839
8944916969
20404271974
5302554863
3241697792
15123568989
14949605791
12337459546
13324031980
23220384772
14225732750
13082451977
7817058263
6323098561
20655273043
8587811035
12322898370
3817345329
10278814920
18909734482
15479337613
18938908306
11386195299
1757871682
5671280527
7873332073
19073220992
16348945657
9318760955
6900670685
20362274960
4346099712
12255691245
18705513573
11722821269
13220119218
7359307
12502427714
1889047047
15145901325
3870816433
15001271987
15135387856
3847051629
12309415832
2081901366
3762563489
7614970134
638756936
16478623531
10056284194
4828610265
8347880986
6658084706
12316030499
10068729740
15452792358
3994148782
5303347718
11877926122
5861068886
7553451840
7398879047
20783531573
8601892780
471832990
14554065042
9123738091
15174973456
20549061800
833176793
5034094358
64832156
19519993531
13205987494
7515738456
1543100119
12986166754
20023064368
17296517497
6914615271
677626629
3524171352
19837364207
9406573982
6776771945
7302610792
12639439794
14026964181
5184292302
6586662125
1051699204
16542547920
15162900998
21159521713
15637523849
12819987683
14648728525
15341621564
7907770567
12584955528
23363898287
9544112460
4443497634
12577256503
17084346150
19383433616
4796581423
207429603
583300756
16713276674
14629306377
5116856737
4200278696
5378508115
4254807441
4613762451
13869845918
12387544973
16009852083
1896424235
21584073573
1423314194
20751175184
12708455903
5066191147
6165751191
6839037549
495998410
22412157185
12210345890
14508976472
6448849717
9572645573
4796988935
12895233036
3236750644
10379252429
8543355046
8830662790
11855818738
11872857082
10919088796
8488671742
11420551427
11275600497
16082063623
6237902771
14263849064
2472759790
11844065670
8143722092
14555831970
1458852780
24378170073
10836712481
1349786092
519921790
21950956054
22710568430
7095521471
14314309188
18706626500
12691595825
15815573766
7497971110
124149421
14536556193
11367008369
4987047851
2609144599
2288151389
16496124227
23494796128
1424611722
3551857916
4397217916
14657064906
7974015648
15669803327
5539131093
3085210905
2369145606
12120749399
10635925102
1620528707
12106308578
17056400437
7830063565
15808069121
1486534547
4756255352
15471977411
14716330244
12406061693
13557252059
16303696777
11125384629
2742561037
20048966945
13962854450
4335789526
4411099532
15615422887
15293962649
18275920365
4073345807
21758366625
12663557378
14490752113
13057882853
3314228674
1628290184
15534649879
10243759817
7950347946
2737851161
13729986749
19838359274
2502064182
24107307596
18084483654
18817480280
7299698720
21224138556
8531478742
14307818245
11061237152
13237546317
3514695406
1144479189
9747675701
15457646221
18611678286
9415105672
5841914592
12023032344
7245793873
10304590824
6767641805
1006416426
2252430018
6041959881
20385379330
2981884799
2480204872
15201971266
17803279080
6423902377
2644950643
9075426891
363861500
7789355668
16205545111
14815045307
16617509904
2087792075
12394740863
2227729893
15963599314
5824841196
17234472924
15600550374
11899710076
14705579289
6775345540
5586327336
22999225257
14013440668
13455340829
7471048446
7870139499
3172058274
221730187
18428669312
18549391061
18945019926
8853545848
10991366726
8293185287
890268169
9181843015
17008807893
20880237600
13485567994
6563090393
22386436494
22563961948
16778784836
13601987439
4261091525
7618135795
18234385178
21758871686
422065205
1171081861
2884096187
222727554
13367684312
14695851627
7187405340
5928231481
4793462558
6470336773
16834350719
13066946716
10481537086
6371267310
17957378117
12405078809
12090723754
7682163491
12775921709
14960976302
20993582416
12273646521
605814689
5528190532
15059429927
16745144468
13000790836
1522724027
19818087924
8260038403
18385359998
15792970763
12637198665
17118733887
8068824102
20244355179
13361902741
22401974118
11530275694
16457685464
6193444294
15617968139
5435746234
8455128327
15024501837
3116760697
13391733728
22659856433
19417005388
4292440566
19920511207
2789656860
5211932884
8943523327
7051015059
1507115857
16337902551
14667015227
21166419313
5492374621
7551353425
22425225874
8827251674
1954489464
9512091448
17769344570
10632851254
1701589698
11890880808
10581932520
11380777285
110115510
485774931
1080114057
18999657625
7940039898
4656943660
4834598097
17261836689
17549291396
17258593963
19245196088
20871866981
9017878702
22814047820
13726821948
366252825
7688367461
3702193677
14014047281
21938713567
8223843637
5147536187
19802442134
2769835922
4372707452
8347064533
3054081028
15827226594
9451448119
8776280703
12946102400
21247394780
2002809991
960582350
19896818323
3128208404
2736086636
19681401030
10943852681
13600915600
1541294041
18836963799
21016746335
16298968171
20096069526
21384107690
4684155314
11123455304
15686493045
2066181667
20416232255
19709026877
17562892444
8359963760
6135748364
4132614517
15918150937
3615153266
19019210997
13099345567
8179473381
5107585624
2436095881
12568037948
19817221400
5279071835
11890450125
16457609448
8086147829
8688711202
7217469529
17037851921
1972742387
17884208196
5577306403
14101848510
13403382897
9063074530
8094169819
13070762454
21111943118
7923414106
9043580293
788661914
9959881411
14404786891
1067869803
4993810205
8870578067
2014820594
4946061422
8928997287
8134729502
5063797953
13014118488
2233461375
4808850630
6729320462
8444580233
8716049341
24056145704
11616962921
10156883095
10570518009
9501928536
4257893156
9339923005
16619696297
664012414
9017191152
12987980239
19250923661
16067510003
8205558884
626573114
17042482453
12823833506
251640341
3672583033
7033098691
11728068082
18645753099
15731312226
8145147354
18393817737
9260243450
5625188241
16576615442
7335427921
8905337789
4154714514
13938998143
2816255637
6492430752
9973060982
18488359157
20653603003
11655560254
14821040696
17039227319
22307401248
10787029474
1702923048
14257448505
18499758069
2318386618
12800289474
2733184046
19785648742
6365490663
15724514964
18984748558
4323608689
475311793
16472726929
8939438885
2408172776
17160699160
8522774708
19929117136
18685597459
2428480317
20472330541
2589348008
13318103615
1762033246
1591821999
11337158062
3968583274
8017879323
4431224502
1837902293
4619718452
7207278275
4765127495
12984172417
8767690786
1511335204
1936720447
8542189573
13471561009
22059909753
2428648441
16052089
23287341117
2535345820
20379849098
10775636194
2332194139
17290444148
7620115062
12071861827
9844755437
16459193114
3470369809
14569039684
16390358467
4830652249
15303793132
18641215848
202452773
9647065310
10714125661
14108842992
16438521086
8311892190
3546494645
11545089503
21511427032
663418144
14290297659
6150155506
10049499456
5883783983
9000942408
7216881774
6153553613
1703238275
21172021863
586715889
2677492745
9123370799
6040266705
1079500339
15435096146
13577266773
12751877327
22326081793
7156037615
4791215797
10727831400
361049302
6658874065
21378284125
2987289897
16731270283
13936162649
5359098926
14804131404
1435202594
15935083137
12463122206
1829542331
11050592039
562581039
15325359873
12566251819
7088686591
19842618031
4384517647
17344094921
1367063618
12143119262
12901015772
22339567322
14787612578
16752886754
17547740474
15205743102
13288153829
6227921168
6703924346
22890632615
4365540178
5443681499
7142203912
10700403766
19191607932
12885882082
17612902107
19976235900
5813898420
10925360721
13473767126
10590434984
2869637160
5669694723
3665069266
17992777707
11402147257
22588782367
109101821
4056716078
18563515741
8023993375
2644102852
2172766960
22665383273
918624624
14771723481
8325370992
21843060325
16048125349
3005250822
12706310963
1235623112
13960892180
2609105242
2615299531
11753906439
10052407245
8180548224
10228096310
7120147329
15755793459
1359460786
12640541154
9059470458
1634092905
17273304021
9520363681
2612255472
17163406731
18959462741
6650994167
389233146
14298400645
8310095220
11769173278
17735396730
16048089916
8260017461
4372861748
4467656277
12863507848
1108160734
5232445429
3429211234
1304957856
13026248548
22169741518
15365731740
13095233069
40331005
8145912995
3355878214
9017040797
16464000809
2391804710
10829598669
16823111984
3626222742
7766330449
9513882255
1168686020
5787152384
8708813065
10929247720
5944126630
3822262952
3666690061
10034963778
20063922070
10376049836
2430853120
14105742311
14111317019
16146161984
15904904491
13539590119
15262945595
1588663371
2944067853
4629603128
20551308938
20104550107
6661805309
184490690
4062651120
16002685107
7349282774
1772598341
1289758862
11546420760
7472636757
7888558998
11059547941
18255084069
9682499668
16638037525
8133730229
181423362
20060659573
13522780022
12312857649
3124420310
17330462656
5258739467
21386192599
10736182304
20112878011
16146160947
358422803
6531323102
24247841087
1188993152
2512660176
3086631860
16286254027
7614498712
6691362768
5617098230
7380116989
20521612888
19484375202
20125812041
8523955365
20848580176
3236434527
3978072823
15092310065
19099287791
18474771426
1330863809
7629747995
885517751
6610518031
5728567598
9110887823
14311464795
1324358501
8330218124
18452171906
16459154734
21162416430
20182330982
12497970115
5281739515
12672342639
1425862126
17884643337
15963917894
2196491937
12674431849
14385432438
17012925513
1767089126
14131848286
520319690
8824126472
4493844907
1328787965
10102722845
13404720349
10861269469
11053101801
143430629
20219681149
9081449481
14731894234
6453330621
10567283622
16075643432
12941547958
9636517555
21630140807
3098563710
2408226705
10982758409
7849422362
20822410314
13509336034
11031908659
10665731511
3518101229
19889441945
11728647984
5611460057
8517089563
5302391133
6540225648
3458425712
1543942896
9798504599
15345447587
7235248896
1732053856
12922510360
22360961833
132940741
16883114680
14035426782
5061114033
17567130367
16441484482
10056200193
17326523424
4078935492
22010113380
21467450853
13970332809
16697519505
7664265820
17257372517
12021027671
19556869082
4937625627
2225230151
15017214519
13801187279
20529734169
2674747789
10362271464
8390789637
14509054782
19182008277
12835146973
202381158
16309009828
8732165509
4899840678
19597664841
13287267970
20073916044
7675834164
3552118235
6830728104
1770862930
8314294421
17476152318
2614312178
4509719338
10917765940
12974546069
14687336782
7051752832
9572916529
3984385853
7102389574
11625657870
7960381802
9983755484
6670903815
22085084116
12095581503
10239721782
3554991993
9195250472
11304028345
20436289985
11587894924
16588742203
9031339806
115501883
20836160073
15247448683
678515927
4859391058
23400727934
1506958975
6684609987
17792588320
9968341873
11630841247
7071027236
4713897292
16308605335
15999094000
18147408958
212473566
1599838074
6781695911
1527394307
13863056346
16341730326
9840340171
11547523585
17944356161
12750217908
6690591105
14222993306
1589093657
8008716549
23236759232
2562420685
7592822563
6570653982
8356247992
18165015379
10576034450
17194588534
2048761749
487354377
5391992571
1652464040
23352432405
10485792486
2481719578
13209649233
15590967411
3555142768
3714594835
22325458968
10401992733
18660967466
153591258
19541204112
16605243493
21110874624
12209132043
647008060
8361335620
14613507881
12443327791
7164544364
5471749207
21128527773
13147996375
12592857727
10503974792
6543637279
18881256055
1159178122
6311409641
13255009671
5511871728
10757408277
20403158965
4972883946
1898941714
16381647584
1964785066
9436329500
1083570622
6683355710
2499874807
2002528592
1145233710
10125713719
5980724970
772407609
17401123296
5245498858
16920268060
9927688793
7859977222
21354841831
16836855137
14695990313
13829459274
6423208837
9589679120
16545378827
6596711307
11081931714
1579194589
14368161115
5488202521
6702780519
6260256695
18746150106
6268639128
13454420524
14882409979
1194384325
2328973313
9907384785
17228112796
1230718458
11699575221
13780041746
5352437202
13573162483
9685359739
10601342424
12382480651
16946894572
10001199932
15591680040
2927741586
3590427401
7148389288
5608911408
4525080187
10162810259
18302978870
21115531000
2197645652
2518315119
8270299560
2404180922
5403157004
16524871909
7685637539
10021337339
7601866051
4167004795
508059490
15011489897
5787680561
20620414819
15888350273
20869045446
11244976590
11216989051
4417733324
7519430693
2247946488
3781745504
7402664008
20747026589
7763293809
13821284614
5896684681
9544373973
10686911377
2557900057
19612569834
2349325635
14291313206
16459168583
20714639827
1258680298
6876329914
6772367006
9568142552
13666332927
7727047203
8198644764
4450121541
6648963087
16499219414
8542881394
7571332744
16213560361
12015774500
12065866030
1388991094
7786514042
10071696773
15182278965
401243893
19421027001
20296451232
14147552319
19896048794
17168389826
21022693275
17063757728
1621265940
5621669702
11032141095
15209883919
17411113632
2137258164
23299294648
9422202233
3732672358
14841360896
12060058898
11007947649
2910199764
16221110576
9032565368
9095258919
3270903985
15788960202
10681547629
3248081097
6598751998
13822307992
17155360044
1388234005
17147445874
15140871481
5424960142
8999688297
8792924373
14861932309
1624412445
6882360220
20220352340
4173459016
15100996717
2974033579
7825635199
15102175949
23242145921
8319887197
9808436001
12243313343
15643048906
9773010227
23642054796
84673988
2207696832
5624590689
3948770054
3272148026
3995095612
15534242088
3320631945
22819759139
23962177051
11831077795
4725283782
9504726759
6792328427
21634837596
24273932717
7326545249
3771844139
12746083442
7876214518
11666441423
15982821331
9987440169
13059925401
16415637719
12597189003
19415880231
21616222186
12593629299
7921162957
22046174621
678515927
12043953491
954911963
5271920228
6089225497
4990706851
16046266055
17883047924
14031135490
9899763607
14401001255
11492773245
17290861031
20321538577
6038101104
11937369389
12038932925
16869933609
14178094260
6109351623
14518454285
14358222906
7835067408
16434085877
755256817
11279093608
10657458558
1591009527
9150764416
6437633550
18324813186
3829153385
13830873224
23815224915
15163028936
16895381218
16468742398
7072960872
4487997529
18991714813
16592756780
12843072200
1142231617
5064719291
6142629806
1405152647
2812381195
5619644726
1538982175
5008055776
21856602264
6784324030
18855307896
2526932484
8933498063
425243604
19242808836
511613569
18198415279
12618400327
9376363696
1002893914
5945015937
5692614889
11458963932
3604101086
12012000133
21622004619
5520609028
11730748879
6799630466
17514822160
18987152648
12940515075
6370043840
10574666732
13546816813
14389035518
6785332918
10320181151
22718293325
5715329908
5102486038
16763358806
12652986591
20786522544
7107713783
5719643258
20149132727
16170972633
6342359291
14643750867
829230508
22299419277
5697582735
23211612235
3993384515
21877375533
15158894786
1371520685
19015704261
6192988194
15042285234
4490399278
21191666862
248905691
15910720041
4097377138
17873945491
13485657842
5631854615
7393472675
13463797027
6989752344
8691130550
24308920936
6728930340
21597325962
3019896042
7046565358
4015306450
5492166699
11524300923
8753877699
8334430274
18777113700
4563397913
15811805861
22602089538
18100345636
961459446
3594479406
5390233353
8135656963
17144007194
8986005677
2150575891
17984008369
10569288045
12001598230
10996728290
18787352542
8205006761
13656602480
247191766
9109318806
6102213345
10311168300
10391078721
8631747205
22487706683
5713796607
9062585693
24241029618
2539311723
6290185706
9637858664
6433040089
10933842262
7275437607
2582146943
11884577983
7067063265
11084985136
3573165201
5829613789
12983024693
2348249610
8986671248
14196025886
20462272455
4903104410
2136883955
9416195002
1676228265
4122554433
14226213621
2320264314
16003612886
10400109479
5444673799
6087420046
15029074586
17451386328
5147521460
6613683964
14956893534
13887589565
1561902018
7050606490
3002122208
6035112303
14060506961
1377503567
17917539265
534325918
13151080447
7414911611
13343829751
5634568687
13381720737
7453007009
3430927324
12210205303
23578250163
11330710940
5603103936
12031761018
19870077841
1760983344
13692725052
13169095209
4724382639
6612899556
13817181933
18594712931
13575214765
5282809906
583900105
15236043592
15333982512
6897849822
4039789040
8844304301
8886204288
10946130197
23885762474
17820519362
7042841325
10107887143
9770759902
5766494209
11562798223
20624701969
12076855056
13789332208
11448129084
12995357306
12259976161
12900612667
12317354499
18475874556
3495754937
17941446817
1139478259
17826202867
16774015143
4633420046
11472014159
3166929645
9603502911
23193092416
794724742
4403227465
11350925580
4271713571
11238681378
12903652832
204494044
11061408060
17165452710
1455414405
22502392357
20494889877
21229487330
1520236400
13035206333
9726013065
12724529659
12734256759
7973501991
17757139933
18870581901
952019537
9773306590
18789307409
1480010257
24120282742
8175644171
5129339688
13282705890
19708583695
3158125362
12330011692
13798864066
11565235619
9525328612
5912997538
22643624000
3797620547
11346553602
10025242420
17147792537
4636489591
11060015381
11338657273
13972616306
9795397938
13377986706
8602444626
9980451252
18306052366
5686496618
10712606958
1601079989
7447318860
12285193098
9550170352
10560816442
21759819826
14601723932
20152755441
17467188963
2875713800
34852369
15490088650
11781644797
3544472503
14321426936
10336383251
5940792463
13617164295
15906593122
15945593429
23036881671
5414887721
23593781184
21842569094
4175399072
14037689821
6905238730
1256623713
191526045
9374957390
1328466549
16404605053
18311349387
4369189993
15208610203
14931349718
4922114474
115798058
21511832584
5427215707
8970040876
3040720063
6197168487
13966471993
14094461946
22659171882
17791690404
12347376768
6268639128
1404714733
2721235641
7263142434
9238400723
4732708116
4475738929
4480840766
4948605127
12675829722
15206452961
12518049768
330181309
13409531703
17521582983
7156339811
14144997052
18978139439
9110015257
15987385496
6938824906
13563378940
17191647517
3964634378
19335627824
20865236090
12960573979
11953030681
16087609003
7066687437
1590358301
12683842582
5416522558
4444722244
6069643113
1424485063
5224543771
22853653803
21467976379
979804761
1044664980
1033550429
16404575306
19649882484
10099675103
10856957705
20620314326
4012014148
229254539
17262596443
11764588096
4167545696
5624023532
9685966090
6662499005
1609245676
7034326348
6305866907
17905135449
1626071271
8776091993
5109661480
219546162
639923350
7895940317
3120440478
14026767176
9815775723
21631534578
13083387244
9973047892
21568043683
12992409928
595258871
12192240370
16586262193
7804369568
9433315838
2927741586
3951305658
12298711027
337182966
7040039442
6448212843
16532181689
21719769338
7437712150
6023109950
8823000248
13915335101
13314245321
11438022856
5559283944
12619593915
4096480113
10524019891
6766749254
2710403369
1119664737
3168269990
18929674658
19706108883
8801226616
16075302075
4626496285
17989637686
16548013
11397832259
2995667334
16085419900
8482525165
2636778951
3234805752
9819041401
8624605781
18201566309
10526042753
9582311338
20684286504
15762478406
16938293605
11249597867
3566346675
22752168950
14415852116
3842299386
1880257600
2219329079
16676689833
19474822219
24058426355
20658350203
147245363
401913952
11779572767
4492961812
15096623390
9819746647
788623207
14342479952
1356129591
5492206857
12007806483
8134582377
17079977208
9640365343
1184532706
7094111670
10668915399
5464444005
8662782838
15613026915
12359645156
17486482635
4446580066
11843981336
15118517191
7873316939
11321413031
7112179657
10853794236
667848215
10676628698
1516646745
10238731933
19468452175
22547962348
8759012549
5784939110
3321219258
20914548649
10161965702
12077991287
3493725907
15855710371
1016955083
22413169786
3625994081
21838042300
7617616515
17096436323
17786252375
6748762185
16745439590
5694426065
3745026671
6512356023
3720361135
17534879960
19906068164
4965131303
1841802724
5603753241
24586877915
17220705201
5175793428
14304512351
755628066
16924141676
22501325306
9780038477
21840109915
19007846719
18234074190
15791882523
7347807497
17538566836
1935140614
18334000933
4182288599
11559821641
915435333
18041633086
4594553829
10941569975
3022345819
17410543013
122766319
7108265973
12007094394
7130686348
2868530142
12237619841
6088080305
2614666842
11950810610
13055841952
5435083205
3557727589
1345794773
4097030632
7656279200
15449826920
22086063402
282162397
19123486930
14258441596
10587323429
17607045310
18834548954
11788319960
13316988173
2601674336
19747850383
8448425693
3062188922
19957370409
2532757713
15649920889
20033646187
16148276475
8812541577
24548221687
12430737108
12798480629
17576146331
3309960712
12848199223
4205547434
8019492557
17264652475
13032160479
3191319051
7739376801
9729935964
3135600853
15557162386
7414467849
12788330770
14565917781
20380335175
12453882337
12986294390
20092323472
22640924347
5876002160
17800060070
12450810531
5146391843
17840884315
11073310316
12562294731
7695247926
19225436857
7572051065
20792615792
16389115362
16305220888
10641134871
10014424570
22451943552
8148329571
6812496311
8721778583
12599241162
4279343286
9006185388
3930176413
1461461522
7471875713
20451337067
8283269728
11040464158
268204098
8096006205
15016943200
17879048007
13128795510
21522241123
6697809123
18477192618
7088150917
10009822915
7325398544
10589909440
3607663108
15797452761
20275333795
4473534767
14019191060
18827050890
3862887210
6486786499
9986076522
19100257963
1599612534
1729494503
4726198674
3363424436
16416395985
15880304732
7537792525
16480046650
14370992728
17315858026
5227261518
16673985315
9033144586
17642422502
5737740105
3747775126
20105875606
12033428788
15345454105
21664498298
9741737920
12679179847
10882233572
17465195380
6030199174
9637334887
1898941714
11422791495
13937608484
16601866985
13564710630
6555406258
8319743962
9596636472
2953035420
6541643342
22137980377
8435857811
3118190981
1975745207
21830537562
12661964776
18914481524
19412271166
16803732242
6931218186
10995862604
10482928354
6709620223
15782982886
8011634817
110483173
12862827088
13743166690
11473197272
11347579860
5807114855
16910457799
6454806314
13208007703
5809073871
599514961
1394797763
5462603620
11369959815
10322583921
7438324174
8091540899
7780559699
8239519876
2683247846
5572416953
18456437956
7032320564
16263373360
14667392101
18106590213
695695150
4333324886
3523948606
221487989
2439481658
18008098238
6168155794
5929992116
1518474046
7265078071
15074445517
7577489469
7629474583
8923670759
11285980812
4142339962
17441745615
9574896880
8524956987
21155200407
11437497774
13794403972
1939076609
11420408394
14259967523
1869631693
17760422491
15907602128
11072393252
17978461377
2538562971
16666380884
10932841721
2364610829
17652001305
197568125
7576017561
7499431755
17423796328
7320470531
181565535
1025747181
3508586274
23037874406
11093862303
4488680101
1623584575
16451863133
12281794059
23188914649
9309408405
2596302905
11668345331
433137859
16807500218
10364368491
863015286
10923490338
17852046446
15310415791
10822221421
19832246806
12638332835
1299173812
14462162349
8952102793
20897569398
8070307787
5275788948
5884166740
14255015872
11991581642
11763263661
24164890654
2564347004
3742925134
4392474186
9513467640
10750847840
17934219590
17766483142
6714868257
1321805655
14182483744
20505834505
1180154270
12421964811
12601192594
13202404397
6685519348
13324434170
12730427265
10736723597
18921452403
11158218472
22301059272
15485823229
20623050423
4770314339
877210213
3906388420
11636347126
15555282275
15446729777
554298814
10137217376
5698571681
14037250837
14516839536
8320800404
6401005690
14395136091
4284517343
9008064296
4029786404
10474028658
759588416
23123920260
6841584339
16586138098
7553541354
2688048828
21698225781
11662190959
7924301624
13900652919
292310162
12829556865
7865014308
7689063145
13697595238
459287767
10482601064
12775749216
4423014272
4660305123
7399731313
4074464868
1225837414
14462924027
16461330986
341298320
10859670294
15787873790
6020773619
10531790139
15097171688
17398124134
18614118080
9827243382
23113280052
14676511161
20695260561
2199137765
6766857515
14505232382
3519882730
2675050140
242712835
14926876132
1964360607
11244766461
15471469192
20216283216
13448893317
7783433349
11135523547
6472518554
20385495393
12465149887
8188022462
6940220448
15623611636
7459335942
10947905820
7586342750
9118279019
16907748549
22183416049
2899993469
6375556351
13718011953
8880186953
7948887750
7164544364
5386884579
2508931417
3870606114
3797775721
4842861804
23760685910
4019010952
13737356962
9440882998
14099799201
1627066002
5564247379
17283718293
18449729643
11287639605
247711666
9216076640
9228568324
11270928918
14447313266
14300561369
11614110792
16920474510
10266240631
23444155200
2331330851
2536813802
10540007680
24126373090
7897187617
23931679487
17546272358
1304343289
2498032782
2357758559
16731036462
15238254513
10145930738
7974688869
17441911480
14499751316
15007942829
19955671228
13056540915
8589878215
20580052011
6139088824
20710737796
21802274363
21997231371
16768283481
63181829
15653151454
8099123733
13455474318
6014606064
16624861632
5949462217
11006971083
15577039355
17990700816
16075272307
10476114163
13241566119
5573598078
9610769
10881348275
3702098992
21761068018
7167974879
4448678324
13644732766
2165209796
3018050210
7800832907
10361997924
7514836303
2403581787
1338355765
3513191808
8942663442
11031182466
13099527536
12331419372
20937273400
10097708150
15826827340
10514696942
16533804467
11534074281
4466837894
3156807593
18538095699
10895221937
9232034037
20308750008
19282513912
3090274459
11415988988
5363256045
1462431259
8667017637
17637469864
18086264866
12942382810
10243449242
17519170955
3230654301
11697536863
16471268482
21017141376
7519247197
10970788510
398354789
1288017709
17137120797
20241365768
16922500161
19161983480
15257785438
1233197249
1335886645
12138695175
11905208715
17185242417
9314184035
15879408997
16525298346
16012942385
9687025775
11761010500
15765609728
21443501009
21361686340
13650398929
15864804355
15636734326
16640784418
8199148089
1965299796
660528217
330264400
24230960545
16445639829
1910431638
7051341006
20308731128
17237991444
11311490193
14264989903
18764753477
19300402204
9233441049
187396518
7407003628
13174190116
15768284855
15112634824
6691362768
7781474588
1600469148
10896369861
1647499380
7074288499
1052261114
8367389434
13605325291
1534438077
16850544243
24059961038
525679022
18704460611
11866071990
22795751942
12524163987
16954318219
15557356981
16296867521
4184270895
20885290542
16206675370
20078940227
13308127397
1869790733
15670426426
9237091290
8550381023
16940419946
13424532085
4872803418
22359742979
11876668058
5063078775
4845780422
4543159812
6704831344
16922940999
2784990369
7671558773
8612128803
18913859455
20745082100
1511835170
19040930496
6421026808
23899335619
13357973689
4465662617
19883387908
18615310170
5642347415
18206508891
13908167451
10791418313
10316083929
10968823011
20885600521
17587791801
2893751922
13051284648
15020526441
10952630234
17029815155
23239020860
123187882
15635524091
10523875997
7273521114
1527725622
6814141299
3040771536
10069245835
583296059
8943860504
11866321053
17834184977
2927030115
15437031886
16426441544
10897098421
9827339276
13751882921
1527338054
14470669818
10352631364
16302528865
9192453657
270213784
315467085
4815560185
12887989683
787513865
7471702723
11727380419
19382450291
1701582327
3288786039
21508051113
15296585112
2622374602
17080312404
9811065956
18045584673
14297587671
22754329277
7707578872
5553482887
20070046123
17499664957
4563666786
11274415583
743593728
14204208778
3471697925
12210944337
1228385036
4346280766
10285881496
8733672955
7455142022
16923968667
1599357051
20962555552
13615778703
20004194059
4809144722
187396518
20460078992
15257955245
21703636856
17490859428
2368277958
13775151673
20483189524
17043882927
5245669663
12402248244
18569379049
18777507076
4667411787
5985159067
14330375054
21777069021
3559419430
3167930281
24502303479
2129244077
687134985
20427396375
20217554469
11919590672
13680776260
84711660
13425345438
9550733606
5020296655
20729921694
10506004599
17080934377
5723936947
19370753480
15985076911
15897731024
17143628617
17291451304
631622602
11304969296
9014917996
14371773334
6857226248
14136800426
63974285
10783096582
7416991931
3435160060
23875193453
23705205106
13585199200
21067776068
7352720813
2264246796
7583796074
2623817790
22264173934
1914317314
14283145338
6781602586
18814829362
21833010399
10275488921
8112173824
6139646178
4968937391
5366702423
19368279477
5681259218
7427265934
8531782503
9291722466
13360234777
1897983827
8830101878
1535219941
1928336372
14539179632
15450860776
1609519459
10828425846
9400780566
8759626549
13257240020
14239353219
17775143062
18458412589
10136900460
7612060508
2445879577
5900865196
21132617238
24063856195
18776223049
13043354328
10176213903
7995094787
12618940625
2377096154
11379573366
14200463200
5579998930
18269658954
10031961656
7644290118
14232728559
12524349701
15508738205
12775749216
4459791145
6085931388
9525637142
12562499672
3396890447
12978079493
2407389644
6704442665
15400345206
21672594156
18233201160
17033735113
12782924925
13558498301
10431084100
7892692149
3106211101
8438705620
17567471384
14666701977
16821806196
4006799147
13635302994
1558429561
1259809527
1010310019
22345717512
12905085130
13101918930
10609659626
4470220151
3374578128
1185707799
13344603487
12069222466
912171218
15619273935
2842737994
9036305764
17341120356
5978104460
17601461786
16589774056
12449779651
17377732861
15287368679
1715176364
6139925064
4538270155
2348520812
6481715930
10395447935
12093681082
13769088676
18240188595
14573842581
8600866233
11032245981
16733028670
18981916806
5281100713
20619307788
8899144768
23866980164
6569119427
6923588739
1304079551
20961818315
15356892076
19143250610
2882604359
20380459485
20365591975
13359471048
11883794438
12561201996
5780508057
4236854430
12780354721
2181183364
13731826035
514859417
10379675639
4710598296
8770727305
9561086211
18508077898
2245380861
13834377649
15444095290
9985490557
5565045477
2849995505
8477398525
13996310802
12316474369
24002611370
21045579512
899247646
3717460397
9926764950
9568815271
18570590698
13756912826
12061514876
9774816851
4363502516
14573852974
20560150559
20275181813
11439052786
16060733552
15158987686
14890205016
14403099062
15058664456
1128203662
17026243209
6711632076
24376728871
2973784296
977134919
10234887951
1170556962
483527303
6788962245
17322043878
22116862990
16832621141
21353759988
1225499608
4618394528
24317797236
11069256737
3886885565
4330161446
16274912906
1136467841
4621614241
11299952647
23626412519
8930011667
5242084151
808635326
14601663062
5406958568
1652464040
9247117767
16207209448
8381752581
12917765804
5135697612
10830412033
14938070598
7582681755
169586550
7115664109
3167261317
18569360503
13285858556
14532822630
3322204097
6697445283
28156097
14843738381
21570139619
8814682578
8792673843
11278695850
15346018084
16595905901
16992982884
555586773
14216583526
7932794122
13016440237
13447918317
11877986825
8161563211
22810261621
22295975155
6125881191
1300537524
17898453111
16608538363
4392005738
6931678692
13830519716
24354236135
969100517
14224104295
491894817
5596492964
3562534142
5661497101
9806756242
14805651016
1354203323
7297605715
18972972131
12864944563
8459408711
10404636557
360520840
18967371214
18016507687
18660967466
12389280731
22210880214
8221622390
8796737252
18973658335
10755128630
17367180477
21755839120
11556911385
10284362069
6492213066
12973706974
6732968529
7772206091
10471590988
12596521612
19627405348
18146807358
3378604957
7315492304
2428101247
9967009320
17581735286
9854846173
14258939671
12759915635
10947030965
7870156184
21893591804
8751589331
6746161803
15821198320
8482525165
21290937631
12736068549
13292300273
9001638787
6218905279
23714374362
9576738428
10957326052
11401591760
13241106705
16871836657
2193436866
18641059748
1144522179
17945301224
4206230026
7884376567
6149035733
14692060560
10186779747
12916209427
12096128820
12641469478
8942497826
6473651604
2135887868
3495978708
18473972630
1403196521
4790935393
10603172353
2718579977
15810268124
20403209353
2889125559
14264047558
13234931012
11580409771
9540224861
7655646070
5181086181
16044687559
1922049301
2735662275
14013588579
12331500761
6966274102
2850496326
20147679240
10649074537
9407340599
18358017975
6797517518
12920236136
8814890359
11905164470
4281023038
12807644440
4327025632
12197896878
14059976313
1841945310
498548464
14026716886
7884354653
8569950773
20109474978
7256486973
1995910153
1652772461
48891998
12706189158
21208399300
8943510649
19237001925
8048138323
9952990597
10226365025
7849296525
12055052950
21685337091
17076394183
12156522214
16190900745
17798561289
7657572586
14206640277
2224543406
14856542735
3666881518
8870914206
17624724469
7145167927
21871476915
14798933566
10210411642
9598905368
17544683379
14902928430
12344708943
1104152234
19876949305
18325137236
21282494248
2407400261
7051600339
14607370723
2071038794
3195009245
17714452387
2861048341
5549217074
3091110203
10709407866
7312519248
9087753272
773818771
1355419869
10244763151
11830391341
4221847420
4345959656
12824466850
16990251596
74226692
13106032638
5652612174
14201408543
11932094076
12807334925
14801319592
6454424652
2680940155
7168376927
4639412710
13610092233
22112371614
14708640272
2308938542
5224119603
7151778859
1973780771
7632824071
12676574700
16037192778
5769585014
6139634297
4110203938
13044467793
7276941952
12690385153
5906995658
4465762333
11846556580
15790067377
12399357809
21775964414
14728251149
11008735431
23853772627
23498943010
14024463710
6517360056
20256759560
16306268923
13330534626
10883357840
14277306852
10103513704
12611233348
13599379124
13040195701
6954935208
242055494
13255841890
445734890
17510932629
3750358079
2559453918
2206305696
8862289854
10320819544
12603821101
8618886483
13841922419
23940237867
15018179675
1768333349
5558352660
15560842526
14879930458
7195840929
16058186729
13365275849
8099194438
2359286907
18111966998
7159411744
10489162322
3071306618
8323568207
8572729169
14433001911
8453952152
17279407993
6546960171
2563364908
19827225335
8864231623
21064856146
13787756960
2446868850
13173933713
13700231839
16370707003
10814093383
16425640842
6497141019
19627456388
9274194673
279296673
6828028521
8087005283
20201736075
3679788550
6874703845
22407935079
21327354669
713375648
11965986242
22213188758
12094475792
4253170490
4359741675
7095521471
15870911961
18482359607
5529519859
16927383741
14040514572
7692629979
10282654264
14806441569
5132219338
6936869314
5815151289
24227367525
1909342819
10225460676
22004078994
13221827802
17958345336
5182738674
5066191147
6796193004
198471640
4588310422
12237165711
20273985505
19246847688
14147552319
2293433695
11700298493
19796332486
20623472091
1683309792
1797225557
5984216292
21161799716
9112318188
9051557358
10482928354
419441591
25484144
7634549941
11434254698
12374616017
8566421360
13523522282
19194912015
12440728339
12189911366
5594072840
8745432393
15586643790
16197844347
13854029526
10092390323
15362037781
374094876
10788027924
5568222442
11682019766
13731942700
13754306678
17875210574
7296818403
859193031
20698183400
20571107240
7963176238
15798434029
13327287946
4941768283
21000310554
18193112452
15752638502
8938987250
10182532793
16330256698
1148634373
17455505612
20256771769
6302697568
3610883401
12434109906
4157725729
4077687379
10346529221
2659739100
14266120437
6283697430
21676591783
19843409352
5677634258
9857566521
12718728252
16852910211
22626799918
11013516693
4068801980
2351981415
1346580655
3065240826
9228585222
5291012854
11581918220
10241240647
7222744522
10045892018
12281139967
1151979778
8162448689
958356640
9849731169
13193147040
9319637801
5312202937
13341701122
9052397829
3628887686
12137279665
15520320756
677137469
8723499730
20512025640
2923917162
2735282340
14220304098
2878373237
20407504074
18060833031
5108891633
1524202325
13372417605
14239752310
3081409466
8901392433
16457685464
10627515996
22080191522
11220733110
1227324040
22114283199
245692280
5885716206
12135203157
19488878897
16025062844
14813811812
4477901296
7113655225
20183273939
2226359950
12517172972
7626358239
13672214957
7076443478
2538222025
6768596615
7153997688
7345934067
17503112668
3732458563
14710679671
2868995815
4626602943
959788758
5402164996
20422928734
14687975554
5009171568
6666738052
2168315380
3470504750
5140389998
6069925894
10213851187
16556013151
21815286510
11075147817
8698992872
15647417721
7134079930
5025588314
2538189865
9746356012
5189143284
18998975727
16876998118
7875604418
16262269712
2020337376
18700253617
3313994429
2780822805
4385721995
19730431090
12428864960
1650921192
19011265323
13971046589
3210070417
1991602721
11398953147
12718812158
22081720226
16761897491
4646641031
7870156184
12402899214
17645316616
7646514289
759141537
18031559617
14005455805
16368382986
12330378029
10097035338
816747446
2966296937
10092420985
1167443838
1541473791
5627170017
5578753761
16296891651
7293228309
3552017025
1312865777
23571756643
2208549044
14172916777
5593747258
21895444192
17364620494
2291965705
8517307499
17442952659
2361374995
888062823
13997907359
12194636592
3109995023
9958466526
5030621397
20958268371
12196668128
12100709575
17268980395
990933067
15343335937
5198277188
1815522910
4131976372
6458083402
10711712838
19729116810
7472287285
7973747575
19746901359
8828225535
3042734991
1918621800
17944555
18177766867
21638063826
13319635406
11051351253
9805929875
11919050823
15467174729
19738740105
6323272286
6293154833
13158640413
9958454910
9575407103
14987933551
9688296616
8863662911
5076785990
3110573221
4526448181
7802263713
6839580603
6427629660
7323199603
21607245066
10159351826
15079009532
2901410019
21486570218
4279537574
8710293582
15184815605
5941827013
19014156904
15072898518
18978908736
1895254584
748797339
15805766491
10370710135
1078337985
492205140
10915977968
11120216547
9961787071
13892226615
11394839704
23510962430
1937369747
15178354954
3967163451
19745743571
19214757718
11913473178
15924353804
1234112757
14174387039
13066523330
5507581069
7273529961
15799868454
9318849515
12200899674
14301393423
1371449585
2275538483
8265771220
2888060379
208102593
3044195708
23375144457
7214135467
10651790004
23129500521
20174650860
2872470165
15800437580
9481270004
5794619137
5270737260
11405944077
2242210910
10968171072
20192944084
14265949512
14116758916
6589044898
20066301980
5586327336
2963574419
6499113632
2957426234
18900775736
18671516273
8299761324
11276133439
6651001705
2580784750
3354734094
9143398265
21293366456
23410893589
17036858386
23015341012
4287075924
5831995686
23715101623
9200849393
16103737217
650059063
16119004717
5541387896
12140120673
20038960959
4316309792
18237534269
19389405217
3590335417
12351266723
4525755937
116548721
11711764018
1516646745
10010562146
18204367854
14879502961
2841534303
19564860690
4625905573
12524296653
12805420375
16892398086
23515271800
6123803041
9068297632
4491372780
5108375116
13119039494
3539784558
23017897606
16350402744
15487272068
2502240488
25431808
22712763765
5211397942
15350830339
17351117266
14775512225
724272043
18341885640
6680586825
15699996201
13207043303
8334373852
1840868728
8870615731
6186727700
5459740435
22278517806
5934979070
3020712681
5511926657
10813257291
3769881183
5710869538
5006341262
9488220942
20934457245
4437764370
8166756319
3216035299
3564396900
488108061
14245674628
23176048282
4336691728
10229026738
13041352849
6068648560
8074235936
1299898668
17290233343
12542526996
15968750819
8095946338
3438211204
10764218675
8629646422
5230691399
3529324275
16872282266
20045896239
5166055026
552561147
5360982653
11703767115
12503957839
8386608301
6027471851
20443321745
10537434299
21354665046
14198600890
14295329692
9811571464
6903874249
14408067129
952045214
15440679870
10413640708
5919720270
17100185156
12131377503
16284544966
9301368436
17883082904
20354199857
13796953857
19768392864
4451999472
12806327205
19727878624
9259169880
8659791591
18419094556
22507292233
952957638
1954295508
15482216511
8646965008
12120013705
7665823884
17183379433
2803521237
20154505997
14209807410
13416737441
21013234660
3034857110
20900258291
19442283672
8684906037
4527390238
5298302475
8064834721
12659528136
14841177788
7254561261
8382817895
21528501785
15338390083
13325044429
10262024575
13936702394
18889510679
20645098951
15750436568
6551990772
6127363388
16929314361
8870614652
10406985379
7645597131
493907818
15268045943
21456510128
3671330042
1326558667
22965390531
10550144343
22934192194
14887601347
6000429612
3740111374
14326713464
10749480535
13943829186
5535729716
5181289590
2192386909
4406000796
13045117284
16886001895
22022722126
18233292729
18134242448
12309254706
1434577037
19170001530
20993642004
23324681160
13158631576
13053185567
11721818341
8646041335
10034259486
5843614991
3732955657
6437965722
127395440
598464621
14451590624
4008135858
5707013227
6285915915
3740111374
16118555823
17960393540
12531075275
18353367022
2479586404
19354908190
8249677250
4826707546
205252953
13206279844
492576056
11281649447
206181570
5473623532
930351263
13851381936
15768771405
6952903654
1428254596
19011814710
8439560293
526729796
17254582010
11136796806
20476611840
5539963980
3151333791
11986201763
22292972952
17598413492
17679501135
6049993407
934898498
16163950567
20128465603
12558435060
1791775476
16099007498
12253736596
1614489960
17609884887
14516105516
3043113800
5338314630
11582418946
10379750450
18612959001
11419157255
9830572858
1430071066
19007144672
4469863315
10997225779
9528019747
20635118940
7419049416
16899050858
7441508033
13838095271
755318094
7119818177
11493088140
2864933763
18395302489
11833400283
19153143933
2695521441
17806185525
8022255212
420728254
4138739022
9123513893
17884798064
16413348171
17439357826
4368487922
22526298788
3476962546
7188923272
18886789971
15067762424
15832853837
12209167689
16151313523
4464845070
3439772937
20738330182
1119251624
23931241896
5824696274
17696893305
13281558745
3018060092
21624560992
4767603649
82714043
13166885018
12093287711
254643758
9621994610
15172278534
6660193927
5050197683
17878429304
12212246551
5632119771
7197455047
12232152510
11573087630
8227195376
9928371798
24259611858
20300599966
20632443086
9226326512
13970463658
5113733690
11780874602
2236892519
2929443047
17811852780
6652358158
11086853210
19865973903
18016391647
21787115570
4266245971
15284571259
9552282281
11390408876
12736685946
9573638270
8342141536
16800890202
5889142315
18185424076
1016698265
3680978708
21792519680
7248895762
6628732064
7822403392
20767611910
6893844591
20143491076
14836692926
16674563801
20024715836
12395606644
7895060605
18236814788
19321833297
9033817650
17709389626
10352643860
9945421179
5120505058
2320559645
20780415891
19306520000
16841249933
531316089
13976231302
5164086647
10182947287
21258337282
6210014044
12832822137
3688909267
6422555904
1933699859
17243932703
11570876273
3547535348
14397541429
19273330008
12712937296
15294377094
8021599468
8286909418
5807985360
8355885871
6507804005
20695833221
4839645960
23325121877
2794223838
19812606791
12984973177
17093076174
16681853991
16727465639
7461449640
6358744513
2701498276
10005958920
2576721452
22996931787
13562639441
13976143979
7150610683
8189852247
16886283163
8083271863
19338658260
4537263570
7875286595
3354644869
24402659049
18687141915
14277943273
1025747181
15705818896
17676601803
227733013
2167105599
611994724
6580493467
12607344805
11186904232
7511876337
9807450475
7337002173
11059974083
2660358110
12534405348
11960995296
10174151177
18568087846
3958346543
1651016208
2055515878
4146274093
2981244328
15052628739
13602357613
8101691614
9763892975
9861079635
7246956913
339528848
3318676810
9555502279
1624625829
4239328826
6125871474
9481398662
1304018867
1832966115
12829338848
1709754999
3968556686
15415760048
7511943245
24323574952
8129482157
20883954277
70557013
19609165470
2796221215
15749858416
11636156028
3752199707
8337729655
13654576540
19449122981
16956565782
21785568274
12024519269
8547543302
950623627
14390044543
15493681818
8162111949
23529311295
13356274180
11259429673
14579147279
14277774287
11485698285
10613148276
6099470631
9096153015
22536719540
1374934469
2808190960
12647335787
3771844139
1848222803
15018010844
6986345367
18632413780
9130203866
12688749972
6952038049
21389638463
11602255048
4142685281
18178051143
2025747158
7935689689
1300537524
8872804546
21362865300
8259292222
18010353532
14074639956
5109155445
14834443461
268204098
2543047558
22732246373
17048690563
7821972524
8076742326
1845794243
14476504172
3982995305
5305015934
3808671033
14566860687
6457645482
20382261336
15417541442
13617609867
14750539086
20551794583
17967405851
10855521814
3980469118
20503465626
8503592799
4944638654
4732568646
18350449120
12272370262
12013497059
12241589185
9629737716
3720174150
16711875417
15341142944
8041452221
13718602006
12787777215
12723427534
16387896067
19048141828
16315648308
542707778
812159376
6636932533
5109973985
18144821343
5305846087
3734260645
15036033058
17234722281
16370421531
9353032288
12490291383
3652724205
9070059127
8540755961
8682519968
15314926366
21362431460
1137722062
7423249094
18013615229
13197778834
5420452239
10983711066
20190525084
3495661861
4497450990
16501212593
6075386876
9580441621
18616762657
8662447017
10112095340
3824927234
22426837657
13141203356
7695990855
12206635519
21282842953
3319297448
5497791603
17869580331
5765760795
19606075871
10121190422
7709261164
14098317125
22295789292
6069619302
7561796280
10981816390
6417800129
19460077738
13596451301
4314852229
21811045024
3077405164
11166716751
20385951027
2876330267
22095905173
9662600533
19550568198
951529798
13871371263
7822403392
9792787311
2658814929
7237466895
1299096938
10179421001
14539676484
8025369492
10619824418
3052280320
20422861686
11436406579
19064631491
1966550540
4798295873
4380612350
12616088748
22438076593
20616575278
17514632266
12038087965
18908238092
7042938885
16104032156
10718116352
10907181774
5734214027
17441848506
4195360298
16755826406
16572019572
10921673558
8996698234
6692562526
3471564995
2334154796
13584860564
12731248322
4535806892
15421630350
8944348197
19785026688
6530777462
2904281175
22587389498
8417422466
5076863658
21217306887
20213517776
11756122525
11826766243
11782666323
20943612729
3873446494
5890036801
24328056761
13950661691
7087600977
11174048759
8344576292
10700085584
3360470353
2003866936
3591924700
859925720
154726084
950623627
2951911526
14599491223
8350278339
21657108935
18486921908
22059235793
566498232
6794887088
4589672016
22001434326
19915330083
14254093471
8796154521
11316289551
9102316082
2855545419
11653749359
14092763750
3401900985
3126673343
19613858684
9208368645
11844018617
19508718217
16346642542
7449636037
3557118437
15012036134
17254671678
22334712932
12835512667
18736616361
17932164159
6667350630
6404338100
18952791312
8433570089
14363897885
15685658323
17955541059
7436741451
1181662824
10217315478
12461537687
11431845864
16334404252
9027235631
21853745363
7942487729
8266788177
2330686086
135710715
8767628091
15231057658
14334181274
4671963278
17021801249
3391582133
14816323557
3548527022
3198489409
13704926718
4554141353
5097008398
17895873419
14381949437
4735137000
1381159618
10359985646
13470685966
9542174017
22693699610
519943087
8819649905
6466369486
23058805022
2541536798
9396078780
1229663544
21473209673
8324181911
168922933
14186092308
6442041650
15528665806
23019359559
3332537696
19970373731
18701926282
11468611677
9376167346
1694076236
13192033379
13165762881
17372071072
15810705599
11481719384
19678425488
9711736951
8624332932
1863998670
7145577660
20873234035
7449938744
21402479056
3564429808
9014597987
17709803776
15686263123
23880650315
19748835993
19953743533
632160158
11933431266
10456080349
10725051273
4612144282
10634563092
19084160571
19821175197
8017021242
5497969649
10049951281
1053140792
7523494520
8392026816
20179458317
551648942
9188447214
20306611956
12175996165
9605209586
5042802845
15420410385
16569893815
12707993298
22177175949
4425473775
12653365204
12120682087
2017618196
18017865197
3003816493
4356559868
22116445559
897798388
5573254814
35929718
331736815
15691728738
9865748675
16686915477
14210323345
18742275
8609905695
20415356220
5230606644
171060140
2428245596
12281696056
20219541822
3167477158
17806771637
8243877507
12782807650
12134661194
16226015749
11202594357
12698286943
22299624695
14138977781
4485477293
13429754366
5350595329
20249486893
8647174312
9512711899
5607469666
7877164432
7585047865
4040569564
16439123751
14844039054
11395869406
20009652963
14546757105
3127384843
431794024
2518315119
12604278970
4170981402
20134445567
6431947367
13217582668
12129699383
2117873373
18993293691
7894701208
9473281474
15803746423
7230973927
3894741264
1507715774
2570669840
20222830206
20775900328
16908457710
18767671123
4966216047
11199696347
1645548966
5229261011
7596827635
10069074879
7240865961
11122539265
11781756593
11803714182
3995027885
19116020963
8493999672
13799518555
2981893740
16120005976
5170650352
20008300477
4531813216
4484200990
9222786634
1840070126
8953690260
6560088121
16179339000
6728237110
8750277372
3318733766
1875418999
13894704531
11405171105
10060839990
21157835521
12843244410
16309766623
9229264337
5158212325
34587675
5278781782
11064928244
20857039451
15912447465
18817650931
12923099504
12885797558
13119341533
6593324019
14283808175
17576181020
13339031922
7308862800
9191075328
12936437398
7264215862
4896605172
1614439038
8872609095
21383842490
3826455576
7773157245
13526827491
6517513919
7840607544
7698794617
4834084737
13748814081
7856770694
14275981308
15666397146
6245597797
14065954349
24273280767
20156280944
16700703635
10030079453
13254011769
7390889631
9927313633
21474849408
20692831305
21272136893
8992241506
22694517710
3127902054
12206595560
8997401307
13883892263
5844843368
3513165768
10182199452
17242079203
12433579458
9111176324
9308514028
7402158973
21431144499
1820433205
14586701559
12904856062
16313755593
10977946237
16298391363
20263351073
5226889749
19610866452
13273510448
7681312544
1958098966
14326477050
14671069043
14600426212
9131047409
12093369598
13378263174
12970563673
12369044857
11067762604
13164501181
2302046103
5783616387
21086214657
14530291340
16617222263
3315812668
16264442413
343635796
2072893510
9002920212
17455318979
305944189
10340913465
8796299328
2561892368
1589330115
8099149306
16800170354
16046032472
24408981169
5565578435
11704764577
19102781877
16778955819
13312692501
2342389360
18455028761
12679822776
10929933724
457715608
14559960612
11679798938
2659230450
1353130633
21428804894
8423830140
23999142493
21526388085
21653484565
3116760697
17262606394
3817712116
12943688473
16120604013
8843445270
17991023836
6499194019
21383479492
10402059323
16575002010
10376515451
20019752071
4772861613
9014903035
1507517273
15210779523
2565516821
10906128259
305549897
17617026562
13354938008
14935703446
16005584008
6020982899
8294654724
15256162571
13754425365
3135940441
17735023780
3538132855
3461127292
19968161393
24304272331
21084846863
6127353414
13125725204
18562769329
6767308622
21084960278
6882317214
15716038720
7215996622
8484117082
4448734339
14913535741
7406465593
9361042817
16168445120
3668760148
13387621785
15648011364
6286385703
3365081388
821950689
8083424761
8518218931
3474918984
6704951771
18503934264
44158362
4742382553
11536664294
6456239470
6381705806
5457344240
15924314032
4595972431
22918962712
21760650971
11351913211
247738491
17677753718
24379424415
15490506719
6981154692
16724778924
1325911267
7042584749
8432725464
22627310008
7302657159
6711281036
2186782519
16220675779
3474219332
4290239903
18939568843
7377928015
16958971088
3511587457
10075364013
1948866701
3228732854
353914496
21818636806
9939346484
14650820320
18320473248
14917180071
9429826894
7588890506
9532695780
15000634512
11366743987
15308149846
9130744536
2621219208
19543205085
7583292240
2254716796
3867779063
2788380973
8749860455
18792953740
11695025623
20361872063
1466666654
6918327500
9053973656
10058361833
4614649393
7367386894
17470862290
11745067841
12242000833
18859330902
6266268835
1582056384
12690937618
13012149183
6813348529
7160707398
10455109160
17638105213
1171157023
8967049147
3316137528
11700730121
8691686027
10449107016
5562589955
8621320055
19708759416
631281099
5449663321
23604409339
12115407869
8254038943
15672518148
5543852085
1338398726
1018345789
9753406074
8861704395
17930224048
5183904048
2345436190
20343406080
16040576070
11886120512
11973196652
4452156704
996497706
7817314028
6297532992
18264009248
4795210291
16216677475
1421366834
13030200758
9391969792
19064020686
9440264634
1947494677
13627455196
3010518603
1849217173
372658582
17848158379
15257636639
22936819655
4322639529
13273613129
16723379466
18577514824
23238657015
11057775181
16508870058
15410378750
16457452054
14445715799
10677487883
9033831778
21406290004
20108369934
4420873367
13712692427
19241189400
15458930381
5401089636
6324350756
10396370414
2961106171
7251148633
21809535447
15073642926
12618400327
10076071232
16611490215
20086085280
9471086020
10481540865
14157021462
17020744254
10538176851
4955520292
18383889298
4953880753
9159680051
6761572373
6536133574
2099185708
7271576810
21693172231
9021989470
7924425891
3258303844
11037664574
6004679720
115798058
9280809461
5015729609
8640422690
344721328
16866410014
18371785499
4840237115
6354210114
13174447512
4925508542
4443609426
21219454078
15723202544
15839035953
3065010387
3420238345
4971852311
20134546625
5673941787
17789916136
6259722244
1600768668
19722953111
16166007600
1310892074
13167318228
6797735149
10213481598
8108183388
6395056637
19020079869
5803246879
7850319152
20300589939
17366424874
19415420831
17826694266
14916175187
5296115865
20963931665
12642731373
6790353193
19679863943
11537216298
4524442352
17538248159
7794477632
444424247
14465400929
8538477782
11733584123
2515163318
8665916686
14463286668
22757291391
8833494030
10692434796
10322714536
15155017429
19161361968
17959238921
16504606432
16160936982
2988712091
9338122936
7523494520
2183900819
11415207474
4133476150
20471305996
11569917027
8372108082
17626120719
6219452563
14940034549
3314088760
22435756145
6102201228
16678169250
2522160770
8099844578
487127640
5406103938
12189428466
21564774576
7224751888
18352895684
17678199606
15488602804
10218222243
21543897837
10767003931
12195536484
8871671645
3739600549
3557690957
4872523104
6966795330
16437240293
2836384874
17342422045
20713281161
2299480399
3428651307
18037510103
5527779588
15767451922
16230584394
12399121622
17509613996
2737748008
9426561204
4270861314
15341424955
23184392926
12957638788
14707617758
23467268998
18790229484
1545059390
8213936772
23231786712
9386250128
2140103657
6988321515
19711842434
2024757561
12630032376
3053927818
4136601545
5110103244
18778528999
12022513426
22623562750
18532763877
4886722642
4736467391
3538357403
7161474724
2324323984
9220503909
10351095255
11231265167
23393255305
2187979472
14572923119
9451852146
16048165143
18819389816
10807239003
11514759466
150249230
2702971221
14921193125
13759821370
7492645396
12813478514
2684562230
15034337412
11277307277
14634240435
6448805525
16211754334
5924094905
19420368104
2022859673
7073503181
7180611449
12795181117
9102181751
17933133611
4830534223
19421922558
18769306107
19416857904
16574223770
21914103449
7729496801
954685455
12058531269
4447463220
3411157504
9975068174
12885208243
16278272099
5097357873
5952257197
1733685062
6071063239
3681972386
2679718696
6610266880
11365258882
4947414385
4329327366
13981680892
10608100153
9793288491
1946889825
10094235186
535516616
20882007621
19402676217
19961718509
507185853
15420381513
19585888176
9019675375
9031332937
3698509610
13704395108
773390564
11058637
11875453844
13455340829
7199208538
17610576515
5855130308
19609840658
1812595591
5207962534
4529961497
6633125256
20092819647
5190515221
19989100045
17588613256
5584444490
9275628949
6521084068
6745955934
7289292032
18116319840
11244719710
9114391622
23095741166
7927100887
14344195769
2701084298
12590970964
13152524728
14045657789
1815642955
12335948015
7675040538
1312418485
18874712540
11606851406
871915457
7458871066
13954257948
713905036
8197822315
5110234578
14088610383
1600466635
14690440973
11763861185
5302337019
2183483596
14142461559
3978538894
6311971892
13685165757
2758239636
451979988
11425554818
8238321045
7884571826
1047971665
12256151985
12364156653
2226460133
2340474026
225450210
3537607308
20418587326
5437410289
21029326336
15280921873
14272256721
16880177173
6458530196
12842242667
9903506870
11806913638
20092538568
5734943619
16366689487
23634313328
2228683224
6556662057
9121908684
2385306821
11039689324
2348863113
1634341057
13555765985
7770949840
4552858306
6250844714
11725941328
10837171833
21388182376
20802151474
9296046142
1487351583
2015137679
3624625666
1280825402
9839601379
6160902697
18968657224
20954034363
5295321731
5726930352
11071461765
18224757317
17308067175
21484998373
1960087600
13575220128
17513495700
11167705317
17417185598
3913323816
7850296789
8038995528
13359761141
12686935859
21111681683
18958182699
19598117929
6589655386
3911823210
9465640410
14471177809
447816741
285094920
16255849888
952957638
6953293337
8925613440
12913514315
11281284497
16842034649
12336558
4372251330
3804018084
12692202031
4336719904
3577845040
21195405723
17722719013
16476086153
7441991162
171717307
9461915851
14366931573
6832841334
7335103910
2902681782
2067640645
6251077889
5622312961
20249884905
12684706756
5612059499
2176241910
9481619
5640676736
7093444060
1722543071
1681836113
7767155192
23402765918
24189172353
14648629508
18779080518
6590188250
21206570470
8390695680
1547300639
9250475196
23028091886
13396169156
4629414709
17969144885
13699858625
3337550439
23768201774
16354798209
10064333450
3395267312
4016245166
670540209
3081354584
9170905557
13099108507
2233269700
14258008265
5774240948
18533457776
23837306039
9746085672
15270048131
2874960991
8084559541
4062491540
22537134971
19960502466
13591368031
15324136080
10176753888
15688613508
14726979669
3964472493
12918688162
15031101627
21616947513
12533560657
8220489462
7560473268
4144297827
12374590982
15612956247
3069709761
13570032322
7629168455
16818952636
3354048590
12352898553
16968707853
18943414888
17180727207
255427451
13046589683
5786954262
11287991570
12923503661
18998472133
659845003
17370748019
4039789040
6920323165
2847739514
6677989701
8277767329
7136261569
15144052333
8943444108
2248457036
11739496973
5775192486
18348557909
7581402879
9519113251
9742304382
17922545331
4433977264
3068675236
9444848424
16303613796
6015430705
17194930113
5734271944
328233564
5201050148
969100517
19540379743
23566634260
11571010855
9600468946
4632937541
10231090655
2598785007
3913116210
8372878421
6699457894
12811302644
5564113663
4288662876
1651845759
19040019078
12699004868
5629466000
16340799929
7541930937
2865407040
10740775610
10650585434
3870468662
1590668213
23108368862
9331479113
1718965693
9729411715
3099783940
809070964
14939072635
13798812713
9966275221
10981816390
8369731010
13996287401
23710434683
8369343973
2641698908
1227090223
15099113302
3355928687
4003582257
3582589934
8867518210
1016646418
360209152
13659198218
7451104812
14045860869
12561586456
18060721738
11042090562
14134172685
7589017593
9596636472
7730847861
675223203
23199344047
14805877978
993829806
5596472828
10638060620
19923539063
8905979091
11860473815
22998001273
14687722587
4462166019
11935530071
1625330504
12215113943
18613602051
7293307989
6136061148
14026683951
21031453596
13638847502
5623664033
1348777419
15782403651
11285993755
14277934602
22487768283
16017298246
20993619421
3537977122
13677481479
3781658355
10259674583
7878488323
12717833402
4687994309
4310378927
13750509346
20028900966
17638303924
9344938660
23892868111
16407289969
16538125299
9258872647
11826074350
12233948222
4323073982
7033098691
13919202666
1791119726
4235778344
7016099881
8168115217
19446652516
17240823098
6567910467
4485107071
16944956993
22348209375
21343648879
16726910934
8752278348
13837579921
1735854338
13880408040
7773359515
16989361753
21227809242
15780945826
10428836202
15080700567
3313601929
7456742225
5226118358
16855631871
4493586369
16378471308
9834876278
10000773931
17607725011
18508624949
9408884277
9850883087
18299110223
18098631992
16803732242
1842280951
13731471557
16131404117
13653342046
16874719374
1331882895
18130379536
1073084343
4778617069
8081213585
6846837679
16057219501
14309822890
707905278
1213910681
9331479113
119345765
16626225715
4530167988
1402243965
1202059445
6367988667
15196216663
12787020039
16886944627
8267358536
10340670863
20480140338
8883214109
11131908781
22683331381
16334641317
14459582285
11426371269
1349021297
4118682431
7105599118
3328222855
5606876734
17906829519
14111525736
12104875961
4333622964
1289969308
14813454468
505466254
1382124896
8413994647
12655714385
19792124827
13272041242
19280065247
16295002299
19250598636
17080729930
13284317777
3303661916
17720902352
8920126941
12386563575
7356514594
17139739736
22593645312
9765013337
4147837365
1368637927
2454768927
14964048191
13956029408
5967130700
7662896866
14036642958
8770244094
13521864747
11009143263
7772694529
17556841268
13803777120
23193074992
8518867470
14397152713
15458450515
16973990484
10279357548
16442237633
9379024897
8953226512
7764618704
14582953336
15130645688
7706725659
10833291422
11430922075
9202507872
9032758294
20893127075
13398905170
23056655340
15135883606
21054685829
8912212994
12434930396
17884733253
1960209809
16657612591
11293341863
9710249809
18428360510
3636015313
11725186602
3307129755
9279757307
7045740385
19001233600
10194915968
8320800404
7662898429
23971439835
3137957185
5700987270
16979004765
330374411
13131901485
7560414943
14071587461
6146033058
13057549180
11009045680
17369941005
724035863
14770055846
10053164817
10925360721
12651874294
8351750727
3634122307
13014927527
6328243831
16312348408
1332770835
18291865943
10075793952
11319161621
11068088351
8118590721
13740691964
1929750560
2391411520
14696941480
11479959047
17147639223
6270220614
13223577473
2415612755
833238028
20616902781
21647915662
10216446304
16443972256
5489813259
3219584766
6168020544
7711385047
19015860342
23324880741
12049781177
2623479884
22738526269
4714307608
8198197979
22529602523
5096682141
11712582720
4098032727
15529982698
2863607972
3504045511
2688552827
10941251717
15654818877
4493323152
20427514352
3556122790
2947580729
10066743142
17270991025
4049934624
9208311644
5226980276
5452203231
15435513983
2428544410
2080943451
7480378992
16027379217
18557464412
9935406628
9332223079
2987788736
8132157929
19555015367
19901949430
6361558786
13771652912
12531075275
7297324641
7637477290
17244778861
9351313238
14138925874
17270903304
13032597261
3010360420
584011044
6376222866
11026008680
3916285356
11577783824
9017986764
4223765952
12661210527
10659169360
21427878797
4612777547
8846384101
7790027445
359387043
7575981743
13077911563
7799428092
3629981215
271550215
12771246588
12526309782
15636029036
1202432700
10136900460
12874884063
20726753737
16437693468
19431286869
15073563029
2788085955
10107145901
4490264192
21684348861
17097826058
2078791248
18755143391
14721437121
20069223521
18858373950
20864046772
6208928203
1367606748
14475643858
8906656007
7051875695
16470602986
18241210793
13500159606
5984381556
21772039354
12707993298
21934445980
13808470310
449982917
11887012292
13642262118
17555545122
8979169308
6433653874
6435467311
4328235696
4657430382
12971677402
10014466788
15326702371
19775365852
4007089694
10337411008
9032859032
20337295384
788262277
15024982481
22245981131
8220766668
7100567700
5783926908
1589980737
3938192038
9324554459
3554264792
4080643059
20688939188
17294338462
24573222296
4992283062
5667329414
4925044388
6373025229
14045912228
6719359745
1738958681
9629967425
11594350988
10601285148
4628124492
6430779019
24275549998
10859017890
14108144222
4618782189
13810234430
18756369309
9304985901
5073564567
8082794838
1573509538
7139837339
8064170423
9890050243
5913046341
10351986906
19682514464
10933839029
4729157546
2305362315
4550745138
11521299992
11171838933
1980481356
21010526027
5199721884
3900233636
728465219
7770881051
21656384239
20381464639
2048603320
20628451388
17316845015
7971441318
5627170017
2852812940
13588287674
8470634337
14091417245
9607349063
15749095242
3524670671
6332524747
12496792452
19650249345
3508128073
8944104845
1193614162
20967521278
15145210024
15907678136
15347777637
608834073
15295192783
1610506312
7428259458
14164211033
8701883221
5778229092
7118960567
19360707565
22903107954
11219613404
17582049372
3071959646
5109464042
6440112099
1933079002
1466364945
8055683096
7162795094
17738255296
12159298361
1197935503
11330714264
8344084450
9133638318
2676274156
8921817731
9002730512
1032973075
7265679665
2025769419
9132739517
1912711571
13731958761
5803956730
9217629358
1260958290
9175442341
14455272899
24664121869
18138088905
2414318933
9381877903
15220205106
9082246663
3705606419
6400216815
1966039768
8986982688
19176052340
8551448159
3228974237
15427183552
6673445973
8726911325
13172811685
11779152657
10840999609
7035722300
10729909962
32106772
7884495207
7851485186
18469475156
6070258876
12770273160
19617441710
12650620208
15113083342
18004467608
22593984023
22114059589
4319279487
5930145676
16805879701
9051164394
10745401149
6243594173
5626070623
7557358684
1351596279
18146354546
4664204867
19240924740
17991353502
8645876316
1328777309
15345810093
6801192389
22926905994
17758061241
14195701422
7024446131
4078678982
4327025733
19664320938
14757551605
4644744892
335425164
14032494682
13803191745
22355588713
9013385690
3966059436
12949961473
3120434864
5570152780
19895949633
1530381328
6520924363
18728263922
15128117941
536521833
6072817389
832978663
2784229701
11296317973
12503205952
3513500812
15371966191
10339537716
14938027062
5122108015
9734885741
3564621571
20211711941
9977316072
8655275864
15991405380
20233569939
14294271652
3073890135
6386942458
14370396659
6492430752
8647444774
1542991201
21279553319
15983687291
9876476293
7251053294
19425882444
3438354932
17983560957
10956725927
8967292758
23173273794
20974572731
15234966133
15393754033
9413065856
23491042449
22880322103
15511479665
8497508603
18406135649
4524401687
12871111972
2209932182
14127971510
6607121834
9575700421
15676993940
5283347424
12793982692
16871247679
2909116955
3025069216
5228590988
9431698212
11960096311
14735653149
11552208375
12672875650
8951700390
16586584887
10604867227
7873702953
6549799847
3622835104
7246883222
16236541685
5008396664
12200256735
859490376
15330089276
13047891894
20725431774
15178016505
8378577106
11340983484
3798934821
22903133590
1096749584
18924850977
10655085652
5351834102
382867398
103390655
16372776896
20671320253
4500616404
15880666312
3223182289
6469680189
18679699542
8581419246
1199481802
1846959979
18484485753
8262482171
3469085938
6373414566
8033998856
10162822400
12350018614
17355310296
22525868849
16539788791
15292903127
12698666220
4140293660
22375151831
8122427624
16106872042
10740988097
14959532571
876775077
19519257128
4273159220
2608033068
18921901519
5745765895
3175604157
17493108942
11217819655
1015655808
11832486832
8219501417
5861557258
10886752776
14294078167
320011831
22303346344
2457130460
22557386752
17214214275
18267768390
17827221183
3353497110
4049954221
14443231315
8976146160
7855613431
23611640048
18595928413
4470150174
6651940315
7835474852
7951752924
6430063030
14345725566
3816807283
15421630350
13857044170
6271463743
17270982945
12700388299
11901656257
1627125808
4101773537
17318316792
13094298916
18782748635
4751165964
15701141281
14654828933
1035624254
18740387679
6245341326
9036467036
18671885647
10727183928
23496216493
4733090901
2495197997
743118331
14921193125
8126892001
7858121998
16498631533
11699525140
1397774739
19070828794
14175996269
18827610234
11967221644
14770747653
4354402656
13233287684
12336961758
19099280395
1015655808
12858518150
2871538294
11728451169
14450117217
2143621289
755752795
2806669617
3571899485
7971528137
8508285285
4725672053
1937605356
9016459724
13682298282
12346677409
7156607705
7246822808
13156636140
17771519179
17939946327
22097171450
8517015287
15501199476
22549758645
9570279203
17679279439
11844848254
7665170906
16839534869
12764875646
19869903389
22218437967
8421954810
857332127
3693011334
5220837400
6102802540
6382144094
18852534209
5902331181
21481577717
6243216981
3401532984
10260853746
22470170917
12523072383
9259794697
8100580060
7474436063
1898579499
17450775244
14017236679
5302533984
7274875653
18000850409
14574579680
491066437
14308662208
1540161935
3950049926
3779317485
14476552673
6392114312
12683842582
11540422616
8633229027
18120807311
19016212323
13991104625
4540419845
18553767242
2173269843
11556002347
15703377255
16149704714
7567827316
10371880969
20692881034
10967044422
1225052318
22575896515
3167261317
15429373317
19129508409
4425473775
486560554
8844458988
8955140428
11217336207
15758022575
4312033035
2633716984
483579790
15232438901
8888448925
1464053335
22699479252
21315520481
8876959470
1799210685
10757756445
10282226213
12077350290
5425073423
13679845123
7646490978
5924193784
411585120
459976272
4723378456
5550502536
13028542799
5940756495
17647405153
2841443452
2982268460
8588667215
14837295351
6930363046
1841013511
8231742888
7025862109
14635679257
7530995049
2969548858
10834009005
20080249250
2223502705
16001452537
17488467842
4644566937
15017453677
4720049962
6813719015
11839385816
2836054389
6192640372
10694092888
10634791748
14651016753
16229190473
17958969109
15026893288
7703292713
20236195932
8862630715
1754483199
16839850742
13396134754
309288106
13859473919
15803537452
7615415873
2320160577
3608729305
17761945707
6379502123
19260783020
5678474946
1989437750
10920214048
11201796801
3579217466
879271697
12194336633
6288847444
8913733093
11301055315
9340450717
3695906006
9371333424
8467480399
5267430879
7278403655
5154007724
9821521856
8403777492
13458028461
5094710932
14504010294
7392377049
15056462209
17261427628
10809807609
4435979331
2303001830
83581216
9220897950
3208921460
5650799220
5561919746
10604789226
10194311897
7825840571
15254631380
8557162907
4595514228
1438993282
10875415769
4869702175
13806131960
17586343773
12098168403
10525938985
3306953304
10587223666
21791471050
2226483295
3296727691
14402929337
22810585014
18056426484
9175278794
11569230278
4178742013
11351798650
10457200895
16258323882
4124283273
16369749441
21242938269
3101988573
11594381410
15171374170
8152420746
17106499347
7184292188
2393779268
15638490855
16953028822
6218316477
17609311883
76429398
2287585247
15147373012
1619011650
1350328398
16782585681
17059436242
3287194008
17679316935
19324467182
1890029209
14480549895
4965418592
18512312051
9288319264
9447467058
24224516704
19550234560
4792832239
20721136516
16801737421
21576099602
13655713191
12582566940
16246507829
8951667767
9044786967
3234304308
36582313
6798242251
13124074324
11513575857
11927934708
22760209226
9519853016
10556520343
7469089665
4022808225
5050985541
14812982625
10321165558
14085697586
17833555971
5547655980
2643765095
18761431995
10378915582
16058021703
4873558305
9569299433
15281057097
8382346678
4011380936
9051934454
8293512264
10362699955
18663358305
17627872952
8024235416
16254016859
15076641244
9626934444
19924511113
1396115014
9027250379
15007493396
2494172210
10796302924
3825449277
5185384675
827157168
1288632629
19848538103
12927763431
1467876703
8564210968
14868087485
2914951019
10210593864
17061902718
4145074216
12248662915
9661647498
4268482556
21646015497
15100043192
744973044
6956610370
2907651004
1619306750
18465740783
6947039804
16301343321
15630801352
5907729310
7687208178
10364242191
11872134056
4111596240
20672582752
16997226202
4988627755
20559785482
9394272986
2811498181
1087187102
15191715904
4960451467
18475670915
9194317124
14038969964
994364877
20948204568
17526797082
13640208751
18056131097
6682229555
9780983356
6987634160
7018108662
16597994890
570043952
11653702422
7686208126
7341780406
39604590
6838548244
7796950487
16337902551
11175255399
19734396362
11766768310
23188076183
11485919288
6149503706
11295786248
24103429224
12643181572
4931353964
7433952391
21585421883
11276153094
3510889346
14542309456
11830490983
1581122326
11064631483
8299038390
16820598403
4872523104
12297416879
14181640170
9148088534
5481996223
10175405898
9245645212
24362976269
5744029060
13181005624
8991059811
12039932875
6838996741
15435048355
8371856722
18729386719
21714943777
9025188616
12807147382
9973673625
153507730
15620523842
385292845
13218823313
17421931974
10532101723
10186271511
12909411588
12664317856
19514942597
9113500074
346986079
22113672117
4807598659
20547046104
18693617799
6897953775
8872415986
3524860732
19227967126
21873747366
339300787
12551665733
1599609005
22613759263
7547819988
19071103331
6642557029
6693429726
7438324174
10486078862
16141144576
12001129686
20549899151
361233141
13869829717
10904418538
19271285112
10179865241
12119409183
6812920934
17629704879
19206487312
16946393660
15655229663
15508207552
1912354377
7263236436
11004991243
7551428544
14051091158
7104026236
11847447221
8560210282
15077945928
18372121567
23404926858
20855322339
803127346
17510443306
9828252969
14780825811
16015293181
9930380794
11997078126
5700327735
10591584591
10753298968
2658514298
22094914276
15146985916
14528703008
8202015186
7505508878
17631531187
3752939275
18092238837
17000490273
6302777081
22485378460
1117873717
3309499563
21283390063
2496062817
6862216271
8211622213
13940630730
6215554445
2682750751
23471437564
14412731113
13013193951
562986008
3009042576
14155821239
5126425568
23862131757
22326025350
6632159482
9277229394
8652464358
12582385697
19250689068
4595789392
10878530147
212456411
11170328850
15039409229
15880607839
15459159198
10807963878
14901696326
1332770835
6877782305
5249605771
7609797845
7791178768
5979766856
12026058390
12001501348
18473437748
13170181483
7104763311
2344675663
21977532616
1437091126
8293239122
5778606090
4646288614
8372076849
8123179839
12540815827
2379491258
11749557883
16470649099
13361854189
250274471
1176636306
17148618131
10079258361
20694152332
23734115896
9823525667
17215756625
5102226166
11831712519
5378971718
16253497780
9657665279
10789611275
11600872697
14884809422
21823879707
20329442621
12164515637
17234564430
2473606995
829804095
9151298117
4488378199
18159545913
18698848275
17479613608
18133643907
6223476409
7062236194
22138000037
5865247731
5321899569
11985457011
11250295939
5992227908
13455176118
897209687
19391668922
11635332793
4498725967
18239956910
7597663021
12463396714
16075272307
14238392503
9815130876
13413148463
18536719355
11365971566
960206774
14588848602
3363314737
15149188909
4386744527
5165535095
6562741996
2420317867
12335673256
14685364725
5507261446
6268944519
10965015770
7858791332
20375589354
9234583016
8862646099
14431712953
14387330473
21254681568
15868936093
9572079458
16310983270
13845034336
16426753018
2384400359
3462699100
6955269638
10991209585
23148800340
15449501799
14452165871
18985029045
8750891189
3511361187
19525835123
1156939670
14645814237
23203477021
15311116684
16456545304
18389345019
15546461275
8057023273
3273213594
5679170122
212456411
18323134392
7767338833
20642893512
4278786625
18466697390
10334260045
7411171519
18313558022
9767912735
9017103602
5957319148
8562243771
6508503063
7544698616
22260408476
5363408220
17341158462
12418838530
11952063791
7834704554
8307541054
11666948597
13912257895
13718457811
23645541377
1437262699
10009594466
19866051111
2366230143
6790237083
9949778493
13731675663
4655760565
13364449791
5494439263
11885170268
12915935150
14401906715
13470652094
447907471
7336050227
1227392271
11508833371
19854162697
16544622084
10213851187
13955313923
14250021856
8640422690
1606049042
5786660520
21574394249
17533099296
6470898731
7657254052
13031016771
17728597602
11857569908
16287180895
329497029
19484294038
9799474164
18325392937
16647600806
12403245288
4159568430
6050281732
18832026912
21594456105
13839935703
22674021135
12428730735
2145018616
4791886821
15339401709
946601636
21701255034
13131141856
5162104892
9121722548
12996840545
14436361221
19610193367
3686798873
8192334951
14715903545
17907030186
11792505989
11083506801
16246600745
12984584957
18854669020
8187395390
1608512813
4525800456
5507892373
19121050583
21772704778
15966461203
20917657879
2692310061
21042198398
20204780321
17825911856
10749381223
15933819640
8905378905
5734657553
9010036786
22354109289
5070182957
3135940441
9105652073
16389851118
3657188318
1225837414
15504670259
19003345828
7513071532
2688640902
10435121065
3066321181
15434959760
6325294169
15742563519
17466701431
19815240719
11708851543
11853183424
10520854421
15313873537
22102119576
14534145046
12435608842
10225030891
5270184707
17146081309
10557186845
16388467521
5732706801
14102298524
17485434541
2930918800
6041642485
15091996455
12109490490
18202406313
8035218136
9816297678
5365140989
11919465431
1652858229
13523747187
926043758
17804048874
2985564994
1242314573
6292386977
16992400674
8918253948
8750363545
3104228406
4713465472
10608504240
13481620283
12762348269
21738773977
4965403732
16821614702
7985058332
14202799382
18512708802
2527269298
6189753199
7303741230
4094026733
11362672321
8014247573
4579368080
15693394006
7403271875
19882790953
8657217008
9192466160
12713189636
20255955949
14936932556
10424503508
11241699530
21607069274
368814793
3681320148
21087119474
1382747752
12848522178
11516962006
14141912884
17801691841
21111743788
8497144285
7136544267
20295492909
14501072410
11398677599
2643541196
20276343101
5817147811
6631294368
5844674375
7053743487
1804589037
11273590998
17644969074
11902961683
14027928523
23230798448
2679139842
3046090342
19261362060
15670750707
8330478938
19340008427
5769229581
4899455077
4319916580
1225779447
18314697563
19788988643
4871795158
16673570936
2842309293
6578315213
20308527377
18346801228
10882710974
8323434122
4087140741
16931112819
5394505247
21002952641
8101899834
17678516629
3565486135
21778501811
5416095230
890643988
19846745171
15235757489
960091646
20822658015
17141999220
22402618311
6618133597
3947829900
14799708730
2234010834
4767603649
14959080609
3085497171
14537844348
16040556550
8031702824
16192886564
19039765632
24229692082
15634408810
14334137253
11125344024
13446139249
7188617918
212137225
6103458330
3551757381
16894662138
9485896371
13685150973
5965657316
13305209604
220637510
4549833719
14027745332
7027267664
5901291781
3402352983
10893927843
6637300202
3673442145
20761899107
20154133573
21165331838
5556423958
11442244911
6583650673
17148651011
12362056275
16919510156
7567267369
6264489830
10718632976
3459369693
13165080985
19048141828
7210691864
23340275655
7775415733
4442751777
5331857312
23441369201
7811748460
19284765842
1928937593
14254100817
13483712185
21790437403
1420606400
13885579533
9408403399
16819716294
6813384917
3318089167
13631756893
9762732822
17129841236
17307853123
9472203302
4398208749
20583934254
4801375430
20247189561
22938426515
7036442961
6925412419
1236338743
19704696366
8773711418
4602883810
8361824628
10052353452
8219141322
11322650412
14077745902
5726501415
6352954951
7356514594
21371628412
12996140968
7791589808
17174989691
13796351008
7119467620
15710898260
17035781779
4470555773
14635678612
5941321689
2200823828
2657940021
12495752692
5864018275
2974800829
3165790255
23095457665
22416235116
13849093017
77006594
12709670137
21972652919
12325229018
7269195298
10476708267
6160417415
14818828188
6143234383
1508317148
22127820286
1107790650
8795012959
15003462506
1842458670
13801431220
5079856333
9086763824
4820772116
5701522673
12734745170
22368973369
18707567030
4440834332
3091028531
6098091616
23932958179
12341958798
2820552638
12770641450
5466748048
10713129329
145395729
16399185317
15158218675
682454916
9478735630
11850845405
19611566345
3446040821
16293357139
8401568285
10558472027
9239355096
16895366023
18800474469
1576251014
392407162
14777528655
13228656205
11249806495
20917512372
15395418396
4607626287
9587080287
1422343513
11388747405
17403456530
10741836298
2682081139
13434404322
8886826277
3834439058
9667408625
12395857300
5541832488
10091063213
8442901866
23958644240
18428278575
20046307917
8783082620
17528622071
1594412566
17146670761
17836655207
6322380579
9432159120
15404574726
12764475810
15074445517
22144037851
4134664609
14544568729
17507060185
19113236098
10366946768
9921228722
962193245
5272754837
505466254
11398953147
10808218798
24500077259
22623085468
15531614455
8206532459
12996435532
7643432790
13262120539
5907107096
8382892241
7826835001
4665179243
13209748844
7858435319
11714327726
8114286044
2318023492
10964561130
10609836286
13348743919
1700933497
21394271593
3817225984
2171364864
7927524190
17681397844
16309527965
1972912714
4976914582
18610248014
6123532645
4130213401
6440456203
7822026429
22710138910
21165546074
4660247122
8943055730
951075513
5487212606
16962759953
18075509416
6829238949
19928325009
3554689970
11004956973
330568843
6841233975
5623869064
7307443601
11406520332
11372746927
11245704045
6125326329
10870960622
19037643498
8293342697
5362624327
1188225379
22365156471
7204161585
7547268185
21807258024
8757894776
8979143003
2244544761
11834518004
12733394209
23182856219
1641973407
21725598128
1571791022
8633424369
23185971115
2482169819
18675435104
7978970134
19337340140
13785709781
15017837833
12177554018
9966055125
22060172335
5281274927
14671992974
15471211202
32252594
14501553438
7491831378
10491318918
5109814478
5046815812
8338341826
13642038068
20852968779
12989524762
15443054911
10877559355
12826155850
7791407455
4571912219
21112515834
5866739769
22841499680
15305421017
17772104972
4508068283
15369945556
1549828591
9081201460
5562026713
8845647351
1324108164
16053938427
8404903679
12997230252
9376877770
19643589690
14962339979
15096755469
16041677077
17628521527
16619146617
7615229957
8353204966
11302562611
14394413637
12892312549
424066852
17385079234
20339020238
16622867795
9214238993
9219503158
17714367419
13524570766
18844873143
19836990178
9807792992
1362237867
8452614796
18859127072
6412349612
6370588926
5952152683
13098023344
3757690893
11366914912
3485393986
23271531555
5893389348
6330605497
17263494789
2876470912
12189371417
6439014728
13844573565
9659776356
1591256601
3559834282
8910685585
22627589295
8440073298
15486904220
269545682
5530759730
10015254955
16090360700
10274214650
9313055501
5072202982
13766460001
3714571456
20019722367
12101059475
23188914649
3205576627
15422800485
3315797548
1474061491
15898445671
18580735826
6083743078
19978312912
17018754215
19816600249
8150900218
21303402918
10788471170
7361702333
5466724616
126526123
14044419414
11050353642
16570870394
150825283
4236926120
17576587275
8003945738
2176744160
10000773931
10878530147
1319295940
10060941181
7559811575
16771355373
11933462442
13157985547
20245039063
19066571576
23072826584
14908557303
1864467609
20847281697
2635143680
6851708873
384898363
5353299985
3680985229
8640422690
4531235226
19347789583
20246084864
18297429400
14634781958
9960473673
4531195591
4124305361
8426115446
11970360824
5631888519
7752835383
21923478429
20438891660
11643052301
17823770671
3274583134
2112599226
2629604232
11237372829
6004349433
13833235324
1600273727
11902771184
10077077198
9842545229
4084717500
15091697676
14183875776
13646270953
18827743558
9539208853
15863207338
20963264774
15836864452
1516419380
10042857907
20186435951
11235147676
17702985808
15627186385
6242813942
3657097839
22310079394
13102679067
19307570634
3849894423
12002407912
8035391271
10959936709
4056349665
4961978528
17495782615
9821989026
10908956456
4425293940
3357097371
19947699927
13455357344
12058422749
4076193151
8192200813
9199348984
3780076251
1691502761
18116363257
15424492030
16705810001
14505778976
3822059414
13182662547
952045214
13190625759
19784685522
17919044698
9129765743
8520234654
254643758
2090995437
16501172461
22810414596
16260196315
4587623530
17653083184
1437289368
12640895985
21698384002
10008932332
5765413793
19919218581
17710748505
20404671737
11169933510
13864020894
15924689844
7525182263
18255764120
10025299970
15602638471
6248782399
21689095427
2907736648
11551973542
11048694565
7680729260
5333267000
13107838290
12846426923
24046073453
15843731086
11781326814
5652843416
5331389521
1508918676
22905830438
7304893616
17077752683
10260709504
18779192707
18961709328
23628360629
19676737096
13404145676
2425035502
23105130129
20946494939
1839528979
1851061836
3321570387
11264827083
2506467767
10056696777
13428619212
13746550896
6941292511
4222711954
4443901739
21981493699
7772538919
5541387896
7789442281
17625976411
9018125182
5036081601
2032665253
9249704437
15451203330
15678411559
3381066211
8049449660
6985719191
1803901255
9402837227
7314781579
2792790754
19243628928
15654576171
9941621094
14841278953
16045841366
14645747866
8605302000
16566041907
20960851202
9139545746
23362347240
14684316311
2806444184
9984488019
161297302
20240494734
534354504
801368046
18989296031
17005794360
1169097501
12422319300
11506854992
11183589663
3940442437
3738241383
4605300784
8086434815
16036897866
6516542795
4627327540
17582482203
10309281240
3650663061
334172588
19390908622
22619834558
612737304
7983697993
16096182038
7192044659
2872470165
21362853900
860194012
6904339462
17209812130
3133690047
15205310616
4293435846
14259612192
21939567263
3500431224
10363849429
15156396831
4067112997
3124461208
17948083332
10669377511
10278124836
14989048975
5073540958
16331964172
18726959336
4678488493
2810437450
16021125671
14436008719
17271994742
8391733562
15416500917
23396115919
11016685410
15502005969
14260533889
1785600679
9780021828
2888980708
21044525419
4740462438
7993268313
17737350267
10700403766
7267018455
19837273842
19520969709
13994193527
9144031889
11861238830
17877632247
11341727992
8551045755
38873005
388892071
3478397141
5436076977
9570057277
8130515190
3487723099
8373489504
21516568954
1944450278
20030344339
13933389532
10663441886
21949665771
7540991303
7544698616
11754021078
2444585623
15968974470
16704933544
16440632168
7790081847
15712241410
2605801481
16820369471
4742964376
12772854638
3439458030
9438464314
4734842781
19806523714
10412508451
7517882543
12785580911
6545779180
1030909043
7198580226
20744698966
5032881352
1703481559
13210452464
15232159768
15945812709
11953600452
2703371152
1251060576
6878188185
12810622941
6060681928
7861872333
16556008773
17521650671
1084612745
7392849841
13648477403
2229519876
23805223386
4390463943
6951904404
98789708
16026174499
5583079925
998687691
12814361532
10490147644
1720985195
21502309804
13875294607
11810384008
15262284379
961550631
7161471161
12447474256
11598388047
20471553291
12820376177
1970833868
23691344903
3429602548
1437321189
10322536242
12977392475
14447401728
9834132462
15273520342
20727552113
9431350245
1625265919
18147430657
19845460405
6496850416
1891619871
11960431301
10830805479
20439810493
16123096837
11961562815
4702794806
947489772
1073655588
9242642330
12659097914
7417079078
8698420678
1772603803
3081051901
7128456880
13167083080
20152140027
17611819678
20697581407
22744446060
2268951770
19990386828
10056772417
11237527659
3369768584
15063656271
14394619496
5485015605
6836456025
4221998719
17041817472
19048268385
146297711
9008531310
11967480071
9484576054
16373553647
11587322018
17483363357
4622480986
457230927
21252159097
15154571850
5929695996
10679331136
15796423207
13330779180
548384666
4243973991
9012557148
13448380517
19822571995
21236696100
20307956112
10892989077
8686562797
3575998806
12039826515
18123276351
107287292
629403347
3707512251
8688650583
18618149944
8044481211
15951193303
19251895259
15848118253
19481905423
9386898536
13390417716
12043665402
6444067004
13869627963
2496747426
9893060014
17145054501
17246736125
297427969
251975422
5290083941
11918817117
4359354171
15831947170
13412507955
5856620440
4318538486
16668859415
7833564679
16000673213
16931532460
18654848143
34540458
21448155829
16060169974
12223882956
16354828846
8674696512
3488265008
5025040370
18099338717
7820798238
4302450729
1712982347
11328631810
13555340728
1582555482
20305847708
10496283053
11272951273
20093778087
17268122004
14661616612
13805359041
2736566899
20979954347
14275981308
17659602257
19819631707
10870026716
16782110687
2750178241
2115410699
6777823917
988341110
16002505666
5603643192
8594106449
13908569585
17433476359
479822750
9837245983
5202050899
3309161795
1255737725
8863941285
9227447838
13728559353
12103160877
18245258679
14520571285
3595732470
13388296448
9010040611
1665136663
2559443053
9597842308
20434770721
19175261397
15511868973
14923985405
11876566457
11365250972
15883638323
9758361739
18909123463
4059086796
7945517665
3364406559
9645929064
7221638508
15560925002
9604663158
5299764897
1019870616
7577032225
2105933453
5042453380
12752303064
858709888
6180077675
15489342405
7213107112
5981975065
22858588760
4308923928
2144352543
1467286487
7469519771
13205588021
18625330728
184037896
12133692003
4516980033
7556994191
20460505742
16360156285
8099229312
4445700724
8659481150
2674104900
4868046285
426164619
22722816189
3433050323
23520553245
20315897776
6384081296
3528050565
21650983429
7170172605
18337849339
6393742269
10514064739
18866491129
2129931116
14634817333
19632377910
4763223853
6504328483
10322536242
5116966384
1839724978
10336495388
1059882029
3513951960
13522936379
10000293335
10782997854
18646480725
15353120778
13645000928
12451860990
20275181813
2810794032
7601701776
308486656
9539897050
19718230295
696670886
10164195741
5554947662
12182016228
9760062855
8558119492
3016976597
18610180212
7834117354
7492382060
18220806489
7769405534
16794290745
18119892561
19210676277
17300534154
19519065562
6168223448
13305843018
4100934631
22272467076
16820651640
2980932080
19463348852
1015097274
6790686262
859490376
1768572230
20962279567
6004556281
4982725388
14956666368
3804972455
10891423548
9888899696
7229345930
8485265289
7913483380
18949656415
7228659665
13305570657
3666816949
13641833824
4622814094
11264345791
4743055136
15311410180
20216916921
9997467016
3510847991
9442591185
15553124964
11287736959
536521833
13752113089
13084884993
5429498397
16443140786
9225283186
1933208170
4572777810
8140766323
10979709610
7500775047
7457620244
7562966018
8568155779
14603244571
19361305430
6106447458
6007125757
29490210
681978523
4578759528
2364029700
21932385516
10675121228
16332427457
20772419217
15801213786
8354351480
1763357446
8206412878
14998245658
329963525
9451448119
7604039901
2192760985
4749877497
3257835546
15400418182
11856446274
15356734595
8967132256
16044902198
9692677211
11226105905
18519795300
8728464014
10911471456
15366755205
5784328554
12974136345
8764944635
9868711773
5462317664
9842619645
13764330664
2969986439
6144905368
11849671010
11615679817
10066993948
2563623236
3053987593
13405540528
6467062454
15297959758
1929477393
13396134754
23504917409
9008686248
6534758224
15964721615
8185031542
11109651967
7213668037
4896605172
8830734158
16710467249
929111057
10810777593
15096464898
5625546545
11662317643
13044369576
17454686531
1573852448
20332104463
8086433700
18371170473
2605497356
9232117206
10242942173
19299039958
3428000885
12321909357
4385919366
874914853
15909006120
1895382649
15496215222
7762848501
24156381012
24416194872
11957991994
5783239270
2497502672
4423452399
20952522483
4086727542
17572628797
13802211483
16736241909
5802614182
21633920956
3245820297
4837717119
4786565803
2554662342
17448788758
15507049385
13495030757
3991433482
10902511899
8684941835
5710826665
13973102035
12917986160
7051551160
18791745407
12752402452
10427018871
7386743407
5510991485
11064868264
8429987008
3128529443
7378969572
1859743919
4376650489
14153882716
22914977038
2318820859
10789903068
5773933331
6396211656
9933255932
14437332232
6908119526
8483118987
12155911884
14237921602
22514100127
21694046759
13147679013
977170929
14609465422
15505706873
16653681473
11078380172
9860305138
22370041984
6862755195
12668296840
7390996805
10187534030
7669274291
22529602523
18712066433
22791710604
11490580760
17545480289
22340386404
8200148525
10735290098
9544352750
1388497446
5815370739
18935273192
19792871142
2186905728
3172784680
12076740086
3607844280
10384700917
10998639714
17226953130
5685137607
13110585446
21737465762
20238684590
4021611729
15387747314
1420089054
22852394977
13294302699
10898325264
13647459128
8247143447
9144159893
4446535942
6251077889
15405741581
7211685608
21207973665
7458398137
22261751150
10529511215
8630235885
18132142643
10832610656
2019550767
8485900430
9303443685
2113532957
5107703779
10965853191
7156026621
10044529487
19086329346
7687530517
12201708391
8944374839
21144037044
361524913
5695812982
4171072734
8943638175
17394379679
2563132499
13124011132
8158394849
15601757815
12343882709
20377529611
21054298099
13814953827
2530904234
17146002525
7500011098
19677134738
11284432327
20496580683
1232779140
15210493378
15472999811
18375214504
22080975667
890175863
8362591466
23848849706
18500326363
20134542145
14324981867
21518313511
3603853537
20551794583
5035368515
3431427253
14553508593
9513882255
2783108447
3278559403
20013203577
15600528384
1925420740
1503068074
4841863376
11940893430
23256804608
10363645006
16306612300
4873037780
4595529886
7273429091
2477626263
10833317134
9463261789
4448013837
7510667077
5106915731
5170007431
18578856032
14280737998
49325899
14284199585
9506586494
7321759747
19669011214
3133214374
15448711236
3379574270
8602099468
17637677901
20458556701
17660087272
6915989006
12354142889
12688041930
12638772300
15020526441
20261297640
21524178550
9736208301
14450029058
4101773537
10367739624
10480899558
18557079317
15462460862
8584517786
2944935717
15157668536
6956193948
5239477351
9838580314
9413403114
2440315271
9049484610
1028643912
18082824009
1534429383
2580982772
5688921622
6863553661
9295418363
12807577924
13258137371
10626329858
15182758796
12039326491
4932631143
3894881823
16687193306
17174482757
19787948766
11873561855
11055439561
182272002
1959468714
14513422626
6433743311
23486311485
1731572137
4589634729
9612200309
5965990648
17871908513
64438785
18098407468
8677304109
7180961889
16118945407
18022981617
20746233907
8596053925
9488064445
11244520636
2168441026
3895677694
7904629026
6322508703
23571110606
876725273
3494077851
12965113884
17982231385
15866974181
18351562438
15215639017
19449063094
7700506794
6240890873
6124578016
13779325464
12338143193
11469554528
17202166729
10430363580
8158616010
20878984210
22335901155
1358558719
2193482543
8513098965
8865270502
20850009454
6736346847
15250768128
3553934422
17759873068
8037784834
16742746301
4142685281
18034878427
1022894838
2128690758
17921139633
11914139796
12027575870
19404003028
18552336240
16616259934
21617043155
4627047355
4176887125
7945674582
13366012088
12774610433
18366662763
19573289285
773884888
12956733135
4779849095
8053908731
5391071832
9005740830
170830481
8017810321
12028544585
5798642234
17987780827
6798956820
900816025
15765034013
16104220622
11342598419
8389728617
313368056
9573993043
21500622823
22471078934
8941693525
5606876734
24049943213
18085655508
13410185556
9257376026
8956937585
11570379391
3564621571
15778571224
10076222051
6722677146
8670220331
12984321579
11225163975
16053779499
13875616784
7235380968
1708570099
12310565398
20965300704
20607766631
226029328
11514532073
22163779974
12663642370
5401798494
22460730003
17523601146
146935927
8529813712
12750990219
4579995430
17429088720
14900182209
13630156481
6996813287
10633386193
21763532061
11984797514
5729856503
385371985
2470642072
8695634797
21980094681
22228532061
7946947324
21923675783
24201140692
2851994969
5942623914
11658881530
11499075193
17505482365
12106018415
13875870853
3020653278
18262420224
7051551160
13167062817
2172083516
7490890027
3071959646
4541648906
6544874551
18819347678
6665060565
5193459838
14655080861
920836244
18364679207
3177555835
22314377
15560842526
3231773698
2065339265
12097196560
15459115515
9718747681
5204607457
1030906444
11870885719
3379546641
7766487200
18552579589
3185470986
11953691097
439466363
18924102562
16556516557
1680136260
17859129849
7180272686
7877368621
7693648179
15078846343
17507717057
8803738520
2407775220
17519293536
11763926188
8152992669
7891472431
13940096112
9386442542
19839823092
13177181730
11755381713
17510073096
10531855188
17496095263
18039303160
18627536347
1942309714
10699937371
21417399799
4544691414
11394552462
17651586027
9263950148
9809528321
19610661127
5006069809
5629831015
10849588265
21734845886
5698434474
8037651587
112099627
9976888449
6686400498
8829758091
21026986551
654510314
13736537257
12695943956
3576616364
12921801858
19349976155
12377605392
7943889875
11365971566
9304083461
21194161369
13148835215
15892974440
12484554479
1348784095
9301497857
12525462718
16168717355
16964879897
17573293863
4953352151
4144559556
4445510257
8123890814
11191150752
7897486046
20058827822
5485920670
12520518373
13779915045
4490177039
8234717358
3426664950
14455412986
84424292
19860137740
1774425562
2948248638
9223107601
3117972390
6528005615
13680213656
20940178876
16067853144
5417367269
2538517408
17949883740
8399794856
4145376741
3228369548
11398408917
23535841011
5857131130
12529418965
13077799451
7678282571
4260676480
11883938975
12305929639
4451551898
22751161493
20220895721
1492630259
18930976052
6341085094
11526632526
12927017855
6260042957
19265150243
15986987374
8344528733
9888247024
19622677620
2969587029
4898883037
9955097315
2187915148
11250178239
1153246363
2651897491
10705402615
2066181667
21262525359
10489087987
8362508076
12859886294
4548699518
9538079614
12238974949
7523176274
12395187230
15994595236
17782181755
9436329500
22565672395
7876454151
490848607
2405953013
16980354679
13894247026
12677676957
18240092405
16624410941
15127940063
2646104619
14987496230
8644693365
3368297339
11228102757
10735731866
7686544214
21267732546
5513090166
10442734186
13286933503
5620816000
7823673023
3311931393
4665814548
1347101135
9810152886
9805823464
6270302311
19414026238
2000502940
14529605461
15033993065
12068599173
14080949306
3868107460
5833840235
19717430271
737169356
1754993400
1964164601
1206460329
13509975743
14079707726
1356616905
16351164645
382867398
12069866542
9368236387
19086352235
14203457115
7292339575
14210621916
10020319546
3923473954
1355419869
16269187736
9743630919
16817902636
4713354746
17865005868
1423763085
2794711106
21588866615
11831712725
9746295211
14216250190
10806876757
18401504309
13146305103
14954050056
11255835714
360485606
17711921586
11407674416
14120941115
13194653062
4301850062
5937236509
15011164128
2796044144
2331330851
20801866337
2607546117
891922389
16874481918
6784487192
5419566611
404608171
1538263666
16427539908
12995669532
17778310724
18542256262
16495698845
17987915361
4443322462
20073689549
11424643643
2346317496
16690027029
12192253068
19391160691
9471833989
20845454673
19919691706
17835938439
4538178739
9257109703
6785332918
22903683424
3331409162
18506992617
22450625793
3101544958
12165641679
22044967163
17070698784
8242161798
4457676652
12527462922
1601388584
8380132175
4658548421
7155348258
7415149905
20145248040
10880169955
15667416742
11562671980
9228538150
5734939762
10755705264
5153933454
13022270084
8643907968
17940770715
11304939045
4140385244
19372576971
11139287097
13523120683
1371465286
16399872604
19146984520
2217412715
22719056537
21271303725
8292170399
16069706910
13799569381
20410589576
20584172143
16815368228
22509642502
2745684490
6756894873
11055506565
1920330292
5906543162
13058072698
9284047033
14153459462
3313173568
14994782004
16009537245
760115594
12077083463
4378282626
8485021695
16826629582
6553972752
15726745933
5741161055
11363260302
8903085941
20927943593
7758641080
20263364037
5799316014
20201241656
3231887193
14060163613
8130979585
11642829233
5116856737
10645760138
10282208894
12202569040
7403485386
12638206238
23600011172
10736727096
7768183714
14065216941
20202113508
10367768201
3827286164
10388716537
13273510448
9121173734
1151433008
17841844178
651112105
11990703835
6408164856
6777272511
5025226647
8369710401
9364508112
3458199605
9379753947
12345078270
10582909229
19330119616
5911295646
4161346023
853254580
5772121782
9031227921
4349103279
15205596302
15677632126
2641371968
13199444479
10045192214
4766940549
10534094230
5760786460
663945159
5843041959
17724064928
3585637702
7004716646
16386571178
22302974549
21507119900
18590108023
1151083321
10268860239
13355514157
4919772141
11424061022
8017597574
20328863405
2329902794
15083321570
23722990753
4630303769
13108152136
5653282276
325832713
22937939228
2080943451
2516843691
24148609634
2676498156
11556085997
6656778565
17689082081
4257986741
10767764109
10273812844
19519524045
1223387156
10598471945
15205881367
3646230655
5331857312
2959996846
7023567865
14929944209
3694423046
23213559473
6650879403
3753774878
20069028521
11824493392
505712088
4198909663
11034835592
10172916167
4715480526
1357163947
5182936183
1768235791
4631142428
12448513846
6682908847
3419044504
7235340999
8683267463
11151205721
14112901983
18509213892
11024922627
22847587029
8329895456
20192616313
8311575599
17288052688
2969681261
16331642696
23602888829
15031190770
14139943906
7114060410
21625433646
11155619280
4578998105
6883065786
4329913948
12626332722
17399811940
5772152010
11371520685
992487863
14261838919
16652789871
18725736982
878326712
16674089840
2419604987
5477753049
917649705
20283586033
6866888378
15832614899
21715215889
697591128
8928911175
12050853973
13207102551
16157592056
12363006728
19693833025
9745782757
13408496716
7384811823
2303481260
11291734792
17311312085
769349532
24029435492
16556516557
8213936772
2564680840
14683097579
5997080196
15916887727
15079992216
9899355107
14880778142
14191653606
10255907386
6567901694
6139017822
13761216106
12369281961
14324692853
6634337451
8558956642
4614498246
7190699650
6558550257
20616359202
3690005746
17998655283
5010811973
17037863201
21354665046
20009435163
2372066567
8162111949
8850407614
21083233323
14252922756
15386651032
1792325460
5877650015
11156567052
13627964917
4326490326
16637483678
3900886033
14549316273
1906097080
10760936317
22388988395
8604892668
6776898707
16060733552
20085380781
9621633114
961619751
16866052924
12116778045
5401837306
9630825939
13289962061
19439205238
10665731253
9214438705
2324145498
17621251920
11079586062
13796533297
8086551686
6976834888
1289437501
7892652819
13166830117
10914678330
7969282804
10039797805
16126456501
3387969720
4627249913
7485370026
21018124210
18043417424
2049932571
14732522330
773884888
15751744637
11855913697
16439738253
3458946539
18567226667
12992601261
7256801259
23888183305
9472457904
7281925481
2114901394
5956162394
3896394643
14509149718
3126622291
12618400327
19398750344
3523418921
5690757860
4922590992
9458240079
14025707452
3536224969
3085933902
2589915827
19730575820
12035010797
8321792739
3495228514
20364827979
10048155298
581828564
13002547119
409568475
15017900364
14120204482
4551512254
14346265697
8161189797
20873894591
2101622464
18522744828
8219057469
5938040324
2844515450
527136574
69039435
9662659618
19158285900
6292350214
23754955078
15123781378
8774642389
11714073107
8309347036
9991052182
17710395428
12033202913
10100337593
14501671199
4786566015
21223647960
828477416
120871746
16688303565
3795640376
14305550261
7728942973
1458020913
14759237385
7572362440
12721771901
11870497065
300299626
9776655419
13206275438
2348606807
21486161700
12058930577
9296186201
14131410233
5505236057
6133664378
23110120847
9646771328
1488969113
21246948173
11967480071
21624966359
12355781737
6398760312
8261003118
13699451081
1425862126
8205953855
20144795700
12800465899
12490165641
8109379601
21999372894
3263180670
4536502319
7956684598
15028135266
6472945298
13767380992
6771529937
6165388712
5844550322
18269138391
16882823011
1912842143
15951545888
2467795995
10213851187
10057311299
449629680
16805242196
20859352812
21232774673
10956770946
17901202815
846695494
19455985628
10532756344
15239926047
12324043457
10482955411
18171055368
13849453663
10929361448
2125747097
3733779732
11941706111
21805503829
6039453779
7200276499
640239881
14829237359
10700606015
5790489180
15909844093
9460197996
5623608943
16368254300
23631995467
23708417414
1467849294
11779690803
12674587763
533304452
14604905368
2595381184
21902518609
14812244882
11686484886
9620241288
8763421725
4424934008
4546563200
19985381376
5501719314
2247686974
5616399614
6447304254
2379343294
12072141900
18091383647
6950230807
18578567605
3983781417
14304208503
9215644875
13419483945
10095974310
8683249745
10070289589
16586584887
8649754317
15094528663
13849397136
1525123803
14904014215
20062083426
11742878730
14956121026
15554383041
5563881883
8593575873
3927023450
16992229333
14390735606
4562019907
14836809595
3185762189
4091433893
13985809930
9067478717
4356688883
4496471555
10650849423
22178472286
13600411344
4124621032
15910666896
3010078753
11304917587
4100860524
8776794127
6366385087
10252336619
4419707818
6430185633
719743476
7472750644
13880095845
201691365
7909371278
3819564453
4209185709
23934459162
5226859719
7452819717
6708640448
18289154379
10465266778
2942912677
17067442978
13453983994
21454785726
11594985401
7785987722
16778095040
5303598760
7159480651
3524171352
8392026816
7566433217
8864987628
21968248452
8291166095
19580901208
6775770685
7960627497
19932567788
8564092057
2985517965
7897817662
1573013344
20796266882
3821428509
15626762383
10497094585
17864006013
18755498128
1330822832
7106119084
12990387196
17180727207
8388123395
12712711628
7638764644
9802749297
773554433
8372714442
11404612147
9604944651
6276991254
9986572256
16677965354
9343180604
359017130
15010920091
1087898889
562581039
1162972076
3646546170
11064980445
3730126028
9228051484
14397436097
21243751240
8180000411
19848367443
2347044782
7470901536
20181804718
8830767448
11351361390
6244841533
1330036094
12300242448
977134054
22006926011
2455788669
16117056041
15192672032
9043630274
10596141125
926927953
8381069198
11119838244
14143795524
8453883283
9749246653
10255573251
8571787278
4801567329
4926170539
7973054085
16508072146
5564318278
20913813697
8991798349
3175808904
6681949603
12979394656
3584522227
1177405670
14206451052
24012112179
16185047382
7430821987
2892419329
4336070236
5555514786
7424601875
9962147450
7153519236
19512292862
10159939020
13593663537
8603637677
11876723861
7830176104
19080730745
6138124341
13376176024
6964423881
18975833889
13570904305
10834704149
15329773063
15495898711
16915625183
5710826665
2588690941
13321756029
14632887351
10378183870
9286307474
6715218645
13672751629
319354970
15416116590
9314234535
20020151014
12160715804
6344926318
1391537515
15865638362
1353984646
13475916309
9146679234
18542462198
1694530816
2864049850
11272951273
4493323152
14267302099
16569590472
18620097765
18383959494
9325838348
8254557372
342598510
7456848623
12442532560
964429561
14390963242
13364637771
4385721995
10883120707
14759729087
9408687038
5800304393
7113233508
12996628865
9477991416
7932400076
20155540645
13799475254
13523379249
18964806939
17144639648
9789977635
1654755075
3787985068
5343097612
10283973852
4215533900
12824825404
17679416833
9571922681
17557990168
3656311862
12691189640
18697606957
10309479902
10883087368
12599241162
6711294500
5521436820
16121167552
7052173405
10305829287
11229374446
3052085175
18771006647
11910189737
20974548028
13798582966
5098904044
3020410942
3263883952
12018049240
17001811679
5908189190
7471195562
13067888640
16896383870
16748951887
2490322977
1918299363
19456067443
6222978056
9243374713
15885560686
16565729667
19707268659
19508746568
17522914835
3576050145
15234650967
9151039182
8284887340
12061844761
553189746
5765080907
11358348166
20384573079
17778772961
18591766243
4852652722
13303488841
1052870097
12378898116
5565087479
194695218
15017418183
10123354439
2665412328
8986402733
22091176268
15490815227
4238737807
21568112570
15232587718
16890322855
9057484108
16078403106
5999056747
4153311790
8220562205
3540005444
14868412109
11557679595
19811117632
22715601074
9974401034
10615920619
12287298473
4290687312
14791488139
6338026594
677137469
5174041875
4262084405
17442967363
19894188007
23856717362
12028653789
14687348463
12844011441
13737214442
15864327688
8862724774
8736431265
2028498132
10913135365
11131904965
742697048
17227704653
19147420580
12568677766
1251060576
1320346406
10895487279
176873810
3360366324
5619644726
5107491350
7674640432
21210066470
7625407180
9413508828
16624983704
2918059639
10777559754
10736724047
20361081151
15103554483
5206659519
10523353524
21749837820
2450019255
1314029386
8216647036
8464926358
15183068237
47607393
19351700330
18929674658
3017809308
6634754026
3935716303
7161629157
10117472340
7649272789
13156548835
12662214247
11778856133
2194211257
16505703403
12212286322
23568331543
12020642973
2224063702
10957302529
1745879466
18581607225
14807276334
17606172650
2355811469
1326709545
11963654819
19495925280
10611783423
2212538549
10744755434
3456507102
2158137638
8445364190
1570406908
10687648092
12957501929
3538675940
21294331325
13687785130
7685721904
4428585709
15802519368
17038335260
3866911168
15879423069
7258919176
1326686231
9750184814
20900918368
9829888247
13388640509
1289029622
13124881653
20745617776
3133649414
13928207847
1145565602
23377214679
472255752
17503864752
3540200695
12009461672
18616762657
3874489040
15948645293
20424959470
3918131245
14759106839
11637857986
16814707566
15662625642
10159443018
19706564372
2339487488
7949475936
21157722816
13707066611
1575952527
7835790814
3581780978
12580389698
20502196977
14453986154
3166309572
11338774912
8612341814
11181334142
11769178007
8095946338
18882922104
9414511767
15095574761
2188259251
14965707318
13260710831
22811003655
18225053898
5772121782
22342525285
6855708571
5597717207
173897127
16742294620
24230595154
8962350821
13946003556
1378968326
19620958800
14033433417
14496538790
24486072604
18236891815
15809447046
21048757850
12343882709
21527137925
1634294440
16046698526
3599369193
11316480246
20296376023
15150947774
9087180383
1646517663
14987453967
7190217880
7989101954
18227856176
6972227552
10017038139
17498707728
10539507188
932706787
11806686551
9748733795
13422485212
15104699917
20181755345
8350950107
3128212546
17668147334
14128453342
4383357499
4798680426
14573506281
21162109895
9332205511
2757726394
1649562223
10161913180
7665639662
5460291919
18553698265
3713371117
10554867083
9233277105
7948099480
3421367564
8390909833
10833281384
20002138829
10786275526
882274753
6843924896
12645774785
12543646055
6082979670
9586701851
9306430019
9381897702
22272884595
13342732151
4521448211
10891120138
3535186528
20411377248
3149265070
9342840019
14091106418
22093427237
2416666659
11871245837
8646821240
11138995831
1653624655
7349376950
15546955117
17067303797
1111115522
15295665676
17421930208
15210991470
735258606
13427060935
1382708409
8776682625
93813226
20218361637
4131976372
16044181396
16483486260
2856768661
4308988454
16724227835
23459083865
3649579450
20268050946
17287665590
7216881774
14389449409
3853333897
12756152389
19383985931
7297732734
12654188985
7662904921
3576287675
21034412855
18117145762
6751792414
13542821284
6647108405
10597682840
16395796133
8959307808
19953940860
17776630493
12893036280
1311480670
13474309327
21595113439
4415045418
3474563175
1348388234
16621796759
11965685976
21461947673
14530932653
16108115269
11722602148
4588384840
16357873296
14155388861
7695990855
12200602557
7823059754
11361439003
10078746409
17098092231
5144335439
9826491582
7299698720
9384670420
4379485208
5579171654
10096411808
18944206667
14201043094
22127663496
18456420473
7489018799
5350592594
16154353413
8139978063
4108176756
9514712536
3599813582
2600824407
8189895356
22109605198
19668474554
3298780835
12995410090
2244689537
14587196364
4517840425
8851887717
686205964
11199964608
2057880749
1299096938
17562892444
22954443564
7929611816
8906400602
5219330890
19706892803
19635967150
19614920088
4555602925
10442864160
7330451848
2676550679
13218229171
20180652018
14187977102
398550229
7726927352
14299597563
12509089243
5697582735
12517653479
1312660398
1332108501
19520863666
20575070282
6663778086
3869889014
10087291987
4506003205
12971213192
22556564042
12487139825
1255326377
13885327587
9254643281
6453330621
211745696
22729986133
7131484954
14465184863
17266016643
11645816319
2690706464
21795752067
717754979
18269998945
4011518119
13996548514
11155960691
20306399015
13613963416
4285681178
18132360494
11192691401
869186662
8971867238
13762780793
18473437748
14768966627
562657658
12019401481
13445789883
19112950359
6198338686
16003416712
4965875600
7470099731
2441096827
5503980545
2987788736
16215666342
6589678811
19085184900
16109759502
11341111494
5568222442
1988108623
16637047268
222727554
9952396719
19952062202
7498078684
12610369012
17791892579
2954603462
6314191241
5955015257
17040868278
7331625710
14502072171
18658167437
9504352224
5806381730
9112384546
18566972262
1765371078
24109803715
19947741638
13437838750
6535956129
22302406384
15358580374
14695310989
18995774951
1218291004
23034118872
17242171330
18925214283
12913732779
8176115298
8905964197
12244368296
5901575928
5158631823
3719619641
6138740256
7644884943
8035909053
23478094327
18532685946
6222720428
17349201916
7888226886
5343046805
9978194360
1120954611
18764351839
11674871247
10524604583
11086098415
4889818941
11318368311
5384515881
8775849998
622613206
8870196132
6673445973
13428821079
10615264126
15028037227
16906289908
7014326000
8643793911
20946494939
10287488648
7285595726
21604536837
21614336658
9131512960
16336043991
17267385874
23604844535
845952384
3327928018
4196979478
8594549060
22167087787
6699380272
7254198431
18574901647
3132752573
12931393688
17678228155
1349021297
18501815779
4374758496
18936854703
4965403732
4427017561
15882808724
4490399278
20220732864
9218140515
5145340535
954019769
7160637128
13485009826
9359101335
10139108750
13820240574
15908428743
13937112942
13785709781
18625162042
7050333899
8193504280
5733977364
9571781393
1691035476
19554622315
1286139161
5450042106
9186375762
15676305170
385422816
14538894243
6789504868
9079538115
11542122643
22920821386
15960894754
120390631
6812603864
20263462133
20774972140
6431655325
3376527222
16982542671
12974476385
15106587223
23927761415
711416138
88352943
13251633233
48354103
7469838538
11821740190
3779705929
21460371008
9665226760
1490771094
23340836423
19911354634
13488569651
10989216721
10693707611
14083555626
7511761247
17659416349
17504519001
5068842975
17392520412
14653906480
18777592597
19010578333
15422424269
14352741254
10818365247
9008127873
15135883606
22958757791
15529854041
10050438655
10056279002
16331185340
11974505077
7559811575
8987928631
13232923258
127503710
17243528186
9077838994
2769804508
3524778710
6518019340
14721189615
16768393931
23070767351
1588508226
7874603321
9484796645
11602023152
18619543448
2236494032
6278338204
10789482604
17518901700
15620233371
5541387896
9952396719
2519353411
20064957260
2981458868
239883109
5226118358
12023836564
5142533187
4051423203
3329563157
21018619493
16613452645
10048729293
11334581981
5942419384
15886768137
8193499053
16080389139
10969944076
17595855670
8201000217
3994740038
21647163388
7857722506
14916694697
4379117919
12395745507
8273597972
1434528567
5433146731
5943483599
2449909393
19029887866
2847739514
4873074383
16968128403
1698063832
12282180510
3836101828
10173521044
3460452561
6344048249
7676676765
3085481388
15012770358
13265057403
1939417065
17888833432
20828194069
14302081937
9899028698
16135340675
9457255441
5336941032
9980962374
17694974274
170120280
10189058435
10920941231
13199977320
7476733103
12700651074
20623259780
6082641584
9113674259
19262012118
6314790906
7515722602
12458762513
10827218681
15195633596
11423367750
6081346949
3812431946
5217068332
4150209952
9419340361
1017113830
11186067726
19325241435
14664039676
7246994095
20282185868
19136031342
2942278526
16068076836
21111359198
9743486272
978425831
4652871059
19114204909
9974866077
15426435521
12396085675
7453685586
9572325113
2298379551
20023208332
23914701902
13315706811
11364252750
390526445
19948500045
10966467847
4680774134
2409060117
12130253544
16049983087
20426506261
20248755566
6440562732
16020035442
12483763830
19723069781
12710154110
7990203249
12423202158
3355092843
1327865027
7755337021
9588084316
1935732584
8676313957
17435790975
15599708649
10730998515
9630607353
3961117718
2046585308
3128080315
6332812503
15510322
5765970097
20006483590
12088242519
730038626
13958513504
3162327135
19570536698
6409852777
14109078366
2512008290
11441712830
17562801305
15881946304
5929930661
9517860990
11470721812
20701910994
4517725302
15748246261
1826009411
834266589
1528285066
14107583771
21908770830
4789587683
6396021688
18536179033
6824930011
20403050238
15699592858
10408833741
13861265353
12033322529
15190783453
10521636763
16320445066
9614670316
11497291483
3982413823
6789296614
2580982772
8993984697
19265373995
6477073926
10253181830
19978047617
8664928267
4426458900
5289387967
15757987174
10078014649
5119704225
10215021085
8835870278
2970416773
16744895478
7618135795
20567540845
2008850792
2981599472
13587397535
10016531756
6418615496
23395790785
15557625710
4319422109
3680544495
1394410537
5213732665
7857722506
13794246152
8454571972
5103622026
7567203252
15297951530
8391394889
9914745183
7977769387
13589798551
18793183108
17018809146
12628224140
4422134637
10741836298
13963287641
8303751808
14993159108
21097673580
20269252334
13011466343
19707616547
9669407248
10979268562
11340581589
8070307787
4034610954
309243232
11762002784
11901067621
8897800433
7639769889
4916857132
5656620473
8826565603
14182612737
2696632386
4931715418
23305357028
12988227665
14937528208
14860205396
2328534982
10676437629
149904585
3512809358
19523222796
17722745296
11119093570
1571819171
4268816139
11748312212
9589602327
17292971166
4564179929
1847914200
14403292367
10233369299
748963277
1132637693
10535235582
9036403857
5150294073
204445341
13501266769
6300928538
14615037571
1313110585
11073854201
5183904048
853609568
6317634971
219683327
18735984414
5387689458
12208816969
12156297995
11993574965
471862348
9470639664
15416516310
11568186303
11403437752
4073262245
17184759342
2682840654
15287269310
10295282161
64429130
5757193622
35929718
18574922009
18681450893
7624124821
8393728219
2224766164
7472190901
13802973682
21634615327
6250108012
5720051003
10810929581
225393464
23841427129
19979638624
19346500238
12826605141
20510772378
16687193306
16061585559
3284647853
15824203985
14956354660
7842850627
21161607975
23899895532
13658238939
11209913869
713041363
7433222641
6112482985
8769014022
23342626241
20312939667
12377359312
8162754941
16134864598
3584938531
21531869688
20189238253
14458921215
13270366844
6360052992
1126912146
20082493579
19573091056
6340506694
13530299075
11191358306
2893373583
12659274716
3236624720
9506797264
13463068398
2154015751
3263646289
17633999213
583643807
1743707009
11396604005
13084884993
15923971544
5911691753
7583794023
21910349222
8577701107
7779676148
18500442793
11837794862
713497801
16338079255
23214168740
9546903589
22412053694
13155845085
24367210233
3961317003
1085316876
10685489033
12082402535
17765491468
17097245369
2419873953
10180767673
17988570547
15804603205
6950343549
9905823695
14411107952
16468079357
4873466734
19460351218
18276075302
20288625848
8543355046
14472623059
8748238304
15032979030
12241072660
5525955887
14417919913
4553198150
12839598284
7161474724
1322120955
18298028586
7205800517
6007263797
5916464065
274485488
10178564738
20887885129
23470602593
13535677580
8976723374
12287787331
5698046422
20868199861
4283013011
8244013578
10016784439
18205049329
22029532014
4631412306
13853518973
21458856638
1265236521
20325401169
9641509457
19526828883
8019092432
18010702626
6194784440
1641440786
1974805646
5986869463
12359905659
21152940968
10598465180
8611810756
13840768667
1486552103
10893873023
5787834313
4074714250
8414325786
20364486611
13873515548
11354376294
1365723506
13067888640
8520592031
5835744823
9372838574
8119328335
11885922630
5733243322
1770505677
12036635798
22704632392
16774542266
16161433860
10943848812
7617559779
6203681938
19052251028
12465167396
14310002123
17036844792
659219725
8217726455
10592004678
18759383476
11800305043
2650994656
11094532072
9657015500
8200173412
21738174797
9687733512
3895566024
7470253707
7017095164
14028252897
9190601768
15895231162
18182500989
1176804658
9065565540
6677653070
15827411223
19459482326
11642637808
2929213201
9995022686
8941620098
14251568579
8248622968
2701084298
1168005021
1298815406
14230367289
19840636370
2230353895
20129945453
15423871612
10906109386
11423032188
5282183382
1606423167
4209973507
2805735978
15665246048
22688447140
265447691
9161173966
11401049092
18992707584
21925046586
11445813043
23201556097
17637599993
8321161355
2308545484
495074871
1273463080
5300395877
12888850878
18604713109
13946814865
11243615650
10045942021
22092598305
23246210035
15196244455
12189774464
11536139688
16915810418
21151246088
5735648048
4096009402
15528678639
12423975144
4257422189
17084516337
4966374035
7756976337
16243994776
10595767840
6251741811
15673563038
3559628919
5563327960
20398255342
8939965039
255325399
5829613789
3369333070
13246356341
15672018634
4761421198
21079608362
6371729703
19814055220
382942658
7981701268
219546162
9197953705
14353628190
7784869069
14556817637
12895845208
3052849253
13472904770
3510389776
13919220052
2872120454
11408275780
4118939020
12392335629
8892752963
7985937883
2247407648
16132150269
18583572067
6553972752
8440161174
19048314056
13938297656
12835986048
22028565723
5170636189
18326264592
24076199001
854991498
23348958437
12450025476
16196484041
9385139448
19858633357
6732970503
10829661010
10895496067
19320577854
9061444210
2613728771
12621527958
15084364040
10777223653
11451461625
22649864441
3439049227
8719530860
4867852499
17181719949
4448776227
6328421793
13698580724
9247655232
11464289756
1730914326
7722222950
1324108164
13407225072
14839065313
7512448148
14167247211
2255298412
23897656885
11581995
12991401701
13101950036
13231368681
12515589178
3433319045
4556956390
4277439740
276203
598188334
5924020335
15519909573
4322511244
15334513752
13108958680
14045766899
8661064389
12997636452
6476274990
5736616376
12210496626
17568562459
4168100058
11421484194
8325331059
14971578507
13017410919
159775847
19512182205
845885703
3823950669
4523741477
492297251
2235850730
22076685031
11118096767
6537023613
21719359182
5398832812
8578645704
4498195163
12629988645
8671494900
17904001375
14265354385
21994492340
15493454082
18501388727
15867901295
6838271022
9404427889
11724256774
20236375739
3480980940
7390929563
13492962040
7415504955
4011812106
10389275777
11922082406
10681634452
19870644866
8549943800
14021892778
16595602138
9017189266
3529941374
238996649
8401173869
3802342118
2199137765
10804573118
18225153592
18186393383
20766812679
14872486406
9049746228
10690473031
7193166605
16266378877
3575778280
1918427686
22237975504
9227369305
15804386042
15302874600
5790836060
18997878981
13922187689
11235178248
1509625321
4469863315
9951448827
12383339861
5070314317
17677705310
7372991997
4485309179
21709307883
23417436170
3171468799
9410807811
10531466913
18455940533
11501942742
13901145277
11243298575
1960573447
14847895699
2381542395
14568231056
3111266935
5490521895
21287907510
19389760446
5180993645
14661885725
5243587656
11649273699
875544395
5487613708
3145461814
9433082366
9207934592
3822435549
11948899151
8185307482
180361810
6583595707
15508726010
1799145104
22538687370
17614248952
3288271891
23639165691
16772336092
13117609238
10841543814
20961711181
12107558229
19611859233
7336391383
432764643
17906458313
11528468957
18999363219
14802383030
4120141130
16972162244
2526932484
11620929326
22966821951
13921481873
1391537515
18023632938
14963632968
10273156512
13102853537
1619873094
15434561534
18901518154
6465686439
14673946026
18510503603
18611307986
17941547545
4301609152
2659189623
3133649414
9935798400
7662354070
18620421787
14045912228
8415322931
19063597324
6356015190
6205421222
24547386364
9092445882
18350353175
2806444184
11357573
6817234901
4493237748
5567467833
13884566929
9742384550
1809184963
13369810011
8465213833
2474887836
9796460719
14142282630
14958686042
6132973886
11583277511
13940979223
18592789562
14242983084
1329513586
9216637725
2285703625
18178404256
15863051510
2653981144
12273967678
13810659381
16189731768
2225230151
2305191270
6593676201
6233994276
6002562010
5107403562
21218150949
13893767035
17078611777
17947611895
10419276506
13045955123
12276114357
7789344446
16239576205
14632157091
1603854997
18845663744
7725082783
16830350002
6138455250
15974680674
20614556796
22561866673
1831765892
15118656981
14277934602
13269865840
4929111776
10230317930
2224510927
16396909021
8966247593
17523266152
3967163451
22097999568
16753215109
7195271671
20326050981
13592810572
7271606875
8961987214
16458392241
6140223868
2548487100
5228137409
16006365492
8207457213
17129007917
21312170245
21010808372
175870356
21272465402
15299628603
8293754490
5654327091
8488987493
17344094921
9359442420
4458146005
3624605980
6340407008
14732803234
3548290606
18247533864
10463499846
5942738276
17716904305
15419780448
19758722761
5824362158
1170096708
6329274784
1084215684
14370396659
22588175724
19097797980
3668126640
11367819160
216907450
7059426656
488488711
5487704666
21221075573
3849231492
4126129871
4253576840
23431501297
5158631823
18057778835
6235298479
3134595476
3804230607
4628793839
9223330364
17677962157
1475707858
2618724940
13921630474
17098313160
5763836258
15255875674
16532181689
16530203278
14599161868
7685184660
11669566889
14807874872
13332000929
5467602543
12833870947
19649175424
9384531713
7704407563
14817161767
11167231576
8315767966
3611099739
12829395493
1566673386
14028835840
6899353154
19790097203
11365056099
17269338625
6819386920
15046169360
12099717434
5756250574
20687315830
19141554532
11034711167
15402166707
20000735941
3959663490
11188655737
6335633031
20590309749
20562848976
188119860
8082925387
8343369216
5686153881
12990918178
18097402934
8557996172
16706408374
14439289227
8267549252
18945272857
6669572819
6669031978
1763098599
1828619871
4382503389
12580294448
13287267970
12746998991
15978854454
3209464245
9723618619
10335320785
10588397105
6156771815
10995306559
13968556487
9816539028
989987991
19977921420
24155162127
13081077017
23405838957
166936721
8752784447
5380960913
10821858350
9357422178
8900238334
2162117159
6305344153
12420253804
6493654970
4281390873
17708087740
7425091640
6899708391
14820479934
19550314556
14489819629
4915260360
20414154026
8611317115
15150875904
9425034670
17242729854
6435467311
16044809631
19483471108
16370707003
5139925842
20789573469
13799301196
2430391092
7207848046
17224158781
8966256938
10787458156
17666392196
422149758
5764416999
23383984579
2383321214
3088582549
18502872567
3571617862
13091383945
20366902036
15619808125
14147392166
16319816261
7752904109
10009395369
5610169663
8639864944
3820710142
19341014885
11781775806
12145394605
950706644
7295242868
6996176511
5279457464
10754054268
820946705
14941054049
13972076871
20843007054
9384133051
11738855685
19058857894
16296593373
9321860942
14705218381
9742056113
7074617079
3287454606
3494276010
18790328556
1017738796
14220304098
3082471595
22688697825
9761572497
13912460993
10597695001
16005783410
17786852253
13879595157
13977287596
9294680579
8077221850
11065035465
733648666
6424445169
13987355332
3948628522
9511609688
4870405686
21524193304
1504667328
6512938784
5857034775
11434272355
14567769108
2248457036
2100545144
5161575056
5912798646
10898487310
19708058123
5453701341
10745285841
930944460
12349149927
1570406908
11664691635
18306257541
307008405
10503139409
12752642823
1861034257
18050998946
8046991788
5359871680
11758380236
9345369039
24000487640
4224938094
13042033737
15155720851
1504875244
3958262075
16682056813
4650557260
8987939631
7058967144
9012967827
12485917482
8234060856
3315050875
4488680171
21127955607
13593007048
16111285985
1768907437
11558266439
4449530129
12454171781
12146196102
5347672485
6574197441
395913845
8542189573
22352608065
2670602973
3584107816
8814240095
12098575101
4279076889
4707770468
22905503231
18602581331
24245718565
377982239
7089761609
3582343632
20547524327
18471023804
5055479857
12487440360
21569288369
14130546262
419449747
8216647036
19491469979
11034428811
19600387029
22400992123
10437472640
10650856337
491848077
23719615352
14900193260
12434734021
14427324938
18810909257
3910879125
14794680623
6197168487
935839758
3711791731
21163838724
11743367591
22442967878
15796885613
6137966498
11915854952
18660096673
8319897685
15725485849
14037253404
4890752752
12168893244
17497835668
9988915496
11289605889
3341365018
10992904063
19282959364
21738204858
228384718
110967832
8942981411
2834868666
5311429945
19747637434
3448206768
11550803306
312963452
15553573849
4539397725
11951692842
16090360700
15516826118
5572768446
19792124827
14101508565
12148033722
6118195817
4844527259
17379690583
13388344532
2591238683
3317393023
3464127936
6979209592
18556709097
18484889290
9477819574
13757445014
500753533
17784368036
9640883178
10893055952
6372402497
4451533018
4993583075
7934759168
22817526710
6122797465
23157592815
24120190833
10777902875
20352399650
2286099266
7788556071
8119741240
11847996077
10478825631
1419779917
5733312614
12796583464
20197592976
5352144662
551593534
4447842985
9816298241
10540972301
12334038278
14392413936
5327823874
1441989535
23550604891
10840512788
680811783
21698085508
6807216815
16047287108
10122665667
14655551336
15881619612
10261491438
21084836898
13960892180
9371333424
16302970301
12435770998
9341080525
12561308152
13077955176
313058070
4075059308
16279095802
8819649905
5690840381
12047343648
9271136488
14366323888
11470329882
15411070517
14902059935
1319985084
1163954889
283058838
21949835974
5641669593
6782964855
12569599802
19394473236
21659261481
17697553251
5525050527
1859968788
15681544487
5242806470
11717498830
5533726240
17519062633
6605307975
8109006117
8999384686
9737983249
18761433143
1699921573
13218577289
22173436346
3673132547
4051395120
22464747074
10431242000
18614353092
10136575774
425881450
11390334123
11004422016
1762332065
18267768390
9169571775
6733554777
20191878571
1403071141
9977899243
1610086623
3101084404
2299357784
7330451848
17684321565
18908815492
23240568473
21595595951
5904856020
8724364191
15960394295
15322021768
10328646313
4313649474
18694585858
7471482946
7791689730
15636865671
4830534223
19079638825
10948652267
15436375365
17376950563
6682811125
245666365
9444634443
1651479757
13652740961
5563442314
2695956840
1719746233
2645276403
20865863114
14402072382
6900000459
10666106419
5973688537
5224543771
1357157701
9976568431
19021575178
11018766923
5068096943
21454309977
2793834826
16854302560
10151594052
4600385463
1840873132
20680886242
19166080170
19004178245
7775337747
4400020766
4079303980
4560209120
9770393846
10458276374
9262340201
911616749
15061301264
13388271268
9832611456
23563373987
8289806886
3736200232
9614978006
18231887980
4432581691
6540510316
5664207976
9135553205
9331479113
9082901461
11203010425
9440055828
6954607944
11381469371
2100829513
8459230492
7663013626
16481489126
16224590545
19049235447
13063859287
13236762402
5898793592
11250807102
1215632440
15327059691
18614474734
7128090075
10380806726
12031250682
21677811685
22214921682
12679053529
4411035847
15164807970
16884723135
3942014927
15488384572
10916128505
16644924035
10652825370
19520274576
6328123351
1261591902
15156514094
1703251019
5033126527
10095073632
15735405336
12971927223
21177599762
13924206614
3554279196
3723165641
15209294755
6383469322
14617611397
11938080799
11166048335
12574869550
9820964652
20965722416
6783212036
15828420458
19877684107
7027324772
18950154352
20731529964
3095701275
1800350856
10450354267
1614796668
11139244095
492576056
23550185965
4135711483
21261340693
1122638626
7962782390
14336711396
20821194515
14819844576
2608712538
5525220215
15815798939
13173335888
11810071682
6065530736
8999780285
10756607317
16923729189
13390422872
18858824527
14620376397
2685325750
19057703214
1151408987
15795164550
5607492622
10736907130
16164562158
13362543306
9113268749
16606135135
19288377773
11458963932
1702209534
11588464102
7781878104
8441159277
5559859238
3453164952
6855225629
1574713955
611150556
16896638182
13621668510
2896534429
16916208051
21865106948
12036847929
12051789765
4131853698
17942593410
6044471762
15511873003
11517151274
13655343848
17480004681
5492166699
5338314630
2666696006
57087737
17569412597
14002287558
7739775580
14187879272
5344916830
18268178902
16905282022
10882934338
10401971605
11747528251
10637233396
5955353978
13820245187
10704392580
7415832457
7791640622
5500233219
23509534833
18866491129
17098092231
19641573459
15697840266
10041281175
11380958087
18398772271
1599154313
7918268879
10531619207
37324423
8053149067
13430469006
5999039261
15800229759
11780686689
8501326192
18949371009
8991363610
4909934996
6475329615
10303448896
10447694158
20951738559
2682750751
7115331393
6913540122
10757770470
4043342810
12250435371
9017598007
19446408040
13778851089
5255658677
10076913332
8439289419
16067979743
4134845724
7740739480
4685081402
7198575423
6732117962
22335475168
3825449277
5576081412
13618431656
15942904774
10378368869
4578046864
23346849258
10897657471
18203067003
18042942044
3102424213
8215491706
12281750700
6125691725
4073102314
9296692343
3842903262
2280991907
19192916298
9837181880
15866108404
8471401453
11611441854
7953946308
6698423304
8905940453
5826749544
8135658768
9646978984
8370837788
21406085967
17799203557
675814786
13408846702
14499064810
4502655418
10725594171
9231401195
8601930600
6313463938
21257845293
6893346397
7180876439
9253404334
6804298700
17444128659
12471874693
2651820685
7379924399
14894782409
9704703005
1404532349
8861704395
10615943477
19008439749
2113080728
4556854208
14344228205
5094690012
3656331155
4655200786
15638109949
5526316102
4350313982
17852046446
23193164320
13987919646
11520498039
3805189025
6782964855
8331091188
11056219298
12847875189
2527858968
14394777719
3222236982
18988756587
11490891968
6148387426
15741620238
4605529530
10412508451
16809038790
9725772815
10789154222
12164071364
1106222657
5941069814
3322204097
3376802776
19130166167
8507025405
19694075747
10655913827
696921388
17417806102
7373725306
616376452
16686392874
15629193978
5266343077
3668959981
10503754285
10784450145
16682056813
10609676903
9941515882
3256747171
8403794762
13032002163
1913842270
841283132
9623781485
8280504169
10725098222
10556392488
12445767504
24430346919
16319198702
16977835084
2954385439
8864109746
21113570073
15695869495
8651825284
6074085174
16006009905
8643154123
2925389734
1553816792
10383989232
19060985815
20387824018
8774424554
12451708488
9747071249
19303257776
1933079002
6816042373
3370891231
1084577983
21627920345
4872513711
9059394576
3836700956
3779844127
5226483759
146972587
2228700465
21994415102
20870529091
11517741773
1279523855
22746928625
8162534718
4924920635
9469413395
16476346079
13834498542
16607219848
7059789968
20554683706
18222746376
4580156817
169651128
3129578559
20246280097
18603869339
18654445204
19792168726
319916240
678969824
664120328
20206603894
15667881211
5158612173
17276559463
12318657931
14004861442
22734313015
18686070616
5699281559
7638524046
4622651011
19471993747
10388010461
4532203764
242712835
18928290467
18181626167
15787620662
7787544388
3208753651
11849322754
6960766590
6151615515
17379901837
12484367510
21752471242
16875458917
5282519835
7792314834
3758534879
22352032378
9012557148
9807325824
20707366702
18065102429
4411334066
16260576475
17560024629
12432138009
17946478081
24032341080
6002923409
14163834207
7518203027
20459375239
11539184744
10918436487
1892453862
21151877855
7681546588
5833017949
6265019704
21001939740
6816720259
11543204033
11628976627
3886967971
16834129099
3686674632
19963549414
10351095255
4678275764
19555245737
10643351258
5402857001
9631789132
13198079199
3475317925
16447131225
6722860971
6024797171
7639080390
12451575272
12917647807
331282572
4570422896
16467342686
3964773914
6279720467
9331504399
19034755394
7446827791
1698359641
13282701397
12497970115
24174742588
9739795267
5333713726
11708841085
13210074196
1799214779
8388565333
9687820929
17438732178
19967814138
15497292470
15757228038
11536950474
9890593247
11407540841
23676939898
9793660747
13613209592
18249028465
12401962140
629732982
13427428603
782904563
19254071848
15345943237
740348756
14625339465
18280748587
2834835745
16606193944
20217992914
3569714471
12889450264
9118924056
12664263003
13634968815
21682327121
11047897226
11056504874
4496968129
15461060196
6853997264
15692250741
19195698672
10554561246
8132772268
141896073
7699143744
420302289
7483960540
8708887691
2009804636
1829954690
10855051149
16083565477
5116966384
23239306318
2234526987
13677392881
11026699648
400033987
12934543546
2415952094
13718216945
8579560516
8199679502
11359827570
2522348551
3533207477
18205837531
19107617317
1990805240
11643303452
297427969
495998410
22920906115
11934767888
3645131035
13008218761
15790402609
9065159660
6975900421
19089336898
13308516566
9151993013
13253551830
19615261216
3826455576
2897872780
21660883068
20010755191
1572620145
7516465479
6163280392
16737577338
19835790576
6751878131
1812801263
7784833773
3480451841
7498031504
18177318604
874748288
18782019931
288702114
6756267663
846175950
2051750548
15812718668
23235554009
16744419369
3818871958
8142643733
7716538120
19375691905
6585491204
14072056840
14160714200
9424534352
11648042786
7275273849
20337258686
2737828082
11769603372
17941044589
7920365833
9225001418
7207009534
7859528432
20773736609
6101412938
6269110505
15081600271
8905934724
20567732804
12901719170
18896070730
13800414171
7564887952
19341300468
9851740855
18120138450
6141970390
8640472183
23877018662
4250947495
10180406162
149260393
10843202585
17968107287
3761210036
13403506179
1733410016
3624081672
14022862444
1033265911
18576732889
9204476010
5256167472
3354310197
14492089839
15870409101
3320631945
1797927273
15295062388
5459580486
3258509733
15837919411
20998956410
14073716147
4735507683
12706728039
3369300326
14953916352
13929123088
2592255860
800669839
748500290
14019279428
8756805511
4658573870
18791737425
13454483228
6725042019
15932533641
13429554712
3311931393
2845127710
14538432653
8886204288
14823090937
19807170180
4972883946
11007647989
15166587454
7638327185
10478064652
7637662635
5512647453
3243545573
15015057813
13224571124
6227156758
9567566366
17909928690
7689418698
23603442061
10488189084
1464056768
19538825556
1662744101
1298927544
4511176514
18956769871
4389681728
3967832947
1511280922
5182111166
12176677235
19638000153
24651201863
959313376
17713778893
2299229782
4755972298
10681767521
7776549090
7125122955
4100510125
5098450888
2290196230
6046664101
21177956808
3308067432
21671551965
6190306540
11514216167
12540626485
1519156494
4179214666
16482846990
20570685851
3070891705
13923513488
4459103238
10901438438
10374810069
12172489312
8662702995
7471875713
8255151096
1619463132
8944037523
1297618384
18271989752
5530274635
6672524041
6148404580
91285623
674638926
15909006120
6336519313
4795533298
7652238390
11526499757
13468996306
9373236348
10462181562
16455958242
13941280969
17908378522
12054479166
11635623919
13385437817
10635893630
18642055242
14310058307
6197797431
19512182205
3095946192
14304682026
3901337965
1201809816
9417604676
5529544033
12254619475
18021705758
2794280719
20323006648
17477463133
21814081448
13010337038
793943973
19154404197
17153894599
1997003773
4072445619
10786090569
21170864995
7176948346
13264639600
20678409109
10813083203
12486200037
6109351623
11202986992
18443618381
10858305950
16019646793
15622096378
23658213942
16016797657
8113611540
2952385398
18660967466
13269083018
11517723019
6472805629
947766562
16174220788
9468690387
13922282209
5517779459
2851765077
16712586918
2255887176
4517597759
2494943924
4337068070
20578427510
13089099109
7036728718
2265360042
10049063429
14476583937
5440977989
20389662244
18780997945
10894857036
2915967226
10281283604
7220342074
4372432353
15554649834
2141012913
18763856286
3842845534
18600085294
15594005373
14798420008
12762904183
7302896295
15131454963
10895111650
4751621610
18817247645
18937495524
14720913468
16322256631
23236308490
559659034
19004540544
1964318154
13608308107
21341388800
15409699076
6322405419
307782303
6572599840
11036470994
48115135
21548743096
16035204523
22415861199
5733475652
24000564803
12632992540
18205062708
2593504954
14494340556
15852373616
19421870237
18676665939
3752238875
8285701474
5026630321
11244344572
9517120307
18183066944
6805251843
7575681975
12294137317
1981471092
18173073138
7437030214
17838257197
12396413349
404320681
4218597597
6359077532
15133004526
19263774156
14305353706
18998292066
6022316876
3168807560
23469051719
8160225109
8530793365
15943906438
6577785494
17575365522
21854153427
7655922264
17220030202
16883990072
7369163812
4282860429
12798480629
13870183944
14204622954
18532883759
22866658914
6125943036
3154606861
17774098171
7700010641
5515964098
8598172628
10181117380
13805359041
20617811091
3120440478
8750503438
9447700669
18095829611
12403214213
7143136515
4651167260
19027691731
16183989042
7758281250
17037403617
7009202110
2771304450
20862252046
15252645014
11506854992
16186854187
3167704015
320004237
10564957410
16782536227
2891147248
19145602955
1090534381
16331861697
19795903758
14547990520
5685141022
13598400288
23798121031
14195517640
13231152065
18168797466
11118932883
1679493875
1665075975
20821008076
48882811
16763994480
3427897166
1515029068
8600956710
7361147465
8163746822
10259583009
2661524353
4406721400
6818853065
13447249610
203417183
6518351080
20674777648
10143112143
13349432597
3199044995
13880342670
16009716882
8085256540
21487853323
8068948369
20713608938
15799443126
11327351543
18486086301
2904281175
1656823347
16246664447
19310624456
22312251215
11094532072
20938814120
10586607691
6457707769
4296921737
11367582252
828952536
846175950
21104105847
17383996045
1140919355
20923487302
10832763066
2695888036
13979071355
4470169280
11410326141
15288956951
11338148002
17605396971
3191166424
14224170204
10993570739
11186949937
9000889461
5011918162
14175271219
16727755095
16332619210
7064315561
15279233525
5287667574
18917883510
22775124099
20572986247
8685186590
1778743844
23010836973
13812680550
583894282
1487204049
19411167518
5529860918
14776437668
13944854411
9339005365
5497736170
12264421887
5766598841
7514391050
19529871293
7076774394
8714260732
8994784986
7846058104
4386693670
14298459538
8113884627
7507102756
16828177112
8752027774
2527535360
8343959386
12758027668
12958318123
5468322761
19836279977
5616858034
11272899909
1151999027
506415880
8201408234
7518121412
15084101805
13097370155
7986990171
11248316035
22607700330
3917718256
1404452281
15228147319
16691126738
14544568729
12979157785
7616400246
3356284147
7471428808
5561597389
8096021022
5437075189
738869967
6479635965
4244892892
13189197474
18751842995
78654046
13799060856
9232484624
14046504815
2196678671
14966802697
10501879398
13167702573
1914174486
5037000400
18004087563
8801705265
7089696331
3018938513
13192218438
3142192229
5402694749
21226005138
16979515925
13321081023
4132655152
12666170539
11061965459
1656198158
17709803776
706979946
1443289889
1428978253
4898952434
11055439561
18205903314
1195049763
9888741052
8604206209
17041186250
9416195002
809070964
11275803555
18138074799
20374307341
960341169
2598299681
4753617007
442213035
14821315651
313058070
16074614117
1016774789
10015868183
17807726139
7149547634
21270194058
6662275600
2702826288
8842035954
11651335302
13166105513
21740198584
10337701268
13882643191
13403862229
2983787361
8689268296
15500565836
10582999309
2125558339
21541606558
4966175277
14064009762
8373560129
17341781337
10077776495
5043405504
10485566578
846413895
7532485318
1793993835
5697298506
5161195804
19076856508
912918050
5330344347
22504511178
17567061611
6169233485
4649813321
9163012504
4448411764
16711316622
21823329411
10036227023
5634201800
13313116291
6352592559
11243241104
6242700821
12927974274
5645069674
13158589272
3122715750
6386969881
2441120228
5336084026
4522208157
13348555004
1689831393
6612512293
2305879989
11315578482
11097359659
20009269362
3346709719
11747407704
12449291108
6020607308
5449256853
18072442807
7053687808
12984172417
13411636507
9174816322
16258928111
11136254309
14908456129
8581456519
2528999282
12393649807
14515491383
1035176935
7470765345
13820842357
2993163766
7145993717
12453948558
7242830728
17487522147
2662292155
5042802845
3832570947
4640394734
23020705465
3220596000
16928123515
4626231006
7373092403
9215319573
18845920189
6490819457
18999017216
14806353312
4681609904
2343330173
4125333141
2858972743
14290768661
2927596546
13923252849
14393945246
5472608471
18484913869
16343182898
11265859210
2882824842
10045445845
19653316968
9963408673
14443534011
72695878
13744276666
2598429097
10119841729
20530952633
750542920
14658708606
6050506195
17085975882
14492765647
9659836711
21773733065
16871836657
9856915499
15006049272
12075668588
335843180
3745379978
4311704269
17676142750
20007664457
934570722
22434048807
15912413678
15500361417
5152924292
1493050444
15024541303
15627091387
18639651794
8873509377
15793843646
11969300531
1463092207
12162514081
8545533479
16905237619
21630234917
4120581171
8750840587
14242258505
4338668892
8320967322
332919027
4649336237
4307706022
11519154616
14340043750
3687650683
12957517465
19350181117
22463370255
2250783703
20669177259
7175735741
10901717943
2531695412
11888216705
11628275448
9860760745
14741983058
17075758427
7644802058
20866733655
18262168037
8818950488
7553280940
17868503683
766576738
1250215513
4661093317
418670367
3870710682
4613951282
1850944974
19074678709
11991316174
10271065994
12599241162
1352149270
4369424974
13375835953
14864468263
9496109741
19741684918
13869691304
4930719088
6038518650
12269941450
11072152313
5848125652
5697859955
1973327522
7520630213
8513887458
11494945539
10612833892
13739243827
5684351172
11876113471
10127822382
8056088720
15772701965
5150294073
2372884037
19053361485
11968022334
20095865383
5263901305
4874018242
7925584602
2371991224
1713150990
14903460941
9477332068
9158974739
4082101567
2870477625
10079375730
9040563528
20608011464
5549096256
4227959406
15055453605
8988196860
11670035829
18886018401
10661830772
9660697085
13454615843
17996339616
811156152
21365562469
3946161005
22463148724
1188805530
6139508350
10509964728
21498625686
11370900296
15157232105
23769880692
2283354132
346622033
16640978900
2497824067
8383491633
10071952847
12129099684
12218974176
10114237038
333377586
887896341
7335263674
9949778493
6922158469
9230087739
17828091242
8392757861
10925743362
8381342982
17232327732
2612853063
9998706536
5014584630
15189491037
18817905328
19101675535
15698256451
18165495926
21861545309
9358661086
15256411694
12970580765
7310485282
18574055815
14700671056
11570112260
2068262931
8893157450
22197519741
9144031889
19263833479
13748231674
4389848334
16323250837
2949831192
5052954520
17399301217
4743480238
19649816250
1705323766
11296628018
4947455861
4850377650
2809195885
17720564507
20694134037
10652849865
16402381707
2943443110
9687853630
20930400149
1199330069
13253457400
7418493890
16504913255
7209745926
5586689281
10158335599
6313087902
445579967
14635869918
8823000248
1216047583
20392530624
9932501855
20712880601
12112281439
3555019750
813776267
20195828360
1951365997
19557695420
18510263084
9622702190
22784897764
14918300795
5367489784
11038270995
20707788465
17066223207
20154421201
14199579149
12229361312
11509603355
20339506964
19323892927
13632873121
8675985128
13816020611
19374271056
13434858248
471878453
2055429627
2739203947
20034298649
14481116422
7259870192
19270614967
11488814470
8785564471
4152109855
1965834828
5189777606
16323836521
15935128856
6465283843
2512853891
9806939050
2413681188
8545533073
5632347311
828017051
10656246859
3631288282
6860852628
10951691242
19882490941
5927408446
774433688
4456663666
22388440477
14637985897
20267130966
18137511460
9949771591
10733249665
13235122947
5720585008
16458265937
4119536851
16166966507
9199617330
17444199231
3693492009
7094645566
8697618885
15033068571
22578615781
7314598624
5793116855
14484785631
11355037778
10771811250
12910350258
11925332095
14230652272
12451689090
1600001860
20688249374
23234739194
13339710805
4161966457
6159565193
18720699306
15150178477
21315097841
6697807726
16206569999
17899163453
3154951550
8824552519
1665171528
1065071932
4115147781
11309976364
6125502100
7995605054
4342800470
4393097757
16392584592
8695563796
16150263168
7942262560
17562338552
4085612726
6601476516
7602103563
1534571984
9210620933
15954517678
23634298819
20974424284
9357738501
9340041852
5396558430
1639246646
5820697790
22157916939
10491229767
8941868406
17954886486
15508800789
6422664139
6401567913
8519744663
24084671559
6781087428
3086298754
14564264133
13429754366
9374684625
11271052083
1177618830
3211765242
18477750144
6442703197
19182275927
18377382443
2888515374
7529043617
12135062181
23781942811
11231190363
63287480
8551160803
8643503811
16404316453
2473280200
2198650531
8710536779
17090535012
7788185440
17259727439
3109995023
11484067031
13683409046
7412373116
19402722764
5264046868
13742308012
19060618684
8507955951
12442383165
6965459339
21090212838
21873970593
22913582576
12544370834
5648505245
5697322642
5342868467
4892906054
12328827180
1708438311
570176584
7646520148
14735126233
9865625902
2449814688
8043319840
3072089243
5615761820
6979045529
709597128
9689425323
21034540503
22560520303
1035131894
3840588344
21602579068
7920659747
16871382125
15986253045
10573923159
4238343358
9807047860
16947328962
15831821395
12256238277
1005771430
9572645573
7612247174
10361869909
14679796127
15131443471
17475101331
14690805396
11149607364
2365141378
18310704158
2697167127
5631698152
20125969390
12904286391
13812488106
1773995934
10501389251
651522754
23150234889
9487346863
4074565355
3688103227
16041865046
291980297
14106704191
7053460904
9282752236
9282447279
10664573125
17810730713
16963987291
3413018941
16354035313
19198763349
6205446136
11282579524
5965333504
20772900925
2800892060
13332812917
9215188846
8538752195
21027853530
14196368981
14895960233
8999546192
12443763031
20731723854
12285590148
6071786750
16786691759
2614312178
8546839804
8418961004
12622265802
7932544909
6554549588
20679935380
21907442155
2853558771
10164195741
9473261066
6050281732
5036399921
3018368434
11385151626
1715257021
21668898417
4941614910
11242816080
21989459436
15899015283
16988111619
11482728817
20061655936
10156004677
14237393338
10844149997
3052840606
8094345706
18862960279
15015911077
20844017661
10559402396
2752749279
21348214705
22308826994
1576455271
19515250182
2328554958
18493493190
14306418392
19736533340
7751266657
13092613970
13630231767
21388887043
11528917567
2908541229
19394473236
2348824957
21746005820
8150938679
11671981711
12100709575
4637053989
13254734308
5440315205
13002978559
10786867371
9582378796
2609633219
1887149006
14312228664
17206854888
4801577853
4581244194
11087557152
15469211169
19037643498
3548966502
12920740344
10084106327
22328287183
9545660328
13416624635
20388644682
4863236343
16996796238
7064558602
22246102909
12190584105
10120693069
13590077544
16578620522
16823078319
9381103552
5778978665
9645527686
12891547424
1311437588
9405108697
15127940063
17289804944
17466178182
5936232168
11007488799
18878426466
15364305546
10669449455
8004238677
5549800920
6805101625
4789732861
15312417366
5712902206
19457127724
2518454710
3700455607
12006526570
9666907065
18103704415
13316927940
2813932938
14567462969
2220782940
15204756059
6815126769
20857039451
15922126312
8943229442
11520659116
10813088391
3460842633
6871729245
15326997078
1464056768
3864940028
5331707414
7566544640
7624972176
16587025614
14599242862
10582999309
11355368251
19912484874
7882018072
7235999437
4945039852
6531830498
3284802951
9686535287
5890028647
8801764876
21296000786
5404750173
17983721404
6362873209
6141690423
22931032257
23732312102
4992321982
9017571760
16139983559
15774201956
5097272434
22774434273
9189533586
20609928454
1259254101
18121014279
5357425676
1521925532
7783167169
2515163318
8119227498
15240166235
20034310909
2436770874
17521441494
19717100915
8301719774
2355710402
18371787868
6734633830
4289112770
2389424571
5338920665
6634754026
1497383738
24186910171
10183116542
14372898630
7267758536
10790535930
18960426994
6997960605
11966927415
6087564717
10651650013
23223111618
4082101567
5917680494
9344007802
5570176854
21587597259
20639405074
2770888968
8236500579
8024489037
16818997796
14403638343
10666383972
18600730036
12778153703
10270281614
6519473888
12069152697
12372769949
7325844280
16100051951
19704996810
17422915666
14773789753
14641148025
18934985846
1677426954
16721564861
1389990742
2349325635
19355975968
8340450404
7050865654
9018803796
8322081854
1574505365
6242856464
13936614730
22414340634
13303953955
13263443268
7165651480
20377957845
11007474991
13367364459
12807334925
16480046650
6121228907
15815714393
14221623373
16366994096
12565861780
11875691157
19688513639
2369096675
2851197080
8609115083
1862068686
15724008878
2429397092
3833889981
6132853150
3817441370
9031614132
3209879707
6839697879
15165574339
11638026814
21858142878
8287140723
3085426590
18722962854
15742216990
16193910554
13795982718
803412388
9984577811
8177196648
9407947570
17260829686
219281192
12568725771
18228025328
21686807547
5956568859
4255735583
17992389803
19845554812
8802907182
2225455369
960167767
13012314962
12463540039
9116120362
6419187042
9741737920
4488126774
9738840597
15654544153
6147332325
2063478346
12061021777
14330662777
3329441956
8873236643
6088222835
1535345574
12989825578
6506152225
18706681821
8221707986
17116604261
17660334836
4874094532
15755824832
8162253631
23711449968
4382557242
24527912172
14169199548
23624797105
16916626410
12435841372
19130138128
8119017825
13114086465
5601914470
12848287616
7192510938
7894275536
4500675306
12803552293
9773198539
1143567513
17368722561
4822468220
8831761944
3111413609
1768907437
11368156886
13537883802
9508813487
12468012039
4666621814
8989434337
11541368379
12072765792
16645506628
6139939189
5628409049
5733603195
10488301856
4886836950
16275463708
18116223441
7176689198
5410393407
9851740855
6476124840
8987928631
4815560185
21051598841
3624625666
2840733094
8266630089
18545411741
4115789955
6879754974
5106831659
484139722
13329273020
11072044165
7681312544
7898023835
15219112020
12606919138
13703207408
19555696248
16826615241
3868847713
16897107666
16138387356
4171041721
6469318035
5369685990
9103212616
1362237867
23967610914
3368514189
6839320819
19233723605
17629987464
13509381483
10777380268
10861268243
80165407
18584481645
4413230558
12109855961
12505753045
14357467564
15750024470
17074883369
7551695314
10463405967
2339883628
18793258066
3696558931
11488301401
1904073981
18971093558
16838447903
8247343286
12891681106
5904722364
23558180393
1177801848
16157644824
7540991303
758863604
2646472721
18632518630
16315678208
2446163628
13958141011
14488854903
7863784600
19025766672
19642437908
5641775793
14978601349
12532428975
1929729579
11110466309
782904563
14388946783
4559127355
1023137295
2470642072
6682670330
5572664661
5746583702
1650561284
14770399546
16440820427
4151405055
11561784795
12835573955
12144770654
16188693073
11291229134
9554606963
15410395784
19629689209
10289097537
8872718010
13704395108
3166981406
13516605623
2783492377
22551602282
18466433055
4772068792
6957102477
15069841222
4405970181
3359618556
7879430251
14880063631
7157073502
10528322841
3326541218
5572015147
7348131140
18623621080
756740372
12919203626
18264101002
12065566599
11152599223
1023137295
10488501451
1946407048
4873417361
6492381541
21995955348
6033037952
10831958833
17988261230
1503557093
3119954748
8871474645
20339319220
14721171015
9290283771
14297632352
14125923378
6781619206
2966296937
1634652416
386026747
2531639101
22733608365
3106862882
442732352
7990738345
6439855874
7261874986
15564344565
19537380212
6419449579
12662099736
8943918417
14472603839
6416061446
10835721706
11128889371
295820141
171733101
17526822406
12706556203
2273324345
11240662454
21015889938
1546772287
15562069340
15758151658
16519799832
16820605192
15348425298
17268775634
12253210163
14374243844
9191572888
5300503424
5476988659
16009852083
4094747099
14823274595
5963606463
20880673303
18229523788
13207022370
20361603346
6267993164
13066946716
1952261254
6784555361
20622570388
1090868462
11525394964
417897809
7340207883
21241279303
15827931088
11968225323
5344948644
16169493672
5960524398
14405498186
4819672271
2255341863
1007066396
5487518126
9966685495
14985655174
4993628778
1590316950
17408633499
6927236926
18348358221
63900457
1758220843
707304744
17316011827
18934717358
4799180301
12864026282
2204002663
15999693421
4908896116
20053543689
23240970992
13693188773
9443842945
18023106145
10751459415
6447498497
18946808860
14874571700
5013808134
17695644820
8141821448
2347385149
4535113363
11158595181
8360206755
7628415738
23122017942
228967280
6020607308
12581860780
20093036865
16427501350
2252224897
19830255708
16974369289
17757322680
12810352126
12045756191
3656331155
6374377911
20788507284
3739579227
20687315830
18267050083
6407965138
15634526974
4913088828
7813699392
14856997003
9836829809
6431431377
712793843
8018534071
14422300101
2144352543
7349408311
1849721143
5537085473
9979576302
2298902783
13396700698
10711999481
23473833753
4790854865
6302650882
13364031862
7921845874
7586470383
194723419
19563333092
17524106255
11903187257
15544672767
968024712
70417618
184613458
5966005018
2301600639
19018506266
18218679042
17370858446
1574384934
7661612319
17823016068
22027693978
14405435390
15239133791
3403879908
4416892410
15576763084
16722710890
7369228939
6392449508
12377605392
2410132079
19820877049
12153859186
14241366009
3245051826
2083053191
12451552259
2709121556
10700393040
21355009898
19664081161
4451609362
13231918810
7446485991
8947396480
18477126578
22604209442
1679995876
17824498659
20039722987
9406682532
15868210158
15295866329
3157907421
15821809017
8749314202
8397852505
7889950915
20010211614
20329854167
7298856680
834087956
375302869
12152403816
14543515850
9306247943
11428211678
10232239136
2826384643
13022041996
1017870867
19911010709
12371869756
7282871734
6117145243
3927023450
8138331532
3206860142
15762239015
1375264828
19012579655
10616381321
20401180493
22505196974
11850845405
1483632773
13944163700
19128523308
8621714976
1721956898
8601667913
16388604045
4595408792
5899815851
5302554863
18699901169
7689337200
3731869709
7007686375
18457634438
16722029533
4593811088
19422877767
21008310063
9615755566
16315215149
14023139639
6141893480
20284451094
5861174026
3317911299
17401596210
13126707513
2955703234
8982153136
10576851384
2989337318
309087154
10672412398
2758827014
3268518126
20689665355
12195430411
306615712
13585955795
156927952
13526006920
22611801268
23931836917
2672874766
8663431036
1143208065
3355443330
14807086233
17501605431
20335214758
2311752077
18626523965
5624456520
10141020622
5228055797
730038626
21965229392
10181915676
4355104590
4339558392
12392586708
682767485
5229168131
3848642899
4816470115
3657486649
2406698214
20305870843
17162406488
2229989760
10615341024
15325102680
9806717490
397844961
2351731557
13800250374
16978110969
1128868843
18561941838
5131427803
17507606616
6712183698
19317385144
16740703539
3211238975
22707441761
9390521857
19078956451
10049568744
11167557110
5628316418
6693696072
14244077444
15219770569
20197383779
14348380472
15237661826
837328802
1353540966
8996660380
1153063035
9760648114
14369648371
10830740666
11181968618
15079384249
13995229696
29986646
8455941906
20218456406
1551843355
5591519872
17028888875
7031509291
3872171872
10708710136
565364792
4909934996
15296883808
16735710911
5261947916
19604034591
6102627450
4079164851
18029925595
12197766213
18417028805
18386168476
22386650990
16362233302
17150556017
5354826519
35140255
11165487065
1182961966
12641860662
5002992855
20042787164
15419195705
8314035242
14285302902
16222007058
4328424228
4283272601
10882160308
419980766
8426234866
1426860477
11840926406
7144772323
16265547309
23383488642
11665138319
20251779803
13048803673
1301796389
12378514963
18202514551
1092191911
13591775250
12427003697
19791862153
6402096589
8140766323
10006982106
2540462862
5167485100
1985587796
8603776347
11603445846
1298450126
16776442338
1312660398
16447740023
2454246742
20404477745
20056135087
13084645153
17327543837
20457163629
6208528424
4486392415
7559904723
19386534435
12367206021
11838715302
9574034696
20273348647
13393220559
4731874763
5791790931
8689289874
9058458355
17942840645
12966909461
19316800991
10847584006
11171984943
10092803017
1632506103
17146091175
14367759973
7710103257
9692773520
4607564036
5834721559
19946016808
6434313466
3510647886
411094161
20929713828
15089412085
3538592138
5314560368
5427877596
7416235836
3709449014
19708955033
11981562814
17717551692
8118967930
19093119090
4449069272
15435377126
12762600648
9483910741
11040841146
3429240293
8751935766
23764593765
9723587646
8996459466
9557684033
15487279132
14419973146
13462663787
12632324288
2512008290
20986790971
12889438023
20130170531
3666354883
10570659039
11648661742
6148356314
8736775105
1840079031
309768904
12772683923
22859236955
341298320
4729359412
19134831552
116548721
20333477083
7632562447
11433025542
24426390303
2511351155
1177468468
8303639855
20383708554
23040696564
6830221412
18609092933
14905384142
13358909556
1185237162
5736001645
12827692881
21923746740
5941380949
15464024697
7727005133
14017997805
3819862611
8591149511
6235521058
15686621381
17272638952
11050818637
15212205693
801162309
6231392394
14203734449
7857037056
6057808174
16637786404
19835764435
9892055676
19445227231
18473181380
14645817653
16926704977
9161115672
4536057507
2479124274
8919710593
19624522460
11201441460
7187241202
7477296115
16699473379
9416048128
18930647053
11278801797
4869784904
10894011709
9570057277
9520718290
3366878869
23519298885
15913916670
23311889114
15185318549
5199090981
552318193
3175795878
7020568505
18358454319
17665929223
13642513378
12152534381
17429735259
22393665126
12901015772
8550879234
15849937100
4945243451
5643934662
15578303905
386234723
2525661213
15132357058
13095955073
15760330119
16304898423
20805660919
18729227159
19558784731
1136467841
12543849957
1938443483
22001351432
4683173444
6926040833
7459954204
8709214741
11436078755
22561954534
12491616078
4170036559
3512652275
20447273669
11768424953
10510416766
11141050911
6684060701
6068804948
6687023336
13851222347
14209243341
9921032196
14875119293
5563375544
7888558998
2233595538
15819434563
19613859961
7468392029
9826359613
3111413609
18793865245
8942456770
12573988412
5859635024
7262354435
18150945338
10058139746
12893735363
2053137226
1145304447
309087154
8446442528
16524614879
19043481622
12678225781
12149418959
17695098697
1305170055
19006079374
24485936511
11402728647
11019720774
15002088158
16479885786
11490498121
12574657632
23487655591
14204777101
3064401918
13677161151
16182743072
15581729689
4241961924
11599541002
177284903
4611301426
10126373451
1031973690
2537919933
10787916196
238838501
11348465694
438086354
19283982045
11697454292
1955270751
12809794447
12088242519
16503176576
9203561317
19494967406
4832463034
16260196320
5070273054
3655885773
1679049567
10403407543
11038233816
12803286343
9787077170
17746435098
13262034341
12882201417
420981525
13531476555
2553935941
10697421330
13968645869
12438186597
10775655310
5808949900
3165616184
14971698779
17802009601
19503805748
22779983055
18800578662
17362005660
5709016108
17335696373
14133237071
14724474285
10775194173
5479859762
22535235322
12122259815
12680928517
4490350001
15095265968
5463278114
12234373170
3731503748
5445977817
14380355379
2085307836
14369876533
14201353389
5599645744
11916216747
18696150017
19881895381
4652860383
9423469572
9262797549
18822110889
7153112424
7316267318
4448776227
15809361161
8262403519
1390493536
4501357224
8099123733
11953373113
7726062037
17888702590
14751027957
3574795835
18278987323
19525547562
17905833160
3633560822
12450870781
15161880484
18831061529
4659277517
10644290952
9890393124
9674378449
51382416
21498916870
3561019504
14509645546
11134981336
3548438972
10307504013
9156624860
13076902371
2265177005
18039732526
4764007738
21194479708
7990852567
12135933085
21553352832
11783252909
10446771019
1232135961
12359494416
3841179258
5050324509
35727513
15348020554
17028608286
13224759256
6378304161
10894027582
6338774806
7887414222
13313697108
296786226
19399592153
2148049186
10179816006
15003876722
8872302216
15704574712
20203876864
7706899980
5490917354
6476304155
5810584940
10158321503
3249664742
6854414737
1011716095
11288269185
9059583775
9356786128
20047277841
14056407069
11806327599
13779789802
19586734294
635226826
21834760157
12552051838
7752818272
13320531012
14340775061
22506864584
7794412447
13095968272
14200498816
8435402627
19179164329
16560881107
5238590055
8008422471
7823803823
10081343696
7493265288
23040591941
5162104892
11407540841
10636449068
10957604078
16143366235
3968008605
12639703979
3152044594
520752781
7043101671
11405295164
18861633622
16260466782
14226715841
20621799254
7424470638
12758237319
4450230186
4810108196
12121607834
20563423519
16477080718
17694036878
15194603989
6618500911
20283417699
16292137015
14391638359
548384666
18236485523
13303104410
18893244778
4523085914
19072905259
7960745980
3802359426
3438973733
5622327851
15406739703
19945181586
4482722583
9062385455
16787273627
4545648547
959194014
4363460650
21942337219
3036603633
13054086153
10055824998
8217311990
20363567876
9416596641
9139981703
1583564680
16935576248
12684706756
3367161098
17176373895
15945098791
3964842201
19505159823
14906493710
16898615951
9217266615
2594471217
19228315361
1460660828
15968367631
2022925816
20266954615
8579963727
887199957
5644579736
8822698931
5564785487
17022649784
15426992765
12333585642
21190725594
15214206384
16355929122
18475697833
9788558955
19460615462
12915425903
8228692667
17521137944
5751330597
332919027
4538178739
8350278339
13708396964
2244894320
9671312996
22324318334
9816084491
7551908496
17108956005
16822140484
7621603634
4854876977
5258293913
7638777978
20104597691
3387378244
1690443479
15452095005
11886333633
3551281302
18768692849
11690006247
2525423809
23375909755
21385732510
696687795
10766603266
9500463752
4978982765
14876712315
2793210971
18385359998
10336594062
5054443617
17806771637
960206774
16357621874
17498661639
17616461605
589694378
1016698265
4340293551
3066330866
15986834769
13589126765
7140010141
6718639627
16043939657
5597470999
1254369614
14863900447
13681607462
12656675085
11367819160
1381884811
12133577940
18878534240
23112704981
16710582333
5387552203
19175842088
1929924302
14684539811
11153345841
4907033684
12829301621
6440812801
8621112642
3842458814
10852444276
8413870909
20936517472
2450652893
3108893556
15428782850
20723084755
6344448004
3269518228
11987046126
1820433205
7707557263
15202867004
6349393396
6283348789
4039559734
9408028283
10695248212
22080880278
21820804184
6288453938
11892694179
10543106182
1314099021
15374376277
6260415241
12076732622
2144516742
8934407917
2457418057
23930656142
20101022257
18910001274
18784620583
204185220
14068814282
1703558974
11785764477
11353422774
6672841381
6741037677
13445124238
948111956
13191553469
8162542214
2500692445
4501228531
9539840635
3672170318
8413444417
12259367166
4401851442
20466052976
12761505206
3278859772
9217918245
19358991752
4281688409
1554485790
17470489098
18353083520
525679022
992597609
13508109942
4355057596
9396143421
15970819732
21941414478
19026115651
6840081385
5540170299
15856136165
5638006112
1436097211
1508581098
13926272062
16414687161
9622818040
6625552471
2640437686
721901439
1177618830
3688190549
5382281179
15463170663
12332633860
565518436
10531976431
24130654682
14443605205
12484449726
11041640586
8551098944
17906017225
14751683311
2454768927
1969756429
8362913792
9377427611
18638692447
1607820785
8116135021
14184114283
17649907296
5915567267
2635677854
9397923639
14005524627
18494161130
11670682849
21564229446
17009753464
15823590309
9111771038
18226468996
4502675353
22073671539
15029682860
10493985496
4670825916
1279862522
5599100688
20721385052
2421773242
7608830314
1021975163
8050647415
1225118205
16385417358
4312285270
11449426528
3065637869
9559299880
5198930325
2726870765
21501612730
4650225971
22059008577
18997223413
10360355969
22857773495
9444166470
22477899713
663532482
8324261023
4763334284
10545394495
17734846176
20211167454
5791879437
7444444780
16478034180
15619808125
4364436553
3187699372
5918842772
17330417324
14113817635
18957197111
10806640542
22253526485
18506738321
3791161993
11906748515
8921383932
409146452
17728981734
15566483980
16168898193
14099505541
15966549005
2069459773
417897809
18299936282
10586800269
10571590076
2146371973
5341319088
16296926115
5446412193
14475176985
12068777706
7954112449
17717530593
6789034289
454452531
14833425567
10408313527
8071312513
12876407800
17128673826
9439237093
21949960706
5710436218
11261856728
18344876585
17174237681
5009871511
6175474902
7390305364
3653862312
20270963863
22322986457
10144885802
13129142296
15976180578
18344906717
8383884385
586016933
228384718
23643192641
11949301612
6725441963
8341141926
16654206349
14516546945
10710238242
18656943857
13959592050
13086514645
6548373535
6720502643
8467401296
10830480622
7350547245
8386829580
4989905172
12353746306
7835586674
16855200026
8405132682
8174834213
3473592861
11771319502
5949467821
10073776612
16386376800
18158155029
4849993120
3107731561
4380077355
21950465155
4507010886
2361964864
21250897137
6236888877
13787983851
9047910349
4101433402
10486133309
633035020
12884082469
4605222485
1065830642
17842986497
16877599824
5627368635
962212367
2100829513
10999230592
10864532342
19941630484
21931115332
16105993217
7719005496
8249274529
13666266583
10645409388
15831058198
3701517131
7280504676
2409686192
16775544097
12930138741
12783576521
635706489
8518926710
11348202592
18387791098
8674591735
3256851185
24081914211
3968583274
11457642948
6593854048
3474563175
9283070771
7304362082
22190453186
9539788845
2274253429
15070274914
8456109266
11985457011
4225573857
2457130460
11678408049
12394282956
7265281986
5897731262
3464123763
12566579765
18549729913
10677423040
399327899
11602421922
8441247909
1342003304
10314541108
2300578249
17566839062
9526287982
7125042254
15549561688
6559894640
16728104566
10634301441
8769888569
21137367123
17310150902
10317707585
6536703948
22661812597
6938211940
2419807591
8421902759
16309414572
5331549943
9820689596
21042445351
6403312975
8135658768
8670107745
5390838385
16005216974
298247949
9422464737
7364222196
11208766341
20050389763
715031416
15721053140
5546466816
13236984074
10531411971
17931332631
9433088608
4214396296
13572056739
6266559540
14508898762
7117199765
9793881378
3822738974
12536501306
7263577913
4271776764
11810071682
20434052021
1171918716
16727976916
16222001928
7749194758
20123572561
3633560822
14828244357
6155814049
13099875702
8913749777
7444250244
4593682132
1952731091
6813785638
1420580338
15280584912
16868525854
1238833319
8241769400
6141186791
5642631589
15867760051
13911123904
19076701970
2233486468
9764043287
15759116774
4990359047
9570719529
23168354924
18090362612
492782802
2265099433
5193697835
18407870369
6395056637
5826903200
274316130
20842675803
3045321427
15422438121
5081273561
19602384013
15893848636
125034725
10056772417
14480549895
5290163769
19552120572
15757987174
20730604470
8163301230
921222941
19931842312
9941688816
8832714279
8389761274
7887527768
15490109185
12957071719
15373472319
5583598714
10856361185
7483209265
3260716786
5968748241
7263346811
19062159912
6948006458
4692036943
12484021940
14508874071
15195545172
9076474735
18227264517
17814014944
14646755410
16303349988
13449309957
10431242000
22083453648
8807916937
17915320922
12337108652
5992376251
21424031502
23326953670
13806012336
5863065339
21434522045
9598941409
7790155994
20916876399
6724185019
2838856660
17895759080
2061445651
12298090625
15845714080
7477286756
5172022654
5972047723
150007304
18268470965
13628004517
10671434958
19992396810
18483423306
16334170165
16295658819
9880292958
13333749948
7741861150
2419437075
10678608152
2520152071
19934440125
7001595773
20642520846
8633876154
4019364370
10425369773
3167907200
20442058921
4011048434
22421201879
11188757411
5884116433
24109056550
16216401952
15103327772
23695157450
821950689
7652096774
14832077621
6972186251
1715027777
10636661583
10447130288
11990576564
5356262446
1928622224
11986617025
21818547678
4170862469
7157623644
19581224535
1551458790
13159650112
6673784967
8605397348
18224931630
13975120848
10295750238
7053905266
12042561396
18689993098
4048505532
17653250765
20106697095
8836776292
12686486274
16352155811
20058761676
672354640
9852940274
4392953136
15036760471
10979891276
13615904934
1011904044
3058992145
10421793495
23394238260
3009796515
3112559601
914797155
20190215745
14408067129
16725616862
19593937296
14949326956
960435183
13783933405
1260376695
20203704518
5930778348
16342864214
2278792452
8046110205
8387905666
12839829395
15331465163
6878163434
21593631862
18696102262
51542019
6128883337
12946934558
9684114310
9237189512
10706219395
20622498435
6432432435
16323921988
7051900850
244044085
15195737398
6429158572
6453367217
3007727596
14432572629
12439555470
8978329478
4040302891
12612337499
2343684653
17173903159
10388917949
21152354973
8971210285
4661093317
3155420387
8775828527
3476618182
6008498608
19171278748
18812312782
11111121054
5783861381
3984978447
2078791248
20512565245
1514518260
5022946708
44306133
18717045290
11330714264
9655218195
2235826573
14750211415
5860998488
1162096394
18791374707
19172016605
6552619714
4797890160
5865214238
21924949124
3342354344
7475782612
8550836884
6571798032
9231197067
20769072223
2318860243
5511162900
22580994866
79614668
22161519611
17505139574
8294442295
10985267225
2272149741
16847110204
4693095286
14312342952
9136821968
12135588551
4905723731
12780805238
3617507920
2420957066
5036472366
7516292133
5042802845
4074007081
13464403098
5183645079
20219918647
16635934091
15705580909
7051341006
20239204813
1068617343
19260372280
20324152658
5710997605
11561622000
7200720135
11762099043
18052554479
10104946442
20214995493
647374325
13748483181
4292234836
13247366540
18180100608
3263053167
23305137303
18069787904
14060910656
12817291302
12327110792
8426886336
7617536896
8032490474
2188598987
9134925595
17914221393
7549576963
12818994214
21559692359
22906965408
5360545311
22717642416
1304810991
2226251443
3018050210
6397807762
4048505532
15298041971
14194879756
5589873784
17861232946
9396143421
8108688050
17515768134
23503266277
20177753846
2749267152
3941293394
17494324646
23636778487
20433496447
14238442379
3584623337
19898901878
10876454312
16983365396
1840124390
3728148582
8548073852
12342790145
20586791184
18474306631
11884721785
1016306005
15762137874
5204762582
17023102899
12677779323
2539741624
3248762998
20221304126
21538383266
4924271253
1297181345
3770304213
20998973827
17792487659
11204830399
17369233798
7893901871
18819657811
3678894643
7553541354
10268556366
21520223142
24343173834
84711660
22112371614
1885598275
12709414411
2231346145
1005746001
19469811262
2751674517
2814593693
10435073192
18248337566
4318410708
13258390504
4777185240
11080953907
17228795012
5338783180
6471251048
20899271049
7850054567
15084106610
8949534311
5681348116
2697965533
4856819735
3600230620
3365626544
2128485879
23953895548
2373974310
22156173641
8793663068
7067581504
10252103985
14890989168
1568341205
4400500605
19052674510
12525437058
8508284686
9986572256
1774299229
20589347902
12216600861
2172766960
6277041504
4912506101
19282081010
11913422600
23737170567
9112347053
9123220797
9963122039
4719825899
16618655808
13945576254
21339920924
20317294111
2027035159
15531847700
15091537577
15946581743
4053128239
11766745174
7436160266
9661797804
6401567913
22256915077
18146117051
19144962333
2593184422
5625124643
16506426782
17442838903
3165093305
5624532767
9661798779
4649672324
13763137618
7067490326
17896026381
6462191366
13614726608
6692250226
11507786079
16499233187
19814519994
17412316502
20072305848
8912598399
16590823014
13775119498
12659129515
9314306823
21975974566
11117315833
14187571153
19066575681
2187227487
7945787554
23580785145
18554397318
19353947857
17278737911
8909431147
2261583843
11212395171
8287080067
4938869875
12041835961
894020337
13358611627
3671260785
19584213751
20583290086
6788291615
2301744000
2148078597
9705807841
20567687178
15810945088
4874018242
959643814
5769284248
396609858
6996930371
9848585808
12281944498
9761683512
8349910225
21452998369
4249897647
5121519981
15425366741
21170724422
1601075573
12608066361
18671779072
8373184495
3318733766
21089117905
5553329109
8371895980
24265537374
8533294683
8231700924
15156514094
18021124376
12554885306
8710536779
1964885764
15572716140
9809810220
5398637523
16021061564
9303975439
2804720453
4874094532
18301905678
3623277280
872604889
3619651696
13126449207
1019261151
1937823697
12238974949
18526064911
6543176821
16430319091
22369320599
17255572869
16526335931
3066321181
14469185230
13878996185
7758641080
17086317099
18723151491
5388540408
552561147
21539329001
3761313148
11037562728
13030919657
8832871810
5952298018
16602180114
7697570468
6155450366
6465680279
1282764545
7188077812
7909978433
3524778710
5929077869
2538054015
20307639520
8976749015
794306735
5208290188
13512954448
19123664981
3587732154
17326237280
4548784052
22740279765
7222122502
6119742540
2659012221
13719715790
9329827115
21610417319
1964182524
10279738200
6526566134
23872904326
12661964776
16408084235
1544791508
9343715782
22297860147
12504401559
10519143189
3579355907
15313308768
3488824893
9745103070
7329819683
21768583467
11512649115
16166007600
23777530393
6498712655
17592406555
12021352417
19549940228
14636631793
15096870211
154259277
7057932672
10777948902
13894596724
13357892989
8216508876
21225810769
8444580233
7668204148
17702889512
3841722311
1515893212
24573348843
139269643
18896210623
13742949869
3220610636
2448655803
11429598839
2320160577
4492011773
921881588
16209580322
15835861277
10507615281
19593076995
15899133410
6613237974
6220411010
17462885713
7990118088
2325035859
10209523653
1906345519
2368277958
10524054748
7834605412
12868821267
20047354761
2867949925
6639089050
11594381410
16893437846
12475555604
13884154073
6197039224
268507527
2277327873
18764685266
1576455271
1634035988
23556768159
7911145802
16799114931
10020009834
2589480447
19790714963
5621968924
10292172753
4340197716
20797192627
4187113867
6471436979
20814881830
18579716049
4860817207
8236091773
20506007679
11638369528
10397411834
15776547822
20228327068
10625258916
2025254749
11532811174
15076945645
9982693907
2334388169
14063620328
19827630366
20683148157
10174176670
3765959354
13345033244
5120039852
14159308787
9547301369
20333697910
8763131511
16488507551
24095060817
3771670424
5398664511
19381867797
8063166478
15332392434
5425746780
3295707825
6126005070
18507712650
12997324071
17638597042
9146422498
3107634429
21656468885
3143475843
5775034670
807574061
12277789447
17710333910
3779114515
2048368227
12116217800
419076522
8161213223
16965069178
7272180687
11243646244
10326859639
21391766491
1469353579
22528873625
15273441940
11088183191
2150741553
13475020478
14599311148
22594320601
20265390947
6842697329
4747995505
15008177422
9042671356
8706612503
16321117466
9442459846
21173732713
15807127843
18821331453
9008665102
10832146825
7338354425
18655756280
6805380815
11340359520
946662533
7128673690
22482680950
12534540285
7873851406
4879340716
20039722987
10454600936
4373590658
14865703361
16097133432
9843867479
14275182524
4419286641
20010230975
8809307857
19945347506
13429808911
18766139933
16313755593
2305209461
2299365594
17348054336
1018142599
8705135857
19411855126
19035903780
24036129160
20359036954
13379086635
15966792119
13347529604
4686712532
793187416
23040707652
8652590599
17812164431
13602385440
10040408677
3271604765
23338469441
5828801162
12242742792
18618597
14153680255
7895852194
11270162922
9768943511
13246106807
9222534543
6994227900
15540161861
11366635831
5538396826
4596176250
3574795835
1913970071
6138961900
4337907364
3125093928
2108142081
5406649098
2680113478
6475591258
4439998522
7749264558
4428260560
18944557511
1256141866
1380038965
19727285928
16019608749
15381003068
6755196948
4713682403
12971674479
14588774464
7785801037
3052497807
23226407979
11199210838
2176241910
8031702824
12422874512
8939991279
13022892172
3574795835
16436663249
11130882628
10009822915
19266549087
10598716324
17435833921
21167675404
4672778823
12640442682
3038071106
16194596364
7290731175
2470027840
3289969158
10735456886
5158233638
968525416
2359685051
18583767910
7809310258
6515076574
20748874823
5627042883
2512008290
12459719623
12639657013
8233265591
8987394646
18946613056
4318538486
20882693560
8721285965
15347859526
10597849251
17496889912
23354649367
6966894043
14378216247
9572329132
8214460708
23555387415
21127501652
549098281
6761755342
17706112858
293676001
16226021303
9927618778
8919804879
7802440042
3355699484
7493265288
18530637602
9914560513
25526928
10436131158
8409813948
11299013959
4588565838
8388785249
16504263131
12620576451
18957103234
5871547675
7615900590
12182118262
14913307003
2199553256
8351777067
18063484589
11601435803
16257983023
2872005545
10982291836
22604775997
16960198605
309993169
18956407080
4458019914
4505738505
6304449431
8195370773
13265176025
16713730619
10858533741
6949031443
8907064927
22858739460
7082437834
15371553700
8082790523
12802079183
3427905165
16439967123
12419230555
13739919324
6367112183
534269572
18349364977
20073916044
7956684598
12650648707
18675245840
21022622775
12860112641
1091250178
9539412908
2539450431
1626158471
15335231798
14412582979
11584984126
19038509417
10421792191
7374107813
20365654756
13404836192
10569401670
10354042194
11056109447
13793874411
8749989357
7179144602
1655820630
5280823794
3500607155
21212339071
4049880799
10300789188
2988953483
10031734690
11116899844
19909285015
21591505438
12990037742
11525928264
11691883932
13192853782
726493353
11010808487
5735274149
12898613441
9934620114
9454059205
1215606059
12745500376
8987088653
14577407860
15034311066
18250634638
3586055338
8851080499
9344007802
831462123
1771889741
3124461208
8830662790
17767722658
8989434337
4005468889
5710869538
13303109778
831779416
23605854018
16442515548
18678377802
597294891
5930019252
6112019171
9921147413
15164569516
9903506870
416969432
19555835825
2019162115
19942931166
20867220283
7891730929
4735265413
3360852841
21407120566
6501843859
8549305833
1314545952
19704194181
15439908104
2565635830
3992938835
9431350245
1892442290
14154933675
4500962874
7135923608
14344228205
5158233638
14528030506
5164086647
8764944635
11570077372
359513877
7171070796
1630847781
12517701237
12598495727
10344911347
6748319836
23243746669
16133539716
4584828981
5191982759
9359410667
1090868462
19664174127
21377427458
7617984432
8948688119
12278116349
14658990785
2746403751
8580888921
10756497968
21517327432
14038969964
11634078247
3605509972
9690306453
14039826829
11931850971
5642512472
10281487935
1554691909
20898987528
3295129899
16964711471
6345921146
9950243544
4162007267
18910486005
4087607198
5285816975
13467665226
2323296205
9314689168
18312152146
9041574287
8391788471
15983414722
15352431744
6578329942
6687334020
1620190068
21939349081
2329467662
13819059694
5539286832
11778889176
6855155300
2409470739
9967291919
24214127158
14037173738
8521158766
2554743520
13405479629
5343293037
1723425793
11366635831
14160603236
11079584053
19655799355
3173781244
9906351109
6163449826
12128632341
10305288661
13915062834
21065392074
9389181094
921689543
5074021765
2368486354
19605294729
14946432923
11302609644
1922834865
16742044760
9441160366
15768060854
21816460168
11766013475
9773979439
20101812589
12349379941
204185220
10920990424
22234546745
10746016672
10950518074
4258564652
9102089650
18157656344
1254353006
22944511651
12626090855
3960767018
7480392868
3646230655
14583293385
4252236107
8270899466
21123784412
14179235480
1448938531
1244630844
2267512383
1357350216
6896478663
14370163789
10036318556
5737063640
5882221940
6020359762
3149464762
9645527686
22979432447
7095667802
6251944586
9578914624
6834842619
5077152759
16618663248
18634950908
1181179181
11852738569
10736074782
19189773713
489356145
15171374170
13167472332
14945628767
3592333157
474700041
9180117605
11029158952
6302297486
15394021011
4154390683
3599671658
5378971718
5314560368
13799518555
15064843716
2864385123
14591224544
7040548407
13993452356
12207572395
478819675
3318841727
47387291
21245816302
10177880629
3624825840
17317397778
2727387723
18870581901
16162534515
9457113517
5459740435
11822726351
16617030515
4335748667
5536575316
8349955083
13720755954
4835256071
22090973050
4846090226
3566633759
23183526627
8325286166
14037451255
6493213607
18330691719
6844748290
10008932332
7806832725
9574173272
13091758331
10515186734
12984173948
16904918658
17157694690
5985216685
19945825842
2288795603
11332037123
2313638165
2731250370
12780310056
7291898968
17705278396
6610188140
16342669030
11457858666
6714045830
13017556777
15096477026
15788613794
13389146680
7882211023
3603853537
4474279721
18273198652
19930240030
17052136049
9659031054
22806781325
1523960207
10506710422
12796789063
1487886743
24243583053
17363317094
14565327948
6538886323
17172971004
3924527452
514346962
12750808760
10704402071
7529906103
12207170900
15129520836
3490968545
12989350189
16387177889
7309842142
12611656168
596352477
13798933275
12160018798
20038416585
10114527945
17277467148
12888745210
15012770358
13507025668
7834604007
10369787046
17156508269
15119478312
6964339938
14147621755
9835871903
18244992419
14017622665
9478735630
17768439928
2498391407
12663034614
9994082605
6678023954
12156163935
19678869708
4277831770
12493463834
14176938840
21237189226
12380659456
21131915841
20805028902
13769573378
19429041271
5941790641
8369558523
313028716
23196227679
9892583728
19438740387
17015547211
14899122499
2234732050
3029590569
7575620680
11159890517
1996360067
22475202227
17047656455
20788776834
6955171430
13439698770
18852067485
5650867408
18840375860
13370812723
9845769192
24134786475
4074085918
7421028883
1692035314
13847517281
9635016069
13928616950
15694239290
21379868401
13156989232
9739598349
6915989006
604526957
9206477296
17438436367
6608109193
18776979781
2678413549
13448003381
10450788154
11532637594
7810274885
9198189940
19614487280
4502845977
9041759918
16026558868
23184794943
5028069728
7088150917
7326079373
7700084410
9120455961
7511761247
14219058763
12859344514
21585901626
3303132231
17321586239
10313463082
4258821362
9062385455
18056856512
6698462106
14452771738
9500896016
5166800471
22256399908
6421403558
18136627224
12445235846
6636011815
3752238875
11662558322
230049112
8006076329
5528330136
820854530
9572044736
1367736675
8033217078
15122795740
8459268307
16368438393
6965557651
3241832287
12288295137
19366904492
7264598949
5603277197
6209456454
11824463853
15955154949
10085697097
9471310061
981388575
5572664661
4245630853
8441413430
7280014163
7723440295
6817743085
18796691299
6261314618
10189207305
12132139810
10896369861
21267703937
3584957809
16534207960
15892248946
4783128566
9233037189
5353117264
22726044408
12307452378
1134748310
8554579302
9468281271
3949859774
19085912625
15156307501
4271098574
16551639085
199384451
16566579452
10744137863
10395447935
19724358985
3990465320
21612939159
4967971955
14619322308
2812381195
20802241199
2024575480
10522319413
14507107730
18053856536
7164544364
9925447225
7435969750
17674340785
1916379099
10515904986
8237896521
15865537476
16809898783
11043009822
6716497740
18237063254
18623128734
6125936382
9123981006
23237516650
13937400044
14958011147
9105057324
18166470063
721773424
15034311066
18788795721
6014200856
3010263515
9730372094
168608908
947106859
3732302924
9122896551
605908824
16868738928
7207906749
23228945554
1348692350
10253936382
5603243814
7872440383
5615698773
20265247241
19019995745
8074202082
9770477068
4093878999
7889604937
21970046182
10560167734
445434084
3121675084
16920313824
16057761411
20229571508
4669444958
8106956201
5565206994
14779796121
9556024504
1356023084
4828991190
9774279283
22643326286
9947170080
9235895884
450483982
2021302247
1514060209
5922704913
3105210961
20159029917
10588232370
12422115518
22922094150
11485698285
1732465098
8836593176
9241011822
14508953128
15271558159
22185095529
17188400232
3814312314
18998282670
19015766539
1770254414
12767093253
6138455250
3580943288
18871524808
3370160960
839874235
7053605781
3474918984
11478762145
12863954883
16561544203
7297092227
3960480415
12031568721
13671437969
7216533020
695695150
6325140427
22162530832
20984490100
15659108108
3939899875
12666153503
5697366648
13600189144
2084009481
14830285890
9059905002
21095141393
8539690834
19426159728
11234576905
18745204919
20558156745
9029172533
1419508087
8647862006
12973559229
21075718454
5463813158
10417195045
5591615445
1921529656
10625888378
10061447208
19185293475
15936528098
20920744945
829176540
2035268367
9621994610
22606954053
7283760873
28648944
670984639
14676009528
12809408401
14022971064
7611957541
7473323174
19798962918
2698023446
14511763375
11514257462
409740379
4206095977
2933649278
584011044
7648830819
10572881357
8008807162
8233070649
6980709687
10627914990
7695006035
7960582348
5093380603
8752363052
23400959365
15120752840
9810620650
13690268095
7048041697
21348912647
5579171654
3146002450
17729970658
951150590
589819129
18515789983
13258917310
17684863874
15733710418
3277091919
15396797139
1194188513
3674292025
16425640842
18002532662
10347565158
15097128573
7631190460
4409969071
9378346640
22497957668
12471261126
22438689172
118967536
1404141658
13387798451
2063298067
6725328798
11294891061
12016138758
3921948478
8272213862
10902198104
14634270120
4227680183
16218985597
8306356621
1372596583
13108152136
21823897989
5849800902
2706919053
16394930525
22631468990
24195933834
14194096958
5561457090
10364716429
523802973
2408725603
3389283591
7844415700
24004607519
16019297938
12706891290
1861034257
17205105377
2473498986
9934000306
11835850323
2771021450
10942133457
9947475475
13071177515
20337870701
5620257696
8629864094
15324406414
2052933792
17316806059
10246404404
20672083520
10635086116
4274287516
2534597408
7675443300
5942485037
2842737994
6046397877
4994665568
13091758331
8951478332
1641708598
1447452922
3193547384
10264630654
7785436822
20611891167
11877926122
5045489956
2252692208
6732598907
15468462190
13564798073
6947605434
11116657845
3053420964
15486282960
2915087575
3439768528
10009849945
16266975241
1769115205
17504972630
11009204428
12055617188
667649377
9582827665
10858124292
13722506516
20048952494
15374304972
18945833277
3938702394
10413855429
6567983549
950395212
2019597420
4135099140
9944573457
18560095723
1030513912
5680253400
8549207535
5187223633
8930108071
3824201383
3822806387
10502369547
13013883475
3783019971
852125357
12552713686
1898062050
11749326431
432461728
1554485790
1885725894
13816430555
17443353379
11425765698
20005007491
5089889168
13582282780
15688949501
15389158330
23018666333
8818939006
12172489312
7546449642
4500142190
21612829671
21165331838
19965334523
4586518758
10689430364
4952707760
17836908596
10890870332
18650418718
10741242287
16648804555
2205412462
21749669229
10261491438
6827580533
12537829937
16457519458
17001756084
19979144627
7102934745
14684354506
12724968803
4655740443
10831246939
5573447488
19965110447
12368978159
5236931331
444230257
5798800081
11703490110
15098083177
23039193608
8710536779
12450810531
20208367032
4566082612
16831053390
9963982647
137968340
13814994432
10988203697
12248497685
9392481956
12326372898
10235325901
12432361072
5727664087
12630835107
8561221008
5592396214
4488163900
6260218897
4682520241
10637233396
4842377423
16821847700
16627682015
6375079961
7152184584
2002227052
2694601956
13588791482
12130657396
9982281499
213163034
17593175437
426209040
10608687509
23775382091
6186350164
21202782144
4723830394
15081121279
9444166470
2960376870
15866024737
15782246215
5575561758
10735956821
4171822721
16278549472
4636488287
8652922795
15858891876
5320137704
10540776334
19842750330
2366387585
173290332
13317687215
9557766379
1160586098
3502636538
6773458090
16333673865
23723416710
20333542904
9447467058
15589057124
2811223678
21908305360
3577180316
16498228228
17484198686
1928529459
9000409063
4626811632
15602764221
11442787847
207566761
10826938727
9778229394
12766942920
17461888633
6739913663
2924886057
1905304785
14391014117
8759963441
16050542846
1609487027
12158663228
14051588849
1085858170
2950299385
1455417812
12331606273
7914510187
5559383811
4427402439
12315722143
17968242367
8291599877
9643437371
12961060001
3290682124
7415374362
18874407700
4204946796
1300576512
1721710618
15448968563
12328888370
452956660
34778507
18928211848
4338990873
8050111842
5783455775
9397448836
11190060944
3961902442
10704303503
11289349821
10641307183
11179613948
1245511043
13944805682
2231346145
10203434912
21752440509
11945092490
1254474229
17308109082
6626329195
16330880764
10588177581
14132691404
1083719616
493582944
15132445107
10127362227
17399811940
18467478904
1824724303
6468877010
2518071046
12135904174
13226976692
3856264328
13174080893
17708087740
16987344545
8462361485
21358152034
14093710764
8934150358
971011533
9592025099
13549157788
1512806654
7097154891
10971945763
15043121388
18471047319
9443004140
15527429706
11170584135
7813089289
20319051950
11171669312
6753919552
1598967265
7033104677
11983733915
1315296038
20588663975
2539566033
1297578658
15631751382
3545572561
9982806857
14891078711
5238590055
23264064625
395261409
21915019856
8378127425
8458925188
7269162074
11988861126
18901107058
1730498477
12235845192
15091370960
15574275376
15255234210
21244490409
14185889347
5567190074
21650484750
5930295605
6710599762
1179823469
7411715048
15210472250
3460452561
12286554482
6589426472
20593418983
3107077771
15651114358
21235563728
20886239802
12531897928
14167829570
5403811000
5944366093
11420858971
8725594539
18223806337
18614000075
528770141
15713299908
5711734778
4313358450
2778897297
8390438468
23162602270
12807576770
12181870509
21095056556
5578821162
2026959813
21297995492
11651685027
10236219636
22358115141
7311119959
17976006570
12901837267
1107639309
3426200392
3477962663
16978344671
11576012881
10188592109
8858744613
12200426824
6260526526
1184612310
14564244999
808923829
8603448271
12613419501
17973294544
2422367109
21756906624
10859796952
20222186849
20595476892
9807902831
10222672289
18845639586
6993006741
6508503063
17322876927
5261325571
12404954673
4525582952
11810384008
5116005265
7149012489
18565913580
3968479847
5908671684
11049704178
5268381421
8113386930
15462506791
8552704721
8500532867
7663136954
19578618221
11138633153
13877254676
15804637800
8777596502
11698849696
11224804173
5628188810
6834587645
4964819957
3234227321
10766560541
15617313419
19273450722
9768704010
4627262740
791338306
18578747451
6028782213
7079944250
1079634278
11436668751
16461061092
19929836176
12994253653
7660826444
12023298888
16145794994
20045454791
20962885813
4655740443
4575425235
11441120916
3439090032
1517023635
5985929325
4569337780
686926684
21748035779
1353978588
7548214000
10048684868
3130718348
21329091915
5364343092
10992472675
15417116428
9919277113
2073667600
20031846590
14875911049
6015919139
4401036482
23349556648
21992156586
546445339
4792329264
4040199800
11197637894
5753017276
17435061303
22056093579
5728659055
17447814364
17576682371
2857466289
15987572252
2396043692
12953906741
9649479143
4608407568
13056560339
20751632221
8263595967
18930182345
3549125139
6905960078
8376279728
10378384044
4147837365
14865221046
12151554471
18224608488
19986349334
17803070675
21029241051
15486124196
12065829720
19314921397
20479212597
21446996987
10088475010
14275003913
3351820590
6096358976
10360902597
7382482222
11351624682
18280264538
22299829316
14451181004
5862067845
17073282654
18817875096
8405384147
7695173315
17380232507
4743050120
13707227366
5463376444
23351756068
13367040256
12478153367
15450490252
14824775378
2071355942
24719192166
5502800075
6538499174
540780404
18102264736
7587191681
3536937158
11866085800
9017866675
22142761412
713299214
2022925816
9614435423
7045747786
15154580666
10957586451
7394734375
11056743394
18169307319
10496017045
15780994430
153311324
10753132269
21062996657
2136856279
20038684543
7767809046
9698800739
16710762194
5978923024
1631343862
12949023838
312308972
18908661196
10106207723
6147460165
11515416385
11922697676
3248509220
7638732213
5052453714
17126640610
8010054407
20179875012
16168987436
17224028750
10646699311
14085710040
2474800003
19749768987
11107511490
19411075819
10782789856
9832090667
371362143
4277698696
3803841089
8203130212
20348195326
8132157929
5862325086
17983744671
3392539932
1052906787
18660240872
4605300784
21093983232
2265286675
20944976976
21387345946
18218668218
7071613104
9102322171
4613846151
5047837408
7364030500
9794653232
8023440207
8196671588
10768356945
2084765277
7895940317
19110865975
20929631690
20671884590
9079292993
6644311797
19702071058
681429998
20725609992
6519103667
6719348651
16350248307
10917575627
10302581407
19795319952
7903837100
5526887857
13997900278
11209267102
11570157056
1487421821
3186705502
11906748515
7487103038
13477977938
8484612462
5898348503
8941684657
19877692162
322632665
6692566447
23742366298
20384688
15722765923
15100811011
4628094556
13097897038
10533471954
19617802397
14232344339
10461532701
14471511289
5610069503
19271185260
5146730439
8797052392
8420986358
13752886058
9849793692
2836910244
15194066709
20623755671
2235469128
8777760206
1450940607
14878317532
15346772430
10980216275
18960101512
12188789961
3110160083
10689009606
11648692003
14448207106
10583233636
16186662543
11994976127
5072578234
4537867781
2290639803
13143337641
21118381009
3136657388
9590767350
10733252810
3733013588
19839690590
18790242045
19988060606
9736887718
15465998768
2187568073
11270575220
7892772897
11812401361
13442012333
7150066145
15989973711
1106869175
2099273777
7789231984
20240918608
8285029608
3353713938
7758043734
20965464393
9368640387
6180067543
4682997110
18302178969
17583019299
9130227337
431852813
18747893800
17494125364
10148703558
14769054969
987289298
572971888
9194822152
8843547328
16571981936
2644229311
10539998549
13210452464
18537317461
1055106117
3977317219
9360077175
18742532508
17526222303
5024667348
2680618383
11250119089
1505274750
6039812602
18100682583
9715337831
15788960202
14893936611
23615116778
9988034469
19636732346
6857706232
19710102476
17703141631
7991705614
12659234072
14707457353
2613682541
13631871996
14208731195
12163886726
10537308620
9279519006
8730314576
19137352677
1974271534
17875197620
17101260064
22494684349
4553347999
20249022897
20807898778
23865591774
792211211
18364472180
14985809994
4912377344
22831260423
11316480246
5917680494
13006628296
13420193454
3821428509
12179550635
14195456313
3871578946
1106149736
14977860331
7524391038
23393064022
10469065136
5710869538
12137122045
9334886539
3043341291
20279394036
3368401101
7819055962
23020705465
6897775185
9533055458
19811117632
14769233710
845885703
1045332955
12336039705
17822175836
8872860540
8753321214
12848518885
14667619151
17851727863
8119194873
18872973440
7649772057
19641705465
17201773907
11727941848
3965755215
2985923856
8991275071
9042671356
14115775231
216685748
23072605333
13945224591
7829398603
6698785320
1940692852
2515452535
8384285779
20775736346
3158164595
15718267693
20407818900
4579529811
8225637692
8386104250
13923912262
21882357904
8434303924
12529847739
9247932771
17779148060
17649371888
5511820879
13628466842
12166482835
7193452994
7751607228
15155643459
17139564408
7601866051
252319734
22412279076
8435608762
11117752149
10597415716
22857151821
16167954944
4218706998
6607339911
8272414530
12332633885
17825951416
14273683468
4845780422
17842659354
17019235933
6012624791
10787163270
15118784302
17437717741
11423943984
980400862
15201535764
9228515041
6719567737
10649100596
7798287164
11134169749
11279598546
12852757257
11432416353
5488440722
2374352140
1612222527
11123703859
2502465386
13205304218
7960627497
1952154679
15784785119
18788845333
9403681601
19560998783
3330678775
5701252522
13117172581
15110810249
310030595
10362642579
7683333667
9458297407
7052025467
22860747970
18414453088
6542780944
2374161143
4458196786
10428476012
11003969895
2981227760
12767301213
8323498615
9908391619
4555664602
19090935229
4345707616
21569664602
912892554
10975065762
18062915577
9816540973
18925801628
9966480534
7026833736
10923372189
22481417522
9313030382
15006487186
5040491322
11191358306
56414081
9992315032
10360749462
12395698336
4868430139
5319449598
6498712655
12964689397
10268082552
6628889408
5637574971
5845205776
8406438805
480887791
16933706190
10251097344
6949253227
3590376837
1227633257
20557229478
19280324231
4873417361
21301936716
7777137909
14188633312
1942002166
16191452032
11400334964
4193609419
6516271910
15923801074
13131890529
15958753213
5785292990
19017550261
14151209010
2409060117
9550238032
22720908998
2496605608
16242693202
6732746696
5183393746
18570049946
15927232326
6903295468
14236863087
9014781806
16884798190
10865789477
3254286999
2902045918
5968736813
17232589883
8812527493
1177887978
17146441771
4327632567
12829338848
16495631919
18926459348
10937573658
2981895048
23058728696
2265398152
926704722
8267358536
1765592070
16117059942
171717307
3555276576
13410491482
4782424972
17198734857
8216167859
11920134918
1346290419
10979981919
3792742731
6683795882
1595488529
2898767669
9899443384
7257832215
7472750644
3501617388
8609114359
6284975540
1456046526
2723234323
4410664009
9480756117
12263583289
16695496466
20196108555
10871385771
20659058493
12785924932
5249285340
2043941196
9478501771
9545660328
16203802476
19971000101
18932009920
23463357818
20663585581
9181857468
16983467285
329909336
1948394266
12424607364
20730686724
19229394965
1169980862
23790297279
2200457072
13342956744
5988659585
10893757573
2407492513
2787033063
10568349977
4210989423
202752503
5066305815
6923350519
13522780022
14913307003
5438389708
12122501303
18571191651
10049353918
10867066271
10090061180
8624604369
710582905
15946357095
6728387346
20497425647
3190740745
3638958270
18161091900
7473096618
2344798285
9128794939
23048837005
12637985311
7416379643
8873424233
226360243
4278375929
19601270146
16449340483
5337993852
12441016693
4194934480
12190584105
409740379
5701335273
8427438685
4850215739
17591961261
240074427
8710367217
17911766171
2515720317
1440099694
7118608646
19456100272
14378188404
17736566379
13174646883
18084522627
8008671982
3126042204
15619529806
11993647649
12470258676
9754234134
21180076444
16887771870
8556830045
6780751433
10710526957
2419401843
5413738686
23572225185
5818055438
11782329883
15355879557
4158409302
14276832167
468540923
15687541786
23174054274
21325608130
10564561077
2638627966
4569409229
4500873773
12208816969
2207696832
9572310084
16629118883
18749849143
5210607495
12010962427
22623474311
17094154341
12131243462
8647922000
18914481524
12013087479
16423562575
7783884491
8922324913
9232057371
11523866296
18378211727
10601089709
11060197318
22881823129
24379354379
11594076812
8472137063
20758457170
20231349966
1507673222
14194092165
13777787786
7274012800
1511054694
6672851249
8293512264
8258768333
4386744527
1692048493
9524811496
1651497680
11365258882
7452997862
22081042493
10603085928
17616891386
12640141026
4255876270
15235455779
12230854063
3849712112
4842437011
5831712198
4097895136
21358370124
2810032161
2566913491
15333594606
5723119117
17338306246
2526912486
11179613948
5536114084
9666903950
10737068325
13154972502
12947557690
17859010319
1396918774
20477422692
15847437212
2233447803
11008134842
1555377950
16814360076
12032038322
315518728
8037378454
2697095324
8519574459
8988196860
8035218136
10418404240
8217675055
12128751915
8591431505
12598949030
16793356471
12689211551
8223056937
13401340250
21079621062
6273564128
12862110656
11937626486
3128965163
16589942210
16678886770
3396890447
7684897555
3124804473
15413812235
17548191770
8496257644
1965979420
8194819026
7129012312
6240707230
7296824396
20062320122
1368434408
15738071271
9409379029
5995139436
11912725926
13299415008
3786684150
14207437425
1428056009
11654280491
7333272124
4809438841
12865491435
17582915267
6889712240
21878841142
7442667918
13059905219
14790208736
16862156237
3817712116
18205551479
17855099634
5982092411
15755286458
9188829356
10571831957
16006433181
2964518211
13086192250
1416891258
13944560071
2782772956
16732501610
10574954322
18038679607
8370625115
5918038464
1892453862
1217237770
1522913233
22416555475
19974381595
18339182946
8752061250
6343108644
8034398087
6506519288
3895654967
13150191350
10337363260
19492733267
15827550971
6209068585
1346548194
9308340389
14464348260
13454221240
14831976098
4549628353
8468100399
6595677957
15204800929
22358598634
3195189419
21904683507
9358148402
20350033428
17120499987
22596504110
10180361253
7551254481
13669380706
10666383972
2963554588
13154097450
12435841372
12091400803
4201467526
18969438652
12577224291
17571121168
6223957628
9879969891
4965403732
8625465706
1016272731
7641652993
14204668559
15190747479
15377134894
4765832553
13099160205
10747234225
22210439195
11789078572
11562744888
8679671466
8741288127
8379159686
9600413850
7740063523
8746216496
1947094099
12571578776
14873867737
18017933633
3794275937
13017415644
5057876060
17757739931
2969548858
7789184588
2229695278
11383211796
14099765037
6196573620
13360591572
12996773098
7273717503
16364556283
9986163620
13744419276
8871474645
17184759342
11212278317
6476014541
19578401610
7953153529
1343488904
3968583274
2309683205
15257350643
9892869365
10438535898
14928601157
15869151085
12337016035
15227878085
19765408831
10858599825
3870867026
3865446532
6685564717
1386451130
5718490908
2484132924
7421306717
2389868282
3458190733
5285877188
10787376178
23646368715
811345685
763118060
1951319847
4684564052
1483533760
16506983395
7916063753
14143151450
11133460507
19256187225
3696570150
12644892009
3089408676
1665070405
1730003176
746788461
4279532783
12134944631
7746888110
18727519225
2047720669
6037039761
11838020101
20806726290
13749807910
9121908684
24097442617
12870670775
5392092381
16415801528
12985189621
13269760004
2149979115
19519053514
14755378375
17668828319
6135971880
10877990646
18474032848
1033181044
13879964027
17420072396
6682724248
441554862
6013467309
1679722643
10384865480
22126608395
14132983151
18099575051
1225052077
4510304035
17864034532
3365135234
17735615860
12754983561
17317135841
21936363331
1168030243
13960892180
698585096
5732536557
7773282445
18747766800
10377868376
6580843254
1654312520
12751382188
10993488355
3959852266
12450669787
20682939800
8561790957
22266012982
12447112437
12995141601
47009964
14866006583
13782439197
16257903394
17563328433
753720264
16390178818
15231057658
9373949482
18107838442
7664523120
7352497944
22199575389
4845780422
11343667082
22492785875
21085891226
23857266613
16089796241
16183818696
18314233557
6692635703
8708078631
62987812
23439346957
4911157752
11065018708
19974092491
1569982997
13271117856
1460995426
5004131709
16604308744
3262851083
6059657858
16426888365
14863627202
10139295607
10856572179
6589245588
1386063509
18299866503
15357825231
467134795
5254148763
22817588250
17740787459
9191857778
7982117324
11805504808
184490690
16818263782
4713434789
13968448834
10492045973
12421062634
22148024082
13150663593
12447467875
9393001613
16927430709
3317905515
12837521461
4692987679
3625445213
6651919898
11547334671
10523852264
8727809749
6671336967
21929539550
17941521398
16177553117
4840230647
7398455240
5616858034
19949518316
7434899380
18068240861
6167765010
5544685936
481228474
9383865539
8366165492
16840355969
4474398211
3277915197
4279454277
860270307
16705278586
11252746781
1605918625
12995502856
2257395660
9987329524
12927202942
9940002198
18274483441
6139852499
21542318343
17262401699
18885871731
19160727633
1953321861
16183748390
1030909043
5341319088
2150791876
12893735363
20874181281
21895057626
6209907134
2557756496
18334901007
1668276315
9713312138
23018784902
8351456294
14901562567
12632890100
10441683706
3147549133
1600920599
14271360876
10178244692
7799795885
8333624787
15426576556
9496633181
6789324299
20026896166
13839976849
12962191964
8788997788
3247479981
14799399191
8335206874
5486567858
12909721677
6222978056
9343703674
12228298625
20695718590
7200529007
3590427401
20335424415
10932668624
11364525647
10101598787
10566555435
1872623943
2409845341
10324834900
3848723793
3157927199
18791574412
9556505077
9512357392
9396309195
2006554734
21767249403
10142925040
18209030750
11990765915
6606052060
6606388911
13999694078
13991556872
446817944
15413133875
6400940131
5835339822
8399654776
9453914243
2299480399
21558457379
250274471
9741667614
8947947267
13762906922
11875758806
13856029011
7994480658
5226118734
13382797975
8063846470
5469056651
19028088810
11474883
10533410497
11304097063
15189491037
17685275468
4914210134
245618370
12123126057
8524101300
3559802125
9680182438
5708270787
8053712217
9375261440
12683886923
7832296066
4377939372
10871149923
2293968157
5391399024
12440173651
4025695168
19027854073
8671571947
12841692301
14751419042
2841740937
7683573274
921910726
15822939527
1191111593
17962461932
1824772784
4587623530
2419221846
24059990526
13687343781
18390767233
15434561534
9205034726
10436274097
13440270102
11446360382
6986472055
7796915334
17603680801
445734890
10090773778
7884295086
7328660688
17955233888
7453802639
15968639873
12885979975
13613732919
9571781393
10608478709
2841443452
15044830546
2315647910
11515534538
8639146181
10419978992
14581309505
239599373
4262894992
5387126754
17448424492
8864929022
16858233959
16590570267
11946703
17716988942
4244723006
5381110137
2718579977
71734394
9130963358
18540782281
14422300101
11055506565
5444904845
1851801818
19438848111
1166609674
12149392625
13454489786
14571247018
2504587497
14393569595
2814225486
9887991588
12211850079
7668949145
4346366779
4923270651
12682643749
12846883863
4255756828
16873359008
8893294578
6957811584
405783841
9811028526
11684090652
240074427
321337136
20079086700
5357277382
16247249665
6475977425
3978587921
5642443559
14560119318
22753290005
4500960579
1196617034
1399441557
6195677718
6938462049
18105170975
3588703907
9410661133
16277525072
2491378916
11400383678
6092700264
24418873306
18120010984
4865507302
21451905165
2281127434
11104184054
21133321800
9830568285
2899680750
20385997439
8330418200
17686333182
17328980439
7172118555
4161112809
5615761820
14243039191
19305040517
14184018944
4234987194
1966058562
15326982921
15891526463
7963708226
8544579983
6165160746
1271589286
7372690327
13568087481
6022062257
17632861628
22316575684
20384688
12223544927
3552351162
20123923445
10223429321
5990209499
1523185295
8107999115
18032170518
16787630010
14139022424
12569397197
11024704600
19061065759
4460892294
3514638673
10879806498
9974406413
2200757405
5162501832
2147390651
3246202214
14488988520
7254304848
20035132408
10090101067
1421038985
14525688367
17890570148
2974490027
16581247803
8694657220
5350209027
2186227222
9183918405
7436556257
17344363388
17012618484
2497804957
3878704886
16662356412
7358987252
22036855012
8807756121
8153390246
3487518207
5529995737
14183906750
5413095659
1614489960
4027445882
5419458680
9029595060
14962284494
10918608897
11580652715
19586595952
5568797522
12635756930
21400340198
3018264605
1837489382
1706781285
7990689241
8905879328
9497849430
17451386328
14036006952
12144770654
442213035
8286317667
5675406681
15446786336
3603798444
22469861686
15595849843
5169434473
9231996150
12793255097
18461490963
3459725407
2644360073
17201760134
16283759533
8391226246
592817502
14482973543
7069648255
10711171369
17732596514
7800118890
1142502394
5986317366
16407202107
1562141737
6390454108
12403243630
5412464493
15591856516
5873341677
1459679844
9371050712
15616944864
1739091899
3388605225
23201465604
17744121631
5802547230
11036501087
18816973162
8524792945
8707555814
20435056431
19857447465
7668204148
4743765068
9579565975
7893591866
16968719205
11562772813
15239324011
5855415186
8474897477
4458236378
7000278832
1846553027
20460194799
15867610054
1472117497
5107403562
6304875891
8852122456
16731539916
14509707891
2446480507
18888216771
9263630376
16663925620
13311740524
19059175508
14173958631
7416035207
7453114842
13415106241
11288699985
3962098682
6276716258
3808905703
20416101475
7011936764
14397933007
18025742000
4645802611
15874415062
12135314200
12296518315
5331549943
1271589286
2207810954
1356129591
3824723236
13183992910
11925642721
13908346457
8744429025
12730033040
8390036654
8237466020
3271805537
19835655813
6574052267
12879440907
1927061418
22557901884
1006195476
9163606174
4021721207
15410455516
20585454354
3938588432
18481489683
4033221330
20208696202
3184391048
3975982936
10343166586
2329416387
8219622568
14584437375
16023386486
4742955244
3967497637
12554178203
12493265345
6439021205
7225664060
13753721039
5526067404
7695173315
6914269923
4639224075
5695812982
10150627739
4523840694
566659985
8480456981
4539570568
6126540808
17616119772
21581424210
14200498816
9913405400
2916535216
10508936155
10641840738
12609985305
6100049071
12655406310
14171406381
10308877641
11622482862
12784177903
1462239018
7422885242
16034781744
8818137302
4090334348
1585967629
11010511775
15253070399
9155949040
13017346707
3118480154
19966266156
7153591604
3168124184
19544683994
7421816964
6287040116
12431797287
6375456628
8720511574
13821778464
16357052082
11843848916
2202051680
1233255630
22934000174
3808288528
19884745982
7150313808
7136979519
23208938393
3371436468
13652062123
17654388715
5274465643
3724276533
2450789397
1600384989
13429764311
10796498954
17850176973
8367090305
1729270449
17480970993
12297959276
8593682227
12762709313
6671050230
13142968757
13340084553
3530472595
20341962944
17643640397
19969507326
7624951301
14914448437
2105249566
22573034476
11557841119
7933911655
15865537476
10376070282
3341240627
18181974890
3871449174
10363070289
2648866587
12201822443
533376741
21261381693
3512837695
3870648266
7207657680
15037477401
9634938254
364270408
6227609643
6759891457
1993891975
2865407040
20818989695
12400366449
9017191152
14407291692
6315151531
8267503892
11125790886
14936717003
23556300832
5794619137
8609662952
23350999210
9186645110
10455399557
10008932332
14060770679
6958608242
8042495036
2419863125
15144030700
3700900878
4759357779
22220656170
16168278155
12832176174
14014873753
9964109567
2719134196
3360040058
4095912557
16350487470
14810138865
1950825821
2888515374
21901825185
17102658992
16207167417
12653091453
654798973
3000974326
989711025
1456155364
17485631404
18754012284
11816897685
2592650065
3066621894
11245324207
11058291025
3078168364
1311069228
11532170448
8783446308
2081171313
6888725731
18900521542
10358796898
2601326787
15712898432
4694415704
7271602896
12075802542
2699027253
6016345083
23349259324
6438130139
6709066872
2979060576
22365515821
11045922722
16090913955
5463601045
7262855061
3042059709
20217992914
12614896422
18903983520
11397310129
12322781147
8661046161
1724391241
10081922508
2934758565
13434356411
6395312748
5025642509
5349644084
17801301555
10215033594
13270314588
8288542328
20840880187
7381784326
11943378548
14997268731
15904899942
7634469448
22619834558
11158648672
14032862976
13879698357
4209892433
7898279979
18140192218
8829758091
1436633250
11876582092
20239705889
18614338869
14288359506
13189540060
17060281390
9076431775
18690529635
3593633897
8943132888
5361817093
18691227787
15111572335
3133134183
11900600235
6249512560
1968015971
3739527574
1355079576
18902527272
183841611
23557295665
15333501000
10843051074
9300579457
7434435796
5072138103
10052921604
5242973384
910315640
7346802093
13818668811
7385135832
13675346043
10054366019
20100645380
3017509481
2890640012
252947255
17185575899
13562660878
14574441587
18251864782
24186014832
10716814463
9224496519
13746533833
4326784001
21148155161
8456259136
22788219212
15947662936
5438030333
3867814212
8759216400
19747975025
7708668519
316434329
8453310704
14023047159
8414325786
13256729364
16812173308
7543304800
11797944483
18632131499
7385195250
24006241512
9860679390
1048691444
14663263377
20628627087
5842897430
8856976383
18897342304
4147076982
12007006399
2066181667
17741293952
2436139055
2743654974
17142389285
111010768
20280585571
19430795258
2497210257
4394180645
4807671076
4262894992
45775355
1792142541
6083076427
2548507796
13998386852
14487294793
14651375397
14369048240
15501251439
7374508753
17840843813
11558360788
6387268062
7162465302
14275252645
23711707719
10002198771
9353502373
19779519928
4003217897
13641164633
20146116066
12265549947
21894253053
14917088041
6336144129
10635830260
4418542873
10520491199
12720510376
15620340108
4910009510
11088275899
2511433145
3777175824
13516933741
10798986043
902184030
17049897426
22037267602
1277914817
18359443478
4948797903
16948637003
5607192699
8220903753
7512569294
5713224335
5492207806
13077490561
17336380436
6092521288
7163521571
10833291422
17115522601
5624448921
17978985736
10858081991
11458045548
20523631361
11314032480
4027531713
2661559476
5298104676
10180193976
22477680051
20758114680
9276375497
180414334
7639195260
15120188391
8795247418
19612975852
9928180904
15450860776
22422047597
20257407767
6537278330
17040919763
11345972074
16588213057
14018293133
12639371369
5755910977
1295446741
19302872773
1589267754
5631646974
17284320806
9213860815
4361002739
2808918497
5903860418
2316806492
13585559172
150825283
9303610724
10541839447
12812971961
13415488882
8991247520
7643557020
2236306180
21600506874
3389800320
15852304790
11254819212
8831656845
13319422737
2986345210
18871581682
8944604230
13933321465
17963445748
9539256988
13270452150
3236561209
15811852404
7842564718
24517972232
8726778296
4153466788
10814925554
5254831772
759647806
10875410470
4593060576
14728376541
8393582976
3167000197
10875914653
1836619691
9169550866
18937495524
817401797
22030335495
17906064606
9865808468
8509272770
6309629366
12939248766
4664847356
32174332
5303247107
7478155073
2373987078
483593269
10172704268
8411672583
15827947435
10064036524
13758583715
3646825483
19961063490
18388297296
13136568933
6266559540
19068324605
14370889706
14466700955
15171317346
15286260856
2274656861
15796310736
8674659966
6737060467
19424452698
8574092538
4338040954
17453013688
10831428253
12500088714
1384149297
12172915314
5455556023
13973576311
5711125335
13200458724
15815046161
8573723832
17866415162
14045452544
10420661603
16587742610
15060485978
20638459219
16576424318
2589348008
10987154394
17500191162
315696799
13182314914
3635532657
3492940431
14068325933
13207488670
10764873133
124292451
6189957124
16563473995
11321706456
3088991318
11753611940
1124576302
11117880466
19320030752
20502518454
17465215858
7745309292
6420613423
4331146801
9366690165
1025241025
18182791553
16458730509
10965701603
7833564679
12467211529
13647788382
8610429477
14700256182
7377777558
12969002911
10260427946
7914216602
4065604522
3312862333
2175751876
1184681522
3576274501
6736346847
12477400862
10083267787
1942309714
13786256450
14362983706
14996816294
5606311361
13145458415
1279389890
20666462395
15192176050
4253570886
12615015020
12449650047
23992786019
9738368701
17665929223
5415913572
440976725
22497170106
383421372
2363254060
11542010639
5809234702
6490156078
5386358005
22439349201
15379921233
168546596
2139650644
7032357168
11540176666
11840046211
10362731797
8134797566
9776241702
16684272895
9475459368
6151415568
4953421781
4250021463
8134770025
207453094
6981548785
16006934233
15424093187
15712175522
16369749441
7956564985
19915072280
2511433145
23841111415
3110517219
11423912478
13918829740
4254505128
9500710740
16310226272
3634136312
1355629096
16840413640
852923129
18823175221
1084522509
7974015648
8869156462
18156542455
2493494886
4899740257
834494157
11878146967
6266487500
16952063779
5420299887
9154280359
23967210493
16662022086
5622524420
6201246918
64371462
13367228811
15144043162
12432456423
11426329755
9645110847
23189489069
20257159605
12371772643
12964944253
14292245030
7306371917
416214281
7324240986
19350674841
15538187050
12027920180
17795278447
14879513400
12563406095
3586046017
10713186629
8042484850
22320750272
15337293852
7428202452
15689998546
8981001144
20834075714
18085747442
18333744207
15946172477
9066163546
11024931133
22408053412
5634568687
12519072803
7192969326
18029033189
8451357538
2609012855
959573980
6171494031
19614235117
8907608417
18719303158
3452501950
19525337184
15352080400
8993848903
208026779
1978722280
1288298903
7892190617
10621648369
8710029861
6475632457
2049253466
6798956820
6022666800
16912425824
14112666943
15828955667
10314212790
17511877860
2234671718
1429394122
21794948600
2117119323
21100990296
8276763696
21749691432
16199422485
17881700910
5788185563
4589631562
8368723711
3783905059
13573947058
9374257744
7265004500
7670783193
19350357115
12683853226
19883269782
204445341
8988196860
9246425454
22624565250
19815223402
13370340069
21582107932
5757596460
17157799194
11202377534
23497119024
9258523191
3042500047
2613083125
1173495961
23021545564
18994489984
14372544002
7962953200
4308504846
16053264478
15886026418
11019546741
3236284799
19854587459
18571506980
12664633653
16462912080
7237900907
19710577209
10801699264
9341320640
17850456480
2439280069
16925642716
15598456332
23832815730
5811869323
640515128
15621562103
12843072200
19595132787
13035859542
6487376682
10362289570
7833144931
5170007431
2478445380
16170291809
14493267410
8452042773
1966406946
7089982594
4153550140
9786515730
6074523661
7408800618
13244026779
9816140208
15643547629
14107373504
20943324224
3600230620
1915402119
19425913829
13667236881
12984253072
890546094
22561864246
5944048978
22446457879
13832972841
708376741
19276085334
18022864738
4448714686
319101873
3599470854
17577733531
20191018399
1646990113
17518591665
22550601918
7254381844
14502072171
7186364249
7982955736
18711497048
8298341258
19422304924
6059834084
8445082822
9133987068
21814493663
10051307574
5309353075
18932358952
8179791117
21034857654
14928926271
297456257
8862611331
23628821849
9644307081
8120505717
7955665319
15239750034
6025618556
16865114490
18478765696
5650579899
5980836625
982001098
21542732405
18560618753
14459188820
7155657194
9627547465
1044034700
8910916182
18892506575
9047630818
21703432483
10891631051
20623672792
21084562193
13214567118
19103667807
16222186667
19846262416
1082040993
19761155472
866487826
14121913026
5919720270
10232816927
9511951097
9312608027
6997783771
15782285613
6964423881
2098430644
20647635083
1572503818
6224644343
1652526977
8290528155
10923509453
3621510132
15016529118
15920172462
1800863122
22190618290
10009594466
5984216292
5143731841
19743534059
14286264881
14281468324
9927479067
950706644
13194163005
13838424331
6685251152
17707239902
16917639238
10308663682
11933026713
19831865765
5996260094
10224173627
5797095740
8545777388
1007698442
9583022360
12903942704
12517545379
11429578245
3428416500
6982554250
15596163276
4734891291
10347090049
21417542444
706553891
12491600380
14779745272
11135207339
7637124962
18370618382
3526414170
32174332
18252183464
5455720981
14412264061
15194281747
11250334322
1515230538
13252091252
13033592798
9572329132
21512109438
9974599901
6444791924
13885456218
3534137654
7410400353
21698225781
10180004797
7517162419
4588490055
2586494971
13817508154
9751187303
3817225984
4685624418
17882318398
20736073441
15381813339
6672139935
10180869895
16453385451
1305027083
3625430966
10121190422
20185186459
8752641839
12063271795
16554378402
14392841271
6452552159
3636855635
13615163611
7896455037
6889712240
23874193528
22234123918
22034633074
14576952402
13259499017
10762070362
20487728190
1976279992
12146889115
24196197405
3380376109
6781765663
12090040112
18131613923
6450339087
7796230868
15831196990
329447365
9675482593
8779298618
2196171865
15329302340
23251476354
21379537612
10586570335
17511686496
12399975115
6870662675
7690316813
4673228072
5199042796
19586595952
9269533551
21111681683
8750446658
10308090450
22810067266
18105085365
10238553706
6319584952
22703619352
13859515240
4609473124
11270957288
12422901649
12779090563
7219342942
9561977242
34799549
21193664818
15507424181
3399497572
17777079272
1580031180
2454384286
18809282332
13076074544
11805958992
7927811895
3389283591
11618688115
18829040209
12428588280
9729736748
4922114474
11781004882
1215632440
9402405089
1436800681
5182738674
7891942672
18685843216
2068563967
6235697950
5942431470
3077475774
12062741644
4357650978
1961022238
19485758786
2795088525
4671547542
18655977150
1574588789
2103345849
20672667968
18392312456
23187636829
13710155627
16353669055
20565417088
11421662654
2456463316
17246644895
14791823298
10968836499
3991282173
5834475662
7212308445
11538050454
9214958691
11897524156
13854029526
6359341626
6540784272
6554536405
20442489295
13959108864
8957718776
7447587727
17298984758
12657031632
18313379020
16273157515
4865022830
19271985856
2136749970
7159294087
17172933763
14354540452
17594905393
11885708662
17938660778
13400737562
6433342842
3324680274
6380085444
5888724145
235171646
21551968257
16047604634
13009028691
3180310331
5782721067
147581641
17846433283
12640248556
17664503728
16950433419
4421747261
4947177545
6889016152
5418830472
1739091899
2163563853
12480711734
13226372895
8964871518
16652334067
7958250564
14744296877
16472850425
10377868376
3723457728
10855499646
730610729
15003961444
11322325286
6921903154
12830840139
1006195476
13509447648
9536612541
8555602365
22050929472
4263914899
18972567910
1929924302
8091684215
11838005289
6788720514
11966885223
7775415733
3489819779
16254297402
7928018377
9189085816
5549756708
17264803985
14968770824
17629307117
11217877758
20858616995
17005039023
4639606970
18175246736
8360032809
1303681618
22223646326
395261409
23429394740
6535401901
3429156701
14862966504
17130590078
19806868078
21630745093
22046707240
11280801131
12809967819
13148038218
17330989648
14693281617
13086671358
20208564991
13384657393
11671981711
13241791704
10879106560
7684628692
10902858999
8684060495
18266419277
10172567761
192700445
5340268258
19214099512
11430726770
19341025877
4176550345
12182821405
9416770574
10347007139
19489041355
12697421646
14551137615
4501887626
11265815363
5569665226
11807744671
23327726750
624699826
21012424853
7561842374
15173799287
1063738526
557480112
18095066814
4585659589
12027575870
2939520770
2121602507
18318925456
5927496130
621852321
11576701536
14452743890
19289619000
7062673019
15956388735
638134874
8541714241
852751713
12481588532
13258595404
12983578663
1377302840
14529283304
14816432387
11520284383
6260218897
3438188974
7153700263
8775198409
5084533965
18067618682
10363446492
7657528623
6554026490
8833494030
11124888763
14736367572
449175762
17539818909
3858482895
11682625153
1826049551
19019147596
15752853857
12569514609
18621589269
6502241734
13349575840
8422083769
16415384672
18932111243
9208662134
11441716871
2126120507
9887251163
2840996255
5417775777
22022005506
9802800473
2302287496
1328311436
12871858732
11482611387
15882955072
7588931526
6503820797
3306115396
13571235913
22305447716
8893587445
4570424583
2421928535
10218182258
17928665581
10871819214
968830365
13076503503
1032280989
23106431958
23088227641
6924598901
7656026179
18528500881
12975744135
15140286374
6224989125
19335673079
11531489113
10483469574
5543782224
9148088534
9230929662
5238516430
9756455538
5028141520
3686970610
6315058184
19422727244
14751714819
4371386506
171083758
7237330251
1149560920
11032263952
8262661780
11709681526
935224048
7698185328
13879359431
4890921979
18918692952
10051181118
8163342541
6583033153
7360110133
11618330669
13851111444
7427869501
12197459594
4488378199
14615848558
16711712322
22163783301
18303163179
8033534889
17619554052
6132646067
17053336966
6828155974
18359679897
18255357291
12287208526
12782219559
14875603463
18010232451
274629173
15034604287
10906883496
6340194748
18856166037
3514528189
5423425327
343635796
1954448174
18760228197
16086506201
17730137282
5851485045
19004752415
23881174653
7664696714
3555780791
14404271021
9935356148
21416999661
18709320080
20832485869
1279523855
5250102464
20227119998
6472785921
9312843156
11854857713
10153009747
3780163115
1401868226
859685231
9933431553
1254564651
7483068853
22659990059
3589601205
21304376855
19494536844
12222704342
7418879814
10877990646
15636721707
2416631710
17399207252
9568359439
396609858
8133644806
9124388912
4980207254
21561534136
1312418485
7335263674
5151893433
1372894783
13932815231
1818839694
13233746175
12902953491
685273103
15986987374
9432997564
20780911430
7587079182
21696347050
16158306530
4593811088
12795027867
15300895458
11865194126
11219802199
4125805525
6027457229
7151624601
7084542381
12082171494
17932610935
10000888336
6949446331
7277823900
1664889419
2199553256
4095818639
14587249611
3010675605
3772545604
14253593864
14014756881
10639508111
15282058645
8198198095
5652645602
18004949614
2256575860
12451410838
6071411819
6362927966
17381159893
4308355999
3164650294
16280597595
5577542685
6635800906
477343479
18240658738
3089333062
17104637955
14397436097
17017428538
9686535287
4959460300
4302078965
15246952235
14948590436
6088704611
23955826330
8980499391
3003078761
7039877674
18148267591
12803795346
7776867511
9692924110
4753617007
13303109778
13122648783
4023616166
787756062
7292261353
2751998411
5809498930
10256888671
18706524681
3885387547
16151708390
22926588528
2776929114
13373850088
22427149508
7437313102
10458090633
3626207100
7313905426
3694673634
12818836554
13800061834
3359587776
8672517911
962074697
7578531999
14652494147
6268387791
5294994568
3354644869
16304671646
13317883213
17773882721
13494622019
21867202959
12792995694
14831254611
10613974435
12335344075
21151722910
2219256273
9492630893
1792844969
11886905967
24081500419
22617677455
10126584690
15210991470
3937636375
11386445020
9652971101
22483060836
5741028268
7623940361
14924336011
23204698949
20506923342
4605457322
1969022863
13659166487
10245586374
21594456364
3167261317
5689106028
18471047319
13559921601
15039595617
2841039849
17282459665
11784593471
11085811594
741299147
7904623797
3909575813
3423038561
2846951468
1390906747
20906760332
8744352509
18762750885
6124410934
3693362028
16255613534
10522630730
3867779063
17605279875
4122554433
5846784496
7453114842
19807373999
4211032212
5332519946
13116535743
20930170026
17942439391
19412439545
853799574
5369402917
22132126488
7688772027
9663511652
546706165
5959950542
8861655587
10275318357
2682686118
20593609871
10513329443
22267385964
6192975407
15868730120
6963032401
18546734119
10187353900
18804120181
7922096195
9323649188
17725219633
5461867510
16862316286
10270194808
14952793800
14952400849
8752941147
4647095495
24600996648
11115578600
14608802934
1600234998
18693604040
489137620
12933540573
10522661365
20464430602
14369748519
15077500775
22212487600
9544292361
23314994998
14035291443
7667663628
1836043476
902096302
18261822679
2109510705
20090053289
11620661578
13979685117
8352436152
7888202579
23379954232
22763808527
9762732822
21097986179
10278034420
7883378847
22116445559
19706327237
16180293033
16066686223
21453014525
10065865680
4120035147
17018539366
14432566847
11706992666
22510131787
6905960078
9272346931
4630621897
18019244830
19049238373
24679637190
22299969950
11937579251
10571650960
9768596145
15799161456
1256219895
17065059115
16522473771
7235668973
14033725557
10786090569
7541397843
14474562667
2660176789
8200173412
22874161863
3109041738
832175843
17283377064
7989277048
2045976846
12168602056
10794692840
13322753069
10255595865
21427649218
4158145557
22720638594
20280325549
4366470098
7023187069
3131147493
4871382644
5416522558
16600930179
16424694734
15958157522
9265689320
1358925871
14616518254
8382274385
273880843
12995410090
11212395171
7630145400
2496747426
19423855307
3819125463
4203158730
10091421153
14152849752
21921924407
12200899674
9570057277
12960242571
3460229201
14201511966
337387067
4211115315
2694744999
329447827
15675557220
442957870
3104475042
14630435169
16413036073
14206575282
2867143136
7553949709
15648356418
9973793501
1898129828
18082154980
1617174301
11233183905
6016345083
563075252
7862462883
17772104972
6579923262
8241801613
11951712375
18107943221
4422134637
2228917735
9383878269
4885206210
7156623419
7811801084
3429272503
15369734988
21111408650
17147797142
6906118129
15346624126
11034159717
18167303619
4336483099
13820842357
1599481713
19215677827
15789296317
4280611472
6498712655
14393945246
11431799723
14702925633
2589480447
9381318377
23391997937
5952429935
11925494320
3668094136
10268969036
11275564940
12269245247
6488928399
9661738937
10159076658
5662204121
5450042106
698180195
23617411031
11389996954
6732970503
10935965494
12948089902
13992392784
7357448256
17925435911
8471755297
1382555505
14194146679
10503139409
4871057498
11560571997
7519059471
6029596628
22016609106
15106436728
9003800299
10989593260
15527013589
188448635
14306418392
16575681807
1983497981
16335782410
2548428655
24165709376
9220202266
7171400439
244205642
17066386353
10178707812
11314337117
3724230788
14174422077
17923846207
8433598490
17564253486
864890506
17873650878
1992990872
9230650116
4566354441
2677507469
4295524149
1319356090
2036068523
16513207535
21247401333
20681817838
21889462255
15517223073
3456910094
7033776734
19995156490
10634998441
4443322462
2608804938
4929099247
9122669237
10151160296
1928893510
5761309219
21807701486
12293068426
6702523268
22907470533
8492480229
201430380
14222397196
4627727818
15462662193
12994164967
5710792029
6294445929
17524379101
1703121944
9902721730
19803538202
4941105873
3783425011
12855166307
10694665313
9868031911
8321308655
2251108288
5621811776
19069449019
6432767888
22012265694
7910895583
17375382372
15607840374
19834730833
17980705692
17438683167
1054268092
7199605858
5561138703
10039067963
18449725633
2061049151
20600944132
16440763431
7481054319
4454865646
17568707749
22270767154
4844590377
7070503753
19748840104
6569959997
2797596548
14189164305
7879386497
6721363810
2406554800
3707245829
16336717349
9783798157
3950328306
6612133010
7347807497
1469346342
11422791495
5420641153
19844915563
14625359937
13256176761
10218371776
1718414453
17281797676
18363226436
361809938
2230856870
18704187989
11934347296
22141526295
6043231844
2912706260
19489417852
2264567341
17055495563
18958773157
2445169373
3354180176
14192002673
6635708779
15252712743
16122837002
2211663509
7845534040
1444414940
719743476
19398391233
17290990186
5064910883
18296573669
11438507344
10608100153
13849729560
14497316126
993829806
8678291880
11458146197
16301618272
2323320390
21614934179
299190707
8074614936
19612309482
12200899674
5995008986
7207657680
2528619092
5641667286
16813107430
6819157055
8093696925
23023046993
4352502800
4000938778
3295714406
14701044326
152939649
17899342767
9204476010
10038709717
4453591461
9816084491
8792720733
17562892444
5219264118
16586790092
7799428092
7903670302
11852030563
15140673840
1925948146
2758031563
23461944658
21883388316
2892452264
8661236756
12566744128
2088219228
15185023862
23101114016
23581673232
4866499502
3632015553
10419276506
15416198333
18910556907
12024907848
18699599827
5316574536
18521750281
1626439242
18510503603
1238757227
2538118551
12209259706
14118969205
10875914653
5540398796
15549051081
797174942
508388224
21860529937
22085048131
8358956345
22364327210
13145715125
5437410289
14290735866
14616104688
16292365059
13800865491
7766476779
10992648359
14251847030
8406246164
2053747497
13907387519
5577935653
9417308045
3237578793
5351035284
17449520547
19143250610
18961951824
2497222785
3399497112
8115089197
15282936009
12483185522
2276665932
12905897009
14386391784
21390359820
18384657873
2518266257
17507642194
10522949491
13073166082
21555326250
9883802065
16671688569
9248223866
16840778866
18926940770
8117489164
1198524592
7269177482
7588058836
17023627522
6457188927
22775298674
8933548044
14266518049
6976702054
10273664847
18782658848
618565168
18349199112
8476889439
11118932883
4352794591
3400654082
17842486911
5350262785
23117895960
14904135616
2176254684
4656444048
15032187851
4898594950
18118387835
7908497381
13815542446
18573959016
14859924006
19099004758
2581065709
13094471766
5523792268
15166587454
6402631655
4163624699
2333763484
21827271448
4673224035
6510475287
18105294841
19642190125
16783505005
11620927701
18067517264
5403438426
10439600040
12672646033
18866120805
3781687362
3959212697
21638286671
1578524697
17408844495
2949953395
20478617713
7715341931
10993174119
8335756288
15271749596
13799768240
18964295399
22195342378
1224337282
20949892580
23763791827
14928173927
21428233922
12070407010
10310490819
5811457920
21098701299
8541172575
19726794843
16185391316
6036754701
5872020314
9438892120
9486151865
8011217368
8672862345
12512446768
5785330169
3502793275
8063166478
6420477046
11287736959
136771887
11506526786
1033327037
6714045830
2415432522
6870261406
7437422373
15167538627
1529751816
15765609728
8879540009
13555701295
3824328872
6559488347
19415585816
22863548384
16921136076
10428422024
8519282597
11648961880
18583301555
19010419879
5694061044
15867760051
9405896696
19780126868
9263835509
695498462
4040930223
16279060335
12831090383
5025998905
17002183580
111066908
7975152045
7160040063
4895977516
16042555276
16726481916
22110522926
319076350
447943602
8725178417
6788760564
20849558746
9725189049
19067657257
23503250400
5635417989
5553789028
7546061982
517819876
7015061469
5368346702
8146512141
15534192479
15563880940
1004836706
10152650591
14371004971
11191769382
16034629499
10109664418
3673992062
6537278330
4135698390
15561569012
7028532971
22192768802
16578079046
9642464634
7288710015
8035957106
6730575919
17293722523
6986697845
12742442236
6472518554
6433688531
7180718123
3789215962
9218122328
12899453337
19167089812
48891998
19665617920
16009716882
5840435183
8710536779
19955890753
2795713524
20311970851
10591919269
9736889695
1719476922
17190831667
12676167891
20852294309
6477594176
13693884187
4510549135
15741620238
20661394212
23808266171
8313924082
7333769897
19469397503
20683201428
3433923373
500753533
14826450311
4467283956
3478901299
2687136093
7515730559
1308598269
11810771442
8245195595
16838778936
2122017307
7410858294
1133291022
7642408093
1909342819
4550764808
2448964802
16165242325
18228084746
19827506154
15879039522
4243064869
576690246
6754488884
14346981726
385321696
15342895800
22394761716
8895906302
10218651500
15561569012
4794481542
8708030595
9634938254
7803768070
4627134642
16239029456
8134811439
3471564995
10842932685
2276347005
1849564512
20771699417
853812121
1456742057
10708693765
7381125972
11726828142
11657994249
1543729855
8217860544
8734042292
926927953
8208482834
13164907969
24171539246
17812445815
17578213527
2680118927
14391638359
8008714314
10103784261
7681120987
14664029840
8365412140
5353996464
16008217151
17887107359
15831102736
14013440668
19922308975
10184970772
11654924763
17370350304
8968086182
17810144735
21935789841
13863056346
1223642447
6687220668
8204957008
18319442980
2564926186
10569985568
20547680261
9367551145
17322700072
5161518590
8831379177
15657876620
4839361015
17481758825
12903791433
3964472493
13255009671
2301840263
19093137007
834266589
12355022302
7963674133
12857992079
5870323314
21692231096
6089296306
3307400604
16096891498
2446480507
9385139448
5844176059
11279598546
14167247211
10599455808
18681274795
17058781965
8953155389
19325625890
1692330695
5185480610
12344854984
18389016421
7467419497
8530612756
13014384241
7174928931
17758802996
19104594135
4783240742
21262213056
16491605885
15049375482
19792536227
5441429987
12855219555
5076712667
15393433261
15697726620
9095370550
14145011137
19457352083
9274861200
14990758589
16272231066
12905571707
4938344123
23079684056
5733292438
2411356317
1199681646
4478498203
7551353425
18162234015
16292410569
14702322415
3409276233
6761115684
10377730726
17638052263
16256989007
18353083520
11729571188
5923540084
11366421588
4151137987
21691293138
21844050277
17606072361
5280008746
11027299914
8625158597
4496867441
13043761319
20915526301
6986038163
6641966556
815370622
22805653127
17331998179
1137724236
23843482036
6069033190
2329628975
823132997
12043037036
14249419242
640666316
1724743284
5996260094
211995490
3600230620
16437390884
15400002971
16786234362
4619272847
11896734329
11366743987
37340430
6409852777
10409502477
15444425156
15117496493
289691458
22974335019
13626584463
6961347541
6506296744
21647729394
13982597994
9323984105
12526655933
19918832520
4811025897
2416300977
1769115205
7953000534
16694791481
21910675867
18397553811
10945752921
376283842
1195037078
9015069606
10234209720
14154127624
14281547024
8753183364
9752441872
14922448182
16564231206
14331854368
3474070450
230049112
10836630202
18359448336
9763501748
14310485057
8478952678
18758103550
9693672885
10962446140
8801537925
9231877559
12148033722
8370284810
13709754755
1017894670
10611247170
2536321286
10626598806
3830591740
22047072214
11705867435
6172163880
22346404434
19774604136
14935727614
2502401308
10200781304
14022819078
8415799076
11485234455
5275623936
8996997776
1701864039
20780493399
19586948572
11042506257
3861047502
7347893678
2594044743
22068328484
9516564331
18923329611
8881712926
4137605950
5745796280
4491700422
11295834757
2401174882
1381884811
14325711675
5998084219
20473549232
12985124652
19793259662
19285626687
6309960231
505712088
3877288098
5792097004
4507829672
2907693118
20219541822
9007987165
6033739986
7262855061
16033428028
7682552012
12518228885
20869841591
2135975406
12701802129
16643388589
4486377214
7595558877
21053071722
3277792679
10549401549
7459262208
12570986867
11516195868
17172579164
5255482774
7245728278
11299303836
12100305284
18483419300
10786162826
14895778524
13097175666
6217960988
253727330
17088957664
16011129666
3158591947
10527486782
20521833521
17120148283
7149058453
5789839363
15483686984
2432250049
4059891907
23296476729
21134890030
13330840126
21495637941
9250805366
20824578013
10123354439
13774823381
7667949378
22629596000
11812787336
9614271556
8232750430
22375962102
15632472761
5067969511
7662552898
7851012092
9536642144
11246985883
16144567924
6684267494
4777937524
1566388330
15929695775
19269846719
15094404904
13445536125
14886942861
1825554783
8518226991
2030006422
6552604394
7575472581
6986358066
229211197
9433227797
20859408569
9345203333
3647767874
9716963357
16557621770
791661844
9356414371
9607418268
12954708355
13167472332
23549999072
2349229778
15211677973
9461206033
16146965083
6457434721
12331929834
12598092366
6671478939
13093500661
3355352837
17702654710
18271715687
7832853462
19314810026
554681548
10166257824
9407247540
4079492670
9213038454
18546473984
16707398760
9238707193
10443291240
2264632
2854927661
10529736558
7563776239
6321840325
14529292128
9042221982
16198518476
8293818545
12562997810
4731418550
5952686391
12600925057
15624731210
13571436492
10273156512
10918382469
18776893568
1388325263
2118948301
9798527899
7684897555
6173456428
19327892106
10276702049
551733962
14923755871
10740137012
4573383660
5311429945
7076640775
10315453616
7003369818
18619403164
13985218674
7794693562
13132449732
7441871197
7163576794
22687166578
2215913513
6526691040
21837214015
10233153978
8433744492
1650358030
14255367071
1803180362
1767645203
14092142132
6301918756
3369010851
1977072688
3354941188
4983398766
3703005709
4518247965
1192192523
12618400327
13627455196
15476640726
6874937975
5460291919
6515858576
3841302711
11191155997
11668345331
20185595438
8141963563
19995603232
4767457524
7897817662
4290891016
9566048165
1507833261
13880002940
4791976459
10350060362
9811240417
2191070933
15393680159
5644037989
21047295743
5150154487
11718314493
9406681817
11243937551
4388612300
12697559113
14619418496
13081702419
9194025617
18805508978
12993449230
7521463617
9422886097
18854510867
8381665701
722422131
5186899961
19885517724
10359863871
9591435645
21012458194
21191348412
6272114557
224832620
10532146012
11618554344
20264378141
15034937325
9831674586
12042561396
6709134181
9794108186
6308116283
11025764915
12783051065
12984849737
11169813362
17279487594
20143788840
2212974028
7760015715
1229176761
16339564418
3030755144
16095933542
14028347979
20484130669
19985564589
18660925358
17854862759
7712490497
6956752349
5668323284
6982939432
1326202626
1952162404
1079597022
5659757890
2438329662
12093268308
5210809332
9771228676
12278051407
12597931507
20898338644
16342998957
3437288547
10450236911
385913312
4367278027
10570668742
14534789738
14607370723
5037399440
12996208788
1153063035
23105161582
5339733033
1455903244
2288099722
22644231782
6805380815
892523007
8179943022
7784745343
2948248638
14481452505
6232656126
4325562710
483751827
6581875526
11629183513
11245991522
10239591432
5182346469
10809872747
7908632905
20188469099
13944854161
12117248292
3166529500
13510979726
12783099973
1641973407
8207277656
7424601875
100974829
9776718894
2229041497
16929314361
1399441557
14804131404
10979709610
18988182558
3321159312
18741667219
3444964825
2661443148
2954901599
8415990447
17730052116
10560932631
14431714230
2303618082
8975890736
21590355745
19034001375
2619146017
10592000669
1017591082
7975152045
11553824169
20569289295
6444272523
14585771458
252088613
7051683195
1901859122
11055465601
10902567267
6975766035
9430310070
10110306787
11284446527
4995934995
1600952801
19196108155
12087383131
8505987517
12428730735
12655848695
11594438355
4295524149
5006500592
14903070182
6937675553
853771628
18148821989
11030814023
13025967312
19807752027
2787233020
13732959492
5725479021
570043952
4930110445
8941672327
4789732861
7964468337
1843839519
10371482283
14367530295
5241111942
13360229775
12664895379
14921193125
18729227159
15236070672
19319321017
4490399278
11123860826
6892561448
11061978695
16925075625
14291536456
8575051551
15609229815
8362427962
2814298762
9228568324
10618381289
20452956248
14614491640
13473664852
8781584624
10055628970
6433844893
7788595696
8066710388
12272605810
3918492720
5017502730
17640877940
5008676888
3535601305
17050233915
11750367244
9088311268
11407844078
15001214319
21231780425
18266362537
16190017230
14450420508
13028542799
15003739523
5056105640
19388576163
8020479247
15345770695
16079907364
2454123771
20503223260
10515406242
1674012796
15152163649
4917012405
10737068325
19626702772
14154265235
1997852755
4777194438
15248855115
11737501128
816174778
16910104056
4788704213
6633723346
14610126966
9494581492
10491995877
16200265284
6315140145
11514257462
151936207
16309597286
19814915505
18704059995
21466400524
14936451048
11250506704
5387470145
12404283452
6515007353
14627356573
5846214336
4166547805
9822408429
11945494645
8044705334
16834274156
14249670559
6610188140
9985801574
8521158766
2903439944
12995190514
21425729591
633871007
5293627492
7365526579
16253307754
9032061318
15000778156
3765862233
3398531874
7514865058
6709774841
10776163811
23636952489
16887396001
15877725251
5855235800
5529548718
19186811276
5573691631
7788763363
16001023047
15914973704
1720865738
6889465459
10173313497
12095831494
5450042106
56776386
3025658320
20124131019
8845914631
9273843786
5785955169
20295791598
21540223455
20492615135
684704118
16831894300
16316263642
20569407597
17675228980
14500771994
22353832232
18493161224
10917222406
5852431079
1841215029
10958116151
9845685188
18930959261
4867383932
3022070405
2721235641
18492908015
13172726207
5338214975
19032380182
1436652912
21969794959
7545160669
16427734426
7825978823
16120729417
5743921362
20257165236
12665440403
2200378686
10437797663
4540497580
11663392236
15410880625
19411831141
21136423612
7159411744
16098718878
8286977256
24436804875
18039246739
7078862521
6448549926
1917496043
8866225154
17461406497
8843445270
10089041575
877983353
11278753468
9658946681
2783759353
3023007567
19817457864
17890943649
9330100916
3052497807
14779922862
17656865704
9141271332
13124882055
22073506172
17039016011
8039904158
22419411729
12163547918
17393602341
5738513603
24342834763
12662381136
3751615719
5965806723
8321161355
8636613100
18396275626
24266993573
1791863895
1527432470
13656002245
7019804409
3874224266
13795743005
3778635841
5920024739
3066273843
8636760304
1225089701
11759820478
2386794077
17009422789
14913611860
9122888894
21933943457
11905376214
2660378639
10371747394
10629574963
13241220902
13495663933
22692074814
16047106969
21266509094
6956193948
1169588754
12804791013
7439742565
11312555823
13739527242
15336674205
11366962364
242685359
17920827859
5574078441
14588724391
3701041355
775432778
21758563591
4291453652
8501372176
1782005017
7353881382
16657215973
6432881357
14709835841
9297089668
4449069272
12411039966
18295124374
15916356877
6760858029
13937597762
10083752070
625596859
7314619374
2228569689
2208345345
7772538919
17784756550
18036910851
12525289069
6957336781
18625790632
17777642548
3098563710
2538118551
5994100449
14079530844
12782296486
1982505866
9768278674
19619667010
2762292561
4276705862
16449766056
4406740565
1356427546
855135778
1400987030
7393472675
16683929974
14544394891
15077537683
22723904055
19023054725
10792014585
13527468999
24506650828
3385883559
11417636564
3595337508
7332461388
14645770458
21641454731
12727225467
3280441459
6522341359
11731688037
8929597943
7225391444
13254402368
20152086131
506557145
15246524524
7580262768
5098905386
5305101187
2200931929
4153723355
14635060207
7492340007
19086620063
7780364879
21194777314
23350006983
5097259053
5991214231
5559894070
14368698434
4289940515
4280987190
249658724
3665512811
5224554901
1572146132
14038028660
20921761592
3906077616
10791853208
11901487448
17303434139
9410661133
11520681250
7958944808
17377039276
19767500434
16749927009
869636224
5331806981
21763263806
17184759342
13321685546
7499217198
9754066899
1907465136
5691965968
3110479657
9310081393
3624325571
4296589561
10735919181
11130534043
10050945301
16850012905
11703398623
1608334880
8652946051
10430481596
11789862277
15334516743
19354759471
252524676
22732036426
2475370332
19447129696
9148942840
13168693685
16402106293
798342610
8173734881
21374618283
11066101652
18836291821
3552884712
9587126024
7281925481
821710000
11813682008
11177534559
13258375862
16782241862
2982701967
2171180414
16449817018
10502677807
11252746781
20475913132
8865930935
10777549934
1406692617
4835697189
16575605331
24389976396
3625624939
8700950936
4808166105
2766338807
5747573676
5253177968
6562160978
4121621300
7462667851
8726368408
5563364461
6077655789
9703352391
1002192424
22758353249
23912971709
2010870625
20676326005
12810534787
11158888862
4983398766
2230157978
3929971236
7348644112
9377395912
9820964652
2158884152
17892199758
1485467681
15882295953
3204116990
9947556682
9404124949
5543476298
14228041644
18782645712
6344048249
10027609494
6343483003
6116822259
22530291210
6297347625
15602459274
9312870890
2730256620
16587313990
37719942
10606072551
9103629340
8332200854
2644068681
34636486
13615464145
8624381812
17222462456
9115446860
11562676669
5732912726
17751864048
21550432384
3766302247
10467249421
15755765410
6242707450
22280276179
7329636806
1327565074
2969240229
18145833729
5485920670
22964727252
20892811522
2546209084
8925189816
16905746221
1437107686
18059711854
13891588098
10020638943
9702292079
13255193206
23985670070
6263330547
6511817115
4804475640
10427547387
13567966180
6777338722
14872486406
8603776347
19776891159
2318838758
3404410583
15262875656
12415680869
5321743143
410905374
3095483140
207461066
6308506644
8033675954
6633161956
21483715633
9329126006
4786779694
5710400517
10584964352
1654755075
14925811005
31423917
6044891874
18130379536
10109932828
599996227
19821223625
12771896435
10235640430
5616697986
17628563310
3397207268
12619070150
14048117520
5878536488
1007403670
9041191054
13512878295
8366974970
9478047532
24306866394
4315483525
3657110771
11000095177
13010127276
5668123951
12831889097
21629558257
12844011441
8075641082
18882949415
2730667360
3370815299
349456456
5736333127
11114675759
6054307039
7310835272
5564967867
21713409173
3965429294
3547324599
22322998185
4612267302
19486692239
23154495740
13843709244
6921279711
17198993637
16830319605
2368081623
20048572089
7955544665
17285968747
11371531404
6914085603
519237920
2407074867
12096732544
14827948370
7441823911
21086418924
5965413701
16854130991
4196821142
12665866888
24154917807
10875615613
13368007880
12712711628
14051515245
15084101805
8675974049
13448190916
20948612887
10652383062
6921862911
11730835660
3139072160
4841739677
8830397753
9254321811
4173888387
7310015856
9416279242
3171190417
305325425
2476317762
23202563743
2724362959
13055986671
14324670777
16588853096
6513632007
4538857292
5359894588
2200519652
8905268373
22460309077
8738472118
20551184094
309953714
10543106182
18335800132
1329534822
12054164645
11184173127
17481595629
19271380875
4838329346
4358536666
12655181701
3241762799
12790578765
5856886169
7633515253
6440456203
4041462123
6102051705
21950262549
14524478752
1136217285
6229562182
21789607634
5487017437
1057925739
963587614
7423281511
1325076127
3538105819
4443640151
22200375622
16352668971
8984221279
14515636440
14652498816
18554953790
4853254331
13932815231
17317557297
13004391257
6698633943
6899573640
17282459665
15123245041
6228161544
12517805674
4550764808
8008079858
16666791362
11135950315
16004065449
4785969534
3871317821
10120679712
11874557927
432674480
11365136621
6437825501
15144445799
13017279291
12299080854
22499758376
16942017612
6341085094
5742116715
12656675085
3665512811
12780933562
6336355423
15254361999
1314949622
13754777028
3667089479
415813300
24085344119
15797215014
5397822920
6939788701
3409941809
7461647837
3367166823
1484837240
17096174166
5549089915
3106211101
1079597022
5933252986
21731514226
9471069637
11365087329
7568325473
8849940861
16050521854
14627860988
887576462
1891914134
14506368816
12157624819
13961838264
23155830570
11334990342
18803207223
10437606173
11573624532
9217321173
20732143001
9243662358
7900298151
7027298911
18239954688
6554358465
308727767
2324573650
18699698544
12853349427
2704780029
10588232370
11654305918
10015627620
9833163477
11072608834
7086873748
20480869578
664067101
12962125288
6468129026
3074937275
16512818238
12973813212
12614872156
20229636444
17095058354
7491097395
20310847160
817401797
586016933
17886925107
15727256146
10360267378
23805816832
7191738069
36596621
14731634102
17132824232
24134259023
23644125995
4090441499
7877524037
15355862855
6259294987
2511600767
13463022864
14496699690
5634483950
14940565809
3390020498
8255554073
23468529867
16600108746
18838092083
10364291371
5922700744
10381763295
7758281250
8818116083
6696906094
8878452363
22036404564
6205262445
6356190573
17797486419
2430122339
9518408485
6197902654
16054446713
4970429356
9912853970
6797182606
12998286493
15313249491
3399762267
5701977526
14027745332
18506127959
16466561660
15346772430
22599112395
8434379769
6673372354
20869302809
3606213439
873493762
22277368467
3512368145
2125321638
9880275242
13315527874
14502174475
11234448451
1527338054
2064255144
21644856547
5273595446
480147833
7925023562
7469712767
8969367106
21463713397
8874075601
1719476922
11707536789
19897364119
7772671541
3198280722
4262358200
24280898088
4427535550
2908375447
3548809016
13932844616
8510816864
5523946723
2022008677
6252827321
1906259767
20413223147
12778148691
7515092883
5199575679
11544851163
12349494441
15806484679
19659493127
4464758525
7225615138
12534798209
3065207310
12535711910
12787777215
34146859
890268169
23095357986
11499740843
12484367510
10376986031
2246803001
23399187179
3670026860
6760396667
6521415323
10986382840
1266811592
6757554502
18568527120
11654305918
3270975357
13728097238
3169133675
1775541314
219701987
1911379826
21316441648
21525235735
12996321526
19079597814
7859576584
24123507201
14368794176
17931034510
16797674999
8083344456
13924628430
20906033248
1104022761
24045334874
2046901973
22054185770
10351070848
17604210746
6208295131
1629807245
2557900057
1075161277
16353269466
6677443099
3668908998
9964146816
15192950735
344814397
3402879065
8359126999
18589986493
7783742162
5350592594
10263887755
20997429136
3157927199
15918013928
23483861847
17304857560
7951313453
19636293983
1821479907
9456875138
4574901989
1503068074
11989021036
19716650181
2027526411
13167062817
8425015092
9505462692
7234353792
9323322690
16905495247
11164364965
12945542312
12335673256
604048876
3094933747
15997422926
11393041294
19654063610
2122414927
9210784530
21044948121
618565168
4947475169
23963791947
8349407869
9440655476
2688048828
14691445080
3086279830
13367101593
13728097238
8436453327
1179778972
6136362996
21323553684
21211028807
11509945187
3237349664
7161451243
16638652201
15344568697
7505882441
18111363733
9033144586
18371489868
7788228939
2969881883
3031570013
2473763418
2264736087
1182961966
21424359128
12026688452
7053487294
11092362082
2213916523
10182616050
18862904985
13654381327
15829383018
18678087076
8373088181
12753352020
19154044500
21287386629
17851085370
18714408391
15956522049
5720270220
12470934998
10932830480
16802843695
15679147603
12326572896
4910724590
622691984
18473369353
419449747
9856317698
14437815853
11450407641
3783677185
12039326491
17836173677
16272611536
9854387120
10064299169
6571082585
18858445040
8697350164
921375032
271801911
4190347581
8384082957
22724382373
7878224042
1609551034
20366651089
23780606161
3859566754
1551099172
11951079693
5796931292
5941069814
16778565889
6540676374
13962854450
2488947707
1615557362
7750890984
21536778797
5073339264
8837575703
9103481048
19253843513
8769121137
5786642765
174262603
7419049416
15677303549
20433503588
12431061442
4367949156
18459221940
11118628569
20530387547
2125789309
13286428341
21496683249
19272386700
16260614531
11143322635
22771460938
10251110911
9415370900
14144456783
20591744421
15102726746
11149017265
13571004700
12360706382
9568958453
3647198597
8131331839
8954539368
7285503047
16825987042
8702495589
21424241839
16623570773
22522305420
7617931706
15388140425
15934414918
23010092924
4098685504
23699933677
10183817282
5628115662
2568254430
17616119772
5951841057
16624730192
2539492238
18338654013
18043701371
15708659215
12665440403
18429433502
20647356342
6302824037
1386299933
5786954262
13313917163
4475553961
7387653930
16855946748
20425956096
6207833539
10695480166
6781687756
19484517649
7751591452
22350119334
1190559527
4536989852
6577021283
13351404489
7499026594
707386761
15640362300
7090928560
3139773667
15866974181
11803359958
6377473446
129062470
6304449431
12589477624
12555189428
3097777104
15405741581
11946728459
23532142680
24390409187
15584429822
4131477908
3732158145
19052988673
7683637493
11358660384
6330392096
18737583628
18151546774
13500101563
5471643418
1667506223
2762757714
15646156688
4339312419
20579730156
14643031985
6302297486
11419478983
21054108583
71006304
18521750281
12735649543
194723419
15241448936
21723452808
18936202755
3085511438
13040526435
227539916
12198556504
5606000475
5151837457
9878522322
18181568012
15483637441
3197119962
11292730068
3841026979
1177354135
8661104365
17854560503
9607935351
8992241506
8856297040
7802666555
8851978434
19728245484
3976938565
1400093396
10761311225
6302297486
20462272455
16131668521
19029194323
21466906002
16644784804
4997329051
9852205425
21271674926
17639247831
4957200585
13105435831
1389566224
6788720514
11718565769
4872498782
3125942843
2536048991
18428993522
13862596536
19111407008
17020541204
9403681601
5444673799
6305085154
5316141995
18142898444
16939729571
615030335
18312449648
5924133639
5789656231
2368486354
9286529244
19425012405
2768722642
15950577304
180363365
15689998546
11908010443
9217236481
8391560696
20134467075
4480415822
9512357392
728436922
8962843384
17872047665
19128557239
19364076695
4480279524
7497937129
17462790938
7929621901
5999357640
11201441460
8474651987
7023410524
13706474757
11927822360
13834600847
17691682126
9364884498
6697508087
8482080520
20241112051
245692280
7953987193
7198330642
12035819482
8752579202
12341896345
7834824501
15597942819
3366426009
6376882458
1427429970
10268332302
7513275752
11169401908
12616316536
14608390651
6742054892
18782536119
3787690614
2408172776
907751443
22512160048
14369751127
16918104192
1176636306
3060857528
4522908944
15644151298
4298336590
7269039927
18651970148
4804820178
7321238010
20319051950
18703360576
13654987895
14896760790
16289261419
18023106145
23957579226
4872331156
1056670407
6096267581
1666359210
14310580601
20000081064
8956958314
18031916497
2256551340
1950603728
10696521520
19987064973
434425389
16369256107
19911955346
4171699995
14698173337
11694903299
15364869525
12491807605
4876943797
17287066455
17631928726
11239734931
2223172721
15889748286
1439309622
13270310101
15028037227
24312803841
2061049151
11385045083
4406669604
3474719073
15991803958
5328343242
3218496322
6944471008
741656383
23045176970
201691365
17615904318
17581990090
552396132
5187851929
5151608728
12715676448
19064515577
12711682834
15984803442
5163728658
19538569388
5787074454
10598957960
17555039474
12653365204
14006034510
1102635825
1110859101
1227633257
988936663
2456133939
5486979486
5733874907
17762415098
13331160676
3144733184
3471760101
9807232916
3619018
6608184078
2079813616
15141052964
2234604601
116548721
10976777014
20511115182
4235980642
2793584360
14952400849
11003969895
8325382027
4454118126
13571452836
5151227978
4067112997
16275757914
12735883754
5440229043
13753721039
12671475324
22608930646
12429540195
1303352843
21842140105
676237533
6294679330
16905905275
3955877462
13167873258
8972628940
5396908405
19016164336
11185200239
17627934114
4843752367
12663780765
12031953776
11651028823
3337471450
22621981750
9889160811
13094011235
13410557616
14107150543
14687140433
9358781753
18848499878
4944874777
3936012363
6767786595
11562633648
12007045970
4872767418
8751741140
6763071028
18311197093
4536341404
21861730951
2923435517
18746008694
9466523456
11874315179
4525199527
20572095234
10393223412
8570562984
2900964926
19496399362
6192421319
2299357784
18875309490
16815422406
4182450071
11642780956
5665248128
7910199205
194940499
1241606873
10495451570
4279768222
6075386876
17201871640
2657352362
3419428920
244704651
31902785
9789805872
5789039425
16044608959
22063806063
6839464352
18606389327
11033762316
3655667359
8336952538
11392608120
11616996787
15774610889
9644934938
178736416
13586623114
3367444042
11900752453
5276347031
14061835636
20529538933
23294489589
1271392127
9736269456
17799187851
15879638759
15053909199
11189025609
16911517974
9382444650
815593747
6670947395
14524390358
19314335264
11967221644
10048434427
11869678593
8568104760
5784329439
18085363477
6371874239
1440099694
4786988352
21057466058
16141615056
14286264881
17966986164
173290332
3140566878
14077592076
4359826904
24663809365
23803251989
14146565488
11968817130
4510549135
5735759838
4758869498
5336941032
7360911998
15610343843
11309189488
14127020633
2536582943
7013333323
12624522264
9167620997
14002790229
9797646026
2514829859
3550273488
6742054892
4443497634
8564210968
15746295619
3190016535
7365919611
5736193127
9444970516
7946587701
14890566631
11292078551
158392920
13396169156
18033799370
532629512
6971268639
4766608024
2759993369
12739296837
5203512334
9398588750
16729190488
13327520286
9515326195
343635796
18734250970
9187407172
491824394
9692864091
3215362333
2454312174
13266995410
14272737460
2502982649
16353131705
8984091686
12343882709
18554353433
13404583261
1612042522
12035856553
9155924543
14402881470
18778126964
11789572110
1573153929
2661312030
6043968609
439877822
12663556435
9018454813
21045974014
20764302519
6282579835
5402934604
11527113078
15501167966
21623467579
315248265
10487852885
22085084116
23009742001
17566850659
6781611580
7247929006
6710194577
17384690155
10281306153
16630163711
15378761046
3690794210
18030038557
19520959787
14570384154
3087270697
1773995934
20509577049
12082499614
18586216401
1483889746
12399809413
7700010641
16130079963
8820226781
380111285
14483336479
9323882190
15063649068
12275025300
1599076759
2764424761
7789631415
6136454009
10701521647
673352415
8118828207
13040876945
1652464040
12634366639
6686888295
19481368742
23875211834
8248561952
6785133450
6336144129
22184543521
22445290500
7401455630
11053892234
6928890255
17865226420
5073109270
14606083378
12321274709
9889814967
3187713552
17392663126
16952263400
10007919716
15983994947
3441431168
6793230632
19888806042
23957968218
10852946514
7558106901
6780758141
15410222522
18970967899
12040376154
4237598867
824904718
8214134180
4531195591
3080128762
10918634860
16637760541
3009483617
4209892433
7796944721
10216189766
4719085354
20490198116
10435542151
3480451841
20731578653
4733057307
5786316099
23298006922
10657652410
17615881119
21874346058
5471768803
5740848473
10187739933
10276268600
9635328400
21066361814
20271657588
12227303362
15984057066
2229989760
14038009998
17684760376
3680660959
14033978174
3062188922
5254128274
12478656025
1346580655
18389666255
10175713680
17586343773
7886739311
9797966549
1550113543
15933732291
13196775606
22056789433
6949296731
14614281536
10891468413
5734934161
4403359568
12621589909
15411089746
7118072744
11255353256
7014604444
6559894640
12563448280
16058426032
11007811613
8340809260
8568104760
13767478004
2088791331
23478126701
8588570549
19548993312
18963898332
287805125
14534457448
17848980480
5321715467
9917841085
20124165763
13501575791
15278291511
7622658033
18859545266
7324752366
12997930530
21884550219
9536540913
15963359922
12414700087
11174601140
1200747968
14759729087
5848357335
14515593348
23740248092
6608015140
9482791623
11021066097
13100794409
19520666926
17848980480
2767675379
5004130120
11949233475
4525328460
22790540207
5392686345
5402971985
3421461458
5487073323
14974089479
13576641174
332714846
11535802238
19780405763
11221748590
20340066935
9403514815
2339500139
12462745496
15171677420
8622919015
7655433122
18004159722
15344961657
10058761231
16764006893
20404326395
19790955744
4790715472
12069464013
20744791324
2514829859
4485779839
8689380257
5824535612
7877062946
6908818120
16398877162
3854504891
12368749169
13607263825
7685673995
5926831301
6048238053
2869746274
13924548989
7964105003
16191299904
21891597921
12660054090
18783160406
4523085914
4106371437
3432626668
14237968826
11954060219
4524696319
1306970283
8487527229
9974621537
50158761
1408903751
2782317611
8681214955
5431780010
10149586503
5679144949
7140060239
19897823681
15230975839
16995160494
19255519323
13582298128
772029305
2226578094
18043489834
19642202785
1438128196
7794693562
10847538008
7474768016
23324714344
10186100808
8571498999
22196330239
11095038491
19806906945
12092720284
8636688359
13023015752
18979392853
917487928
22188106580
13961838962
7478523811
2630611056
14563880069
3381148068
10597144691
17781368417
4695428897
12020671639
1668248671
4244723006
14394306517
20740037308
18770215893
12633945653
5402164996
2100201080
3534504079
8660665529
20736645807
7989849071
7763756676
13173848292
783724933
18422805491
18972972131
12684141691
17286202823
20445099714
15582168372
4242366056
1649567615
2066668512
20723239954
10989917242
15178538077
13708437684
20015342863
1585974616
18873748059
22366699084
15157398379
18859266385
6463893119
8358341543
12129145888
15377647205
13462543755
3065661499
5804173481
4166650624
4579479727
16525824429
17339097909
5370177957
4856927512
4113644372
16733724017
1114532211
11172865971
1673802904
16098897334
13917253114
16760121501
17214299327
21396873816
12996840545
22766820283
3474559628
17571532786
9455137024
13070291547
211995490
8062140129
2137598955
8489677546
10295849519
21767115766
6853646283
1856319485
5911149155
21689322734
13390856365
4015321370
16187311282
18002313670
12380988320
12234344884
2797521749
6308487509
3122550049
3475048896
22148440191
19566579960
1360476973
17528381729
12893015599
5582196179
13162911362
1897991808
12760758832
21238064989
2707542340
14103647924
7951619192
8943976709
14920499212
10342987597
5033860907
12006445268
7741861150
5989634288
8017810321
14158221911
320691446
10633967983
2971268632
5383163041
9850469097
4880952085
2904890087
3027103183
3873604636
16570621755
21849292960
21163146715
9129765743
9653010390
14476559742
2015025057
24002882071
16569567099
5734368732
1693560925
20881130698
9413177638
3495112285
8200173412
8050890283
12901886960
1525427373
16821553197
24628324945
23204930575
21176065931
12253859951
5786970989
12090695779
6988419310
2015945642
15129830642
15882735493
17716623741
22502081271
11677455428
8071448727
18371802480
21794258695
6300332936
16929373108
2635917139
13854361947
3865446532
5605365220
14532162593
7093419672
10549277713
9125435984
20404282496
907621752
20855204490
10690447075
10610112834
7220098089
13438264429
3307120637
7236018929
19614680177
16649400612
10975135816
15721499662
22166969053
3793920674
3097258520
4155286646
14389221835
28963154
20842675803
3212090316
3182427832
5358952675
9376560885
1125661295
11013516693
16444615414
3065692706
21645520369
14067619663
9434447894
10505338239
16458302834
19820877049
22462623459
13166813012
18728553890
22230297359
13797566183
737320365
13601555274
17525099892
11057157399
8135507026
16649874057
12256627681
8481472000
6197948066
1880117061
9513467640
18475778523
4250797750
16390113410
1799376992
14205097439
13859996836
1495892572
23207475056
15374153904
14856977395
7983903728
18316903176
494780000
13892848485
522881005
2317377223
1348263
21593037478
5850960357
11241699530
1562303286
15281296718
9691372653
3851757332
5305051313
18850987691
18873090559
4650147060
7771867853
1270150822
20643023989
24083503543
6374408751
19674351198
15177563097
2887210259
10726041833
1525447781
4534009578
14197415518
2517012517
18564536425
19581086161
11661760072
13555635032
11389317275
19089226184
20752282495
21739455462
9508431690
2783759353
4386567572
8386162177
2280283010
8722344781
5335986006
16650547122
6148376452
14402881470
14890513179
10928020833
7271912929
11973260243
5509944661
19058825655
2683303984
13736576998
3726779196
14685200830
1760282973
1329282780
4834721743
3043179464
15550301968
4259830566
13734601372
16748443666
2259422785
11353885982
2053004301
15917519649
9819041401
18930206086
12854831771
20511056175
11244173049
11849355209
15031518647
5536575316
5256055281
16748168558
8589397976
20406999604
7192881038
3885135088
20429646517
14697465392
14241961489
17129152967
18889262265
7189958776
11079605159
17313350534
1259174136
3592253787
6050750346
3488075919
19529530361
6163646704
10586607691
20527174737
8897117705
16120208901
4488378199
3916076287
2419969715
16724761118
11937239399
23310952785
20443254775
11829142969
5801667536
19619280661
17108644303
20593672697
6294480916
8441744981
3037310087
10592560326
13227751505
16885700484
4764618122
15695928887
5993270543
5423434238
14045289359
13635900916
10515186734
9572502187
23258965938
19261128871
8651966311
650973475
8591332081
11885012366
678969824
1917138400
20276562785
15103993576
22424626696
13879842721
2331373418
17091521390
1599346909
10522797729
5843862580
4795828056
4867767914
7526744360
11244444762
1929366133
1904362250
12343366524
15304528511
543536169
11876462046
12388987003
2919589149
9987891953
3190016535
20092390440
3545572561
6468496342
6508153181
9325207409
10602373785
1961223956
16467487461
18426572355
19844473484
14046307151
6013127812
12922991391
9974365790
9951665074
12658436391
16940441354
16941528920
3645899064
8217782010
5985929325
9865574853
8822266232
11892035533
18942852545
18245416665
483579790
3125320971
1254266749
14389807666
18126033814
7248107470
5384967419
22297821892
7741829294
13131353695
3823108090
19610527180
4299151844
7066900673
3632982421
16686568918
2235315018
9065352974
6145277372
13455440907
14398538939
11184232155
1652043947
7708029434
8929945997
13453045927
17706636342
5396196320
11424339693
6370145351
15145207860
19006480050
11149607364
83542363
12924953512
5195633887
10181066329
17850734874
13543375089
11113992276
20830810007
11126805945
9070359865
15365307544
15111922942
11008168787
11810792637
5154417698
14993733581
488760354
13084135351
9096346980
20728107009
9848156485
22341974088
6227518418
13570161610
16445558147
17886189771
3539601299
9630085160
8874232035
15123003965
10430048511
11738573718
4509048372
3663149258
9865167015
21703843633
11780975230
12944770905
20793526925
5302069955
16786335045
6971513948
15843269036
20851278293
17448592549
4253638288
98565338
2695944186
922650018
15727327354
869353342
9077648169
2910148499
12365580483
10635216287
8549496527
19682818724
8832814695
13341240004
18986503994
10758800596
1403934085
16236234912
9806756242
10099142504
19859850218
14207994416
2011251374
7834892749
11944443471
5793963861
6037412124
2238761824
12743995167
7156339811
18762382111
6262528284
1395351452
6635171984
3260038294
19520310925
13094517155
488631724
13265023507
10120569585
16143840468
11481719384
19159414718
3077531645
14477646391
5634795300
14453851520
11727655357
5783823530
17022221690
3995397447
16699192523
21020829128
668787965
9262634068
9242214476
18325199087
15291926642
14326559228
21205109863
727725213
9545660328
5897024116
15935241754
9230251520
3109902625
3074255644
608072031
12830840139
11584704900
16333851947
4463008499
12224620517
14672152409
20036888969
9725602395
5022934913
3366923210
9118265995
7219572044
9398586075
5377139860
1491701632
11241336385
2335550501
17775407015
16923526940
7153700263
821710000
20696998262
2613636781
6378872411
7385860917
7149756386
10523067958
12979114318
17662634199
12765191608
12401625732
18938748908
2970627357
4853442275
14770868656
10677384230
7274012800
13881505399
4630568416
6370147854
3972064330
15113531533
10614024069
12912215912
20985411767
10494226133
5054289326
12201236571
7701417549
12206922434
17815557077
4704782172
22918614549
8421631708
7387915808
5801616247
18311942241
17813258900
6338174971
9545379970
5353392684
14002761974
7656954442
12928675331
16354472542
12579546870
5044777464
4660732331
5711992127
8848361695
9408777963
13363959985
2733783463
10041547106
3035206284
3061758968
11471550796
8199149461
8473254536
1895676492
7366176273
9365277005
1939633731
7038938256
14265265285
10141239018
18050715887
5818483134
19545510034
15617222070
10992902813
14037957172
18360596470
18038845415
15430652596
19881612865
11876582092
418378992
15152217522
11308120890
4249945898
17166926266
9922825702
9442459846
9562382375
23967970321
14025983484
17728069539
3097719360
35546550
7032357168
20164310874
6289087489
3272060467
18200828991
5458701369
6266487500
2656209215
8739738726
20191149367
9606532201
19060581660
3037891401
6561263591
5345382195
9323794183
194940499
21625888333
3501617388
3669183305
7484336296
15293022840
13317820013
8854614412
19286647637
5233287593
4497182778
13590674650
708645788
1050340483
3703005709
8312707703
12694327281
4206380647
14962500595
21508300653
16791706221
11068861116
21506456979
17971256353
22104749591
233605769
7891078103
15159908964
12046044796
12729265560
6270256125
7203064376
9242951173
18220168731
1244768897
3157744290
1419573990
16982140829
13043581645
14891878310
13556826775
4376278471
6741112108
15598861220
20043467278
4848769605
970214184
15105060013
14722063508
13155170442
14206640277
7687447279
11781303316
12073407442
7984460701
10809322851
16059910768
16443241856
4674761689
15765109102
15442703893
11650905231
9874788566
7178367945
11427489079
11366683906
12722224079
19214099512
7014727972
8844794560
13441206072
263236359
11682840521
8151413337
2753214540
1451463644
10740821172
8558928885
15361669719
14359439947
16095905671
10361416771
3078499067
19677637678
754650425
18556589658
9129932711
4367278027
6589853050
10182947287
23154802167
12203474156
13744376490
9184782274
13542550058
8031091838
6191897706
13232158582
15888491384
12161036206
10752274476
980502987
10230621643
11219509421
14282956841
17017378246
14402531258
13572706700
5917494186
5665661033
14819268013
13849397136
2271819946
4607258883
1016157819
19049111951
20783996134
15080700567
17892998136
9473843682
12832184251
5118959242
5997887778
8956002368
5367064541
15819804654
19562997865
2453337993
12212540608
5987552490
1148381627
15794658127
2236477547
22214514742
3937394175
2920333722
6825592383
11844721094
17318332775
7316081057
9574896880
227176337
6920392809
4150606984
15573564283
3495112802
16445068768
1388772408
14051365743
15255388144
10182250901
23801761424
4145260516
2650994656
3261809237
4600904408
11515188848
4449349132
3932153891
9454618549
14951544651
3045321427
14417290290
14472603839
9512395131
16961971713
14510010114
19708824210
20322261238
5431394780
10021203042
1701559268
758235341
18370960538
15481567955
10873345795
15573971747
19975689801
9643858158
15992994501
9574173272
6217748039
3504802062
12933222386
4112196044
10312522497
17173760972
11212882354
21707511816
17372883307
8675197409
17440207503
4172098232
21026388819
20113004032
10054366019
16430851711
1601075573
12516207532
17869056123
18012722317
16818922563
19744149322
1964885764
11209391411
21093539003
16979594393
1641893827
10889618887
22450544251
4264872263
16904034121
10723776935
7882486670
7514019322
20249088536
2658242033
8268918785
17676609157
2197862127
11264945375
9739590979
773287222
17296779474
7915400477
8387480616
8198944314
13762241867
22748172650
14232949766
21274948192
11903805251
12864610633
5115052500
6932479643
5066265860
15785731580
17218819696
3813400445
9786070202
5565010914
15213841922
17519099416
12022513286
5291860243
4201660025
4961261001
6147332325
3517171305
5515496219
9448972947
4651824800
14607370723
12343882709
15212073148
14094995141
6659624391
12790957574
9278061456
8511133873
14331133801
14490348834
1380862135
9922409146
6482005272
22790068610
10652276703
21104001016
11594239023
14279275479
194908244
18305217552
11924017826
10880376819
10101060484
20144525648
5601918824
20998455979
12013232665
2894325377
7892937115
15665825119
7789399274
8083347628
4593317638
1506851774
21969068437
11853414147
18598109382
6260218897
14705579289
14609769342
10973249025
11940505379
10051348840
4625905573
15643606348
12403137984
17301146466
19481901782
1401200080
8106365979
20127496499
17448684371
829144373
2752400537
8829838310
2344315493
4438361500
14142519671
11325464579
10724241495
1798231581
10974136720
19482944721
698401121
1381495660
15103327772
2234211750
5912338521
12389666431
9122990083
6556325431
2814225486
5289005018
4379386379
7652789753
4209185709
3269580877
10661172163
9553670610
8178587885
8712281903
7032347606
11941706111
13299356659
18622656321
5121075864
3534255226
6479330466
4531182230
635706489
2971735846
8890837012
12057112153
7676409891
9217787715
5167430262
5494782150
7529912189
15131513418
3047028761
566432523
23240937773
1295446741
14091871452
14809779842
16070696767
17037227758
8157179134
1473180908
14830285890
1381125080
2558462209
22744464386
14102179517
17632816957
12765848858
3490766310
5879756411
11246941257
22281161168
18376758523
1405057482
5800246266
5203614653
8368441194
9568918090
13254780035
16436663249
21672024310
14325629598
13879107655
2939990525
4051408165
2286678975
12495752692
10588397105
9029795217
21968182522
12208596422
16894155591
16783712184
8711224111
14487773209
3312282358
11091661039
1653182291
12646373607
488871225
12167019360
9151652772
330924230
4110251408
13742697279
18389380871
12824952708
6063434066
326190139
13161961074
7632147788
11901402364
7702261277
18329242328
1668481468
10850493477
15643062040
2903537688
15827151679
18591973538
9978883114
23264255666
14697098051
8052761825
13357484411
4074566897
12229282098
2198650531
21102554426
8194176622
11169615426
1819452085
23331248135
21301088173
662164376
6361902069
14327020687
21293516984
16098718878
21823181123
8997847550
5903864280
13936702394
2789241222
15917281662
9924930555
4616973414
3820710142
10377758823
18159006830
23308506119
3905612271
17321093697
5025740449
15399463285
6609407056
3576374783
11442233320
19025045672
21688148287
1462760310
12046338918
2255643381
2580941839
1369655753
11292736985
13866836277
12203334257
6683814123
13181005624
3965206898
20494115351
9674438093
14998062110
1653378203
9770810956
13158873692
15651325931
759127623
9195947851
22978838710
3884391937
1659544072
15455617890
4695428897
16442515548
5047837408
1743252493
4389848334
4006311550
11352893582
3135940441
20551190781
16146249079
11009439466
3960653501
15640682052
18427728825
2401128630
7464271547
10701250685
11231624880
14670243305
9772281697
10834603251
2766715083
9278019391
17254640222
17167585078
1787891647
21936991645
14232344339
7056038539
19075729042
11575669889
9632722111
3099733929
4834638997
19622600990
13863815128
23486342100
23932602671
15880378184
19350658829
846282588
21283268928
7035722300
1412491592
6148387426
1573079862
3370891231
11119863152
16380926992
1636011984
14298281046
4939091517
19293610789
4076061388
16529775100
15434849527
6893917268
12253585453
4652062310
2040169058
9604246344
18614469465
11152028727
611840249
10776372306
6813203195
15787266428
6917079722
19899173023
17932787499
5376644737
19978081372
9015783816
15485618376
12905652161
21419604051
3866395877
24201318257
8294654724
19058325199
12683786436
17023050323
8118825103
8746793458
8532175277
16660197111
21599870762
4074085918
18309788259
9821719284
14325423892
9712146510
7546449642
10678543488
18862008941
7254561261
4388148720
17622040621
2814835499
11686715443
5755910977
20719590396
5781175195
17705113303
15329794097
22224775950
10002845379
16575509400
7638507942
1729270449
911015283
21420329399
2784916924
14966181157
3646774526
3106067701
9181857468
11493514497
17486900129
18172734223
12037793323
3431272815
20079851587
18332691712
9241324445
10532615056
8798428369
15099492851
14778011980
10688868922
6318726865
5166316219
14483762629
2414520143
13182197891
6201778609
8047650798
653351398
3298780835
16167269777
13258137371
6631729813
20462883900
5068592108
11020681549
8665521155
854232209
19011707230
13685459563
15424345087
894120189
9482293517
9178056869
11006405615
76080884
5940559676
15092251919
7724923552
353170154
8386624583
14108280730
7478280131
22953541107
7393123288
14435021159
1009690227
1601451639
10437797663
3360617403
19458466202
11118234550
5769576487
6905840029
22361041313
9623880833
16769703110
10110223870
8602976945
17928583503
18875783684
2969587029
2594347581
5864293944
3481658284
20368556085
15156386695
12255855252
19655790024
15486374775
9063555633
19212201336
15128828946
5035563936
6904672982
15817805772
3276534493
10313463082
5105928596
6455420636
8485864042
15148881824
19750467144
2353491843
19253696707
2288566982
4096009402
11602674768
19614627493
5891182070
15096138463
10789144465
6998251620
1247817781
15415326849
477343479
1870759838
20799071673
3798402743
8523438686
22039493784
4448620576
1136217285
11406352542
18404438602
14810509090
5296719348
17643640397
12435701588
17959544694
6940326239
10044048790
2660404817
10724185527
8894379158
6716959801
14669458595
865220661
12915587618
6751878131
23992966141
19155077230
13140644193
20380411632
13513018419
7828163256
8597028731
11686699598
4045718997
10589706137
9781157882
6723473690
12937673188
4616836363
12529579470
3626317302
12864944563
9604998588
8705650433
21994657612
6950514845
7992226564
11307914192
6504077332
17486153728
22141291497
18170584239
15409651676
523246505
478825173
13313104143
16606366747
1292531625
8960048729
13396155471
12077110055
7285758272
1528567645
12904491169
13096957927
10843367241
18956955496
15283415459
15487055578
2896705163
10101627948
10762985293
17783319412
6628910222
13410566312
17075758427
16278702921
18067353787
9959250518
2233595538
7340630588
13897694356
3885618804
3966056435
4664555993
22105193762
10550365618
1152808053
6401502165
20113580670
15033554471
3653417775
16147537561
11712281183
2352403280
15158695302
8749185712
15985619276
1683110381
22957426092
14696697928
7515007976
24471281045
11695330703
21385725107
8624992040
21158496328
11470427187
11315240877
15494887196
1652983706
18128879622
17126623273
22974529869
14675862144
17650736036
3944318640
9134517633
16439737049
10761863538
1403599734
16971152902
14029999264
3940983907
296786226
1302482724
21931452961
4518233443
3861927768
21628880086
15917451922
4075537965
1720865738
11792862497
4250960373
3013434921
11643612552
14269272115
19152211039
1249116917
21348607492
6944065258
17527787463
6813344844
21746422743
6940326239
4377980676
10613226257
12507662376
6204252628
15945961252
3282746725
14265467842
12860131769
17395485977
736371024
3807231343
5778403548
21391198905
21029326336
13218446011
13359638428
9058048056
6569596169
1032799192
2770235734
4865918810
10165063425
8215733317
5696226252
20227222674
12891801162
11737573227
9081159668
10360925725
6421488343
16668836767
4801577853
20800489812
22258826043
11366816612
4486689330
1127501879
3618704403
13045952118
10342035663
10918495326
8370438452
14652966806
13216803026
272402413
10771158828
13613114111
2449708692
16388355919
20068871029
13782615177
7024552119
3934736567
5623023150
10895367866
14916360713
21629959508
10773622581
989295514
9105529308
5292221872
3124509099
20615360628
19360944637
6880271144
18000971758
3885126712
2727625768
15426187468
2841912411
17896065277
7681312544
5625202050
1327099103
5321236830
20611628389
2380871552
14722154854
9508228810
19142625287
24305478978
15232242684
8627265154
14846524753
3469538049
7541861202
23385516396
9120748878
14396396414
9995167605
8933231343
3095635120
12260680262
3469248387
5744651413
5127140098
4169234998
19710076810
2598257900
16875681061
3583253553
9800763814
16496702324
2449701255
22413664027
12969796732
19779230080
6617203293
7126154854
17145112690
10564465793
11579549894
2598076426
12044079581
2947534575
3634609737
15462903988
8138477690
8655233153
6939910840
4448787115
13243445458
4001970233
19793534563
10429574152
2416631710
10072707418
4104098687
20758938289
2225433425
7727780168
7808560217
677771272
12021585715
5597116148
16194027486
10466532103
2786198203
18774106371
7747600606
1764585012
14368034609
12272348056
12678077044
2163637707
6873346515
14670900944
14006484090
4634507994
15703493694
9144676166
20187304248
17442249211
7925509034
22692055023
3626429641
4595084400
2347725913
1034672536
23426901329
10456519901
6390624830
9805586095
10000868531
8987860417
8210090553
5934559707
4659877180
14345552264
21191696026
7323707290
3294220621
7782192413
2898382986
6835641755
18325225364
2594228789
3356412009
10197213318
3959966227
10440904027
23493901396
13906551966
9125106058
10164842908
7274927697
6464528885
18943212274
5258739467
15498094675
502809078
20307854506
2980216641
901325430
7796252958
10261955976
17755700643
13786846347
13442298726
9519853016
13314032652
8746992197
14938511745
17116149137
280109319
21697050102
13797303578
4118682431
11319447972
13575198991
854605104
8548073852
21390359820
14492018496
17758180411
18245453114
15654112151
9889139880
9369498755
18091794685
4513936608
5067034272
2516317365
8667343172
22301200772
14611951240
19713385987
1431076792
6626244075
1444414940
6251944586
9440882998
11933286783
1663786694
20201152510
6066449190
8779236195
566184975
17527787463
5692809225
3873425686
13328370616
18000971758
3353971549
5264868213
4728852899
8415495258
7951836858
16662853029
18205753623
18032712465
10175483826
9650783574
8079261168
17651296478
10089675794
7916872149
19086620325
22974508223
21835619737
2721512735
65327223
2851057030
10055333612
15141676946
8433841834
5783935162
5001181758
15209039659
6935017162
18322511516
5097273239
10788484613
15425445666
6890934434
5622466901
10156699638
18863609705
10531864721
494626360
2221750714
5535160286
20484272125
343685463
14556349326
9223059725
14582188129
6874203042
5928900003
1459118145
4731723264
12832065172
20992925376
2300699460
19848032428
12673786231
21487488460
9535449631
9263630376
14192245401
7785517047
4644079007
22313561289
7034932555
4555759037
14883470254
2624001709
17290811806
8960624938
2981902300
19874127090
5769621298
9959546381
18343669002
18606885390
17261613126
13580327759
4438222463
22461697386
14370734354
8823822709
7792162190
10343473894
16472807902
3830633015
15684583604
2087792075
392380555
20202863086
4208981136
20661647809
2769099374
11562182848
2174715227
2674104900
4249899956
5548803828
3590376837
11962995539
6232581661
2318427159
7606196850
1319240668
4460170731
8369731010
19066307858
18204771024
9066370398
13001937154
7717275477
13641352734
9029795217
12713432685
7361702333
24164416420
3597599132
21866339412
10406375734
4843655669
1143475700
15444666484
17954886032
12595680652
6894141009
7857797051
3356567801
16961428565
3899441843
23986666183
15603255309
11428541772
492511059
3371394524
4500675306
10311141049
5042171801
6512032808
18675650769
24086191408
6570714962
2170820605
320112469
9717405414
1220567615
3027009924
4588783642
16503176576
3661577968
5286031434
14556755713
3902615062
19494961417
17628695301
6317122370
14296629314
5359145892
21318068980
16305953318
2480204872
15617612296
7265675269
10476114163
16827166145
14502441451
442414956
1783454713
8941387755
5763251495
20130536361
605006458
5077689357
3530515654
8953922149
14415277179
19824772975
3624623108
14187099926
18319001926
4785652165
951431013
8123885759
14699790739
3314754226
5722026668
17164433365
17098122587
12698959208
12302819547
1549260939
3313409725
15385125772
9029381722
16992836009
6121228907
3073841352
8378633050
1966684198
3948628522
19836970353
4651248118
3389567698
19161078551
16355101977
18844228707
14635683898
1913157451
158458685
23419251267
15489729209
2953704993
22802643709
14457484803
6517481812
14777920923
6194726893
6565382696
19893063742
7180070301
6170183138
699984887
8827612920
18016086644
6048418759
23562702421
10789392551
12665086635
7789442281
10802257762
11861333984
5822055739
787756062
4223711137
7392000792
2364017458
12810622941
14506802670
6541066046
2915967226
8966214760
3365513585
16795091697
9211869695
6581222590
22667669149
5350809169
2515432300
20993059763
21081593020
17607537130
21584323673
17256725535
7296606013
4119896654
6606200252
10646828815
17736011655
19864329966
772938231
6409803133
3546835921
14461714707
5164306550
14317691854
8344528733
3837596203
6070258876
11132460060
8899503851
13142102321
20991596087
17997042468
17270852654
19158231625
8662623930
7524453946
12725905029
6119611028
8319329162
22652102851
1276502843
20601361519
2749935899
18538895712
19124362346
12951381892
8507025405
22271907343
6812841033
19139284303
7644651633
16013826395
20476288662
18670558127
16412137703
20247359489
2379174450
6174400066
1537641244
14209642962
6158332932
4435979331
23280566170
1130707312
17759855310
16463915783
21648067979
16210644036
19877137850
12978564289
1958035324
14174546501
4895485744
7216881774
13377656695
2964799949
4947414385
186550786
19995328966
9000988689
19751846796
12516320305
4686043647
5175793428
17808290568
6504385059
4435104932
22918919460
17279843032
18492810035
5810405136
12139415847
17643103776
10796612127
10313424223
13048803673
15273906509
17117331081
20947096167
8502954011
4881925491
15057940368
2598076426
8593939352
18900397677
14246862372
8977719183
784897427
3606926765
11079284305
16951020976
1120892914
1094362786
16201793017
1665995407
7969040615
14248902867
21353087331
15562638851
7742655225
705564316
6411601111
9756333313
12688222274
6211825463
6829690864
13709932133
6309960231
6971234004
1008420828
18210144764
19173389423
19011969020
6447861813
4457485326
17559373987
116432401
7093307207
13326209856
3432706408
8216697123
16848316013
9379024897
15193521320
12715479477
4529102118
11116109137
18986240427
5361634502
17446623731
19460351218
14017854274
226172627
12663052433
3258099511
168100958
8177911429
8474167856
15053909199
3605537653
11262970607
13524755706
5302069955
15869184557
14388935153
18430294992
341275678
12659129515
10889782465
5684944855
7388887272
13264616861
2118821952
22148867596
18515572018
11134981336
14089640999
6665945245
4912121132
2280404541
8952102793
2623836917
254828884
13059574141
3812798577
9153937839
6953488302
4594628492
10603947366
4201135470
19322893665
12850807106
9439021915
13208030389
2347963931
21506206295
14368128784
17266172542
1755907399
10323817580
9507736479
18182248910
1324701715
4935045811
6020717357
9315571538
21231014282
12281438277
11093821694
8827016180
10427547387
21796091889
5699478761
6742544033
16264135428
7482640705
14294703830
16021033207
10039184717
20799437216
16611774495
7014504245
14367830611
10945752921
9797810594
2253447687
12474355720
5272486824
19609280997
7066642494
17547265
4726198674
12682219618
2562300853
17549591922
2364029700
10636285362
17540199785
21158523169
22020369605
14946432923
7374938507
7782183435
16136798575
10085271740
15597905592
1848206763
18204812550
4303007641
18371945926
20086916441
9711736951
9977338728
7464779757
2053463306
4416618547
18320346732
4906989045
17375319937
4686211575
11879130724
22568201843
2230726751
15035449606
4625461201
16637429014
24369964260
17970971245
13428635030
12213271148
19841104457
15063261399
12741577210
3689397370
4742783750
9212369007
14079530844
4255501823
9433251170
1415885490
4209356005
21506429113
3355148241
16900979538
5344584150
19364272852
5031560122
15257309252
15235567210
19458601891
8138131665
9571582848
5280584510
17606465953
10787744277
20048326749
18638298525
8422133145
15560200430
9358148402
19688982655
2566913491
22952152612
9370457489
12517243011
11044895053
6672841381
7082224862
9415921503
5640156863
7496685106
74503106
21994058132
16560170536
1801488505
14919499396
8652464358
19706919836
14879852787
11148854795
12488914907
16987069238
17437128600
9385193431
18590784999
9926108182
10600809762
7357251658
135749267
8085515643
9105603049
7637897088
18708864982
9859374594
9960252313
1177652451
1018552621
11808567986
4083146244
9487346863
13431838926
3097777104
533249252
14491600654
1277889291
9529365219
3220689416
9153948260
2781128196
5013730049
7348922742
15347567475
5163528614
9401365156
1766946645
6840201444
6687430937
15240318548
6910285982
17695588341
10240147993
17910116259
2836437424
4258419456
18611070228
17200160421
9599167594
21377339894
12340600195
4448455955
4208308127
14013366407
488492999
3482097589
15557438637
21920467369
5951205546
13921906598
4631098564
15645122159
15558374411
13578255882
15754749562
2125160650
4358451946
2047221495
10284834185
16834329454
10781797968
11210827406
5101146700
16367034710
2621725575
16700190823
13552277943
15002057631
16563472289
16497144242
11933968588
1150142052
18473168601
8517970727
13360144248
15077242618
661339670
10269891500
834087956
12536544632
14436268157
17370350304
18031933843
7141745015
9324512882
4496529908
16726784520
14407286481
9412439428
1977072688
23822526930
11171710671
17600456869
11091768799
20668138736
4077116724
5767422191
33339710
18577924660
10412012961
8042259579
11984957744
23426945754
11055439561
18497602160
660232697
2583279518
9058262589
8352052507
4309394943
4369189993
11762122772
6141624889
1559255290
20032633863
3187974458
7454239552
12636933821
8367637611
4394460961
2523004240
6393859937
11812401361
11908004571
8042014519
18393768897
15475329592
19294792543
14293062371
21283490786
13500606255
21244622741
11990434691
1097942500
23481726341
15453433677
21905301276
20014989171
7868249853
2959074037
10487797828
8677262601
8035859538
16612016015
16307780932
5119498002
8707829694
11141258595
4048241934
21361173184
11811453536
179953830
20336731453
22673948445
16937250960
12628293867
7049923198
13230292739
5863198344
6762857832
21650632295
14614281536
9343671185
4177306169
14807536136
8233716917
20199372514
14353418291
6459572523
21413087817
8943127595
16425187232
10495786844
3176064837
14077419935
8532795870
3822752725
5073695395
12804092820
10431217462
4540139382
14036654125
4422096022
1654601197
11765186692
13571118967
10633520315
8944364167
3390012930
12075107454
18935408431
4790491445
21876235204
7635391255
12811180141
7148419489
13163536834
9572445983
19920993307
21401018683
20318584277
10436692935
17666026863
12062285726
1722635506
3404698861
9856553829
12844152316
5985703308
17488047602
11691135369
16257941455
20805221523
2079391112
10173608570
3137491794
19459786527
17970370344
23285268734
22902963769
12480330451
19954633897
10217863906
7693570696
14942631536
13206935217
12694733860
16166001314
17392420728
1650027189
11190456015
1896239041
22874039283
22822109317
14880704
5961610433
5325872626
4567943444
19818649477
7192230891
2910710630
5629223132
18622103990
13047597225
13263397255
329447827
7697216280
6557666123
6108608749
5638016108
1256810867
8287251279
18700535234
17915043855
4135189808
15281853214
4650557260
6473459452
392042212
2317743740
5698105051
11959542674
5750127385
6241141807
17036121927
17210070315
20304649135
17234476494
19103686381
12943377668
2810875194
1859376125
4209454930
11340762354
19894423192
3128302917
10503710091
4049742860
1031065912
15729093479
14900411482
2553211489
16159902621
4909246352
20268259469
10009366332
5445191923
10957691949
3228647607
7978459071
15072706892
8879552652
7424317772
736391633
18424462015
11918838039
13042910927
19189933136
13387729936
1279656785
7644696369
7719492182
9070252555
9484443282
20129151897
8033217078
3511699793
15356773819
3881631082
603314927
248615616
19470742548
7740669457
10951238714
828880477
8518404237
12769529399
6240497875
13189736150
21239634928
4851843994
12760296345
4587623530
1745134196
15708351396
2373276300
8409813948
11275507928
6285365899
14866565733
598255673
4266640474
216685748
2635683589
9343366757
1641919726
19954874054
6697385323
183037523
18205049329
8520446012
4181134492
1178516487
11679981355
12208795365
2658020991
15422200025
10011319339
18309108868
8818950488
3468086783
8662286361
2031476935
7026225205
12286470841
11998866651
20152754253
13255841890
19544360020
1052747382
8708901327
16201795841
7663136954
4021287854
16672776900
256423849
6824709036
14673991035
7052243120
18742603627
14725007034
2254459586
21677482431
22310677786
19870462817
14910442497
12127000822
5669809526
7165442243
6372753061
194489571
6126172678
12306772607
2580982772
8017548149
5022318965
461880039
19214499194
17348507948
5655893061
17205385194
4111441078
18945348574
5435162746
4519580732
16202503949
1298450126
19561785733
10120672021
17532672580
4120663382
9251230638
16014065844
1539131068
3479112780
16284544966
17278659348
15751340566
5606605381
4980145312
12578803133
12752196811
13642874865
17979403924
413840003
21836293483
3349868915
20021096860
11480850954
22000401494
16377687793
20293947458
11766013475
1145347008
7652196718
9351005909
8672765680
17780887856
18070283737
12212610604
13965253552
23057499049
3693207216
7869564482
15927868772
9821338503
4905723731
17743814672
7049397181
466667570
14038236005
18156917219
483579790
10876368144
16735936073
6619975128
11287724674
9979448309
3094127144
22466653523
6192421319
1799739014
11211744170
19492621372
18957352599
3456507102
6343977738
11250302442
22292757666
6919626610
14055580941
1132940308
7162887080
4445510257
1951319847
1842770923
3498019843
4860920913
2708501654
7561602871
5826903200
22650433164
1430557801
6408687160
15973503761
783432988
8539181532
3094299711
7782265554
7015276997
7409779139
4390159839
9167615043
3847051629
5386425877
11960879237
15404378120
11032871117
5445907932
19906760301
12493314891
12617169942
21098308320
21993224621
21590246672
19412646273
3315885035
14983346674
18499812727
8550404655
7120868623
8500288528
20850669955
3599399754
146974480
20068106983
459976272
13655064492
11305366637
17097252164
10626598806
1079083235
7092359268
4685048524
22635466935
14416524794
22696004393
567403540
2075962059
20010230975
97618785
11829660268
4209973507
11495710710
3086794214
3531295758
16365857211
6128769998
7405516358
12023658191
23210456825
1552742012
14252911063
1653546828
7660913041
6997965272
11799027335
12450817077
9926154793
6804734094
8972627241
10467740233
9111607363
13434276379
21620328498
12448024604
21409120920
10788605233
15878549963
8066073602
3312622990
20952601233
12334678847
1439135597
1309215036
12506513767
3360154276
11500346758
7471734547
5251619826
20103168725
17607760222
9186663033
12808243246
19922906723
24186153822
19614174490
1304984319
9556645198
24524671696
16740189212
10912026740
15827655981
1641131770
5246245749
17775282694
15966322852
15144030700
3501953903
9513581430
18325650666
11835644665
10713216550
16064715042
18148821989
4401509563
10562442791
4257686181
7756692260
13472447304
8203511725
8736177892
8312673109
8351554403
5001694678
20008862443
22201363441
22413540714
15344902469
17642677704
17500233157
9542689294
1250215513
8257665829
11510465365
5226079171
23971624963
4748161487
15099492851
6281476125
1850557815
5514601150
17592933102
4235468450
20742198212
23263068831
5119806665
1696323333
4377368288
10320086206
8772667926
19274071720
3086885833
22952055476
1220118994
14219246959
18772982160
14472457709
5694426065
9975140294
16373249534
2437004432
6871478154
11402389593
16449946169
21469863608
17932610935
4770456690
8015059050
9381090901
20129929202
5828827818
10560944456
10291361691
4245630853
5131444270
24212355408
2483713794
547762203
9634373075
12701817084
1939678689
5391145123
20654301190
4358553157
21359041648
15475330252
22163783107
6034818855
18027067579
2624945344
13818480009
3046927379
18595844567
8604200413
19656018837
10537160351
4242852159
4327235468
4047732352
7033552194
22897594258
10168479722
18473181380
7788796011
221970738
6140644473
1928804369
20338723267
15789554265
7232815842
5432294941
20083841317
17849838405
19794850194
6462631779
2641328034
2365212148
16572001735
1361297698
21467180206
5710997605
1908949764
21682829537
15658184379
10625780613
4437996397
9820758413
9557663973
20943523964
6699036997
6878262995
22523996850
4000920204
2702207821
15614510118
15002969721
1799824051
17812984776
14283060938
12564764430
11262269127
4640576553
1723512444
19020227444
8047531634
24053484289
3389345413
856460983
5446266435
7192339389
22709637241
13129297916
24467832566
4154455733
6144077016
13513895825
19748835993
4451820454
10303207195
5971529423
11632336619
1171260462
7960726651
3960385635
12016399801
1290855489
8882743064
15262754062
9729233377
4557764541
18567316280
9066059496
2771727373
4068528405
11722774908
6632109348
7862833944
7437994865
4172785061
21093130182
6909634952
16657990584
12903960102
419752954
6156243122
10007757870
17208601184
10301986229
17873218456
16443038572
9342458354
17210684133
11523198222
2125979566
14769441020
12078987084
22611193438
20896703420
1607216807
22718176236
7487491364
18532987584
18682044055
8307090759
15865009353
21861142406
7293647571
7617052755
6878977467
4754202056
5243637579
13326688961
17483678202
19537177040
18904292960
7062188489
7120924206
13410710143
9866229482
3774928415
15396714290
7677402500
5464444005
12477657469
6295086611
7399122240
14836884153
9073487645
18536281692
1358558719
711350304
13990235338
4924603512
4018133237
18040423941
5940480661
8210653684
8749326809
6839524620
5200386883
743452988
6870549424
17674960846
471327701
4531182230
21719640650
21873203682
20200560176
10680088905
9075505696
21798511949
2622019007
23079663828
22821655
3486053664
2515482495
12517900489
1627392533
1061147633
9342809885
188197630
6217796895
1929835875
2339553237
1526201390
1400105409
3922990495
15332214658
13809207157
9582025554
21978110373
16259157685
15405624439
10755224455
15421681702
11694518101
3384885616
2940240735
1220230787
20426197606
17150018863
2044356741
23589837088
8919206465
14538555206
553521263
5211261021
722705999
1931381342
8887400073
19943274158
9396643560
5387423478
16123313523
19804495914
16498087873
12969184543
16132026384
19174680898
8310272259
6987253892
49021823
19008541119
18459008378
6186727700
17045685371
4715933036
10827931859
5259277461
4576051527
7572897563
14116167944
22452285151
9326350557
9524890459
12758969936
11270147440
11568360876
474914399
4924603512
20811441165
3409265877
13504915086
19289181926
8966256938
10364887924
16390355830
13717670556
9243938050
20696719973
7991538444
18228721011
5198121860
19024850441
19107271433
7171058493
4867693498
18914547290
10221053718
6277621875
9726775563
3472795118
9712635820
4280290845
9851788798
15155906841
15159573464
2173269843
21544687650
5841751780
13939178729
2255059151
17717530593
12190790431
17241907872
8943502163
3577723451
6465448223
17530093596
11130736190
8363551327
5953500535
16443488732
5467350724
7911359141
16815721892
20227081590
16057804759
24133403341
3010360420
16487848617
2014998802
8104723982
21359457483
20563815424
19181456823
1995046461
16507035728
4769689106
2317709680
12134502216
10088441811
6473773768
12265855776
3085517289
4215280172
3023417386
6985989360
15913916670
20846585120
19140699978
18525506242
5736443495
520216321
15384583797
4042761568
6558291227
9129457313
13991678374
23567616811
23497139642
1998730641
15642586867
9848309157
19029218341
16143266692
5640356640
7046876052
3404130387
5665248128
23094931017
6421026808
6266086970
11235155667
10736921258
8029420990
21112931807
12089161123
9513739501
13964027337
4326489921
11580837932
5008987038
9813062968
1952343896
15406934537
6556305089
18104535259
20217574583
2119645756
10160666046
11618308191
1898237840
10763425460
3968302532
10600068683
7903216658
8221589588
18553068695
2537128498
15912413678
4284676023
23770971822
5786824576
14395535953
10411629774
9449824716
8866365107
3219647605
2150648811
5066672619
16661266753
7084477934
5231665869
6983867159
14011186058
17351549724
8047136310
13031388301
6374556609
3966001168
15402423949
10830630758
185160656
22302100067
20043754019
5999880856
19046650555
6292275129
18703626552
7579079970
3474847984
9340442678
2187574717
17764022940
12751243892
8140416330
19244337430
8272347684
10639907109
6242977910
3411218556
6991898044
7321147225
9507034199
6854671087
16443295433
12370356498
10820065891
11122893789
8670220331
9066493038
21759819826
8199214626
10677167237
12862245406
20855378170
12848518885
21122783553
1679860133
14490465387
15111840515
7920742114
10268450142
2618370713
7578299052
1508082957
16258104917
4065133028
2524255895
16336984653
6723704445
19045324538
15902272830
7442556310
8468349112
7346063427
9975162924
11536479643
23172851832
8938173406
13378952107
5956719618
15671539753
5888817516
3797620547
22810873692
20237492437
8887924371
7708190522
17843018505
19708417074
11773552068
6504077332
6376368643
918906459
8831215568
17729239301
5857755023
2229216988
8350459246
19516277059
11566384947
7424797714
15570202228
15788348093
5451382271
22443584032
2068262931
5797666600
17930922656
8602472347
16197112694
4074739365
16094800766
14521922402
17340421892
3473010699
7841277649
1016826581
1634061921
