19718999006
5006999470
15688478281
12638137944
14875536614
7014748870
18022763443
14876478942
14498995676
23273468842
9271008683
3722329476
7353837668
4462311482
9672546423
8428187080
1086647564
11063802752
9405384472
21755755885
12829551636
20587450942
8318229168
2223948362
8256890576
9590783818
20004873066
11268112454
12195273808
8998347797
9103054948
9936998197
15825972796
13848802650
230795387
15774399890
16778649495
6038636893
12140333560
2714084474
2573218325
11620514924
17758210652
4034897981
15550819998
957073038
7325139491
11186270543
6089722996
15780343897
22569081852
10150205104
11303158450
941292483
14755929125
18562766518
15274642881
3528384120
11357551296
11630760931
16467979771
3231026297
610524252
11442545062
5266618187
16040452159
8666389940
2458215162
17440604314
10340607116
13415785969
16211885887
18188403808
22072073716
2655590819
14103750122
7128124888
11712643879
2503009945
13053080083
21913042620
22691160035
861353370
8940081999
19984373809
12107928714
15267898752
3677830652
10926675833
4039726007
13058899437
10894524248
12152544704
15995170585
1443751279
7853582469
6759526260
14308080786
10812138519
1131691850
10998983077
8601885513
6256359903
5233298856
16526230987
6818241415
15885559887
5472350141
22233125412
11177174976
16925806067
20392595800
6606274669
2102091777
6239314954
1819929465
817690505
13951792065
15715048281
1482205130
11982855495
5023414842
2207357222
14373419625
9181898738
15380335551
15971173524
519635445
17098318494
11684398581
16141827930
24592152065
7281202347
17386408133
6836934855
13164793891
7846522182
7350027180
6596241939
11847502641
1668004845
14546136415
4408728225
9765933706
21355387125
17196955440
1727962556
2646856975
7147601554
17640248132
804730137
8165051850
10049621066
18357596288
2412242060
3409312175
540792787
17944898351
5833593505
3961519104
1204705106
21891245529
8845751366
14496081604
10573502663
16045791532
3617626049
17714042247
18703872190
17992617882
12746883010
4992049066
2312638599
6259450597
18475296030
9315733438
22208035033
12010162353
7279769329
1474110926
9613486773
10909335597
12963578845
8176105984
20331911956
12516996811
2161988592
9292510121
10143718702
13257206041
11246022667
14701671816
1694581018
2783117807
6294049286
21523686454
13821684963
12308563776
18366846636
7381914693
4740784828
7683320281
21982500107
6483135254
15221457263
5611451777
4251547836
5480993624
11192418389
22898615832
5170349221
13245815147
8994702581
14310841297
23272758291
4059373290
10848564047
14883966868
18003067898
3203897947
9666274699
13061760089
5276351753
12905531030
20991398801
10873369056
16145455515
300746119
11880041808
20424712386
18973767323
7221248063
14723063431
21720345099
17380218838
5457473059
11323719141
12915072869
6602658175
3899371890
13542637792
3270965565
6687594959
23823223733
14112069906
842629441
11332885255
18114101448
8072081977
12768215643
22146273665
11415932323
19712337232
2793747115
262388084
18970030195
14477503780
13176878916
1570805450
9921733457
9148514373
19563959905
11890144501
8288371624
14285343425
5724997894
1552160460
21880876623
4864508150
2346509957
3495773450
20091676094
16438964015
14831153861
6310251674
9971425419
10614972067
6372659459
18315886004
6468413205
20318434111
20371535225
11794780899
10121862760
4228916430
8249557823
19156803622
11886557387
14169857185
2898215999
23939163001
1568216162
12259305213
17279658775
18850069902
8367168798
3141090193
3751796722
20484804413
17049758896
11865167841
16559761543
14414870090
2709420804
1964371360
16542535559
17229771056
728680645
6758644437
2731337012
11067742913
12507894125
3618167552
20507762977
20415125119
14019122381
9469029201
964484618
11529018166
16140054226
3668930189
12875123756
2993494807
578644079
19188991870
4446400080
23912185606
7771292787
19038934631
15851655160
9057390517
4022835958
14766930338
5278869314
21122288085
13566792339
17789392902
14035161129
20728557333
11390746871
2846393662
24092921643
14434577764
11759947380
8669251025
3482813412
18404523603
12506412002
12078603909
3474665728
2925537790
11232986365
4935487769
6267322517
82691455
532126750
1263078829
12646697594
16940611464
24460886687
17013204032
8389544467
12374798577
9807440499
7510267712
16908783300
9481009246
5670101598
1835398272
15776499211
5930087256
23056872026
17985315239
3207419593
15036222643
11261999666
5572338930
6385009015
21035394625
14108597882
264322123
8759763888
10935953046
12601355433
13521962470
7101295857
18783908016
12649060059
13921659263
11382758582
8205550958
8843539503
8924023033
9701715870
21617291661
15634252874
6013711938
13895268121
15374007047
16422942350
4701948215
17817016497
3130960219
18080871429
12651733277
19449418979
4118464266
16992835695
5976803155
23361416593
14495665737
10654851800
21012918209
6210964119
18220435789
5363606077
1350064781
11773284535
9966574606
9981381610
10476594618
19743986890
7388105648
13468696137
2570584527
10089054954
8560008906
22135858947
16973425644
877936116
23183461789
3635545721
4579061105
19760523841
4572958279
11627831240
9602255555
6921977682
503390202
7214640914
8244999929
653022761
17427242689
2090338938
12285407273
14916155152
7035545147
1666246898
13709920577
910085660
11652480565
23937975505
10347430456
21015264651
19733666151
15045686317
10621523202
4400193542
5813625621
13223129157
12365516173
22516099781
5760346947
779225524
1631829380
11474078664
16789362007
1442821723
2180438271
6241434511
22809498697
7676323323
23302965219
10700582036
9282821257
14905866532
18987040593
1627397591
2920242179
5366440076
4965076460
22402652108
9215460399
14404209690
21453880704
16906252955
1011092301
4773418728
15765836801
10124289245
15048856920
13375711088
11445038692
23215775211
566677501
5168826454
18233870941
13945633205
12232310012
18032281900
11531883343
4471570822
7765161018
11314983875
23766136899
14130324041
19518545932
14029334877
12828511555
16723493841
1890916667
14097066253
14555362507
9772637296
5050443792
18303856395
15028007609
21384171272
17257131972
3426311618
10367445763
13180466052
6611060998
20062324047
12739532915
21378202062
1057929901
11957858697
21076599416
8010267598
10563943952
17694061133
16154977647
5874828419
9468329634
10159515819
3169408762
9291296854
2306720629
18043666445
8721101066
1678325451
6248475773
18437489964
17011720093
4674121560
22824993190
4605579821
11408908545
18195450108
10846675189
17902991350
2049023533
12959020732
8518911760
6017720625
6265804606
13352801542
2757586821
3938038715
18843635892
7240978904
20726794591
11112632346
12285307822
17878533246
3239582208
7782768749
18828040734
4582588897
2386535628
10807128064
15596557797
22609008228
4596790371
17660813996
849750495
11908543509
5786413440
2453433607
15299714457
8088923410
20307060826
12285506580
10218505158
12514065890
4225085741
15290126376
8596587917
11851728295
13105116171
4897483915
19084306916
19868326217
5086865033
11532183044
14363114971
15764755879
21827570272
20241217541
1387444445
12331639335
15298017982
4511016610
6767929116
18573580507
14773748741
17827574945
12383894385
11096634558
10212683673
386863195
13535930624
10555343013
1431670660
9942336542
21372171643
11876572989
19404156463
9899353149
13399349708
13515837396
446062607
21184595821
6166432966
13421950278
8087305233
1916520130
20400885968
11322539988
7723234748
18420314426
8998186459
12114430655
4595232067
12970670689
12819546067
1960297928
20149165103
14586783008
19980836452
11995373497
3651854180
20707384307
14949236675
19377027719
9584811704
3437452353
1401542832
20445947654
16960940360
6598046976
7252813666
561897523
13241938180
9418573154
2753184897
15227729816
20981047547
8064274878
24351909216
2006291300
20980130184
5472623281
6831238281
15158136409
6597532751
16770553220
19253088727
18640988060
14560269686
20384243775
4712550006
15236090034
8793632886
9667615839
14070297791
12408861162
16151275340
529049052
15755957369
9121684230
1858457818
6926982002
4727423943
22336844245
7847583603
13705261548
5569424097
21222748298
15236090034
928996596
21587969026
21769280710
2738516961
12094923196
6752100239
6534719757
14808215039
10343079652
17823675218
10988630925
12533524719
16609304220
3262356343
18289673832
3401940133
8651617624
6605274489
11474739865
22726915434
11364663345
4143761911
20365812386
15691764191
22144447138
9576588740
14361665926
20596918193
21572449594
3510627095
2062531109
14468892724
3001198721
7996506797
1221032867
16994311625
706220485
22563373441
3834085283
721944765
13046322149
13858363172
17655666061
5922167229
12014135343
9146769203
10241307826
8340387096
15309239615
4990211500
587199978
21295985676
12886917390
3815064346
19188727879
5420459743
8572954948
17897912447
4851695237
5380821079
8920928324
1132168949
20272512119
7985438370
5783190168
17855249628
7269148686
15900728155
10728569056
5224461441
16425583926
22083318394
987101629
9823605219
474527458
24133309309
13610263931
13648161450
8055451789
12258453720
5764587764
7625492920
15734120478
1502834577
12785601345
1246636446
615563211
8791716263
10233501020
5664641319
14604685426
12852345433
1734318234
15705323495
11467232539
22479435593
15987537369
10540053720
4287742254
22111358444
21869300571
17158561481
7312423557
8891450862
6118521361
11725724613
10940342890
8188761409
9454373507
4951825615
10809465296
938305488
21410310100
8082338993
9964270132
13741902099
9695849461
5958213616
5025757320
23254467517
10856313799
4628296484
17018996053
5299379734
18626292135
4683836597
22112838362
3336406634
9362084938
13834535968
18234495925
976559157
1969651921
2105170211
18277191748
6110431048
10240058756
17167923319
9143921935
4138123197
1350809554
3409172964
21430180875
3602027759
15489894696
11388329096
3665915535
9292620114
6139702121
24099711196
12718823060
14615715947
15922342910
11224138305
5635983665
21176499982
18724715291
2559186134
782885403
11532107265
10617292934
18256179795
8694788756
14945289199
18358908509
793063142
23582167118
21715088474
4744830221
19159657895
8927101052
22647905683
4264111250
6176260810
23255365421
5301126090
10007745087
20125604464
12334517506
4638785811
17831457030
14704762110
10084917814
8368785810
14689639937
7982354857
4558427725
4892561389
8757569982
5781326785
12323134093
6325564611
21699149129
21590253681
3718362745
3184016962
16694636369
14817179512
22152316031
18599156649
9130577631
17751858102
2499351377
3994425612
9129929470
10429001070
19546745966
12813399730
19036609207
10456900837
14816683758
4549148526
962752369
7736520849
16081122677
6417313051
6333522644
6367695981
11523721297
16445379792
15960819825
702218847
2239944259
4721491946
6710898983
18241782191
16407223466
23342970333
1099289719
18591033566
5808873674
372046582
2825610558
4740771512
10081532742
10660583860
447975497
8744786263
89108735
15626360719
18366623678
19733778772
6532210128
17552066514
13088741023
20290970640
18656912927
12574378036
12841217076
7441442465
24016251427
8615908344
6896188432
6490853421
10269043440
19602768166
17612796047
9684612566
4321625993
18480480276
7849833318
6773782738
12628858625
15975212458
11965231797
847302296
18528417124
10630387273
22704151139
16750926403
9628736256
11689934195
6241391275
20846471029
11731776577
3950061921
14135038953
9265475747
13551542360
7711303914
540253020
4720019626
15417394040
11366436499
21857765406
20523730067
15790301216
11883398236
5744936743
15340110849
22371225371
8070685769
12456491074
17470165859
10749652091
11395358071
22220522126
9752865878
12248310788
13114038343
2623862661
9515792121
23434519050
7572801045
19045692335
23369630950
6927875245
6808714328
13251738049
8924729369
7539850198
16701248611
7802438911
192812969
9450124847
10064264117
9798841977
5515930822
188925021
1956374406
5325132835
7001727787
2134926852
14217160581
10679699963
12899175380
1439978819
1145089811
5648724932
15469829964
21624013805
21562758215
20399959169
5687823827
9199769055
3601605467
3010309002
16732385172
5927759131
5544589887
5694300847
6106568774
11964097398
3645068748
6658370735
3937757671
6907982344
20611544562
11022778295
7068133599
14588107416
5202106273
9222955404
12844080046
4684254574
7264151097
4408685261
23800458334
4629758727
4869153995
21683803114
19842633211
15265914711
5473111908
6727421822
19134980215
6782590848
23077452534
10744263269
12964021051
19501888953
22583239798
4599612936
1873222438
3826326663
4108434004
21865314949
11137669489
6809036203
5683520752
17564741004
14820004457
15365743989
1398211280
20510278985
3217471067
20286185669
12814087351
19075716657
20132919038
5556774578
19790061972
8437105706
9798832459
18937954540
5302765661
11268112454
5167561179
17717801727
646479361
9349056073
22287017683
207184025
16286950087
13035862817
10809357804
12165051289
15310084823
18498085058
16964924231
510789666
19205153319
8554549480
5246958448
11008536501
6154933890
9523781147
3303257537
6547539431
17590642476
3844742502
513711533
11482129407
2142691673
11055168900
3994425612
17785737820
10501305920
2499525468
17409920048
15048350620
9817812839
15606155232
1531462510
11515728837
6004715378
14251795359
5783585300
19866125660
13360600982
19624862228
10433936597
14384197929
3762373748
13536374221
7317036703
15527140476
5908585972
21975412877
13816457059
21212835272
23185336460
19503003014
488739610
7379591527
8243488829
13492926359
17391930722
11007112083
15095306038
5000780331
17597647171
15851618673
19633447552
21960164586
9145735830
7592551701
19436465846
20020875926
6301394237
16942920243
11387549674
11415272604
1120791034
12538234153
19151075144
4222374400
16934812186
16279637405
14012769199
14597143845
12153488045
15458923167
8902880844
8095287861
18553247612
6638717083
4359100286
6967505660
13684447199
19785019864
6733194905
4809521160
9078481743
18401646656
23486062131
3322169172
23711085216
9837130809
6944708514
10237205757
10319326631
14895133585
16010426737
7514194800
15793050903
21201474759
814193845
5472021721
7065500485
19066378818
18937385507
4142053540
20772648735
4955445061
140403404
1528837555
3613284126
2612074744
2717541676
10223482881
3417345012
7512830747
22022508915
15003420855
1492519196
6229889820
17794876329
13258049664
7842412589
11747775527
8650696995
12412814681
81528081
12517680065
9594697172
22014452061
16961811246
13453310179
16370786085
5351997932
15900069868
14200224599
10739973378
4251564666
11635357729
6329478644
10141986620
2239200551
2195973723
18487379264
7422134365
3917600567
3917040631
17449391475
10951407603
17829324454
5356987424
7983667765
10227531926
17120180110
9963641774
7345063908
13020563106
13362477726
4260078129
4648775431
429151185
10229435239
13585146976
3622063208
2609556235
2748484876
10148594634
3535844248
4760629391
10902317634
4437097014
10841217783
6462804200
23326079354
17473815672
7905191619
9702304004
1760054181
4956863170
6392901707
7019347175
15291365296
19369622913
19133870818
2685492693
8679644759
16195469355
20606920227
22401574398
20900660931
5810234388
3197698320
12114868863
736617653
1235056693
12779048854
11067063362
16573735024
5624173652
8296397558
18239649908
6603071287
6715439267
11015645628
3529360007
1791461362
13741568194
15699066604
654840815
7450666443
9119052059
23793164981
5071744091
258075453
3220676112
16884100282
21783356171
638286446
23424698937
11532133287
9971929836
22528169655
11934578853
13535359942
14425044634
8582823923
6097258364
18152389976
20989331568
14950135514
21666441459
5837949395
3575544547
10831169684
20773082356
9551135209
6351378508
970560049
425462495
14700829791
21314654556
10296167473
1363493028
15698824083
14061022046
21989375886
14290510760
7802616127
8879436995
8225381354
17667194934
12596141106
8002375711
8067393011
3723946973
5385332090
9703084085
21797277399
18986570289
14907220400
10259147380
5235055814
14371492434
19106166059
21197041574
10743246916
12550706654
18900303288
19178661548
9184765061
13648769820
22268008154
1851408498
8864917604
10817306057
7651014614
10639157394
10002567395
8880275549
18512205075
6883912638
9785928224
14609983596
1013454008
3510796149
14785331998
2165890420
11361603438
15853972181
7198615077
5263782830
5828658412
18482109353
5895422701
20194851369
1215376010
13535936729
10360093563
8874289153
2470449224
4753623999
8018965576
8545915743
13089894444
16161243075
6189153072
3263832692
17211206102
17865077246
16297076985
12847561475
3217471067
8539216377
15479312555
13541860134
3648630388
643890296
17641394120
2482550619
21316964007
9099112131
2321418850
10027007356
6605484360
456041054
10105144613
13100706797
10390766690
271683944
5383145874
14498673576
3162842791
16913519651
11428348947
12451574792
16451213742
749879990
21175320142
16849317113
8091797748
5917582220
10915046515
2987174519
21595450954
8018448247
17034960388
3604103211
11681799905
8423029464
7569216371
5450212212
16047323982
5503421681
23334636743
425860063
20183315791
20834601861
3973528136
6339859475
17382848053
1033870001
7874066236
16048588687
1628808945
13998310736
15808171612
10885708555
5372858292
22953562179
19199064919
14352049831
3354217446
12746932207
1356424220
12849404563
4198981420
1477123147
24011919985
3696900484
5102132351
3792489349
389672351
19097119364
15119567645
6219205055
18767935280
19566662862
3194627285
23495856316
1301292226
230391939
10456854261
6509043599
3578588577
6634552621
5337512300
796033704
15239986072
14036961757
2415061126
4422809651
20616891525
21370722925
9341706449
12114269768
3209242864
15194375567
21425890209
14119753137
4846935679
5644702214
2733982610
13293275749
17526452996
22980055929
13652817363
1124774368
16709480588
2106068308
4621125633
22245107822
20734940767
7232863781
17245109136
10984522940
4529765837
14618079587
2681402197
22042642907
4394333933
10078851161
17254639513
4950612462
21948257576
4779889708
234952295
11401025152
1446765876
3485066473
10971846858
15733478185
13674523006
12455440674
3165601814
3970363680
1559311357
7601149659
12427510801
20408234148
11366549255
6978248915
13842307409
18891125699
14170372496
11334127401
12865592345
20191478974
15637672186
4590583811
12844212308
15144076911
9599337909
6281882237
3740441692
19403527155
703312542
9341240537
2498610469
12502086820
12446188402
2198529855
7931218424
14878062892
15787697834
12437352072
8926520168
9055141081
17606775217
10578280597
8602026780
4904785056
18274962448
20908617991
14589965830
16957539492
3212553442
796051869
20426962672
24611302490
3946378473
7458682178
1596810156
16863281253
12614219442
4521766354
4756834211
2896609940
14879392749
10792033728
10433993382
15565547182
2904604347
2243804267
812883009
13199818157
1586495354
12112816148
13435051013
3675409707
17795426734
11301367463
13926201218
5411303967
11079556702
12010827625
4623273842
14565146616
3220694985
8266249401
3470269906
4496612922
13165688766
18585283210
8996372065
4496069146
5097536305
15777159346
14048955250
12432895555
10517039131
4956103354
11145441145
18042165644
14679000906
1777546951
13992222775
2236526272
16725529686
3203983498
3093217606
8506509347
4604290001
1262867673
20091081129
7524150355
11465076854
2294572664
11833296191
257363009
14839864294
18676347698
3066103765
14821453620
6608832980
3084034984
11499936735
5093304835
19705651937
14780566582
17952221916
5953578005
9075790398
10341996044
2708348747
702328388
3203255958
17811011902
15466356506
1723686736
23312340180
13548513018
9138010033
12032805651
1925440599
17749071276
7872748382
21070672294
1428908119
7836349775
6420143802
9076002603
2108253590
11606533286
7614085554
5006696612
1161603110
12460033791
23014981997
1368434872
23534793360
22321814139
20412401434
14110883495
13181395034
22285530321
10201952659
22665027702
4504330768
11012961991
7567606597
703657176
9213669187
16971461360
9392432269
6296479925
22648418975
24586518604
14877788445
13595229978
798208977
12833597698
13744365925
518973667
16552310722
18888001797
7754646526
1836764632
6298604840
22225868182
18370262310
12095846803
15982177678
4015092228
11252374571
8834653079
14116138064
13752519190
5253806237
7166553715
1962844244
10411184185
19142462934
1690088250
8945805314
17129967201
19286195544
2702687900
2805839578
22809950783
11739668866
20937246235
17343239588
11829153060
4887130740
13273097458
3714525248
8621101413
9730676141
4403609294
1963823331
6774797799
16621275446
6969647259
5497599373
6100615015
924828769
17950070195
17811737234
15133677808
11640357117
23954325109
10039093923
2078974167
6419549878
18420630264
3068890257
16871551967
10067509441
9130649347
10395196834
9264299503
23818538006
7374500942
12834291843
4036507099
19321567971
13842006228
7497844953
10354621371
9985755084
2286662639
22632905707
13421737853
19105475239
8502804688
20307186653
8039656876
14587213671
6012038514
11635028491
617014182
3317183627
2729543847
818701734
9633832730
6831374067
13113267063
9455943917
332799441
10741725086
1091865852
5649451667
9232355174
18881137202
16585720618
13151003530
13354972435
602570811
1490865321
23296368528
2959820142
7425151315
6145457504
8746639189
10615437655
746442122
5384749916
4108512323
14324468864
15425316081
845456625
8497455900
3589703358
9971322529
4927352878
22278388298
7413968931
1068849591
12457868845
5585130757
13741267103
1568009048
8303651993
8616651190
19134137898
9945109236
22526263649
8325995102
5887111740
14949201794
17125781838
4545464417
20532023545
19304942757
2727768602
7473870509
11323357146
388420521
11513412589
10552106688
11730293269
17272576793
10168179982
20311508921
8995808064
15124281026
17043272655
6051505836
21806489652
10950599915
6149735177
9564914788
11116101691
562545954
11555692529
10061422751
22516203881
148980454
8423985815
15212356398
17143429960
2811996273
13314034239
20054287017
14241553175
1400128742
1132205711
10559688439
5074900268
18965610188
15683634676
3598461461
12576546530
8660437885
2790559011
14932905827
13996976437
11387688926
9065476404
22629146982
5053526121
22483297507
17121533818
4906957263
4063077940
4004876598
19582305758
1400970282
8970479721
16508235260
3054485038
19359425822
16814630760
6139014558
21254196235
14868088493
4748001803
990991413
15078304804
4660766489
12131691580
9206892572
5773416462
331734351
11035987940
6495585860
16817147930
11963501483
18159923584
8850717582
3277039837
5150266223
19846667419
3613686226
5752886933
4247438712
12076381419
17379364584
5117494751
11044633367
17365125737
1554015252
18178135570
7596508244
13733902084
1125534226
2488813148
8521780274
12868817145
13826319631
9696554839
7527991238
4249963862
2884376695
4752389525
14910004376
6620753581
10912105461
9146048453
8593488627
16016454453
17656973056
7572558773
3828180702
16343433253
22941789372
4983806773
13099659284
4760378188
452315172
11349282895
19790493433
1401768029
3619300347
8452354330
20240649591
10113377611
12890110627
5336464371
13861052105
1713263408
10070752513
12503509415
5688579246
9691162925
20991222209
14898112188
12516026974
3778872368
12450021405
11334505868
10003198751
7431797110
23000293928
14159685037
4621851941
6427899415
962752369
2721653252
13626419228
23097040919
15656617927
10625700546
22341502714
5115484496
5182660242
6203783590
7601722213
8288999369
24474479514
3277039837
5981243470
2271699306
16984013527
3901375737
13330766440
17095997321
15571988291
927951582
16505717012
7710424363
8367668756
20285925707
14801691519
2000710550
959716096
10389491259
8350259742
17191320247
4168620278
8673836733
3458367607
4008137078
21602716671
14154954302
11141845454
643816475
3206063819
14171988023
3514278156
6225441811
16685196146
8720176789
7021903070
6372374014
2533668017
4684701160
15929029509
12615040182
18067303892
10194049879
17618096295
20490029186
8966999179
22298518539
6918608059
13311421756
4093479488
13694829318
12401181764
7553572986
5316366920
13212833532
18587423049
9808158031
9391182701
12282306308
5080723521
17585693998
9465465359
1647486083
4946322977
8049514139
8630729881
23584915219
19221700687
13338520763
12028019723
14547895509
2772519351
21781299802
3917282349
13141860831
402022766
3631527608
6050696291
14425613647
16756550153
4845617701
1381861506
7756187505
3846399170
11897044601
2885336557
1181431861
18549843678
12359956227
6490285332
19078107568
10717826255
21099841940
6104910295
3914361753
5317887200
17116198050
11872524000
6375600054
14646701833
17755616725
9604781548
13906779911
9162043933
8138014343
5098110552
1940798281
2693489978
2291024821
15700239843
18171779595
17615860121
10473258486
8159092231
33204227
17035576378
7194156249
16176268012
668014479
11378817265
4554018990
19780135515
731353540
9909574204
4551854565
18523306935
6442834765
386822051
15514651231
7967704913
11070923127
3304664262
10201610838
10078200639
12178936895
21619020246
5987064968
16189423685
10793989710
24594902012
2550341891
13589564073
13727701557
10416488163
9344112663
23761877645
6294033222
4677393458
12616771788
24166720534
7995623121
14149380812
12433272012
3585813198
7665646311
7606731341
4155707243
5409084188
562300322
2042795511
3625907301
10182711849
10060597487
24859415527
3570613952
5501755605
16559680212
6392541821
2611286042
1575415358
3012771069
21603016605
13603918213
2346022124
11367055692
4433830117
16502380850
3570418263
6655166801
18823535156
24245840202
8618646055
5851663207
12882235638
21041372001
12530153416
22201044039
7377115480
10020236181
130897177
15233651418
16601358933
2340761504
15732499738
1524055517
17887097583
10383735762
7047073440
20728557333
11759756341
8815352597
1548620816
11866039251
3687045332
6165177227
19184785386
4813401650
4989406951
17462170473
16889979761
4462972918
44149344
255968417
9153133281
352028548
9658646460
1031753795
7839249385
349081952
23578126299
5520126787
11053479766
7450149813
10216769557
23803158632
13287752967
2482920987
10871553347
1475061796
4613337960
557210178
16772133601
8518774898
2695847195
16124136975
12243880506
14006012380
7435649867
14786676457
20497933599
22446964433
16553615706
21460529408
11014583901
20018344070
3587429455
11764516806
20377084706
9032369503
10007733464
13239166648
13318446207
21399198017
13964700903
5341446306
1235439541
6274940857
1185105948
3769641740
11874622353
316253249
3510627095
9608127227
16104097528
14453846925
15696570399
8881943262
6486469738
9693095345
9185952910
5595606521
3604939389
10898847116
12748075935
17743062429
14601636006
10191453056
683799010
14091842803
16010361637
24782588101
5933258442
5926475362
10114381039
20907470054
9924402002
8923900175
2973815692
10973464814
8766074782
19153816812
12650834783
8421156291
20260214740
7975368969
10495993664
14923871573
1338620721
9957823312
9111205360
8749735499
3473121241
16755221769
5471481964
3991926014
21470162664
11081769811
11084491506
16158186873
2380922324
2655408849
21408194187
3614878568
13547063043
13993994259
15580316695
17565481952
8982870289
3049664837
7945008541
7988580027
411901887
17618472135
19523492334
14095411299
11729097750
17460704915
11463563761
4279455024
20712056589
14633524463
10204328427
13622422853
2372997958
10306131289
2738621706
21950910731
17465012244
3289286676
19594011526
5315529384
15575380941
10275471030
4691721000
15097321269
2062252412
6511180833
18019913401
21130846032
4729202972
17686205879
15485245896
11741202618
1698821606
461371057
3705222538
5167385246
7952123554
23691919227
10245610347
821493304
17481818447
13621289456
15498794470
16634683507
6739043015
13829510740
2559160551
15153684632
1187858410
5494387323
13114540574
11236612098
10402717572
15484460654
1879306336
22432134761
8034225865
3948965066
6073871868
19365664560
8064482559
2034235384
9472786536
21622827637
5118521231
19212768993
7347860564
450588197
7670544378
10870251611
392025655
11613778749
11735913330
2811570378
15964256009
395401837
13458810983
10544118157
10438852838
5958357343
17493841062
16883127905
15515812880
19156424788
5760804342
4585200507
14280340386
13776872665
12927411392
3913764019
7335175012
15958198573
9568745039
8164567448
20278567562
12534528780
4249475433
15551825754
21360320462
9759323878
5754249437
6676591054
19997454681
10967170627
22697820456
17313679146
16767277815
16314664053
7613275164
9075790398
6309368832
14253248614
9783376178
15371623666
17639068047
20159475669
14413517182
452067577
8145321125
9918834716
9633832730
11170402386
16068480469
16654428380
5828708060
18996587151
16302770101
2221881313
3341367076
20553225493
19012267211
9850302402
5774257203
11530708128
9423281262
1707147792
1913967488
6486710309
6855775866
880852558
1379295859
15527418085
19475853990
6785079925
6389675457
8569712426
1648411797
22297010012
14101106788
4761567647
7077110054
9382769594
4345188212
961042774
3046349552
10621898011
763463228
22183408754
6339507484
10085573566
8870313931
14425837815
16609481108
13816890467
11111950717
21648259920
10899400705
20760701481
16014471813
2783181804
2734931435
3632084284
13858309507
682850229
15051891999
4458100098
67558693
17386533082
14537117487
794576598
1586941213
15462773990
12848520100
8966915049
18382942626
8781513787
19813422342
13337175496
344449909
18957531169
3747013494
215693291
22515005094
3618250897
6766075585
16489183359
23030750112
8185369787
15664252228
1108839213
19257008045
18133415307
15561838861
21042640906
20561392168
3911495863
4016673685
6803737217
4169116311
22303898916
13919454622
4197679361
19806271032
5908497727
1617671940
18932457446
21037467448
42899816
19410442298
3922148674
9020616609
24432259453
55772349
16835351363
15441295059
18626271534
4089256206
18136764209
10654287290
15201705203
10456562047
4655558281
560185608
11830418800
21231470654
12980765969
2215412508
9781434939
18609934761
6316980011
10064006924
15618741615
6864981849
23808936820
17955814393
10159521463
15606447710
1110292601
15447088007
3993830
8505305916
4763108375
10205444197
23701195448
4422390830
23422316925
3491458507
13171752441
19531238492
4707599957
6287898208
14772516901
19501800118
14371142734
15900968057
3873128358
12486812116
8443312480
13641620046
10515366440
4157270854
11708181948
17414476858
15526695756
4405912537
15813743963
9393761854
11160191487
10575466045
13525891161
14409199516
1537921976
12741253973
6620889032
15981678731
2347849842
11230864876
19045617316
10478909737
6355432632
2303240444
14804484405
8355095885
1388364935
608802416
14471297436
1446946884
8084936457
17035118091
706983584
12424103275
11168554099
799394941
14379075732
5806439889
2022437836
18798907631
9237263793
13868907139
1017630767
13274057732
4865315432
412185449
11377423533
10190104630
22615100914
16170631547
15864284686
12826530298
1835378872
2333629970
5331145348
11437560527
16243277282
9660878807
15551661880
6546467383
7454230227
5871523665
330617986
6780453672
560875161
17815812992
16800137697
2432627749
7584332430
13478898438
20825563197
20486673503
10159176750
4676034203
5471756116
20106518695
21087666748
3470321927
76976425
9673430384
9553319399
4349774717
19416277892
14255558338
18602174053
19675039354
3841789198
5464976350
16999693403
2913936283
6140870551
10721399571
11375825050
8050337612
8030061960
17297938972
6080341529
3126286575
16418702057
121265590
14932887988
7447323414
4783116116
5999769165
17905067981
2043560890
17661089692
23221736765
6216199613
11473533819
3832784362
18678249385
11630810442
15525820316
4015092228
22618843397
9387905835
6944059616
3035839835
11987220103
163241912
11733131858
11458153505
2642884032
10885157658
1991601593
4370257230
20063517704
11397896555
21243151677
1825193186
15585608851
24253938371
5192811544
7486538750
9983695781
7105904904
9564982926
367798392
6188848372
17253819616
12217310491
2523317976
13771253359
16810014818
1333606697
4103402068
16237895324
15142320100
4268793682
18613860301
16421679714
8353832615
7428925995
4740416301
12554503142
12513951058
13144483304
22620377571
7808891223
9932415723
4612306695
11794955810
3154035385
3818951496
2888806449
7642524568
5869830791
17604392921
8094716871
15673196886
2010873843
16527303515
8293463032
12274402439
14682640432
5862115936
15824640077
8915974440
8585656391
5337663854
2115085133
8871299424
21708155320
10463227699
6254961381
18944370993
4900287936
19411029159
2911345423
10925019984
13461146053
16693921612
10731854050
7543255743
20597722067
880813629
16076181832
16598476484
16573600121
16645701135
6982969185
1540310029
3348572626
9990123151
8323603334
4555752346
8743294631
14977208737
17913059401
14650479103
4400029638
2597017346
10062885758
12621561239
21878448139
239167883
23527529916
12731937202
12412593594
22382734772
4063362667
11724473024
16662680620
17309892209
2972568127
14471583786
23883342346
227847133
1921344821
13871802326
14993782604
20279640212
14893851536
18197071446
2437473622
13706871399
9160452316
20000451303
19830664230
1634353857
5808341432
2411169695
8411689801
4818424700
3613905477
22340451575
13479925378
9544190003
3085804206
21951010981
21075705270
10243630538
22852737543
12824116766
11647256438
12739601186
12567378278
4756545943
11696083287
19909675981
13989660300
9791136896
13484674109
8947766246
12402580655
328609902
12839196679
19931973466
2526735991
16900950081
3030279287
17402081731
12582277975
22486600545
991056320
11532954182
1858457818
10559458306
16905825322
7450962647
14932250084
10541732895
7197454168
4766819397
2708069096
16141765645
10048668970
15455283644
10273703285
7749089885
8225768484
15249881202
4984961042
7647523903
13202917917
8146337771
15840743835
13341012125
3716210107
14961753597
3825895318
13019700613
20407566167
11997739089
10095251351
15964138354
1785153172
19823974819
12999347291
21630084718
23995200082
18378404790
706397624
3546948392
6564007726
20833235732
1771219604
9758442058
11505089439
20062383662
1283327634
2688073034
5819354539
1893237534
12604457459
17679439842
4751840737
23062810079
3653352200
21865395438
4435170030
11241733360
1873178284
11031170463
17041178214
12404813977
2470124331
14684172347
16239673968
3469578667
23480135531
8438595652
8310361514
3557290175
10078407987
14907926970
5108905935
9966097637
5251254967
22459769512
4915478193
13123820576
12666709066
10856264633
1247393131
8319231980
2095066852
9456729050
14859732167
5257937635
5321766675
11184056594
8483791808
16901166409
4520196999
10842044758
10691809059
12245573367
19801420191
12555744621
4897404352
10461677116
21678523274
14776526204
9250811127
23656332790
15077087557
5815124488
22011153579
3288975409
603662003
7885745787
4505679881
11970772981
18760205786
10893816152
2178744763
10689856091
21477637106
7803436217
8793130710
506532893
21622041080
2234708132
7381224866
458479265
9729853871
13479091030
16904547867
1876653107
15039238976
5967007552
15315800344
8116665003
14566184273
4198581547
23400105028
11110610480
10422478460
6350231084
1754880009
11014707298
7859038919
16020573116
16764672462
6741787028
20534286629
9697006789
18378951538
24204448880
10947143960
3781233055
17168579915
8224730066
4007181645
12013906129
4525378147
7496289603
6548237605
8925067532
8768844491
17140666960
12017749833
22122969420
7782939057
15696952625
13354234974
13044302487
15873684627
15513795994
18249776910
14893196903
13480403319
7988083790
19788882822
4772971344
17141244008
6207944929
4167785975
21714168342
1916836799
20257399589
5970278315
2852762519
8264840562
1293306384
16145573877
6987242414
6768824648
19273146829
16974727802
12489002649
13647037473
16022229748
9574478807
11677695808
21904650237
20672943558
16793633386
4280782464
17426225987
19595616606
13996386874
17667584637
9049980945
24256737593
7679282068
11878778167
18176527088
16712439659
6899701224
16042324385
3169380017
3958436747
5316165039
3485977441
9489971673
4148028016
23953815749
22037027062
7878770140
11131188754
2202156527
17826526824
2492619789
20894635550
14983171044
21054884613
23856007567
5556290305
19175708532
18257205662
15865575401
12098275837
2412971459
4168007047
16946715505
12126873858
9848300785
4002820589
14840710099
3435934165
16412044759
747155540
20386156565
12955160567
3481810297
16311459877
13252353960
4928669287
448578335
21543463006
1156544217
5755464954
11248944671
8225777564
15614953312
15354781971
7539311091
750123076
10431459989
14518389365
6504889344
13804919504
8991494298
3838686554
11448437970
11745081599
7671727100
9418157222
20075078634
4122706147
4310944688
20049799379
712434425
15222800024
3259686620
20539685870
12594092328
4478865035
9493237653
12092494440
9892891708
438002210
513382689
11825203301
4591545047
18695889433
24795732442
11064076553
19454159381
21434351330
23297659349
8585206520
290036457
8700982692
4695882153
9678553959
15104559189
12794527678
2845496882
8476064320
402750627
2249359223
18746977509
19772487489
2650719933
13452291417
9454124173
6782590848
17357265055
8999343430
15047769871
97504111
22574480155
17958480871
15108790558
3576286948
15667252526
3149492695
6929645649
4780327514
1565054289
5471381336
17850128998
10642003200
15473302526
7215587259
20014648372
20181681567
2846756671
20798691910
11867105873
8441965956
507016336
11469657402
11541801744
2610480345
10585543934
21334596207
10980632443
2832179493
13124005521
7389343847
8911059580
12486215691
3139571043
14664719110
19060733715
13529241264
14956872157
6614590608
1524736766
1089485475
793430415
22889292926
11864209385
1542084605
7051624202
9455842894
5872276337
1123712298
172766996
1360848328
20519754238
12585484291
2121053072
17036177112
13014177701
665298971
3370383817
11355709396
2892326350
24330975162
6348299753
18966213101
2586340393
11262775128
22612895395
7973625107
9530830302
17192087769
10595375940
11286284631
4844235519
4621165921
3941054215
814193845
10635177681
23943126741
2576669364
14523536979
8086365668
24902769220
8982757476
215947390
20175327395
11606721545
2572701978
17244147096
19184540522
1141028229
6789547310
12940704824
7232093260
16365453360
12364363946
8249557823
13035123607
17821687250
17102136175
9868509444
18065823764
10525962640
11795793044
12506714260
4465612717
8585587187
16127665654
4645611207
15154602388
7837688709
6079255508
9699375633
12640566750
5988048054
1454620163
14110426875
16005957887
4534366886
3328736234
6757703134
21577955728
5883799967
8575840839
2996259212
20132017725
5183763418
2777839220
744096870
15703562862
4740683665
14378168913
15574502048
15907270679
11344518057
1400920541
5682343558
9674805031
4361751372
15828536944
5807718472
20515221792
9215233537
2469407902
15035617574
1187990417
22236965001
2307863884
6224922464
10742729187
13360951329
3304708303
1191533837
5662318786
8522840019
1694266744
13061156851
7457700441
2873671088
15144108882
20794618544
13752868035
19678088487
13857135968
1025741452
11996782216
12378589569
14570236489
17165999612
11173304205
16767342989
19103484066
8825968736
20478231077
24616277267
12781535710
21812270305
14872736981
19172002859
4044312054
9825488245
1866616884
8001315975
13964174970
3735037914
15079648435
8766551326
22398414342
18861062355
9416286360
16216781438
2157585987
15642775802
3901665485
6312198182
13118401911
9180879694
12857283798
10092262222
18831931392
9916317357
565350364
12349973111
19035574721
1929452230
40778966
8976230854
14619401054
3117829160
435295699
21294741064
14996950840
20136326001
4676374419
15494946028
3317655515
21035205675
14788449983
9541437878
17291228918
17323716139
9985801221
15035103086
7616254011
2339998693
6033011921
3727173025
8954690981
86721060
6317228124
18171501396
1926053924
7030548171
2844193095
14761780802
20980074119
18394973081
4491317873
17708813163
8449883408
7107969241
15419921763
447057401
14355608197
20121632344
8034857420
16315938011
10873154325
19135240929
12300350121
13163210930
476567978
8890953614
9624097766
1779812308
14841760512
9972841587
19195790367
13220849440
7500051560
1432160456
6928402844
14655631190
12272572317
5048864630
15517147676
11006954853
4950937788
1302535113
11194554688
1161892681
15844714344
17740902338
15717966081
16445260866
3984044525
8726088711
18935106171
20013580932
17320085750
21619946023
11191103031
13041035719
11396725293
15900516641
20055498145
14913416575
13598525641
18319672513
10632604742
22064894870
4739765678
8552971
5870031392
2525574055
17093739038
10210744287
20696735639
20778875422
585261578
12881562413
13056475321
10738013413
9333388709
418475421
15824741843
19082239803
11940141190
4935720916
6701141643
11177423546
4135074293
8577581297
9116163504
10766050721
17986211335
1127029845
5779062151
6701775214
20822906515
818538131
7470966127
1962655558
5232919558
8501232695
1255572809
13546599216
14132311350
6604316952
22437509094
25052594641
11832855678
10401064906
7957325408
13852894240
3259166688
3165367239
11776856027
19812846155
21253940972
7165636486
7200838739
19244974086
12438117091
10091144462
9163485886
9172075755
274873678
10280500771
715928763
4727495380
15940197175
19204051255
11782648158
6789329288
7276303276
992358626
11774930287
3319972172
4808929760
12307374103
14689106774
6163267729
4797554423
15318275984
10630959356
21131013102
12310475764
13701812066
18040505979
4226928690
20639862874
19259788014
4445157437
614836120
4543953779
22680209574
7186549557
19054179696
7482581417
6198992414
19468545587
6309415523
11766626131
21695221455
3890406485
22148253051
4473915322
15644267285
9870743712
16329757628
2708846516
8792605601
5172838874
7616244916
20859095359
3701297241
18713704197
4515697692
9772066313
8392989363
15554837924
2326669533
8794041192
5610202001
20423403467
17725300322
3491658683
12878502890
16566259504
11199771523
11308217810
1632068469
15575528573
14977522460
6482430046
22478228687
20666180368
5705915676
13257206041
16462583637
14925869946
15744168244
8704479870
2925795492
17150733388
11841265397
1858188262
16662238520
17923479929
361988621
11963583155
3899371890
3963097246
12338664114
12061283022
6332935051
998614
7283253057
5163434149
18287999927
6006380225
15314677959
9189145452
7128276306
1168175864
6487338400
21448495060
2188714435
4907996564
3671500779
4067618344
7704778444
16409794136
13628650817
2335168581
22101332713
8061555203
4769470986
6630176273
1098533970
8932522831
8317611365
3203921290
23855161981
5929710385
10094599043
4168007047
13114800140
5631493682
22908788121
5510643663
7860687227
1428084401
18319645844
17430861230
188810762
9265388259
14767376798
5517219376
227847133
20494745560
4495684030
15161275272
5041328609
20691405588
17585927009
13365124659
12841136740
23238400597
8376350483
11160880670
7578811139
11568540106
15055636692
14385530816
4555564449
11486961993
19424199380
11640620757
14908789258
5523061665
20041522064
3317425207
965738635
4462290726
6316980011
5320926417
16946434885
18105563684
17379364584
1025760848
16886947818
8928008563
8765052001
3831537291
10966694885
11490182331
21871979239
5113555658
9533956238
17047228150
13900012747
16099663997
21634804891
7872969715
17162974059
11772537179
9167750797
9533707212
19764320930
1429352737
10490689105
15706184423
6026617818
18288721974
2445352849
10680792641
1182759708
13284306212
9416083996
4286409321
12920229473
10970302800
23601471719
14379903561
14452558242
9565731831
8495397904
10868171597
18124078823
5872252713
1056091374
7000999881
14703795166
9058847716
318783200
11389389924
7620884789
1650544327
19662218279
1932452302
7692790329
837823818
15971049308
7131107503
14980228584
21316769924
15129982276
11334379821
9417797194
4786739328
1740985021
10361836073
19122969561
14510491024
8252678639
13558575465
15851619387
8054263078
18536374501
12451118474
18370165109
24132838576
5441634624
10149550137
16857716778
5761996336
21381017583
15426796813
8470885910
1937227819
2742475530
16100909778
14692564134
9099067610
4018382030
10170706002
19405907766
11804312322
4675770125
15112758096
19634363487
1878119141
5530883173
14524993411
11983775464
13671663685
20010883296
12513880756
17035244633
3270626209
19830778800
6725914426
23454136151
19950183672
15866788927
6916455228
4956288410
9633650277
18204764339
3711165134
6028653995
17815179451
798471902
7491973880
6993344145
17731548473
11918420444
17767606797
18074659320
9378622361
861001196
7731462152
8081966856
18608335441
17235558251
18986574130
3472522609
3573132460
19156963150
4727542599
6369502367
8148753987
5929306960
7681188139
15694756703
7479153956
5881077753
12033206754
10895692981
17730314000
3024154489
2294572664
13630298879
17410400330
4382084065
19391785050
6584915025
13423778483
6662469337
6302093875
11321919864
9193170237
6796570492
20350707547
3884317481
27609273
12085512015
20443700229
794268074
11324342784
14108226783
2993961970
14837693127
5620409329
846497676
4756672898
7363940421
5591780108
1379670418
20105352358
15237560472
16603777703
9592757704
685812155
316403857
16144345556
4758502418
23227378390
6219512962
10022271170
5922752780
5123945588
10444862832
14919638954
6083077802
2996098792
2950337938
1541504433
6690462242
3045480919
8593360946
17906428143
17985701421
2806324030
13491232828
3290992559
10556905861
18979225569
5848293104
10798968964
7442143022
18335553287
10678769369
17164959213
8988659578
15836533177
10391903699
15915238499
16078943103
3313332690
14555165561
5440328383
3553948784
8503373952
13085883848
14777531301
6390536859
24614336090
20372322716
13319072117
13350254675
6383067006
6034086259
2487770843
21453958754
13164875972
17070168884
5490015193
6551216857
11806037468
4212289920
24107825416
6042772276
15792094994
5328617671
6777060342
9697432547
997482135
7561061359
5977133098
1241488401
3531457723
6537204881
14171383897
17040667790
6750723578
9293515235
2980260461
1580221546
12288695276
20273636222
18880320093
16125878327
6083001164
15588195446
10684284073
10792399159
8657729120
11644881083
3946836041
5994188813
17830572072
11859829069
23205463303
11232159284
5466097500
12313975825
10146837977
14090346664
15491331358
967540333
8367612907
14180561834
959792795
20692046262
3982305407
18829085694
14094478148
2451007449
13713263431
3141363130
2228375968
4713093349
12186778254
20002270411
17547947525
7549768301
1178846118
3917335516
4350582899
6300515875
2071341390
15896267645
16654345311
8637466077
2542740557
3141352572
17366946348
18677966558
9801955852
18748459673
23786390585
2636156070
15046702344
6485061826
1540263111
10102688954
3633759275
734857614
3714629813
4399456432
22296720771
11708780525
6417814321
5347224094
5232853536
5038689038
9985865560
8264293661
13788261227
3887537996
20779703520
16361679996
454484434
17979207713
18334424462
1062544290
6889929515
22314386024
4331255253
17955431731
3441864652
9747286193
14589523420
2318574773
12461156839
10895640086
17363485823
6421549178
2751272593
6323853640
661570848
12439753756
19883580423
922877770
6287880243
5975377538
5073566001
11199771523
15833072278
21693624259
4859113428
11323046874
6995865421
3675144289
15157977968
7543932698
3883163962
15734306070
1987555128
21626411851
6657295651
13654712075
17544830747
4887838418
2042053608
657487848
13675501235
8319714058
6983540119
19784367094
16721648066
9602160758
22407897392
5988092896
20174815642
5276352594
16965659858
21884665942
7705230472
15646539060
2614085907
19756602501
16149729267
7836619260
3125169412
7053751794
21826668930
14725588338
15062699312
13714210610
16977844581
8681499669
6071413605
17113463109
7843393790
18473468001
4402465504
4192603458
8494028623
5550623822
21124739274
174024740
10895683691
1379213005
5427073307
4861063495
9469340634
13322510715
17557296248
12512764646
5042384418
6053240918
4757114435
10141166229
8223277213
15944324029
23347905627
18870028655
22935499489
6000778726
2967898226
15521844891
2216627966
1750044824
23841922561
6399866888
7401482905
12385340963
1801762439
18568171726
17611617502
18011823081
16258306930
10089289903
15283361989
19126568600
11284967982
12771041047
11508417029
14828115583
18830040595
13118802846
243754198
5964536335
4481455765
12621983482
17072903062
8764622704
20128371532
9607608253
24781740477
15604846369
19431493157
19253274984
10126142018
17191603468
17298730532
3245717698
6228797591
18731342665
10129946577
12050661117
4078281506
10116239305
9391937210
3470630225
13229781479
6538614373
14355727676
8722221952
10096276338
9759594607
13654862053
15151700048
22708626378
20313885150
7383227257
23930702521
17295672961
4144097606
6227581187
23885520904
15013687958
20119624740
23035762489
2768703747
5401667756
6081039444
8784262548
7356530439
7771953494
14202125173
20110853853
16119055012
11022932255
15547493023
18976142161
7871198287
17034425570
20966542989
466014161
15974966586
5085435814
20277602548
4410899476
13117839160
2195182443
18662773738
22878549015
11363057583
23428926817
15522356039
15959106913
14155372577
5226461061
120399749
1835901251
15981400870
5068622829
18545306704
8869628072
16264806172
22311301614
12881927403
17982296799
11495810672
7335665566
3784526785
12257679435
3355586424
10591345886
144692321
9917157791
16941557358
6045353438
9890035414
8655326000
15307000632
19563804041
5346660785
9787495132
13376220503
2920088051
730381996
18966978307
419442479
561393724
18431247034
21708966883
2373447967
15958337024
13754426271
2142307429
1331460135
1183014089
8474704505
6755511898
21805875236
1541187550
8680986954
22164861971
21326813999
17210425453
11875299827
13973728518
17041738123
7624288744
5713535497
2507317615
7089304225
14526680935
5917470620
14018773037
7733641537
13120101340
16477383660
7773975795
13769687798
14915110263
16559624135
2321776223
147306236
5054242332
8360513545
8459160231
19174292442
10234973822
13896807563
18787631277
17520779130
19646230844
13322893802
17693831459
4881099794
9075780874
16005026178
1689445324
9161013990
11146106837
4861944782
9265659963
5432099695
22896917737
4590755715
11017556035
8785060718
13266357912
4718062758
2814814136
10267897848
22736690874
2228143477
15378721220
14048106565
13502171459
2558083140
3628991687
24312266695
8278561838
9478744434
6915101341
11939376158
4779609286
19910176975
17123086550
7240923655
751940497
19439690876
2395144785
17682203554
15891996287
11787042192
7908049919
4810810445
1848439591
2025019949
11481113585
5954162658
14041117245
21995833598
1574848833
887895485
10890857056
14007327110
15500726122
1200144112
5984798923
8149877452
16726300376
2402956977
21867361106
6615170806
997352052
2628303574
2999047360
147350032
5997386456
6160503016
12308648152
22855848209
22265500534
1776412439
8440619566
13405593013
7192008358
17236137374
20131482602
17059249327
2233288143
12747594219
16534082213
20000714028
5377440235
23595114862
14505529416
1144220201
1837475468
5030183666
16398057529
20260860277
11355871543
11746490159
24567209684
10476444674
18535061121
15697498600
10194424444
17302601341
7211298195
2206047921
19536661430
17848177341
19767814839
481028079
10568511614
14767868538
21203786467
9701715870
16186082663
18142605272
14417106642
2394333029
2307829801
16671978067
12758398153
8661503155
2056772065
19922567506
2966589513
18042372111
11118789288
5113979361
12423742709
3648559100
1527613739
10190888163
6165718799
16790485192
20016951340
12496620156
4876302982
20055150368
24132949955
10934845722
5779510356
2013805415
569956034
318724305
23384948888
12617312060
17481128321
6657383479
16134199897
644845998
8179321909
13538929548
7834376994
6586918293
14004912049
1817935996
16374435475
14184828238
15894649864
8803703421
11958351530
14910125107
17443400711
15179306892
10488425063
20948057007
22572985459
11421391703
13213032495
5876779571
5929113159
3983181885
14534146700
5322720728
6539164139
3566450882
17081660705
2682744405
21298904085
7952308447
1400193416
6368566656
16171831688
9675543017
1895569007
17320155949
8717726108
23176200206
17762676968
12424958881
847413319
15948262206
5216091567
8044810980
16172942304
22570103138
16617541177
21457801638
18830781520
6339412670
5708576698
11382165228
5995413776
14112424086
12743304793
10736546215
21726112534
16472703192
5763300404
791748819
10615743436
915458817
14559573305
13596940113
22638940808
17393673305
12211598234
13502106231
20687220370
18185705008
18460562226
8320963220
21126833101
3762026406
9576326550
12218826765
12666343126
9357560696
1187565440
10472659666
11950966387
20697601934
7476321238
6731561627
1117881774
16452111392
20990660312
10059920020
13353719964
12518729441
13722863668
14808988711
1333602121
22020552804
1148996432
5104285012
1411752225
13275124517
19254669894
11708813695
16811410724
17095054053
19796424272
21355445487
16149543310
9941311466
10809034448
307887745
24160206606
935488874
17913059401
18980163668
8642816855
3359941652
21795432681
7705338551
5482518081
9913655027
4983301093
15626084953
17746480164
5986313043
9227927595
14806081475
19383566678
5761504682
7156395972
798216839
1851805952
7197760350
22008081692
18125625983
559582054
24690386347
9106214098
15096319402
14750047609
493733811
10094903129
17711452166
706332158
2160205455
5628582054
2530300302
11609239277
14116878226
3325342170
2082406468
14664993660
14707462116
13680487097
15969525650
20222015206
25005092787
12331036309
6833084856
16064648213
13639883293
9463813027
4340986324
12981295911
5785236547
1089485475
23505742175
22092142544
23370982892
5787570074
12848830023
7813911635
4052830877
512933816
11822126374
11820954723
21436643130
450380266
12484090451
9055865468
4000269735
6254485429
19869907994
10571090134
8998181052
19542640628
6625140783
17447708690
889314266
8433445078
445726176
9713430166
3467173090
14559557652
14520364110
9228329914
54880369
19116643697
9219212817
9794748980
13514987123
21711791506
14364969132
3834557305
10067428290
13448713992
5818452549
3961377933
4246072184
1562972097
9093700954
12995161615
9296731525
2446388833
20761074565
15564726223
1153758523
2987750092
560812044
16957286477
21483077159
3506336728
20960072950
2095066852
11535453053
10560724008
20623305391
19645594751
10289018758
20151446218
6471467821
6608152994
23471835816
4855504582
18271482434
5441153108
18485403276
6445134716
9409620433
15105316606
11921435222
18245899272
23218795793
14320690127
854978826
5015848498
6991154581
10913957059
16859942095
11256321947
120092207
1886941392
20258297481
11956538179
4187320899
11310765525
4880298581
7405063550
7976871942
19378534806
14080112339
17675653093
609169303
3235767738
9915784112
15562967893
16869541647
22305729736
5080874797
331793551
1012632215
17903719134
15609436287
18955879802
21780090141
24382755835
5629776373
9965792223
9726224846
7805056755
1949987905
7651529351
6907160399
19300079425
6241349355
10867628910
10116197322
15652020049
3136455319
22720265365
19237515504
6098957201
263008480
5078587918
17433595613
22631720778
10792108758
20424010170
19664850329
560602692
8426426896
12653454975
18124801619
4115971197
8649683508
5295185727
7237689601
11353475278
18151879428
1008717578
3547750488
15295736361
7246229427
13868718951
15885987761
16913070961
2751504953
14654618680
3602599017
9366596656
15920810184
17199294173
23411306275
18032868690
13983585284
8968262975
21528622322
3324927877
6596773549
1182470215
1484604116
16819014100
14669369628
6854625077
10713961911
23405504718
21242464209
14548105337
1290322323
21538211040
8171424877
4892122101
17576613181
7984875746
6228114220
10345619167
13964819598
15682152009
561833027
8970896364
14061512399
17423067294
5376862483
1486890041
10686022839
7206170757
16070091053
4549361601
10836630788
4983230659
7673216471
5937021876
13493566916
5105070959
8776986363
18189097824
14946225780
9165708137
15710802252
10276754303
10186361215
9634558337
4439854903
1780014399
5017915848
6395425456
3617823896
12411940269
24221016761
8987964210
9166658661
2007427037
14639718956
13103627961
10128478806
2672470239
18292873194
21860359887
15769961857
18713679569
13484637370
1054638894
1498278377
11400728976
7686312620
21763648202
17191714997
11694141510
10651141655
5991760406
21989372333
1250720899
8044259119
12271257772
9533796417
7349245342
3198283100
173147458
7820700707
16515027894
14733156073
17497967786
19995711846
2955315447
12379990985
9147594696
7198209403
2208981125
7580244836
11304767642
6070513775
5833479538
24671030543
22495446517
126055343
17651095723
19645860620
16999412002
21370963144
3470489926
21588315308
11059413029
20692431604
17519193362
3583700445
1710262051
10489834743
11801985784
20867539797
6707150704
4110685654
24384929960
2571862963
3490604171
2611242613
12225458464
5302783668
17994243282
4809640447
7109036811
4731313811
9705840663
17600279180
583810071
22947348394
9186045566
8514432540
17052880059
5460360420
5464137038
4766967702
2663993690
10300274439
6074429835
1808618538
17596055418
2014074331
16038083304
2822145772
6224811747
14906197056
13548547700
18612414805
16056512542
4046159113
7309052047
4819548152
12518729441
833971251
8782161777
17213425676
6725468592
2723528092
21053889872
15152288845
4706634517
13326574614
2066980087
15810156297
5815488648
15091446280
8199625197
19033074453
21606574486
3711993829
4725519844
548539740
17942816457
15471780934
11514788580
15139596068
5843056820
21606697376
2473102709
14871887633
1844664578
15902503233
8965532991
1038847308
9620608776
14283148625
21316052116
4330864255
3766501818
10903769771
6158694140
4306477707
10268679729
17283691537
16734068025
7985309536
9050486537
2082494380
8192490252
9958014322
11093558060
7936448854
9799982732
21096351028
19850812320
8584407198
10450461759
674702560
10979757585
957159098
3562363245
4136505874
8025187190
5081095639
5944361501
17790221146
5648311779
955660359
5124526389
5005215698
15177826248
9293611183
7156031901
6751480372
15663736480
8126514271
20772119433
9217761358
12030477760
11470855249
19865024040
16723338777
1881051225
6336778384
4467580024
18329749168
20159026049
1160831825
5096244904
532758944
10682879339
16531330252
108645724
11064631668
9610869922
12685318556
11484863083
8948538067
13008116821
18633521341
13801381352
11241195258
2106732050
2214597581
4400205145
23018484978
3669841821
5465955917
8094733265
462123615
5664977916
4705380819
4340057196
13663736741
12038182243
16922823931
11738651885
5302387917
21175640673
10074417221
15970665545
21131467638
1281551109
16498010246
18238394485
18846432176
15046218855
14477172454
18112958528
18128701151
2899974361
6004225821
10774932310
8065929785
11432650055
11097904518
16375018991
5372858292
16996819390
14628204329
8055634762
4190178022
3804810722
1098047831
15291172247
5190417748
7113860881
10986223425
13533960879
21830380896
6876966804
14498529273
9280426948
12480995524
459778820
16579673716
19874697915
6490941156
17362041061
7274422221
4438278311
892159470
4935081032
1174345141
9931094280
13842139249
3256866058
10598329886
12801860809
17124907676
10608262023
19373702997
782428049
11561546138
15446264405
8165061587
8633401642
16963379421
4441438515
6946318200
7201589182
1159796453
2724199123
23619227626
10174837157
21464895431
5369634360
3394538830
10455822970
4077188361
12615334417
15244443416
7789493976
7662921762
14015963238
4456543444
6618976199
9391781961
13134713152
5531069809
7377785756
18399207647
19931775767
4875436576
15739989085
4069921793
11333335981
17872114982
10304996296
7031343508
6340554147
4706526346
11359916927
6805396525
19310611127
2002197710
5559480661
7223646111
2707518162
5338218186
23018138325
6891220146
10581794397
9288934604
9956842950
10220588496
11624435300
4484326957
13760549765
8994597773
13067661940
12473710338
3926742623
14657909674
10863309198
15842092554
21185110426
4777212755
17178179802
10559317193
6152395989
13728599773
10538814814
12808510299
10691181494
6304950572
15705268130
12731899549
3631551206
7551765524
3317822704
13573514807
7398392339
9784633746
4041923927
10273661000
13741516331
798213658
19007847075
479272561
11946184657
12338448776
5071384990
7929243949
22788751604
2192607280
8588857745
934481887
9874458072
2179762616
24667673676
11770994108
12376199032
4743870915
14544716447
3421747104
4584720590
12398894751
821647510
16839535097
8278227633
16016710959
8530526603
988339123
12101758570
8180971664
18162510756
8837165064
4647179952
12374816367
22956203813
3000773755
14664582932
15213831652
6916476533
15959724076
5009048242
8067424687
13564906583
24402482598
11149608496
11052832639
4146059096
6080173626
9267681552
7571334980
19959027524
5551289364
24191193119
20678756949
14390095847
16883412502
9344377326
4179446559
9378614411
6967620406
6319928903
3549129552
13590236785
19540366088
13800962547
21903347447
2727755453
13105763398
8593486902
7534684356
850889464
15412694409
14007180040
5751573617
1778863354
22758608449
11542200147
2777290999
14422038390
19055878386
6062894266
12249280210
21665347797
14344655428
5029909811
14887278918
21839822636
4986928145
12884362653
11003279152
10300763753
5988474145
15184273275
9740364160
21950704124
11199626265
5752277012
3683475138
15688459091
12689097109
11628123372
1941137324
16168374697
21994221236
23462713151
12293323744
11756163299
17525606831
5074282728
6688776485
19484257763
22792365660
13132022449
15864284686
18506558639
23107394161
20597667119
4986025793
14821810595
13583746680
9833429371
11826540785
7579063213
22247331347
11558295311
141180636
4320473332
10449429861
14052229601
2759977308
7975731723
14784378683
14652226934
16550998742
2513794464
20995627110
9044251290
16810014818
733951749
5783654712
2628606277
7589679747
20044144621
17799925490
1161607186
4170413350
17161463307
17715012552
16667776200
19010544934
11639590430
4362074913
14919818707
19341902438
21906674531
14816360077
5211326114
21354479154
6486933346
2782076199
15321896383
1634855236
6983279001
4329324741
23814806247
1805112426
23250531256
16274815670
4005688746
9201419916
19251364294
8525186095
10158713969
4976368517
16806872560
10517415307
9214385506
12964222855
11983435526
4143774785
5590532144
6787917853
9291745570
1859162614
925164726
18584203261
19148533824
10579630743
3340743376
10533630174
11987897789
23350022606
8993821272
4675575200
2969065317
5323806754
7001980995
2891025729
21865173644
10035619538
9784633746
14188271862
6558381406
11465299560
4832050119
19679625290
11591283877
844177710
12823705723
22207117306
5145564393
15624711820
9345991320
2409008776
5145706510
3320001353
15629666550
24515683641
7327181641
17839221898
23398451295
21866699102
16126648255
1882952359
12566934935
9626831667
8436979225
12007416943
19516032996
9838910649
7246975137
6850734619
9933565922
20211626118
23536204969
11547557679
12960831801
18476000462
7985514592
1105358524
14816356048
19065792052
16435468549
20506621030
16983539038
10132075364
4153484703
8863071245
1149456008
16435561437
10426477186
8223277213
4889801965
18480996659
9075609541
18773412190
208263927
14503735420
21794411821
22944991235
16277474969
4505232694
9092722197
19711270324
768281496
3970558322
20266427572
4647034186
711277725
13588448253
8090147864
1326583526
19075490373
4060286469
11586644424
15078304804
18395623398
7978020383
15971948661
18215435711
10578975926
13534743450
20498226248
10147641717
969045617
8024836103
12202623895
14691614869
9703563045
10435810767
11445367027
8630430701
14287435919
20239855456
24579554383
2451008016
16005421840
6298010893
4201715630
2551964981
12112339992
4726642007
4046668065
8338974023
10564812873
18155212194
7473670296
9438715264
17743084363
9406686280
10259998634
21335472578
16801409651
3222461831
4887617658
14946176654
6066106302
15925762532
8923882360
9800307270
1705694979
7001481621
18392742771
18592208454
14087927308
11729945401
14340881993
3978159157
22625606643
18777664309
11180593942
1116957781
15517505595
14719244591
9237500855
15000220552
6122836393
2583139156
23128005758
13782172769
4246015095
23170953752
20177393068
20528101873
198662263
16393731158
16276084171
4545368335
13097696337
9564067957
6477800553
6518677563
5099450911
10545800499
8358356573
9713810398
3198742773
19499548060
412534577
4814261869
12424085078
8325470175
22223214089
16887588866
14059676538
15937731014
21903346635
7379529800
8689981474
13152294951
2141888404
5342986641
6546602185
12143608809
9244184978
18888424404
17415676272
17620856753
1173765947
9362084938
6101398142
16846422832
7186067137
10151819959
15822259836
4131290755
719346029
11530007856
2912163583
461526414
17861015448
1757531809
15971381392
327969508
15683786358
6024241050
13604290693
23620057721
10542171677
6324862057
5374715025
5321425884
9216204042
1256044247
21944569475
13073369785
21258333648
12273129453
21361958078
12118263395
6405994331
8000069612
12686093497
5513699017
6916443368
3070781123
16355189611
7972892399
4523710566
1944287416
807150289
4315454635
8600196702
15278562687
12375679173
5810964576
17287243017
13247766271
15570511735
747826841
3259792592
18599171088
13232389385
17568976016
240553322
4444050605
6391887519
4386676877
2708208096
8741923606
12507616513
22055899094
9218940960
23350090170
13222869542
11740184338
7999631924
484410935
3903985892
10267478650
11953717752
10830943874
6731489593
13863093323
704921929
6511080465
9412269316
6132332176
3817532638
755584948
11880050140
21746643731
8436242151
2604979365
10940358312
2968607279
14659883402
11119766121
10661627913
349375965
4435787192
8699801054
16044022814
15775628132
6131429237
16732907825
17433827523
13090805453
15899350769
7103643333
18025912976
15252938470
9350079583
3996397273
17822535979
8583481975
1171652168
16222334023
16874296616
4117233103
3244803294
5590532144
6470099176
3908396697
3766303425
15311116731
4809172808
19913078153
4327233691
8430636492
22398233839
171696455
6592548487
18608998744
12668620352
15692471779
15634463184
17120357352
20437878416
13943284740
12930529512
13937589411
2498431336
1668644423
8084988837
3052532811
6172838180
17740414013
15150401152
19637306382
1398777075
7539867715
20086191614
12516269108
2170323697
22397154113
4387002335
7529171812
20779260372
8973964419
17095900693
3069105449
20350556703
12960007813
6643956676
3430183402
12770597522
3540986815
6922304323
9085111393
21047897533
16513641951
7574833678
7079075228
16716801806
9400099203
1106324626
7493429307
18831664314
4612987367
22339730453
14339505449
7502321198
1207442077
17522385410
5474827859
2914673811
14245341995
7765651111
4611463157
14189194252
9703563045
16651140530
13478848457
1030436648
22950935129
6805396525
2121522086
12254675320
16135960147
6010687614
6397412600
2506984953
7563086327
11696033294
5268772443
19761780324
9365830858
6816912836
7942030730
15733821241
13689211325
16313235201
3172958942
14883086632
4106493384
11056205696
10397292914
9998753173
5805372576
2513753633
5349754737
3999288883
15145683781
9753131224
11685450847
21264102611
17423397435
5234287610
3904368505
2254910785
17166889895
5179440271
13341525594
16934241242
16526966941
2136339803
6565814540
7739368224
22791134749
4952055967
17967858944
7393137181
1063830188
13112745204
12609409476
14954169078
22017840950
16824869122
20000179352
1336702088
13721967313
3483543288
17119321331
10123063159
3592016109
18400272525
19358866888
21363660713
4942132456
11744311952
14891812021
10945460321
7779755091
6116523134
14194215625
450044755
12669735072
4257626353
587890786
7381005845
18878683106
8330735787
20550049733
1193263017
5632298524
13710166553
12116597081
22982858605
18451352818
17083742479
10386837548
9640731554
8702399450
8616791512
13639582170
13266357912
11813624663
17583811130
1220210088
10553578720
7326605386
20417698806
164520482
15630145416
3451116484
2366402529
10941268773
2632274125
2116077449
21258312270
3090470720
5701916654
14619510112
14334356147
14212511243
12062132684
14559557652
553027983
16528922086
14227555857
10863165912
6166170131
9156712793
6315276070
7921022795
12095816062
20879642354
5283498565
10222327637
7193399645
5774280364
16974434110
2685135535
9482579501
9864629740
4106095884
7347572482
5131568807
7126639450
19196111515
15489290477
9397228516
7709093331
22242799636
5515550194
12832761556
11499480328
8401332445
16951038828
6031898060
23667524081
13857865275
14481006805
16458400998
2686958412
22452837454
1535875136
6941087338
9934561514
3770096431
12399201323
2287103089
12896101609
4713461561
16374541729
3031055439
4654796780
11693883753
21238317899
5623638010
13174581380
21876450473
14202370420
5869576052
4385879086
18053319292
19221865290
17479199542
10218355780
459514122
5263930679
21443153227
10126977549
9586958862
4997213857
14960329233
15191106578
15620345723
9748289776
937280897
11315299259
14188287646
7968881805
9232658756
20483063419
4718859106
6294458545
21511476764
22110753341
18323244745
23640314498
2026234541
16089267224
12213212751
17705036022
3065596381
16140519933
10950332849
8023458429
3617974409
5858897647
5196682165
606051551
5973956556
13705902909
8467154833
10669512053
4994053807
14366281798
24331094822
23554671869
4982679502
19458355714
2636322771
5742230051
19756227165
22458697006
9452993742
14038538905
9734428846
16338661084
17571316219
19693836356
992311141
3492067879
24171757559
6349056642
16717940408
13632587252
6990324306
5089047226
20004914186
5860664853
86849613
19543532944
20130963330
14071077835
3373291997
1214944373
19052803092
10169533624
21359755605
17178438175
16654505667
7734987866
10200027981
3196978618
7380987212
256713502
466290278
5002553584
14006845223
6047237509
10015480837
18319941390
1243140718
2634748873
19684682238
16733360152
502585523
3382180704
5396405392
3625035542
10222272053
9972961670
315855955
1026515349
522632096
13263538496
15397901505
11682750164
5077248283
1788208389
15411702296
8655074500
10507705965
16446323829
17593141208
9212331205
12183315947
3212553442
14695278076
13783703286
2443652399
22831539609
278985458
904785549
2135348097
17117616855
5966647253
5256226596
7892107378
7198094060
283872439
15826337860
20274352571
13439290327
7965749250
6713424224
13374761639
23836942908
22915467971
8947199629
9891282545
10674282581
7003378496
4096049032
17410848961
4198048631
18765522491
208196911
4997213857
19261437548
7487949893
20299552216
3106254600
16548328290
9533355599
4668782869
11225701127
21257982952
16643179547
14006208003
19935534642
20030896885
10551377942
12308829950
9896891710
16569678090
16302647563
11355860780
18246905560
8997631633
23791038282
3261275176
9623827225
2413903324
9430189929
1772048531
23801425200
2434643328
415899423
9174126978
1385530308
12990182720
12394989648
2844103268
963046241
10003827987
16357624207
21251816328
10927908383
12392303489
18943413236
8914354016
14253915679
13672207729
2981180256
777798288
9603136429
9486787520
4671899601
10278176037
21577698411
766201205
17408011438
10721914593
14730292757
20910854880
8835073569
2961125487
4618039327
443085740
6859404945
18043521563
13257118922
5308299799
11882233334
22040359800
13919387526
15792976360
3674580668
2212976857
996131228
5069690519
23587194249
9386531591
3159217931
18197477974
18543200046
13217884413
23780880102
6972186655
3260787441
11508336051
4765862451
718701474
6159172658
10771173466
21182026083
10281342473
13619664907
15255233381
20332447977
6010364266
12403835941
8144677661
13089318774
23268925970
4172733698
2312750958
20541112375
13970779542
7934831578
1133896259
1681286541
17053616430
1239747561
13701826226
1381131171
7672538771
18494724437
9458640612
7783491340
17269645338
16858382032
5916366922
5356209272
7705112281
12519119475
15957637282
448740313
10462850890
9107194523
8336066035
11772721107
16968338445
12972223578
8629907716
12446584265
11376038065
11948672622
6943036360
9248576356
17000870948
525713043
12107166057
3584231081
9988704575
21315824907
1779625974
23252578094
15038821217
14331928972
20785024481
12371504463
1671291567
18812414980
256775551
4913971798
9717217910
19472512324
11388781531
3665751989
13766617647
9805507935
11463170848
6720453728
8230931423
9172734424
2687867233
7103787086
12501138284
15083315636
846082702
10664193403
10297322253
16967756830
18152345253
2133800072
11022639132
18196846585
12352114338
5416091150
3929949826
9596061839
2878630817
11857727141
6139014558
12972108632
17905826929
17769346305
9653066909
3412246764
579737527
18793831966
4905324624
9868264714
22907285733
17905168869
10392643728
10691809059
15689074732
1779432182
8861961339
14408608566
644343187
15003323857
5002596740
8255616942
15974812988
17094851432
5963055621
13980476400
10941234449
12258421450
295700759
5911620806
12196656633
22067487
17274493231
6413387342
18191877694
7874251885
9455859138
8422748754
4519275927
5320926417
24106560933
9729164315
3855606594
18047064418
12182929553
3239192664
2918588117
19071860376
21893427529
12204472666
15782074992
10348813192
14423981331
5469458455
21523428247
6787125534
4910579539
5070175850
19603328712
9518938962
15927011970
18657412221
9275747012
9540719796
643890296
4614877716
15553001180
11963645654
10820057245
5502460738
1382382761
9049747347
15639038953
12115770409
14498334862
4744489307
5072839610
5378328437
5398545526
21976366431
20994215751
17889737867
15512802574
17639315194
13637623505
10650805400
11613403481
3017487345
17207541635
11604913786
19752030963
17188338676
7610641488
3586694631
20014015905
20339533306
11562622612
9569433803
4804695909
13068029499
1605523454
16332261051
3884348058
23252522881
16482636532
18438414259
2121230149
18763707476
12565830475
17550462050
22060118119
6835284317
3361899588
7670571752
15144806888
14095296894
6485527180
5848293104
15349007786
5344718208
15835747858
4826757472
2173396505
17445765973
15214370632
15337283676
7366393542
19951052793
2453896090
3601871936
18569565136
5722179392
479589799
11375343938
2635007330
15827495888
8757855841
172068038
15901310316
9969823632
11276729941
20884857285
7433169313
10923338988
22277495327
19942021933
17730309517
7548462419
4940491829
5075504228
15716562978
2491805427
7476733184
10245139045
9858436579
4205255595
5379720778
8686372189
8370933254
1817795536
8816233042
6432180487
5354092193
19000834699
19061794239
8787418701
9372841570
288506842
19901601475
7413641901
10345780874
13816229292
13336656470
2607198040
4712633358
2727806477
20133808598
22217230140
10143610610
9954973231
20770142389
18431178946
12992862889
9323237674
1780616571
3421441181
18037630087
23467525855
608949909
5919415434
3545808774
9512505250
15698516366
21916685262
1989440190
13363241983
15417779414
20387821912
11982602618
12887547235
11628394296
8250284479
14047842081
7746974274
12036123142
8579254111
9020255890
10928671860
2493206520
4982971314
15068031156
17966885525
8843903353
778983292
4844316572
7414416393
6647753532
15628378105
13509946370
1191411281
13609531714
15987830318
2742709264
6123471247
7683509176
9700811352
19588046660
14676002542
4247451232
23346835978
23120375067
6021408677
17073931254
7597686235
13642322688
8132580668
2223948362
3554752748
8571912998
18181792528
17236077376
15780477659
17912117394
572245221
7667810176
16745034987
16408076444
2294458030
1182392561
1334102441
4008137078
5566925503
2551381716
3565657732
3750548641
23528133268
9677861898
9772209250
19498345908
9168919810
18127049409
24191723497
13878233623
12864085094
1889564452
6805211671
23090148202
3180899629
11579259964
4814209670
14053128586
5993752527
17560527728
13568168143
1433644861
22058340380
19502227132
9125368928
16094416517
15694905611
2188608686
3741586102
1474334817
19521134391
5611699366
17036258187
3678721376
10472364656
14908789258
11169578004
17991865561
418290622
11114347866
11893757289
18404112806
4424319095
2157783834
5155970535
19334410310
386822051
8975006595
20159875962
14899466908
14006046731
19669609762
8630729881
16960263675
2375426845
3148618198
3393985831
7543686594
1191411281
10489730048
22060375818
5368400757
2046421109
16253795436
7410897271
18295705404
15151422411
7164972118
17092340860
842913017
18046933437
14917457117
74225692
9549407615
8106966056
4855856508
5591332430
10734190401
4199506834
17281016224
3350646053
24681007398
14505040313
17514405215
587621461
16390208310
888369212
21853292024
11494642103
18280497636
10454232010
13467337214
10338758133
12916167475
17382191508
11899930042
18935901053
13745187872
6486558249
252070816
21844661146
3260127533
1334223518
9376869609
13395909581
16471228453
10325934540
12105818156
6477055570
8368232645
20252186770
12448559809
12289874147
23838281309
17072836108
18493455954
17205748027
5966954577
10539989569
17263789713
9563585471
11118173712
14094523135
9266092103
23154999348
7452234564
11822604495
2482550619
19599698199
16557435874
1959933979
620281072
5409073876
9416090840
23168898353
18212052700
8222954924
17132668687
12972342360
40338953
173328558
7515844708
445530488
2596971982
23440734461
6179902040
17439922457
6688754084
12375527408
24119975369
23552931734
5955462475
4371156177
15754928818
15957359946
4511267404
14182068247
6329478644
19450283759
10361206695
13438632108
3719522347
9311435030
5350484591
18685850393
2422792564
5202740628
12776771865
5953078091
16931331984
16218075898
8490640534
22456279775
5535986645
13964380202
15414768360
3048625858
8846686726
7061569075
15428927570
9693843633
6263751217
19713287734
553027983
5439903085
846177904
7925573836
1909721842
14295304652
9094186202
8057909871
16389430218
12654459190
8907351010
6399126362
5293711508
7643554782
15439444332
2240115802
3262676014
16604347100
3824243191
14484898129
8633092687
1236378210
21038849546
21995375972
4256483160
21844396913
9603150543
7662545780
9406019121
4462088468
9521683599
8600244627
6214617274
16965672059
9467952467
12410260993
15556856472
2763885734
7476281482
16389194332
8021686916
572405613
3151376917
7266442559
19104965864
14543451585
14401631059
14061298453
847835264
7491844112
16318959714
7581060333
19059246817
16065159099
20482433556
9265518395
7429549842
2844665096
2095486712
1990041845
6958549240
2550341891
8335425132
17027755960
2372014949
17882441497
22487982853
8470065791
19472432494
22461354413
203406607
9835209639
1832509345
14448418420
3858071770
18637363401
13335242186
11875866988
14808244737
12938692026
12242748860
22413825190
15735001654
4016090875
8600543283
9498153759
12927973824
18746195718
8475778382
15848282012
12823233006
3066780088
7184663893
21630595353
7953554829
6718900090
2043391083
6372730157
6132900440
17900402032
23601704996
633470392
10047497125
3402774294
10759746993
15940926966
18474275745
1969819199
17824391296
19256100763
20321208116
2920389579
8131963969
9543708402
18146222545
13652587052
13410626710
2282852428
9402960491
12156087470
573597980
11939793939
579909489
13228235116
14759978946
703440385
4447547446
4604753867
17243904530
6522357101
561833027
9400217659
20799202910
1012460326
5534886144
18510985615
2306961558
14939384527
4814261869
6383992283
18239891145
22278162654
12466969261
4780831980
1814418930
14693416970
19765588307
15074039688
8715686958
18805488269
14694870027
17304106981
3906204854
3557841159
1549449636
401005816
711636689
11658897770
21774433740
5829216990
1936907574
10373239137
8166039549
7208371108
1789215303
17554288186
2939536606
19251295399
12658183702
7993186107
13842478671
22069784676
9986071601
11804981788
5547177689
7428766121
7278131639
13662253075
3011329405
4569246622
23551217951
14616964417
1758598445
1711215537
3952467832
23163773370
17063805665
16992388808
12655873188
24260836887
10127778084
6878761567
15028599515
2878510685
16857101392
6866924108
5848104749
23601953523
10690430248
22877981081
12812276486
11289169419
14945965304
9684529285
4491248343
23304454381
5498727237
1580636033
1428249861
22995096076
3789658965
15354494958
5232695947
11312492493
5143751312
5701888877
16016621058
4792889684
256863780
6576810062
7047391372
2969638338
13713388543
3410851817
11516482598
7782689126
14447411313
3692187201
3420975209
6514435880
480329115
5984999878
15187658806
12787389473
5386751375
18303077833
610524252
8297984185
3875000153
14010529658
12604457459
17752973577
7286937415
16645272211
11058306151
19189616752
2639180236
4898037328
20643264076
7895211298
16422414933
16824869122
12302369381
22871022866
21630550339
3743690932
23647755099
4256213176
20115092381
14339505449
3408152590
4364573119
17143772019
2017234645
18940707989
3040541128
9092927441
15774161130
4849552222
3918102198
10618325472
9429530621
14336219214
13313113431
15609436287
20778360690
2925217869
18280455794
9991982044
8354457392
8271549315
12526441376
5705915676
8117825396
19505784642
5324314404
2340851825
5943305463
15213869244
23223183128
5183666557
3901945872
16787407547
16683602459
4161625335
13772976934
7515557010
18801024728
8946702821
5080253095
11631277122
19986361419
10942236346
5784583971
2551839296
13792452211
10046231020
9164999461
20440216206
18881196550
3930788575
3651971234
6696730460
20478898491
10447413085
3633710223
6233519936
21033649559
17106129327
17754793596
3524474659
5588540810
1067760846
11515042634
1979661907
16741888099
6767484631
11361236309
10401337275
21136373619
17621910465
9692293777
13557950929
8944542452
9481332167
7622412597
8990142844
1923100538
14220526050
7181475371
18468431251
254218169
22897145489
24083919944
13324495342
8569405429
19558396076
7317659510
14263152535
15787927885
19882079244
7328981480
12599831108
10306985287
10337623123
15683360518
12125600551
5944135136
900923373
9791711100
3547120056
10790890358
9741749176
11163272745
12915522161
21506094920
1646504542
15836858719
5975198950
10144220098
18624891043
11201891297
19929779489
8285445904
8123482968
18972675763
1381861506
16044702482
22897171870
13200998549
7248946393
11713940414
1707815670
8582364230
11922076099
1452228611
13479972077
15005557884
16723911078
960931616
13370175286
10463479610
10375430946
8869829096
20905426599
21730413140
18169571255
16580017206
763106057
3977079881
17428716744
7272696274
1350087676
11534195628
3421302293
16859438233
6923581804
10790877417
8789119459
17567665676
3327397154
21017177684
21007934181
10432011323
7980932309
872131192
5988370280
2777949328
7831714716
10303932228
20432353517
20946622761
11469045716
16481910496
2593113224
1976054806
3750652801
5383942313
11957776915
16708850366
7242610537
4544675503
12261585159
3605588931
13221507761
1814994009
14848330069
21785500356
8620891836
679088937
11347738130
19714500854
9506009006
2834975385
22753710515
2821708415
16090301168
5083924573
6881395422
6959748825
5953620773
8612733304
7865929654
13456473711
18441060948
4572092335
9568884942
8932296009
6661036556
10371168140
13713416779
10471071715
6386654080
11567521738
7344470000
21150119004
14858666283
4904416681
9510079871
15418481075
20004702956
20720258390
21752614110
15575897275
2289282290
5105947658
15495744566
4062383383
14389673403
3449585993
1942116120
15929462582
3601871936
9281069889
19689983610
15636152998
5087330826
14373811107
11475497826
12847411397
12784941244
4556371318
14486525441
7126632314
7871329163
9318967709
3532174991
308169061
989216076
4161625335
8181267728
16280340983
5288715713
6042531252
12393280307
1906825510
5879450015
11644392651
21728509183
15612203228
13107232750
2557040847
14431203636
16511563119
11342469668
1449625852
17301370128
10401337275
7562536670
20406405987
15099044815
7025197131
3532128307
16285414652
833788395
1339838679
10197351348
17004394769
11194668596
7776133916
2705071640
16160572086
21374930892
23394903778
1012528847
5121321995
963475951
5567631977
5532256254
18235125981
9937381856
20561174349
18930443700
20418981530
5742341647
18650693753
5054381102
22299151656
10486434368
14516833637
5472994607
1652352938
21217148625
11400765311
6491970302
6764999505
10095285439
15064317591
15779843318
16879482597
1921381497
21133494277
3997506966
13854508568
1565996468
15837560599
14064396933
18839672240
18880441801
22574496110
3750144584
12838846630
3730346558
7944791170
9245968770
20049784744
19700659697
2632191637
166860923
1015938214
5104405316
2566942790
10362268707
7010069538
7320618704
13572256240
2702607130
1834818402
15178359375
22532541910
12168707234
16285719013
11811969213
17526378192
24128123226
24365828738
16915215269
5118580206
12705854490
11575733655
446926678
19782814851
15648286966
172300257
6374059902
8844893699
10879097361
841698539
15422845914
15097036065
15095058199
4341413913
1704621341
6244778827
11298093657
17557066652
13989084250
3792056784
14188315030
9728379567
16425816923
14670882045
13824913873
19042007315
10881435070
12079502856
8077374534
3837013680
3487929883
16400603760
21270951837
14634335211
2678381527
13675191816
5804651363
21555823364
1417697639
20319998120
1416753310
13649974557
19216284434
13579007235
15951508486
5362917305
23132520387
8187376207
861296478
14919560358
3711165134
18152164573
17381672519
8971269132
20729642081
11389424943
11760599858
8776089118
16360492838
3645068748
9543413049
5798854677
17905826929
21382695287
20821761579
16175235303
4713902505
4583907797
3623066926
513477091
7351383269
8974968034
11764177265
18873139991
15029210564
13393374514
585261578
9541417853
9658996763
12747354618
6814029640
3445268808
17617314727
12748429681
17018697218
5636768876
13101961259
14694523420
18125689817
13134697650
18665220229
11995527702
6930568273
9080676323
13731794894
22911424563
6400739638
18869603435
2834878029
9560002868
16135092811
1612339795
17117672487
15796174419
12259515502
2502340333
6213810433
7431676724
8957300051
3686103587
1835207581
12566317538
4848354879
11543666224
8787078069
7018127979
16602634944
2696029265
524449445
4579998864
194065604
5799081277
11102675828
8982515024
10235611917
3510372954
8641309114
21161714637
21199375376
9652326247
3696879009
12314927398
10909765899
4231847592
13568952087
8851358760
14031958525
15973453987
9703089289
14627975337
2611822927
23272758291
9151570617
4261631167
12088670572
9054593292
2731903167
9727481812
9929438710
19665818969
1968319773
9714322407
12668844480
10533545431
6566666198
6471772765
4398806558
949642616
11752359045
5075053247
18886983404
3761732339
6652262355
15964854479
6294399533
12181547261
15012339077
2057452023
11446016940
12639956379
20032078188
2082922232
5437249669
17690185774
4705380819
7340618632
15784870557
862077347
20802426514
2469862734
12426923527
15162157857
16109446404
21845694160
10970606230
5784773214
15390861542
4608033178
3189877765
1787309036
15363720949
23052092369
648715548
7272578007
16475220371
10063942172
7985926757
9222642610
7971668556
18458713086
17687493662
14863331262
13591227376
21577210824
3303301814
251485521
7533132391
10465152631
17082100707
11001031645
18296136510
11514359248
15436583856
3979273406
13068680617
14180074173
2173374639
14750269401
19946916015
15175481594
1889977711
17975156716
22073962413
682321666
14231630470
7926549797
402230092
21866949212
2636322771
4672391031
19994638912
18532829487
19779584430
1122559126
10352267126
2085976499
8673006772
5653495808
3851568836
5754628940
5577289329
11984210599
2613106775
7807556194
3697530686
5850493111
1255572809
5319828734
4344540685
6046272949
12820571611
22015180954
16511779300
1808870752
17560348964
17039464678
21276501791
5921074203
13163501196
16195388897
16731556705
16504088604
6973765719
18031908808
11404936256
3697594592
7029400972
20777497499
2727412613
8728427462
19463899972
19058021428
16671816521
17913728066
13703452821
15704220689
9336681221
2686626258
18370337938
17488339467
5989666440
13629043130
5251172554
1530732404
10049642186
19110187055
4220509838
6927098378
1758567302
886632315
21178390697
12802423269
17138060870
15815191196
4702849431
3778495478
12966184953
14026556956
2513913782
20395116732
10059309088
11155208539
8474496448
9672805894
4650158150
17613743650
13625204995
15291975289
9661630
9733068349
20924587897
7458187549
19561431863
14965680487
22385993739
21866202785
5101432040
13407453551
6206212344
9975749501
10780222070
10594345932
19769757179
11119391467
5778061848
14799425905
2345217205
2088875236
16660860702
7098564199
6497388355
9346682072
21595556496
11647938170
13488279460
9003784518
15249581641
22340485764
1849422486
704199944
16992034656
11695880238
16740595185
959379262
5532551779
21959902700
1981363187
12795074597
9221725950
22772566372
10645816838
7546973257
7745935148
22365174444
6514073221
6720864717
2306796772
23413927913
8971251035
7364355554
10316271570
10076439444
6646225756
19404550204
12763842191
7387773282
17771728456
7332884843
9726991208
20985201973
15804059406
8646452007
9870721
12260744704
11499841830
3287681373
3092386781
12502425750
8193707671
1640549551
15476553973
21052474954
2082494380
8135261295
18491620803
6566464854
15775672151
12018095515
8633566263
8611999647
4718871538
5590879606
363681628
10344732428
13685474070
20069197499
5484731200
331793551
16257320052
4316082434
13360754977
16826836441
5425666982
4872289682
14416462612
3939635237
7887523887
7305329956
13208694189
14830452596
1606169632
3435037708
8176901281
1007700726
6441707608
13323058675
10980732561
18496474232
16571651790
21708833262
7660450937
4578837685
7702182831
8895678697
20754500408
7223273582
8099714173
5808021936
18655259261
16179570433
20130396799
6414209290
11763393166
12833168186
3937024288
10204394105
21433750404
364504179
3791404398
8066402978
4582495072
4336538190
387585067
12067829264
12744117173
4963182101
3491156361
9219477259
23379322608
7874505756
23113521725
18802704923
5937021876
13460659272
12420893251
18465317278
6681620461
14180074173
8032287300
4392998688
1678501530
6581123466
16645388579
1141292517
10837899021
13551542639
19568116429
11262807738
2966389077
4603897964
20839361333
10059920020
15294833493
3601905849
10009054178
6244356442
857981365
4652322465
6924154950
13546555078
5897487034
19267171089
7795494606
2792053825
8857544116
8568687546
22396264657
13095421606
4972752855
8486461020
13176352462
23190024547
18969513057
745214555
15667167243
8381699625
3005219071
17655790185
18039135843
15196491380
8085535247
18357881581
1293306384
1444478515
12005446713
21578872605
17684995160
16848188673
19023660270
7716394024
9291867
14438225948
4403072585
7389181816
1192131753
5955408847
17585064369
13735057337
18523414379
225822937
12259823064
4330377408
10602731607
45513370
12262386548
1998612436
12877265984
13278590333
14086427647
24007445481
18481142101
10679095088
12205133628
15841215302
11079020585
8775194319
2723033357
4934796859
19576055063
4228187995
14619069016
20399959169
10784117679
15433051235
13831413243
16505615539
18374627840
1304799852
11775478350
13984506167
15160450021
12797378857
1982509110
6760166526
1516340764
15207873858
3663198801
6895156974
13072491169
17228158175
1206445068
3525471712
6501012108
18518379243
15867015709
1351884867
17460246638
13745114903
19050138437
11512862744
21867388643
4572010444
19096720414
707363693
11604408326
7979817130
881698346
21076549038
12770621334
6947986083
20299436485
16939282183
1579694337
9996639158
14563162522
17317702636
19953365566
18869525431
8322806237
16134705958
4695804142
6214471254
10115124630
4608965804
12902636193
20891205035
20290970640
7281817842
6876981086
5372644893
12771420730
20724124685
8388028946
6919682222
7356738951
8414708434
19718790785
23627861643
4706255231
10150093267
12937715400
7936975570
11997678495
15498469199
15028641542
69207303
21581990718
7997429687
20524351597
16974575203
3997776832
8762433676
12393926608
1836452844
19841379979
9343105238
13017378817
12299750651
9508090391
3750821519
15176104008
5783993552
12288018083
15721339177
4047030608
10004886229
11267712409
11424621992
17116703667
13344470043
5864291396
257979571
8782119480
16972952261
23727946202
9066530604
23322679215
13514009594
5985528775
22679467745
6939572862
13678454003
1060051291
17940990571
15813345079
13297687524
10924958850
16683510281
8159562317
6242065072
3602063191
1256556602
5053229419
2222292714
21632899283
12133095731
17661057665
9510726653
14505169925
22576182615
4817366920
23423249284
1729233174
8103848002
1793251421
14615101027
2152242313
16864140984
7010769590
7089442450
16139992628
17004412144
12434357898
19765450671
383757653
6139872830
2034384208
9971144584
7478061888
2956036303
2682192638
7203456772
13767125586
15487885378
12222558429
16350798867
8797137620
878528565
17053342644
1032799771
5662026847
2218391650
8530250
704122091
9603197599
17515015426
18317794819
2738320200
4510575978
5252056150
4143270147
20304945342
2892249335
644050124
6927670908
2669062275
15882227032
17460207040
11811236331
19746927393
22528307977
15706296640
13593396000
8797040174
2810101349
7384853468
6502026775
13362622558
8886136277
5692941408
1012468666
3549375291
4537300939
3883911029
20981675156
15170195932
14925029106
12664889730
15841411005
8900541426
22836543396
20832763816
5994104403
18566453212
8410802332
16034891298
7518546473
2042229046
15750442230
9957912939
13066905649
13325285761
1291614098
12993745538
6715546918
7533443121
7489262085
6607456422
18580066159
7276429923
623848031
1355822751
20116959249
11551917497
18347187049
1886672642
13821145145
6532964174
9803528636
19578357044
12833132402
5921226253
15683038408
16122225314
945609164
808993943
10909061861
2751594971
11696957010
11704253861
4104696765
21702544327
8095050158
14802007946
7133940272
10943193546
4285291767
20281921334
12266795604
22305477372
15413468321
17118345914
17640603843
4605322959
8779257512
20306021575
4748472836
12257672225
10201777132
22749927500
20241300460
16536297309
11197977599
1506283075
19497156196
3301633950
4223298271
5078653836
14753414999
4582230104
2961410068
14123866051
8421407266
5544089692
4349035647
927180888
20347758236
2614232110
9089465553
4297300553
763463228
10161845984
11872108387
4145317500
14432407200
5789606305
16311459877
2852548321
2918253750
12813098054
4748778554
8554065140
2551225082
2609293946
641984804
86735305
17387328416
5018794620
9862037614
13461947718
3998818814
12088765514
9324019292
16139009665
7967169151
16833963501
4068218403
22826694410
20537326435
3751274515
3147567286
19457168368
19447074802
19836614760
24132949955
19432641045
22519424761
16934826220
22527292544
10781890913
2985810915
2830669270
18900757938
3442880304
11738265333
8978437013
12779289954
16388840735
15453268401
18016939697
14093118883
14109087904
6486979928
847390055
20258437022
231514789
1989259324
15555814909
15844554140
8010133139
6641103509
10928606568
6805227353
6230327743
17060172024
13068784456
19837453468
21386059211
13975820147
10351826496
5592920173
15299714457
6515381216
8745755434
18725651869
5939647558
16179289137
10455221865
6226240156
18136824661
14490696569
19530564140
22748561461
16475002943
1776020205
1724167982
5754406086
6934397422
12694787001
19713761754
5178538404
7611134347
14091280291
5048513488
8971011295
2336224663
19494289329
3431885338
176777803
1152554242
4400127270
21640275
15807525793
4067138878
10115180712
6372452920
2889249244
7709987181
11393667282
6323898638
6674501292
10310947766
4285798345
6029804244
7075167506
8365015103
1207778119
14039925408
4813401855
23947730928
4949949480
22510370829
2306815471
3263768004
20747625422
5458441353
1268681545
16956674590
7177789746
14697451386
11318677399
7090775406
2873376261
4508310183
16204915737
8931771388
9613691257
3984319252
18968145573
10359246804
21189521168
19562409989
13072529991
17328010276
7059270080
18313292423
1082321789
18364687616
17344341391
1684194476
14019279259
10050112305
21022676547
1889185416
6644121231
4164394804
1963117835
2939942180
14953323302
10180292158
20898939638
2915262541
9079507534
4788089953
5591032548
5563490719
21924372826
7557374999
16106564232
9823778481
3571822570
19395296956
16935536426
6548160507
13205912418
22252172613
20620711228
8631195895
5503572187
12047039972
1807020233
19163739054
13681770860
17627771613
5807703578
10839976552
1316535866
18524697698
256505293
11875297584
13360600982
11086115911
2941778294
4732606708
1858815678
15448073719
14321002378
13617796401
4750975634
13245701080
18862164859
17015292093
19174948748
3571642238
5007038510
4987545960
9116200426
10068191302
19545381874
5272978478
2783057056
6013875286
21268239442
8761002695
14451682996
1852944195
7161761315
20779020575
7663535684
4674390421
17854977458
9327058458
742516920
11607995635
9739907953
17516874064
16450361585
20773874791
13567136102
7382304893
12586924027
1000577139
14638811289
3957266886
14517774000
7541647184
7231844291
17077468266
14855037141
19555014463
12444757444
3296303038
16052522671
16009620324
3525879487
11751815344
3264946571
9891870575
13976488510
99419769
5745765289
16842610336
9925179671
14911505016
3864754858
12173613995
19035867714
3064226489
9915673185
13407496290
12186945718
5782568482
13327409853
19171582791
6702743515
10517023085
24186441298
4645525867
8176115402
9130377092
7006034446
21639728847
1354230461
23301865259
8287571015
10938100657
5188366799
19342403066
23463170303
16942509582
17753836258
13663178430
376580513
7862661053
669138654
21903728432
11401025152
22493174845
16531709455
18060581051
13869536352
6506556211
9416021391
7589044054
8749229938
18465360153
8202884260
15840459471
9634930089
18591714340
7759911621
10507794824
5699105235
5610448043
5693892367
12570778507
9784290454
9919089291
15687335510
3963370305
7586599710
15002648937
21981920904
7550494641
19342650975
10830794676
22818149659
4531438714
10973893486
15785316876
20586830041
2017442788
6603187846
3399614427
23010254076
8925603562
5743343667
17914157388
14423899940
16989540238
7823695067
6074408875
17423265819
7216766551
21079631756
4631489197
6317313205
2782463451
1882918987
22712413646
1830234185
4658065722
2987008739
3196798591
14912063663
10822570678
7288981983
8291425695
14922164671
13389875298
14957886608
3451044615
19497592315
22160015060
7669512238
18249088863
12946787326
11776926982
17714481715
19087607021
5609783667
4396438717
13724547966
11318478056
1215032670
15585797482
302636263
11210490447
2419734102
11240626301
11618584519
11959859477
7723252421
10462599699
12785624393
2488260318
10181811827
13037658679
2071832155
14809652547
18426164002
2017894890
4817256386
1792808269
3973992984
5252957125
9684529285
5182718116
3421302293
1386549890
15439070114
3408170406
17531216978
5315519558
6877144006
9602092603
1754324216
664648799
24300450672
15717954410
7463556936
1187401633
15849039584
21075979086
7715092013
772260528
16523602552
6491585553
6063664589
14506298985
21091910433
13184651992
12295251066
1889881267
6965577134
20032278182
9326205997
15160042398
9276506844
6753425203
14102808279
16590659471
5440417589
1676756827
9981788877
23099423778
5975215613
9802257015
18672488455
21153713112
16452571279
3545040792
10679292949
18574006829
9815660651
12075084351
11824752463
4828557426
17856927163
4866764828
15209036141
1609448091
4921540153
20934695438
6160451678
2120249975
794170488
8173272434
4587733216
21739685048
1161693516
13984373565
15452102453
11431064721
18595989270
21751044115
19300144638
5866756472
2747344199
5953407033
10730547719
5844161545
12999625764
8688982135
12202685060
4358763935
3257981827
12605759724
14102675645
5008789305
10134513738
4042018642
6289703684
9717445856
13831846440
13444880767
5920270392
3629414251
4043771247
121297035
8970135003
1725405965
20305536254
3978417666
21939800530
14292420926
13945467471
3857781423
12457168814
17110641811
24001234389
4729288476
17982510206
9851052281
2320642674
14037494011
19337643304
8592039002
6083250230
18352108541
14891681890
13203852219
18526058417
2666719803
10066867591
22464456684
16691499378
13728124636
13901964149
6238561353
3998823473
3692375024
11578453702
21100035089
7152223509
10940866514
9012168048
11315319046
3070853199
2002362410
21972984418
11499188767
17519221121
1228538845
13931525800
14745405178
18374797698
12370073390
13506588968
17684928774
5162506334
6792967362
14709747495
15471568273
18613110067
3982530342
11926132896
17926140170
21526875336
11236369717
4359017895
11277282246
1340211581
14528836818
6346384670
12548988175
10642182730
10937179746
18698088897
19882197828
15214781150
16970071309
8735001706
1397623906
2700268393
2782571883
557400871
17326786093
20232887616
24925575038
5580097816
17818277460
5848090007
1373321143
4723284584
6298001875
10391003663
6136454360
22857097028
6166432966
6968775671
15773262562
7286937415
8436821919
19547963020
20104836679
16019367854
14352327944
19531286515
14515770872
12305189065
2513304433
20400266120
4913705733
7995914788
21584107110
7414319966
1689248823
10610079710
15647426261
16144623942
18170095204
138574981
4321371504
7009544118
13190959857
10705895965
20893988776
3683936995
5841463500
10273110965
10021676782
20871712445
22360383568
2856002467
3592281862
5738571214
13648369092
4398034466
10490461028
14712989223
16599787636
6020852122
15998522057
3657959516
3397139426
11422429575
8592936129
9396293229
10824875583
17440288898
2672974628
6243031390
6779600927
12680253472
23544245406
9500611998
6951303010
17755527995
10237273933
4222216369
19567561283
12437494671
10746932751
7592442443
9394680220
12880962306
7497555366
2886997753
13854884366
3010555083
14077419555
13980029173
22535071264
2265629331
6912302505
14189627917
14098958889
4246628529
5950911614
1777186516
15644184711
11262329854
21396872546
7687013601
12051602736
16869894629
8074263529
17026427691
4455034357
10090339922
10137699999
13215289764
10260239993
15282923660
16005736259
12061481661
13094391540
15772968540
7298244546
12501307720
17872984187
16553311220
20790643175
18091745176
13346603256
14845801200
8950122655
1792526698
950578396
14497635216
8148808305
475740361
15775639638
9660442693
24157296516
23281544691
5612374956
4834471134
9769415484
2775371939
2980040964
20762808023
4846578622
16029330428
10536529318
11843594075
10525748446
7388134337
6513008903
17427552544
2964503659
10080322509
16273959053
17641902381
4148131599
18496267385
12798289968
13477714487
19624753625
7458834677
7542053282
2918950425
20660887072
18925634329
16551911250
12695661159
6429074595
22462468319
9263146159
20355831066
14729122113
15899350769
10038372774
12210023260
16204831189
20772318150
10888176872
15437983198
3067864747
5930289702
11867153632
13054007750
7797877664
7197114614
2239238933
22043151532
13459424974
24514075231
14281853819
20617376642
13511101482
22107040141
11236466159
829443537
2089862513
460700023
6709191952
15164649576
9425109588
3419579993
17413834300
19276682920
3995695157
2686626258
10680032151
1069335107
16740541367
7183612934
10199660843
17673408942
20470567044
7164566183
14400454128
5788001981
1795808444
1463993005
6740630608
16238601523
6517654196
15108384364
22960585030
19448602223
17952311068
9562745779
5440184963
10555850921
18362655124
6365241786
11112632346
4570275122
17039346499
15775021135
12887537962
15705731129
21868503101
16416450941
2366931353
21016710732
17411100531
23323288571
7179823878
6842466578
7410463759
2394457057
6055518983
13787596312
15822756680
18980777437
11494543302
13582395350
22961308298
17401024779
21391590858
6811440969
14160110621
5559716358
23192929964
15835528964
22897177796
18715873642
6329255840
17415017987
13033018468
17123615483
11061589826
6103473355
4250573943
5009997144
7974139097
19146437528
4990046290
12470423281
7241387108
14730389961
3610103006
6581727576
13381453229
15162130525
17362377603
1918432885
9301342739
20917553036
16554804567
18963400529
24588205984
20010142542
7719276804
2628382740
21266702863
19104748041
13484022001
16379626630
2688598169
5841910048
7165652448
6831733266
8102267744
4152122553
7369431188
14563056358
2783181804
8577366070
19393385365
3061509506
20795479349
17208704316
9629637952
22889614426
8782406142
11877430427
14603859794
12819442472
2852466902
1952006024
1215859147
10698811650
12005831404
20135489820
11251345777
4645371477
8626631095
19645979452
12648233920
5118543162
8523099139
2038194354
7641709540
7029776908
13173898063
20491280239
6963381418
9166913727
21632427249
13416831083
12769889819
1937530484
10451941923
13679106013
8216267062
11688250757
9629518511
5570491643
9434508180
425983610
13561288897
21722591404
7406444024
9825095967
7872926404
1179044790
16732385172
7231034313
847611246
22751817828
17445217253
6800298248
424696512
16923459918
8864676650
11018381976
2874668136
19527569435
3857202222
6459381765
3338706201
19185981587
4988886953
2237302299
6888985280
15911963297
13119441608
699106547
14515153234
17963164624
7257727932
13344808771
21795454855
3307873983
18176121679
395401837
4485252668
19256579828
1541812390
8619683333
4493217799
16229420835
2716532325
3505089393
21584363648
5740970432
17547703828
9418452169
16475306919
7061677175
10231765337
4053268021
17929318582
15363430584
796501771
98519609
15051772828
11553332940
8766355490
9007908935
1896271827
5849335102
9162699254
19588704765
15423015630
475690397
572245221
19454741219
210926708
6406585116
2628127946
15518776012
24799003127
5490995729
318327411
2627359078
18450719932
809226677
4110446440
8483670
5409701910
6797083614
1546022335
15518776012
13433419267
21112788404
467074843
16002260733
587432001
2351253462
10092237942
16628370983
7472923987
16521724501
17039824837
3499708957
12418217093
20134904366
13126984821
8105881260
3148166240
18707174508
118555177
17526040086
7149306140
18934158155
13740802765
1495349090
2526768324
19951441061
17109397673
2525180306
12179323101
18866161743
2783194826
9709191050
16994557027
8025069481
1968526653
19184171278
7720605198
6604258878
4714392301
12972237060
7109494425
12847002427
13644757616
8844101683
10084717650
6787891928
11806127343
16271540537
18375411188
13140675275
2481370592
19327221646
24888561316
7172963429
7840666482
10287857150
14731874965
3106118601
17548000843
13926452022
5784903903
17166653025
12808987474
24653579041
4811754049
9219545625
17573025654
15447478422
1953532527
17710037562
10837812758
19487133229
9849119847
5703637630
14780863991
6525447636
120347916
7667059327
11747189949
11807587196
8781387969
14306148639
4765381018
5449125030
12494176852
7538675838
1346822978
8285470684
4845173027
17520041221
1221910433
24214989901
2786994266
22744062002
22918799791
23718923872
19722573064
5570132422
5592018102
11411507164
2238511126
2888806449
15223684733
7073675578
24082528441
12731362179
16732885461
17017967494
5852922716
9217126100
8721329025
2141620598
9804915158
6754977901
3205311389
22640985140
15062958383
14278967114
17003286408
7518852033
7344273595
144551792
148110842
19359759126
3090470720
21797594701
4305857541
1891515936
17923342197
16987569314
12976252762
8472822320
18065650428
23340670753
8156026099
4901811143
13953887058
6830577373
10396483068
18361450565
1646935271
14938442340
5958934622
2047001177
15580491578
810774136
3500775497
9730970501
17567878609
3700238007
17835180421
10743987518
24779342744
2001315857
4385192645
5928576774
17372071479
5012882005
19925049801
9001825574
12000726777
16393161695
17235005521
6879641389
9667609688
10888449849
1555847493
6672323180
8841411427
18606265886
17923484097
15838337520
3899078550
16768571796
14318563921
9746638560
4125516849
12020183076
5679290804
14506804940
20311113146
2240366157
10162426167
14869356274
9406614858
12190864210
1032112551
7826631157
14477086740
12142514670
14154253013
12666202704
10476295868
19646076435
13001173181
5746083323
16421285187
20716580080
22413601666
6541688871
5465458462
23265865990
14066066422
13641170419
20497480734
1183901510
7292877354
12767769644
20895432213
1423401693
2567349122
8226290250
12851562726
16406270155
1352322853
10396928480
12917114741
6847910347
3311009418
17066009428
14960508711
15675489290
18913890000
3134411741
15939570716
10685697235
16752813885
2750673418
5707194230
5419441302
6866733265
4643196748
7594626323
2553576267
10231919971
17958722390
14676920101
6877637112
11230405816
15716135110
9400566211
17164030628
21544285089
2136923866
611228942
4248589691
19673209575
7405218915
9464269877
9511074784
7274859907
4527169236
22898872422
7594297769
2977096578
18066740608
5050901620
927379257
2291355716
1033079967
11711209309
16745634212
17342500476
873941537
8693340563
2847485167
12364310300
16270617788
15778895018
13841682096
4682582662
9604316404
20728679113
6250974616
21330889111
611228942
8617717787
13286838571
14529122812
23097775308
4648409727
3859069609
4786910121
10591557541
9415655634
9826934888
16604467128
10862994250
17490223065
22324679659
4066889285
15902714211
24013726469
3849154836
6618644817
16006703199
20668088535
5033260501
11106619916
13842278711
14661707606
8159539331
12529095071
6880459518
4559039526
5261994036
17731177970
15362882792
11850897159
5368533264
11899216258
14392574986
15108884753
2572806647
15439351310
20423489596
10891132355
3790737832
13044557523
24438937260
3503719242
7979564675
2912138887
2229038519
10355627978
23026458957
2649708928
17202712851
7545202971
14506106613
5490410453
7948441821
2775924448
18801560498
1579182488
6312207026
7457097401
479371300
4967499163
12899391377
15174591117
15394250353
10981076595
20867753853
17004065890
13607328955
13901952991
6830895689
7416014340
706176026
311239133
20966542989
20947181907
17176526615
1598240078
18835058524
3540782062
8159965059
14748876294
21360320462
18046687677
12142253219
11995098150
17443400711
16495934094
13789016174
2231456537
3551857792
9889016547
149985274
1082499378
18440352774
13592248286
10962409598
11680688826
13532238430
1952905896
4988324566
15554095772
15993178338
18160409696
8158468851
15364268097
8256405345
6068133204
9862171866
18524531009
10169653835
8285020182
4242227066
20038431996
22120145979
255862573
9463896786
10788587620
15538371921
17312976803
7437948314
3713269286
15810816773
10745420821
21310013249
21547282889
14626926726
3029904439
4104361625
12038404265
5783941201
3678274773
8857470564
9735346818
6566464854
7789866766
10476142434
10279015625
16787897199
17392065640
20164367144
15504089508
19343769811
4625864280
4817724980
5005307792
5473405662
1690012869
2564048219
15646869120
1675262553
6738944331
13489350214
11719301530
14784509709
20933254203
20566766702
16125085103
2842109777
15053332335
12996789657
19826470976
16949441247
872023091
6337354909
14902305270
3862467970
4089256206
15350444732
15871703586
429512654
2811089092
17749400173
17319774729
3008865583
17091241643
14284426905
11167312156
9585543717
11339399285
15159581054
11349202385
14650698944
17018844048
17574405250
7353801771
1255572809
18938803114
9602074332
9716536187
9145695640
13753974933
22255941068
6297113017
8264243723
9769801946
9881611713
15971475295
12794527678
15932945378
1247194996
6887429065
19827399642
6009136736
6617983285
2437977773
10490205232
8898715157
2230484430
185923992
13160226145
2722829877
8655578148
4278186716
8821438562
7662660427
1386616947
8764622704
9585658163
23391764140
13386781026
11662975725
13921659263
10484210295
17562181187
6998833368
6489448112
1745737060
18880735504
8415237181
364472227
7209542265
715132945
9714772405
11891202669
6232613274
2948985495
155898548
6644847256
11010319028
22442289778
3458066383
5406430377
6761649721
513984266
9996112427
3998935073
2936478233
5465079226
17656771661
10714754442
1157835199
329649810
9826318812
1291488205
17301239879
11759756341
15796830646
17378605878
3871800560
10065104410
15717829280
20566046019
620798761
12189686104
10691154747
7548271750
14573734490
2731529473
10736333329
15396639088
14777135204
3008865583
16661135546
258075453
16065480450
2385701938
22177917361
16698515860
23960406273
16551085356
18246905560
1918071071
7301783398
5202082291
10753147503
13458782357
22513851945
20513995954
6345224040
7191679590
1366634515
18915080039
1895060530
10272358658
24296723745
859962474
13091242331
4951075819
14776678740
5473069910
6699449260
19746655464
12406209156
2702687900
4383229126
19873475486
1300794718
17398538461
5313637697
7069106475
12549254379
18321040553
22647905683
20467833629
12269935134
4767063981
10427571832
13479434156
17549538415
7220961100
15522378178
3709719138
19608855857
12112515625
13928125332
1610058234
7426591242
2480775279
4001794923
7591616579
19225939439
10453063520
15373906838
9334621742
1989283413
17026990741
22644290697
7836611948
11125836363
11530845413
8834653079
7330351452
4456454148
8539584556
14841648017
19648846778
2919906604
11413216509
8149127660
795131718
19437291566
4883811957
11500839031
8128412861
12817661250
14457442334
4053292158
13595801103
9849662839
11389786548
22935382890
12222679614
7538197991
23764645223
5492423376
14113084476
928611653
9165925415
13049803488
19236545376
14321002378
1459068941
18411522553
18737817251
569956034
15389136993
20489547118
6694475301
6099083104
2308122049
7111922798
15112959505
2695901589
6811585367
98833736
17265505484
7137061222
17337024828
3859351685
5704072571
19080312933
11686252535
24403722095
3830762693
9816043027
19253130950
13246538584
2365848994
14386262753
6226703271
20347088670
1887597279
10085787186
22020441627
19054695049
1097390765
6978666802
8450970270
11883865839
2198814856
13339532959
1859268213
14596827163
13763748379
16278380939
18354154781
19586912527
6479095544
4728826003
12508160195
7028775859
13264189405
12735066856
15177848348
13515326324
1102135846
4349035647
7653043685
1669394085
12569204955
21838296456
2828937984
20645623042
2586425336
11937631497
6072457691
9387159976
24342817205
18517892808
15507858728
517259024
8826013431
7197744342
12576152050
6641501712
11328769066
4760560770
17815812992
6604737346
1279651647
12069854010
21948036309
18380331681
16975698006
11736770966
18191192206
10624025110
19061567367
7875454120
3446244208
2792106116
9738219840
1353138471
9770928145
22506413958
3899763296
3286876344
10113971245
15268004261
14678529630
16992034656
11930066597
3333826329
3303590443
1945052389
7496241138
6315733485
320547400
21087103957
21759119791
5361857243
1112169378
20405097843
3290992559
10573504918
2523500033
23308925947
23540478748
14933461207
6698837079
9264234102
19966570812
2782610445
14768961865
10305564189
18749631828
18813597620
8672022655
9584825718
9031955225
5922513677
16631057233
8512811008
3258322185
19539874142
18912894552
12762912545
3667709033
14378894857
167483157
6924074094
19476831535
18305018339
17696349327
11972401501
10350248410
12858408509
822175698
17696045411
13844895619
24183704581
6368755922
7477616800
9122468269
19373985784
10874358123
2673758671
19359566791
23932567890
16361856930
17294131407
24869685528
5113980815
6695726546
16140849968
22352241923
21622271738
7815515994
6568783881
21551619425
19763380678
13309672127
20785332023
10811688232
16550177823
8144525033
7427582594
5564203332
21859756670
288826270
16581563909
10313611359
4339640698
13670914078
20869381274
6343376456
12175715223
3363121630
9158089348
13752253599
4676272066
1583374967
5385890667
16216023941
1630037052
5834858149
6254511976
3830762693
270346291
21862117808
2914449232
16485618618
10830487701
20890815005
8426446557
20779830409
12445986665
15880141866
13473479413
16076160139
15552450309
1901494945
22626391507
7604520015
14856785591
7476840815
2217035914
5860110279
10901832760
12005036788
620798761
21774876551
19109820374
15448976201
8055362480
16991832545
1889332091
11686389928
6929645649
17309495728
10886476176
15957775320
16673842976
1927599875
14373127722
6280031827
4579385170
14072741579
20840403020
22349239112
19531092987
12783333069
5809100311
2822919415
3434568509
6473420599
19087271001
12127353534
9092530570
20759716788
11568104177
3840930110
12809985887
13159659290
18370045757
2822180307
8559348565
11227355705
4303792977
9015304921
5294998032
2028244488
11072005181
11574463221
19614577104
14291824559
4777874498
6876438431
21797893651
10951937291
8992735325
15017084547
7848041637
21199500108
16959739741
14819526644
1291514807
15371600492
19014445077
11193814607
9228704051
16411232681
19096763482
2227810480
7977532355
5918765022
3686591464
6381503390
19902385208
10537654540
901101380
17143760013
10711589042
20201676926
9663344849
1400886434
7266570918
16895457935
13963794073
11608309767
7161423257
12274236741
20562733034
17704808219
13523454019
10442961212
15029674895
7048978110
19739075359
19567469805
20274731931
19549342848
11506061023
5561899893
9072761061
15982989107
4302618035
5613269958
8282498240
14259022457
5849317993
23556166187
122646232
13495446137
22307408146
11541656423
4539326815
14134424093
18422208449
6021309759
142010877
17908774882
21655996436
16297324100
13204170396
3513703329
13754763661
18742195787
22573111059
111342512
21248003481
16880750546
9517186758
15309391944
15981775259
2188608686
3328977287
4415784633
17607059107
791029073
7469506087
6335141454
20909545872
782936593
9782635459
6168112934
1491710923
16997803985
7860839327
12394989648
2824975832
15775918632
18768662385
10547053739
2561064619
18220336781
21325201152
22082775385
17877223432
19975408052
12622529456
2695877117
21639975213
507140965
16331302363
18794250573
10095286647
6304314924
11161392262
7115057342
16097702352
10272201264
10496269660
12290658587
4325719403
7567499469
3410690968
18366226411
9917884586
10241694121
7672346238
16936297927
14328484645
15403916567
3668833764
8914266379
5048253140
2292231325
8687090194
7120151710
11805465067
2306815471
3548450585
9103437230
8416396077
3751512728
4886815186
1649821368
2207962913
2596342836
8680361511
14542741063
1594473928
12812203340
20186536108
1890116805
19358866888
14052966913
15542939167
7050226461
18554214267
9462236778
9563941860
6231647427
7887618570
7455009515
1221642372
14227545462
15273816060
20935242715
19702517190
7279171443
886149229
371529636
19781026622
8406622322
8160229872
5558406903
3908298427
8732749776
14189627917
12017307744
2781690650
10213234749
12083595236
15919233909
21085638573
13695495058
6130689013
20119947145
7228447587
1872803402
8656173973
4431886042
16580184398
20096141569
19775180064
8951491936
592232081
3413450311
8475778382
3541575820
12469468739
13819150720
15414035801
9076298275
1188595804
2198272514
18583057548
9218940960
132786679
15970355571
9235700928
13185845095
13353744778
5747481294
20767152528
187258414
14022111913
1215376010
9296662215
3245718961
1505550891
6113184449
14877407376
15576083140
7550993310
5794116462
4547331933
2247236921
4370858350
960144383
11131760783
13427076376
7389181816
23207442146
9799232157
14575586413
16145897151
11407524283
9998349307
10639056791
3513280747
5703423375
9865315607
1805106843
5803454128
6567356470
9761885695
2828235743
10672843421
16061771974
18801060983
5455150700
8031999506
449759289
3474828914
4582763424
16765594877
12630283139
22134249647
11986375975
11502083141
6096509764
7531017245
6695109635
3546225179
188925021
7680797370
11798082680
5136501176
16017346210
3709124043
17110195324
13588403651
18840971503
1489899557
18131354662
11272333097
12444753639
22775466857
2612334297
17449854422
11237430599
18911672889
6682441000
21862028251
11755541989
2724323184
17093163792
6765096290
4115680661
2531802129
12189509678
18885687803
12892819217
23628394147
8803224920
13164670536
1332090876
19384641328
19667864099
11499027232
13535235538
17497904253
12111768829
9403069458
23781451083
6885888990
18854639330
21494308590
9536513271
18882736113
5954168156
9708993521
12417597409
9409478236
6509737050
15185115083
4348649772
8321667916
13457950179
15300090384
9007562343
17542923600
11544511635
19610346925
2225436370
18737357999
10295687646
17924616536
7279745926
6477173617
14260186439
13592617417
11345725033
8489845725
554076240
3432449395
17708216729
21811467917
9999880404
12836042876
10033622605
1926186764
958814028
17373758333
2742475530
5764133336
11442545062
17037862207
13694441064
14868752856
18738085942
2011924388
822258338
13440749180
2259710128
15825972796
21734452946
5398024042
20374795297
17465488970
22538265652
7310837053
17597925389
1596810156
7128089658
20933552873
2084863976
13150238318
3059522358
20852133353
5069980089
6510079919
2411092690
11529739232
21245444944
23967446421
1731840757
14020403237
9067310957
14152696764
2111106012
13026812640
1346121910
16263233070
8428114291
4599017920
453898497
11512168021
6951479029
19204959365
9671916084
16293723788
12980442454
14423892979
22273310699
17796180993
10342799171
2525574055
5229113378
10441756221
17232948535
16577336897
1136187174
1355686024
9844260153
3536700015
4393111346
10425519265
13659186781
12348079676
11429046997
1912729213
4814209670
4647034186
9881712178
20508613860
9272107526
14639218283
12283032143
19506087607
1843315674
1372738769
18489631421
3511119913
14399307157
5828442690
20795476209
3150050833
7793326188
4925564151
13902785283
17848187708
889314266
14618019851
8001259943
3831281701
16278300001
6262504188
580249942
12742206191
15891227723
21526162769
13182398986
16341499239
21707495690
7145313073
2291355716
10206983606
10266210867
8948083790
12663566673
7756223411
7044694935
16640365865
3584255973
4705644496
3547729054
16911980402
4449163312
24145983632
17548147220
12616200923
3439696904
2307295587
11996949210
11214992578
1188972176
3899038631
7178238668
11781923857
5003270344
14075509611
18823809027
17471767247
13605075951
13752150430
15730629392
1917602071
12307841964
3871172719
15021286085
1181424339
20628836855
2649905538
13647530852
4166589213
18035674902
17369963062
18322343716
559997484
9199666855
16463239186
18805846244
23251159689
19256382644
13532841317
1691548272
18188453202
11221386811
10785579459
20788857017
3541972178
8368501356
2243664003
6397403076
13264614423
8040709860
20627360396
5133630436
3803213656
20858878230
6749386913
2103491944
13622650313
18299548379
3235564839
10363957887
5311067306
22397201724
1333871900
10458641863
3301138931
8561530542
19153444554
7615730637
1859247293
3949766419
12968843735
13654735254
17944326881
8231029775
17411051267
6253920284
11353566763
18860902977
4497598497
19685487709
17708240096
1819342569
8785589712
18344592712
117624302
17325950147
9605632926
19565253458
11334505868
15814450113
15342706934
3955578584
15664282807
993373739
15109590042
17732250336
11447156953
15492216828
13138021440
14547135469
13094391540
18880190566
6945055467
20743429559
5001910292
3970252089
13065501968
15885599654
8284647679
6783256471
5890668124
21495677607
9532961685
23984807523
11260181781
16553330601
2394213454
5971254107
13730977161
2338660529
19686068914
8952799166
11217660321
82991208
19205601612
5302896579
19486310250
1949142757
360166624
9654815420
8784125246
5199768885
9170002455
16745818646
19164295737
547205633
1251708168
16594832352
19148669693
14018661771
12260759683
20363376968
13167193471
21879007630
706220485
9498297150
732662564
1811324871
4818935919
3702293520
12010851234
12707064595
7077680468
17570755897
12374350309
4541363006
7910515264
20236460851
3033736447
17598626940
3648086109
6424923289
8945805314
16988149064
7930352254
5933258442
7044119615
360159931
15652016255
11841007850
910085660
9437544910
6933133042
11113077825
4452130770
18440290233
18679840059
11591842141
7215904503
16649398726
19490455656
18091076772
13891027039
1810437337
9812377932
8143623672
3104133835
4995493126
17195327472
1763687542
6734628392
353684669
10423224854
13201780135
505053069
4474257553
5963377765
1140205908
838717169
19945292008
7398223316
1181366992
10977026470
2230195243
10623762797
2843186736
22002688378
6813232866
22191827945
3211965982
15461148436
12781249583
17110370793
17874448287
17941470875
19561439249
22106528806
21733534153
16323819980
2219726107
7665474612
12110189146
5072558306
1332228043
10963538209
100327323
3765812444
8588327448
21360197123
9602463403
7379396900
10886651956
7319558524
23596138137
11973167338
6921977682
11391786495
18552752515
2902012542
10474792737
13741853351
13349741051
9469932611
14844341063
15373238711
49507416
4681526832
19783453528
16159309787
10124023113
1161892681
797626116
4225563194
24292687265
9016758117
19437826355
6642614791
13039190988
14386992947
12383465732
4102788086
8146036196
3320124888
15871941859
11603280348
16736783106
18245628696
19362791565
3671180031
9047601168
573145266
2682644078
16144345556
8316593383
16802959715
1627968206
7991143417
1469992688
13035633124
8318495867
14673830147
13131662601
7802610011
16074561170
10520085905
17927699140
13497153874
15532211592
8715164771
21093190640
998614
5465558261
13513479449
7435432367
1126726732
9715638748
11764225728
8089188746
20677855850
22320355759
2072251655
18207765292
1670737593
1039714008
14738349742
14784862299
22333945584
19414439298
10258681066
16407733710
9443062388
10402717572
17606775217
5322971882
3950301964
21556251839
20350556703
17136581229
7668872842
6655861076
9832058802
5910898045
11810121414
3917335516
17330975381
2775375932
4130614638
15507655324
8322726481
874270753
10842522602
19616557463
23050263394
9541340702
5372035415
15334958101
21145222303
2691044789
22758529368
12131196934
16483346457
8746639189
11427775393
6146427483
9166345116
12480886736
12138810276
15656139258
17653044300
20379986788
15304982455
9014020134
4645871283
13782880584
11272018404
6910234150
4817333592
23163797483
12790849349
7760585883
2230267020
13075043754
20339185878
3116284993
5324493562
16687955794
12778948386
5659699446
11288968916
13538988745
2332754997
1400414230
19574452887
11632215078
7960003856
11750959097
5362743692
4474631094
20137146597
5233350066
5732851102
9974636677
13826517606
15478709098
19466120766
17507788938
12807198693
21889988691
15054796088
14761138613
7240431277
583587462
7542468943
12884699958
13090743944
16232424681
20574917427
1759985144
9949510074
8516084551
7432411849
7070927214
21269930231
10483269855
23561752507
1962808444
5146596696
2149922707
8581835408
9065073355
2454966995
15422554215
13876920611
12003354699
11785993136
17231979452
7921250968
3421747104
16150824274
10961985005
13789775101
12190148793
3914751775
7856858370
6079558102
9426234732
8022672567
22706247830
18040622845
23268783239
1668213770
12667327903
10971260780
19007431509
9917157791
13276467907
5624094478
6415207460
17320603391
17126567613
20686016374
15421568663
11555792425
4710204430
1730926747
20477165176
13972097518
4049588854
16653149615
13461782827
17659553205
16948634565
2321925753
3041715955
10060195797
6682118384
15580265378
12735973203
13684033644
9860462236
8850298951
5963259787
16837879286
15805084397
11900005467
5236163375
7481003529
2295591954
19725719107
3587380208
9342059155
8509068439
5227690867
15958321688
12370396947
2635657258
4351823815
17465012244
1709828291
9174126978
15928299969
18151783624
5057292640
7385148572
10553069469
6205477927
9386478351
17951282762
4383775628
2873558157
17486695707
6482862531
15508314448
16148946476
2318699867
4813906837
23420187351
16587405176
6228519108
5405105614
5173519766
7257214929
5618534172
8005149006
10764259102
13303209644
19529810814
13631021992
14760092424
13957947628
7974039314
256307351
4157270854
3750602471
4453782884
11114206805
2066269621
16625114020
6843591006
2199322382
1900972037
2040666155
15527655285
20495321926
10756131206
379327722
931155629
8577115685
12349260689
12247782784
14338687501
8700500395
1971448016
9139065099
15561692350
3159968201
5489393081
10972954919
5225726807
4533097756
7198457997
6474907374
13182971688
18861868520
1610322845
14064396933
16953310934
7446365198
11373644350
12721819246
18152389976
4429469320
14862691939
7465605411
14613177976
8712927202
3001381866
1719186338
2298177297
3583492960
12614476473
4373246537
11314817664
12492154219
22956507866
13541874749
10974820943
16201039562
22793651364
16983673026
1091978483
19742591897
4963183292
13216776381
20829286731
1552184569
4827173474
12880444098
6487507689
2057134085
18005598116
10883836265
17804244920
9918428423
8521948681
16494102899
7716569979
14596715337
5537067154
20908186925
11635970716
10876952763
11123871128
21265147924
4315861495
15583934589
2625330823
4760777822
9963026867
16234163332
23175859324
16915913453
7640931409
8793552756
1890965600
22209807407
11178485320
20919931719
20853198248
13032816898
7283044856
11532962886
14856404655
24646326658
1000234763
10824435760
2609305473
2607371215
3083950508
15969100408
11760528231
16164910102
587724117
12847561475
12765158218
1857879717
10933651771
22062685550
7800129830
16013987352
3484354684
4627502988
20999842164
5096435449
13451940820
8982735455
19555085948
9216252141
21548593658
1847618624
2937812268
4142573391
5874099726
20149812752
20735192077
2033812526
17947096332
21215873661
14605497802
12151445639
16022229748
12799355931
18667682496
11818581069
18638737450
9583943497
19642125710
12349754371
21683406430
8711942754
3817508443
11674921329
14153615884
11365557623
13535515273
9083256912
2953366128
18432752032
21641680500
10192631167
16186290163
12502847191
24073465308
13789228303
22994328733
4158213761
10486739670
7857822460
14253542257
8029221343
2010547036
4561773234
460193090
7038332908
20134024207
7044903911
4866496437
10209603682
13871762592
5488071144
9892465955
5743617508
16985763558
20125195605
21976063157
12466861532
11839842255
11901848921
17424954715
8744786263
15297034129
1011931756
21384171272
4277935330
6717771479
4210087190
19573795372
14337923282
9186966831
1398724299
13088169701
14295622653
14143616189
7483839644
16447349828
11501828820
6388432410
3249710996
2143402429
13542751388
4519883331
3264464214
130897177
22206948606
7476810226
16430963831
2592408037
5498062129
20407833555
9168152696
11398978423
14468595761
13361240009
5531597788
8346422894
14250674359
9703089289
18352376295
1285180693
4691721000
15735761368
4880234504
6385223367
1523074547
11982855495
8576230202
3273130650
21764913567
6436548021
12137373675
17572635332
5808760713
2589648333
6602968328
5424659269
7978043743
17725780090
10769801942
12286883154
17435789148
19068178141
14992682247
16312354981
625132910
6061035882
14306863209
5139959652
7265439449
4925978449
10435426094
6262504188
14010550933
7603719833
11030218642
19716127855
7385181039
18198548526
1722744086
14284528404
13511230903
10271290247
21729860078
6014198150
7196785322
3003557980
10600355304
9178042188
18651891177
1072996604
5847631884
272575121
14261619825
16142106897
22345966195
16080126461
3603816377
21134085389
18122138083
3854146848
23001705675
20799524550
10263650252
10593527543
7534684356
9921695351
16399544222
20924144577
6837773450
12786395208
14721638962
2596916982
20274167362
2903208681
17786997320
21858409776
18297054004
18349826948
9563941860
19011553820
22426387795
12579558825
7104694744
231885847
9778926434
18498102515
19831805066
15705524428
10058851124
7798367815
3122122641
4722951209
5383942313
16993594600
17951402308
14487424651
17809849361
9014858024
8004873906
4213637857
18597070213
4160255459
151834067
12615132226
8174484662
1997532929
4658283899
13482745036
11475658391
7204279031
21078653377
12313774765
5927977958
20961344856
17596419362
11136051286
4024709288
16138523127
9929498378
3203131885
9603889970
2614233977
14262221861
7194017405
10128438888
14465070113
16256435789
21779298594
10631071438
8526012575
7933167015
14596715337
16032114615
8525302218
19092812592
21930973570
16644339987
4077866522
1377257604
19932758507
5944246698
13721967313
11456293757
21782146624
4259649097
1672428069
12177661741
19882615756
2457606963
2229798369
11401740062
11469010232
3839815261
5806861824
9017989191
3019343400
13375110856
17075828180
7587288469
634825969
11959859477
13043424494
3342650333
4617929397
10910456856
4670993407
17790563040
560578171
20862888837
18774742024
18424103752
10313611359
21082969343
19824543614
13715187073
7563129119
6823463686
19688844654
1645265719
5530357979
19699559797
10439123109
6806632653
4845977450
6811594284
6079988489
18123976083
9421600310
2395259980
1899797670
20004484916
4334007758
10459488580
2710177719
8501090762
23155999965
21038562019
2330426153
3947275164
9155114856
22737617716
1809743832
4413895855
1321857147
15957700225
8186912040
7137849723
9641720418
23712738550
6395445632
19289211411
10096107491
17786997320
9783078537
18034082674
9918224853
12305237145
7377513129
13217216720
4181691896
20729665290
5377742819
2877909151
24025799012
8143623672
15116339995
20442115205
8335066923
13503666103
1122572428
16851810252
11441639085
1071346635
12196282125
459514122
9771974772
23966260643
10878248666
14437766859
10270410409
123354893
685019938
2775494304
513382689
10475592371
11772627541
7017880110
20719271260
10003467993
15241778454
3924038098
8541402514
22003543814
16011861423
11183458713
19653637711
17414256776
9210434941
6487200632
2027655542
4257321083
8583481975
4939653274
5497719780
9140072205
20135021979
8966687392
16896632888
13352724949
3835677723
4827173474
4580931857
3708120660
15595318138
10716702451
1621520918
5377440235
15253605644
12534165211
15340774804
6348299753
18150195076
19646218779
21811559618
8241252784
9745165281
11076293431
4797554423
11354929345
15359097842
16862441942
8547932733
12976889701
8066785784
13957779274
20458571084
9183775697
2924417824
14998091373
7457029090
2819738007
1701729076
9555799984
12818461962
7836334778
9334274456
5232590009
9664417675
14811334853
10579161836
13318911846
18514131904
7975779370
12812104570
13022313753
23753224636
21897659023
18497432471
19070391919
9942905605
11670986356
1275380753
13120705285
15311127075
14643185126
12195515948
17982510206
21011241669
14999798808
843315031
2994153611
17375433658
6568367278
20371228419
7065670563
10434660967
20143978709
2451717656
17107197334
13700147752
21279048692
2527597741
9009844871
5120407503
20677048699
16506680891
11813590146
2293446014
20491280239
9935990839
2958931411
8412981337
2566025209
3341143848
17693455299
11926803960
4990885907
6934054406
9474399927
10667493975
19036460887
15555814909
11378026725
14703698286
7208206662
7481723097
4762561172
5566544134
3089826565
13518466027
19709289369
2977597161
15108977246
874269703
4889331320
15648369864
13439332994
10348996031
560188731
10278935229
19154696899
1032345842
9673497601
19660506890
9057838850
17597436233
14744126275
3557697387
3909410409
8021576871
19167914163
16757958067
384700384
1857235405
18689981254
9112479173
17411055890
23090709541
17870053819
6293205300
2493690077
5018553033
5893042305
17347106845
12305086637
1103192682
19465498538
9644447077
930738189
16040840766
4117316183
20728795162
4580355389
17371525451
11073667499
17361838103
23086396204
6118768914
3506690761
2646533536
18564730357
1366641956
4763135907
1990897433
16004515030
3483615900
12961475604
1660436102
13230074986
10790937259
7720705645
17783411301
6558120573
5492395806
10782042445
16337250277
2525845661
6232987863
4760706985
6275772002
9833957774
10754570034
7230892577
16386216812
529454242
21558996042
3062279715
1577570358
18091825565
11012594379
12375363377
12055044129
14801253098
12661306901
278313920
17817134649
18911672889
13450175002
9971425419
17289833934
5941524431
2878510685
22868328122
8458271944
8403553457
22634233007
11485175817
9182786787
7591485160
16146537287
5837117079
20989503969
14450691398
3136556710
8743664324
9638750312
6290288532
1718370567
12810277382
887232311
11297115886
3833063884
11213935290
1119602348
3986793058
13850771695
16995375276
4260371810
17201109082
7463793252
2197481063
16679562494
2468193202
5279267091
16731673074
1616741632
23031263644
703938396
16217001408
14091209457
21665408030
17654426006
13484111599
18176507167
5903216753
6392467071
19114798110
7409726921
11717010763
18636307462
10636024664
8387607747
4543520020
18987699829
14898206581
23738464971
1557687805
11848744961
6811594284
3900646475
9701100870
3529296027
8372243558
939042679
8600777530
22696275553
13774318760
15213697440
8018758997
15664323763
5329238321
18955626720
18023468041
15646528596
3601979959
9673618754
12024502209
5988048054
10788249833
1090488895
3662836787
4629941065
2898333091
9603955273
5336778478
19515191792
5848274038
12018705310
3214711017
8713561796
18566453212
8925950058
8875856056
20209275853
19754716091
4932400041
18173795874
22101169016
24275587008
12393162842
13230988393
6815869554
2083771173
12811104389
18366055279
6579591909
2910469462
5048967612
23998574776
2213770091
2583277067
18889690134
18240942588
17691410596
1859168870
8318794812
10185400032
20414500268
20718782044
17728624250
3125307010
11829059458
15995803146
9566183630
10592586330
13567487233
8467481630
4454461120
1291187536
6297613830
20943954625
7818601686
21543547960
2613715889
18574480369
23187340473
18874987738
2622938258
8766053674
2975251167
12400360926
8927674820
14506298985
20848581849
9671317102
2166217536
23527072527
5826603373
14144963218
1724584573
4870688361
22683683063
364504179
10342938458
6426657269
11644344150
6072954747
2526055902
7815026699
6767206905
2659000176
6306280406
9998630266
8124589306
5281618044
9363972065
23177265808
9095051249
11425498298
13599873578
18653481432
2513913782
7550283624
7172176723
127925098
3716985945
14212136022
8990418284
7522399506
10220358148
8358748242
5670792464
20399686109
15952856773
11499712944
20196344067
5485680878
20994946282
7675523470
19393539683
13529691905
1215032670
14346502814
8337098539
11467215326
5703802418
12257107765
9057851394
2586843248
4105970370
13387728179
21466349935
17070818424
12881325907
6656098699
19012339273
12990264366
507340954
20078977020
11810839590
4398794064
13049610135
15575783092
3804348737
1580144607
6172058750
1743709301
15188876116
14099231317
6476473099
15407078620
3849154836
8094733265
13218588401
7382961624
13782201955
1352542677
7666628176
13964380202
11446677571
13845175552
4248061787
12190172025
17367005977
15418688380
4114240753
9712909309
12456109620
9678875614
21918457785
1891547799
2811722047
8765998447
20131442572
7994828627
3844742502
15301594583
7320825251
10452807588
9737125658
14048351537
12806828237
15423160734
17945689043
12172009101
7711712998
10456900837
13673276133
4745583131
14106784572
11782252957
24832650085
13210566454
10500923206
15996482267
3540986815
22340114548
4085065868
23370806914
9715266947
4236354992
11609239277
6500630291
1728794983
11122881847
438772144
13076932559
7476717212
9303489311
20697142387
12025736084
21623784128
10666080350
8103106593
16985971918
15041196804
1747109110
7044266427
9617492728
2561400009
9039835838
15882799922
6832653725
960251330
225389665
22707312732
21581695668
7201271929
3831543490
3424540560
21829037635
5362388625
4850232419
12897644106
6074997388
14089601263
22210327974
10010621322
5080788002
2505208335
16039998282
939023763
16789143987
18873139991
1167657014
7034721096
19718221326
8911651688
13079700187
16462573970
7748362973
21387162381
8624314769
9901320108
4235810539
10813973558
9693764908
8512485559
3164265814
6325418421
1401189637
6495365206
16042694929
12721219995
6927620873
13696936984
300746119
8168122091
11680968673
20728948915
22038311929
6000214601
21015432160
21412182250
10474835689
14172357924
9290883516
18985995762
17971889069
20108524496
4250201839
13602163523
3242586279
9347065315
12134636951
12127333876
9317119788
18308645394
2476010788
19278615228
10199152068
18968312757
14782543019
8271745769
4213548957
12316313455
1405400900
11081064095
13453352427
5835462320
3648633949
5585755788
4590639543
10480138008
2905639285
6288003103
20968231914
16972153144
18349554872
12932501255
6637010645
15627987399
6688776485
1610483088
6813974011
12459122059
2331743868
22015092165
5271936636
10711701605
12295180402
1703981887
13973910453
4123761733
13721676387
6447816112
7045571072
4694937021
18743856156
13707282098
8214593113
15214239704
13647732636
909676638
12426524654
13663340749
11003262625
21380156223
4009479962
9764287415
20380407374
23840690155
11580153186
11642520108
10075053374
182119159
7942665264
9747624984
19699302330
15600506952
4652380943
13839388963
11571631819
15715048281
12445360116
14589561211
17354934730
17240609573
16841935210
3483615900
16576365660
4505429004
1556944877
20279367159
214467232
15179306892
3207575533
11958686126
13649231196
9443946674
9265518395
21845258125
19849245561
2031880085
16992638544
4026798796
13812731092
960278303
3481161664
7301243009
7516057770
5761649035
7672885093
20354673622
9036182814
22699683637
123354893
18418108270
13843804221
10837472936
14947036361
422180927
49289034
1306209477
16258892965
19873463755
16380876214
19224700318
21939072769
13825124086
19294141877
20743166081
20049538871
8334100806
19512400781
14000396389
16382127484
13472618532
6186069109
20531096403
1354846673
6293635397
2317495187
7050915251
19392564095
14998362879
10804722655
18650167508
1538231791
22450968073
20290513009
13214314509
18855427822
12564193198
10288255311
13057590287
11064105819
11799043178
11824740912
4396770624
3165202451
3744596951
19077044190
6860027663
4677691269
7363504461
7730844738
22912031968
3203897947
2208122042
703057843
14032449535
16498844219
12365029242
3917329801
2682023038
7809383419
11833381000
8725982897
19599065299
5183880928
13356740452
13267416433
2944284104
2162176575
13269978006
7579395361
594206374
12532228990
15000134687
12856039714
22843708204
560810999
2710506454
706189031
8079626840
10971880914
23307508770
5307228820
3059611897
8902186644
4132251656
14316545182
9419097759
16931105213
7187982559
8372522053
14224111928
4815742119
15574946785
10219241506
6244828374
13199994837
18695405376
18378235404
21184756572
2538180504
4529854184
21142797518
8579255954
2694117278
3586120585
16391221494
16012010865
18959080716
13945979204
5264872310
7257410340
8074556081
7132295309
19066228597
13325285761
10424577657
2655787667
10396892101
14571706054
15141337147
2548042612
6264216112
11186627479
21470102262
2526177656
13370057115
14058825283
4680876407
20925976641
12326617885
7711480824
7392606287
3271561884
7015194573
16936452991
21224698776
3086595290
18997711647
13083226958
11984642738
5808345699
4024932107
3713021194
11701972506
16761220835
1715041861
430714893
5415422120
9129701560
17435789148
9787541370
10453539328
8230472561
24274050101
2646770552
23143596027
8528115958
24690626642
23808101806
3521588887
15312335694
4260968514
5236063703
7335700665
15098213620
24111252641
19783302241
2283280497
1734568104
5922167229
4904997178
4519333693
17040806294
23076062895
4956037954
8584319373
23579684642
16148383672
7306910835
6359571610
5588574842
20126681753
10106841376
7720561352
13219346589
9067914796
6087127317
20773739160
19760308328
21164181563
5494150353
24374932228
20577719373
9598377769
9912115757
452708778
17267463730
15994262444
21132679027
10259038020
14784862299
14103592451
9134744197
12442733052
15557965316
3898759166
21692173367
20265269177
14948986421
4845705174
8369086491
8332573114
15983299313
16576708842
10508196509
20309770281
1608832558
7153759700
11300766274
5515087451
111060697
16896594513
11150198966
11280045274
6931961832
20782446703
8513593103
9465762095
3885829058
3697915411
12103740993
177031893
7099619046
3218306208
19423597607
8408292331
9083265940
10487931947
9048105644
18178518636
8743884469
3607587225
9219762375
11439366750
8807295221
10989447180
19188934806
14605679738
1621855274
7630492808
19708805419
1255572809
18982770652
7418306543
14599842701
21484830957
15745005992
10090730049
13024877329
2534722488
16046890406
864878660
2087419125
10179742134
11566883648
403399118
3744689726
11205278279
22072051309
13360821212
6107272118
8852491637
6455667810
6971889216
5965740866
12408861162
15407310095
18604021263
6486580816
11540243941
16088188133
16498904725
14089321185
13227339876
11865228551
595171929
13473571365
4686144223
11931237657
3170035258
17369832225
1741400716
14253198856
18608998744
11954232312
19788433473
18231125607
10523618186
1582080847
19043242556
17967858944
12554503142
6765893587
4531336185
1553976872
15252097711
12125838221
18257611099
7672863352
18947649416
9918834716
11072581243
16510149334
12017725290
14332240758
2106848321
14751759006
19021662145
2639405585
12099685634
1984060590
18106549838
20324925437
22284095445
10092716752
13441161378
8872716230
8914806465
7952529141
10916790416
7013307723
24088059603
11131262839
1633162909
4069408611
2045980313
14052321840
19350936599
8350865701
14746159802
8730290928
6310087957
12454211377
6866156504
10680035302
7076437109
3170035147
7149472308
14576493153
8019622530
10778667589
22635910719
15476800833
10281757936
10094838254
15693649109
17810707471
7429290983
11913802378
205381523
2257033808
11315990364
12913096224
13083044213
19829611571
4892012123
3129475034
19414547557
11456293757
7808927014
281351441
6152657370
706073819
4067568849
1191922270
13791819391
2683747449
23909081016
4046141700
19093664138
9065813313
15648053848
3021215280
15906515919
2942131413
7237587831
15734346182
11392022597
3411495013
3220157589
13014624472
9717217910
13302613534
14039460351
13767801606
17300458560
10271500348
1436690443
9072150957
8538630068
9469340634
10215244264
4243775148
5531065507
2069891971
21892190358
2869069427
3326687374
16266161799
13202394231
5169837894
8992996319
8895004145
5470082608
15642155635
3869266457
7196863363
843847332
9028890838
20461108599
11737325019
11533586893
12178114387
6362614980
6273627834
13882405317
857250801
13885002197
4146294989
6970941699
5877144350
21554794447
13843200839
3003826572
20230821189
5045339587
9485524762
5700279346
20383259406
6719521059
4627181249
2443152125
12592277265
4405432033
179218202
5723432564
16487109036
10994761599
8658481399
17215392179
1580771880
7129542936
12452158145
21274257721
8055634762
10215575679
13766319352
18813429030
12401904204
22009307225
9572106641
8861546855
9553319399
18685452919
10107852885
11021131946
3306945165
2314518731
23104050116
4026238921
151787867
19916942360
25034621498
17975313199
3317735714
6483298920
21075235122
6728564841
315564912
5071580661
12781235701
13152675694
17539387171
9193067333
4843758217
5598044973
14898124385
4124490511
5234168553
5788207357
11745859783
2211130934
3367984900
7303755496
9512361860
12190673298
601207620
426241720
7493023495
17192500783
12530288757
12445489388
4351297625
15048350620
2150280280
23605740270
6726218882
7134875222
16658061633
2112876629
13253246597
3831545219
20666059668
24745397506
6188199825
20735096592
574898627
12195543731
4741001972
5704133269
11812835957
5814518821
19946699179
15437727955
21025599062
5003777952
2616333812
14448409977
13923269544
19169405681
9564076890
5571408813
3259686620
12064932432
1266806027
13058535085
16807951463
19532853776
4377504704
6115723223
7074668893
10868669531
7174659911
22752730749
2116077449
13382675017
4867782637
13685671761
12750593083
6703581825
12824240037
613224972
15936439839
1559757519
843648730
15974095782
11907834691
4909511200
1275822439
12225386939
14284679764
17961362626
17677425805
4849453944
5846583809
19782984698
8138399995
12881452591
19159334036
5635423034
21853921993
21588639149
398840995
6847910347
8461899148
4311580938
14932607646
20083773737
12804047874
12768578587
5235347426
278611265
4433601254
15594859378
15773884072
7996798621
3142327924
608079417
16832606865
5361857243
14664156202
2774988108
1871902036
16913269287
3561069415
23304728961
11116208489
7180841489
7276832571
4210393295
16655461710
4246820174
12058911824
6229489639
5056993738
5806067507
8661812272
14189720932
5816117927
11577865817
8170167567
654840815
5067778993
2814451995
13875628297
8904354313
16712057921
13807488512
10272256690
20198931328
9697618412
5673587027
8340289713
10212659619
11004984549
8122168645
21428059769
12963773783
14325770680
13997868563
22287696810
12702993880
13408271884
8819647151
19499107812
11041366091
809078085
12657609598
1835603599
19566956061
12751573196
5167221750
1582392688
963736382
4846320450
12627296660
2322903755
2170651524
4975977579
2531938791
8452720697
4906081144
5145975442
22991711284
1200308178
2287183540
23358778943
19373490954
3320124888
23423879986
5433183009
19226734686
8154288620
9599203487
16207264232
4787352103
9832760314
4424709495
8623147115
443434525
19751143834
7222720608
14483209570
3647603205
23087929957
23056191359
11607332739
14142920476
805432729
21150206328
9666228709
3745834568
6238290565
13883068449
24292687265
2420614403
20057170856
23404549899
16370611910
14887023665
19171027232
4480134785
17091355698
9747466935
2891054356
10395306972
621584691
4889781869
22144100116
5301810155
3341680749
23924643693
17711630678
4845723845
1308487338
8743294631
17218158828
6574612053
15576877134
5582396346
10336713436
58802648
14961753597
6626530386
2306151332
13155064008
2929162258
14467534172
1423423058
12534528780
4031282104
13507221262
21436643130
13905223936
13523483988
12720969826
6210728211
14053371833
25080770644
2442103425
20513759504
13780651916
7295506730
6558135136
16541419702
11183169550
15108102777
910834769
16363067779
2270304746
19453632976
3858453483
12124828375
10072725961
18677236779
8786873440
5023867771
15675518414
8984847552
6958459195
2845270601
15249272158
21054637372
2948941593
8183214825
14258079590
10178411789
13272007033
12148907536
323479036
8354538907
742017254
2428959175
19308055324
9120834936
4115552744
8470907035
2526001430
3675144289
16933941970
16054992180
4320398100
512918107
6185528176
3951241585
15733851581
10555796065
15947639129
17137283523
6684279669
5686080234
3613905477
3252292886
5569616517
15350859208
23013998896
16092418414
13098347604
7609126775
7984549048
797851753
8410959839
17756044873
3053546493
12190315394
1055540633
19330678085
12221292102
7505034862
20313644804
14112558267
7777960863
23427916340
4955652824
7931813830
22457221946
874270753
17977429731
9608091812
11920567468
24092852665
3851738216
5257810405
14534628942
16035571667
15665553344
22891001102
7256489731
13557590145
11684194848
13894472485
13830318062
2287938846
763925978
14736057242
7204342069
14962336611
15086725084
12988440831
4163333554
686134179
24897169971
11870708546
2273149353
21428697968
3974166115
8761887495
8574851035
5749849424
15101387917
8055233036
20605907357
4760622953
14423766727
4400193542
19289988884
10454474926
1798670339
926475123
15902799257
453127380
20396090004
9620443962
22634747546
21077901301
19032987786
8285692586
3870004394
23698026577
7330379140
17355161226
2568378500
7912594852
5095160668
18767047380
8572984791
4093479488
11137551812
13245625122
4872190741
18707405263
14325972053
7827246890
5929370716
22026251802
17660694836
6487079783
11534340805
1777126548
3307918378
17156361053
5533657254
2178989753
15643784244
10353932594
18627845732
15098675984
7498019700
11794905619
22938883632
21471278231
6893779895
11958374448
8768290592
16974575203
7556595242
20532474576
16696490018
86721060
8486345732
23903996177
5082278506
15140074302
18043308162
18100655199
11148255577
16017441321
20849572943
10870367885
10657087922
4828422876
12335170105
10182173068
7913678668
20441459807
14392534502
4261316790
9328674075
17622724066
3506281119
21550729773
17798069761
9917238177
2372997958
8194424823
8183622373
6624809888
2782280650
11867118186
6323873963
8971941712
5294998032
7890574180
13517949397
9446702863
27609273
17485815056
6538123581
15969941336
2256754516
12914859734
18001861302
21033753191
19243587438
10941749979
1413364398
5884648949
17678773769
6716430732
7511517720
23756562096
19917296019
6657836308
8600938990
11454178542
16791268016
10592078654
3589513274
12427337211
7676057984
13246243995
2055013370
22236082380
359449119
3644913594
10865341745
1332228043
11904160487
5522622075
3605074238
13022730579
21219798780
17812069313
6119680738
11443340933
20718442376
16892028467
238926289
21858141377
7381224866
6614758930
12993035325
3046983094
13406445627
22916070440
3806907180
10401057236
12730929759
21044227581
2843375347
19584033036
1726701392
10573642184
8531081007
17503894086
18635563534
4510866774
6883460696
8377940915
17639861082
4913804425
8802620542
7196782802
15202454499
9379330043
18550137422
16489445943
16773271281
13094566175
14666798034
3771212436
12257317635
10729098807
5382849691
6577778267
16186410347
17760278300
18040729192
2063370853
12525508615
10561550880
3261468321
3318328730
7376278369
24264093371
21160405955
17468734187
1598544855
15848241701
3260264482
656798089
7969606946
3264946571
7747860524
11469010232
1335873593
4228264732
6419911295
14696888526
2493206520
15586141093
4870251905
16037734679
2987008739
18808349762
8317923734
20179347052
2136923866
22005985909
4461327134
12423008518
20118972577
14063501838
460837412
17286247198
2018021291
2859701477
8289798381
6603460734
4919125448
7690762824
10074996676
12263612135
3612757631
2866700864
8180795443
1581963747
17064489612
16288727459
8224384341
17437455662
3852321715
15112532101
1611624330
10022238071
19182244351
11022026463
5665722588
7024519861
4143561750
9625665830
23035760325
16256798133
13258060509
15097212160
3018274245
5948886647
7656002961
7513628768
3235767738
6241932985
10664179643
1462695094
4880100938
7667201575
14690180495
17577718230
15853596079
17097058784
17787223880
2628554411
7182508506
10600975052
10367368387
14356127600
14020587281
23910932558
9167535043
5351551778
8133039768
17317499045
9059494794
9448058257
11044633367
14954058917
19273755803
8223944203
8970741528
3687601693
12606000348
1156168529
23730721038
15604775576
367753145
22334646518
16731763931
23479102484
14895788111
8887947054
10645602021
17380168088
747149278
9136125362
20072998212
1187398624
19491915677
10473129840
16608957211
7726696412
18129451230
8927453266
8888760037
14079817663
13494514965
19135099820
16700563429
556892567
4045864251
123354893
956457374
21941613387
10933998284
7348114057
10625106482
6364680102
4416526411
5865397666
2280620533
7928944773
12277948073
23092825642
21972911012
10058998605
10402717572
4052879055
7023422449
2685729668
21736952898
18801177294
14966540261
3874570435
15908957090
7234040631
9040880406
15093040999
17376538062
15067635272
22513686347
15919367338
9334816429
710463059
1836196104
9679030578
6871417614
4179645659
3587470200
12558892548
19128032088
18354824089
17923615879
8820469757
197159289
13857624100
12246958304
17330194934
13223140347
8749686223
10310217734
12487170346
9876547417
1598965925
417795655
10975657002
13311170700
11260074801
9999880404
19061393616
16972191213
16123182628
18137860660
7300607457
17484791331
12633415608
838225676
15959445766
19244613779
9908070594
16147209736
13478319024
13379240960
11685620066
15984932979
6690409792
13411039665
3628348849
21992883237
272787094
11559360250
12881883777
8493247676
10068291830
11780109495
22149528157
9195512462
9090615177
1117603917
18224822716
5466510523
11822783127
4405912537
12515342657
4279232245
9110509392
2688430918
7857192405
4076316758
18386145040
15856174291
4217021869
3302928121
24519875536
15512155952
12911813030
11994384298
4795927464
361713529
13049833751
4675108598
21480397130
11201247020
9433808911
21255131262
21836306802
6219311918
1499606353
21948425750
17929727871
4051050212
5054049948
7400677982
8600190271
6607348870
5810455522
14780144208
24712167043
4447554218
8883313825
20897494592
15517402040
1652282184
3430068185
10951835551
15078705568
4950540389
9346532899
10621276949
16124069606
23290689086
8022404804
13808415601
12688239880
9225957583
13542277206
10517378261
12784323158
15901997567
7206507313
2879819248
3795416790
871366629
1478037262
5825575844
23015771473
7360050702
13942788654
14750440245
14248654409
2547192018
7227819478
1478605960
15303010145
17585064369
11957989079
17234399477
7672705896
12002151222
17336817138
5664421631
516653058
14062094476
3981391903
6126496720
16766614368
5026532030
7072345988
871202408
16115816188
21025940877
18642746881
9641686599
20384243775
13173847115
10484043231
89105296
11393372151
22274735631
16256452206
21170950430
16129575969
11960047501
16715930918
6801219723
11184562018
2475260000
18196725589
22177989650
20034599954
5604361075
3601961056
4676541749
41404556
4787732609
9505403292
13609375450
2016288328
18038019812
9600498178
18411594943
16339445277
6617340687
19140127853
12624691340
11953296336
16711184626
599892117
227602235
12624356913
6653179087
1708193969
2534207720
7106222461
18422208449
6597943867
5563619841
8925745285
3535482686
21709505359
2763885734
7785428636
19308751640
18947414907
15635681527
18620215769
9405481578
17981046191
5603458585
20735060636
2125030423
5116375391
17398999019
6971817803
12726329657
5414331135
1247226026
5244542814
17224192912
600373070
1860088795
12355999719
15427455625
6565530964
18057313351
6333725042
14906427200
23680491092
425981437
21101559466
6930568273
22277562304
15815860989
21212111880
1518707987
19021806182
10049720420
17900283270
20843971533
23127267401
7040779316
4847367027
10236111272
670737539
12578647022
3136070474
1535632060
58616731
6092345871
2478439196
11098504892
23956371771
2694109274
1535608737
9091445186
16482373035
15377767349
8853733374
17229414821
23316970911
21714809713
16046789712
7980343270
2396795402
8794128356
17518179455
11116752500
17612307497
9164068946
3304549826
23259570971
6037203204
7324284459
19774684845
13222345052
17401275347
654724446
8107477207
6922304323
18595636171
8753430361
14320301941
22696055639
14934843105
20856701062
6338795026
9154912075
8954208319
7929209193
9075890595
14858173976
5180162241
13957890032
14762239864
13626569392
16247703979
18220270016
5121437211
19837638625
3614904182
7999912512
1534219322
18094270179
12308605821
18880190566
22994740807
23537861537
22534183190
22242042591
18606726203
23285861975
20010666225
11825142483
7381842276
12789966080
12322190699
681578844
8032453137
17607400414
7581864215
11010097872
2436133036
5029014522
15625138537
18255989415
10773919476
11535213022
185104022
1950063750
2474333571
12311928343
13809149647
9713175941
14872511849
10032991676
13554169636
1551930146
2804195233
10312264981
2363921213
7291116016
7219304694
5569183848
14933758098
17401166587
669632165
8213132927
22462414422
15366198340
12107112724
7507370902
13145707334
23227882143
4182476902
1295762472
5024773693
15270332688
3949126600
7975926358
20178670747
3831537291
12254474633
5842109265
21765820235
10261649894
18054918505
7974039314
15040155026
2526492741
1872900967
19938869923
4265934826
10488116808
496691308
5365752036
6298531417
15582196259
18558946913
334739261
15777834137
1969155813
3061039653
430351242
14324387742
22276997539
4240975924
16643194320
12460510225
9834082521
15925776955
164160896
8952326411
17944597064
11971672852
3880161734
14079957509
5183880928
2918445837
16300862452
3415501552
10578448656
160927771
22467765208
22512957794
1182424866
14311638258
15059605556
19339619918
21907543268
7741340002
15121715430
14703343428
9202392024
17994915845
17873910068
12992875856
3412454775
3778583370
3841460548
15026284371
17026610503
17352775635
6566256505
8900116423
13535506578
9823556995
2149312290
19445034665
21128735572
8787078069
17824561960
24003231676
15469904971
3547476525
20774434
2917656114
5069517393
21831560459
24532675480
12003540009
10959180090
9592561831
10508890525
14471796116
3687633620
18092985956
12831459828
1003366842
22720057511
238137352
11761416243
14806983376
14344632923
5993031710
11111838953
14982166713
4144988394
20593806751
14593643396
11428348947
16131604082
16347734119
19530063438
1859229513
3290992559
23454931574
24339691712
15804815207
20303191517
9095045103
18278620340
8174656730
2886127297
17550449983
6393575054
12703352823
18812700614
9795295467
18810820840
14154178362
1521072518
12465471114
8319058507
5526780369
10130471040
8250542481
4487866765
19656161651
22299402827
10925057459
11717433771
9706632325
7398168435
14932977826
12142169691
22117927325
14279397839
22001065566
8136935696
1555426919
284759161
8402466543
18938583248
19668117731
4541670922
23681942001
827951496
20910431186
5226228294
6205477927
7173316628
11687976288
6787785184
19481527507
16688455339
4382014817
16695307974
7421797440
11761305093
12521198067
6639591783
6067711523
6467670058
15542766455
6924122071
4457894690
6175395879
9947455621
1991420251
10596263278
15434602731
3252473835
16738633805
22077687320
19866516850
16387276858
8291231058
8414919891
11763897023
11596856580
3280236030
2211418655
8015539890
13654659056
7065672610
7498438694
9035954361
9199004245
1449184127
5466290834
19156252729
12641046556
14676039852
19163773035
16347819144
1400234007
5265710994
18505518091
19648034623
447986515
21616575566
2844898988
7744580666
24265141581
2149234075
14601636006
2218032736
23128479190
15335565367
12523359063
6615907682
14052475531
16457478160
7302689927
21720014695
4341424265
10772736973
1818201833
23350686364
12602016961
11810279935
18272592339
8783896833
8159827620
11545760239
14495619972
18528324460
2043815767
465924167
1669409442
3265699561
17866589466
4178961951
4403664309
8265900647
11875729075
4433830117
17037616864
6139765982
15931257170
7132866162
2502043409
9214620125
3326869699
22139140690
5839699135
8710149346
1671938743
11681236424
22571132521
4733679954
1134343126
8586501087
3767637557
18846903013
8995406240
5330237096
9162652618
16582146314
3719380845
14956396389
13858427259
10028323918
18925556934
9065107896
20366541812
7486177825
3306945557
19392564095
6018741085
6025804543
5033198656
19731823444
3233342859
4611442126
3629064136
14624235985
20827118810
21500925372
458479265
17711630678
16031719662
18861723180
12736202081
6437134939
1962808444
6929645649
552865942
16991832545
24548486084
17646926423
4644617596
10638852885
6666734376
12918086447
9913075764
13128700345
7923534481
19463898710
24418515271
6444068844
13086576232
846497676
1646709204
12780391569
6665280724
1753558810
5463989414
4846219618
4816461724
22402597903
8280867197
6488080923
13624606155
2314331326
5472895944
13852470128
21932817220
4623003531
7999048056
19704439853
8038374521
4422943967
23405764896
7753686007
12061878058
817526498
5241323089
4574203094
486939517
9094650761
15447578852
7566833903
3470343939
15707210138
15448512937
14748469404
12459122059
17070270425
13476614681
23384529796
8996612223
18862036179
6697627991
4566767598
5524356005
15793949222
631940296
10393399881
10593596921
2640489462
1330448383
18295955877
5204725199
7786693970
11960537027
4039726007
18858393469
3244448830
11863457766
1777991774
10691155174
2819174560
9497728031
12442991955
16015816317
9411603106
5044716564
5604163010
14997156681
21269695515
11662317785
855727434
21760025275
20120160852
2810745001
1240515748
22006779305
13056685464
16563896973
2561064619
4050390379
5551289364
3062467710
7729395854
20522573197
7571436909
9619941751
12147663433
8486103497
20781866584
10363687
24396059471
18638877122
16201527655
20185182856
5574951588
2184912810
10335416020
2256064168
10776349312
20273144478
14737058749
13524345484
19731539228
1818838175
17094872151
15380273085
8368028881
21545407160
2834071779
11434905337
2874117369
5603617827
18966686333
2509316966
1836319700
15855595050
270311195
1357372042
5196278538
4410387774
13131191803
16446027056
5926413338
1892493877
19858226316
5963768347
10046923354
14720294826
10128960598
21938661006
10440623574
7931218424
5838499434
12443776088
18337455235
16977174112
7602586185
959985432
16295937865
3317655515
13557950929
17416995958
13446540237
5944609817
2456693269
16608833324
2444011669
11740562028
14373710298
14809218777
23620736732
11294977119
12141451774
9406614858
10242369964
12748526937
5449042561
21552431298
8413865161
22508447635
513053138
9407859896
12363529453
2711074202
2255288142
4246526839
5925657905
16868077643
5929984676
7936862700
20228907998
3387370014
8907525676
11499184772
11815698544
5888133829
2965438338
19618644393
3203921290
17375700683
9089816470
11086553137
7155516019
21763944702
20135744282
17394415643
16311804504
6815114079
1483371452
7171963708
15794134796
12975187853
21386690775
18503723772
19021712388
12756722571
4541521081
5296696113
4346273245
18909323008
1359762676
22154533641
8984265224
20336941608
6225005851
16375928433
8127155398
9519980010
11013445305
20401359649
13155781866
18167851810
23541714482
10447660043
963728163
3957188748
9416286360
8413647713
19148950938
6572864745
11759767979
21147103466
8582530018
7305887369
8515456703
12139910098
6613817629
17709055072
458442870
9784633746
12941062484
13594621342
11539379850
6531789867
1284785700
2638872035
5734574375
2729543847
7931571931
9284114207
13628437449
1255850633
5364628977
10520696491
2328264314
16649029473
9543040599
10683952701
5971168348
10059509293
12958634771
19605186363
4049422011
963279289
10846446497
17242993085
14060313124
14591703729
11199687402
7427825349
3071258603
13501633648
4695882153
12704330135
4796881725
1669409442
18903117916
6010266421
8720082156
1810081508
5635035504
20022924115
20991973134
7449982483
1641828674
16859859685
19494289329
11242341651
15336445716
2859455193
2606186223
2358263838
7035135662
11388329096
559498397
2838347485
10320846302
16552174476
12746914715
9585116066
11998330226
143891049
5713699543
537863763
6981011167
191286542
19803011540
6557986073
5947966556
23761461307
17480650343
13753841844
22758405603
5004324146
6639079317
14903104277
4055127611
4766497047
15871305257
4587393078
21410163494
21493993367
15576022553
4575550181
256930414
14122037000
12870993302
3834242969
1247794417
3631318577
6636002973
3203921290
4445923045
16204657914
24546535364
16830376660
2878773245
14258708679
15749213258
1970929918
5281618044
19492063388
1743709301
14841049007
8574879689
11760756473
10288448879
10474436252
2602845259
4265281977
4216667474
20810967852
15631353279
4541525989
6180841038
4307004698
15809204323
262388084
844042014
11123349079
10106214544
15387929847
9415477380
12794453365
13924954926
1176700440
896693573
12747269058
1738857287
19719785619
18025918118
4248555142
9298529134
2347110326
7450571335
3969932407
5329337866
16561223822
11635582775
22230403117
23617451949
12859016084
7224071351
10341122612
2559930430
8971349175
2613263327
9597275231
14539157667
1804454503
15030056611
569103672
5621680334
7961095778
3960007473
4717002978
11338771340
24399483899
19327322909
1597872348
13692008916
14853872953
6949311886
9317553115
14149767565
20416831544
11545592584
3917644597
271651531
307718322
12295045186
9518744529
16287487709
2762841978
11581272027
6125505553
21968625734
14349022312
1896115861
8338291750
19474747296
1839537203
8565408309
23712766656
6655166801
7173008406
3632211675
15773189484
11730028695
240472531
23349849321
22244429874
11219197564
9951590610
20528592905
17921634745
8879267488
11629381323
1944550683
5363678137
5980759492
276121856
10629902245
6004434638
4305593175
13045399966
12629762768
2637238434
9397343253
8056316883
5101945471
22388354992
22477828655
13536002378
3423974295
21992932139
3981391903
5218267907
13025884419
9707004096
4308468447
7270199250
9195955961
845171469
4157914128
21175952278
16535950196
11980110484
2851548854
13680714272
23105372352
8368351626
3824133151
12190384265
17739999528
12439283235
10833759343
4741489098
19541852336
13421817634
17762806261
20170497850
11092229290
7023102587
20294095399
8608125178
5222697897
11317619961
19575241796
10723027054
225474682
2016201473
2311333279
10272251126
15844106565
147412357
15114123448
13096733641
10014226136
16589867070
14253185781
16671606222
18382742020
10250031315
13760370044
19636167473
4519357089
167814608
616726557
11493561521
21034610158
15670433891
6660384494
10794993249
1573620245
3652529301
14896308863
4083932357
12964805841
19508145181
10128478806
19341158470
16310879957
22207696048
10200246927
2685725888
10063614156
13726655705
5673368997
13557798831
6703446597
3824435191
3262609001
20087861983
1971758298
6568906705
8091175807
5783190168
17097817562
10032884542
746289021
10403629383
23270779726
500392745
7731334466
12859821650
14351757345
21333205918
6542062443
11291429438
13450880826
10591580374
684093740
4591483055
6414590929
19759993499
24461869584
22131449070
3469925210
15369185379
4547671656
16203647505
18281562733
7593023364
17680576721
15751739711
17244264683
6938085033
198267517
9579449923
5932545194
15572553575
17656979637
12297334150
4680704229
7303170353
6738160534
19044653892
12365733596
12457359078
513984266
11031653831
329649810
10724653901
14880417508
9050865445
3536984755
7009511335
402828726
18380052843
9675513760
2693262695
11962049635
9666152051
2806663000
20881549115
5621660044
5366899644
16384312993
4063591476
6975700281
21280192416
11170837523
3058751155
3592240206
15538572549
1296443802
16342178116
14435453993
11677970986
16509468335
7977293406
16480298347
10588048459
8966829009
13501497632
7972316080
499077370
18524615130
16737267386
14295739468
4907710984
3206850733
3215326575
7488282802
14149644289
19052678007
14140295442
19783061841
17058025352
2582547356
16291836334
5250958913
2968004045
3756302098
10280784300
1610360533
848089465
16087756283
9325910993
18405375523
7845536213
6924661453
19122604532
12289116852
5885321772
3103044438
6083027771
13101742101
7647235509
2952427587
7086229349
11308344587
7398498843
9593383712
5639993261
10576717381
2518179277
10893756078
11825159113
3042925704
8051915212
783577794
15727263741
13802168196
4471769197
18090462556
7258222180
17095335616
12878272913
13990912159
12754072816
4760078325
10743087790
8306585199
1192328604
7358522897
10327083090
24708840370
4929046669
5389959769
18511169401
12783006161
14218597290
12959448867
18850665487
9415846506
19407333390
4870251905
16017318233
12727703676
12050648271
18510343412
9117613435
13189085189
10843847434
17033559528
10440073697
9678835851
2079584341
7984804320
4045371729
1011208353
16129006743
14959464301
17771598953
9666337169
11204925763
4713728307
15163462149
15553036070
22419539193
9188261576
4630609101
3176546255
446352872
13286799815
9892990286
16178372042
19412448174
13246741615
12251993482
20104744815
10954598929
11427486182
22174016268
7324294342
670592055
16430495440
7211515148
5004789695
4268134816
13018355349
6951668764
389672351
7827423980
8149031969
11030439214
13685488535
11396726750
14112424086
3281739676
3595297217
23826811934
10860146697
927409824
15608354814
4835068187
16339529893
19813319654
1833092820
21783866988
12920606973
19135849284
1630328201
12847170300
8974018633
7409587968
20797415546
5967364203
21675265028
8409645974
16926891547
7852325827
1441153941
17666433705
8806861723
10722136565
4831865412
1918060945
561158559
14918249621
8892940160
18909323008
1048244028
8761970244
7281559975
11062651728
21673384291
20779449244
15773142352
8722954614
11326854512
22061422021
1011092301
2449192984
4027895621
16964975806
1189214555
11007188008
2219468564
7532707368
8182253806
23762724430
7873051224
13480617885
10004739209
15113984482
5072627360
10274885615
13320283953
14453086936
17423431318
14437093608
1881393352
6250974616
3414712519
6304928071
2029408562
10985375713
16953560012
19936541044
7333442588
10185851959
4050694843
22698745954
23003373983
17361334865
17600553690
12848254565
15780204761
1832507741
5588642101
9076329891
3201901730
670778261
12013319071
2799117098
10848130068
21672327078
14915317490
10435208210
15609438260
143418806
909840955
8674982224
4684833243
14242053106
5232817885
16894179371
23815162105
10326940057
11075009860
901795012
14505616041
2114646504
670671128
5810544068
1833188502
3257875545
11280000424
17002637099
7627197885
18861185084
17988734010
20938260169
22101748238
15126918514
14841567597
17786997320
12016395500
16540045589
2694176546
54880369
5700279346
9667392551
17712173699
9382440379
24587573651
21838608316
3835832263
5635874375
18488162062
18794846553
19434945914
7309172322
10744225989
15809073944
9215210306
14693617811
17536079212
8761002695
2515365832
12287832713
18137830329
12584127596
9297229023
19753707382
6293704898
10874159883
3445350464
16198092039
6680670794
2941173260
16012449857
15474060586
21945426590
14259036656
12857754583
17168318333
6375521182
18119861235
17724448694
20510499124
22406962943
5539525545
14591123124
21190082146
6053955764
24854811073
9995470323
3687437995
13464576245
4217837301
8917990573
5198169354
3751796722
7059423706
3243747799
23420142971
19930708955
7831068347
2587591543
22351635637
5657553589
7952542515
5368400757
5778917583
23386584800
7042638427
21045415443
9033156617
15340110849
10374741391
18873550343
16710984294
19156803622
17497904253
20518212925
22824012037
10118081011
8021613649
704199944
21045658581
17215903022
18306684241
21328887807
10490887611
6925982481
21848811433
14456709773
2734628616
20523999124
19789162863
1489722162
10554871640
13060876461
17037204235
14567152302
15055639109
14566433821
9007562343
12377237513
5167466861
7529625248
5570699680
18920864830
13338150264
7406382051
11405351361
20948221689
11710268210
11530371073
8879942034
1281984775
9804520994
23179186651
14530533380
1979161242
7393926013
12188264855
4684299373
2090512207
5005892505
551909468
15411527209
5808520447
18901783143
12703750195
7880849410
8766144381
4541151562
6931253804
16778798810
11823633985
10915747669
4834471134
12517628250
13458738789
10785003522
9746364410
7972863732
17128585184
14610772379
5379584478
10101589405
5604329720
1785545372
4649762397
2247575698
2154469558
760826952
8960106880
15258903128
11147462601
8405559827
13503993101
11605578375
7984778402
10953506073
10068427759
18810245310
12894851675
9924210297
10527463163
11370721469
12409305242
17090550212
13921840339
6203997495
14973657681
8418168786
6243031390
11357860949
17369478378
3726809587
3639011874
2234404335
16006265912
19831147358
7290651311
5563361742
5953791538
16428011061
19464595472
8414468758
1802417835
479272561
7205688067
10116820283
13919926292
5915426747
9974358718
23918595994
13287121139
10074721857
3457408053
13933465191
13548138839
6946538818
8789109245
16508287524
13508555263
5052525258
15681046860
18667518236
14893522623
2774488299
19392671176
16172591996
2978429415
12318591760
2806695530
3824194683
14826976285
5815531226
3319025129
15320496585
10094774076
6682355875
6320086818
15659037603
9100808274
10164139451
9018309375
12962317394
17482230712
15513800576
12420938144
7078542219
9852604188
16133704251
15444636171
13574017601
12683350983
9747091944
8712706933
16789009334
1451063710
22795019087
15928336564
11192418389
8167911810
6339240999
6726929749
16313064222
11790692447
19514098666
6536440170
16138619358
12016599939
1893176149
23219375369
673895500
5184685136
5655211017
16037928924
15458722610
11433773925
3458334292
10424781703
16329870306
8054710803
8902191112
20963900627
10342626741
15685775726
250463287
5557196359
6854826449
17830820713
19731186650
445185425
1606545157
10723862592
166900207
3604646978
13514222324
12826921683
16506042789
24655023665
17609689449
791029073
8701476009
2985030262
8163934402
20823671655
7604676284
4238799468
14619817167
13871376085
3876631589
6071920265
18765385157
14389496158
20986728926
14499068765
18978853244
7050876102
9746162132
7647079534
11854606192
13036601045
9387591927
6551574576
11820792877
139016966
112077763
10467834451
10488334367
22319374543
20521216084
14189836820
1598564299
1590715795
5993639734
22017771455
6749198772
2583568804
7956348726
1906987266
15122026279
19583377025
848115539
17143826568
5884461437
20864319566
19540383388
5846777963
10792033728
7706246097
2822180307
10275893486
14918062485
14730598447
15581760687
9077559285
1760012707
13851890277
4557893061
9629762254
20600458986
9443873322
7008605276
20208485005
15257603258
18052621161
2163502231
22478443793
12386448452
6755642284
22427079930
10511355743
22395104354
6944982776
11739883522
17851215768
16345960780
5818627705
21072508904
7505747220
5363913690
6487362854
15418812559
5997186420
1745132447
14177783909
8511484422
13639111440
20377321867
11153958481
5628216696
19087433804
5379144164
6449474531
5017986972
3123870362
6046450809
5230671376
10394920596
17527744136
22386868921
13392003705
5482340973
7100129977
23808936820
5618199888
18119817216
16642748441
20203319973
24047396766
990084704
14619680238
6154943538
7760530060
3930955902
11691269066
23234673782
8444936145
19333769738
1152254957
8508890930
19037707556
5050170247
8148670264
13985272640
2236868066
14228449697
8784599446
24457567617
2596916982
15886664503
11610486633
1645222566
12082362178
13648355364
16292274078
2286301749
14338431042
11121092464
13760431368
8328070110
4962594615
10647123763
18367440472
19886676259
2918950425
5672987654
16683121096
19384127959
5706545500
18751389703
7558502890
8483670
18478397551
19556116215
5363189368
747292832
9739735674
6197915022
21963651769
13023695369
16333977118
12770831485
6641477763
12126748380
446905215
10954804167
9056388449
14591275993
13120594929
12872941462
9261676613
8233936940
9411570695
17038193430
5910345142
21246928756
12605433057
18097011362
7191028808
16214558115
6151886815
12485991152
18578629721
14015957472
13396511384
14252916974
12502885788
12198177662
4501426492
18923552895
13250566004
8230294615
15278080009
15352916883
3583915385
17837193229
6864866657
5710291674
596114885
22235805323
10389841077
728448191
428528976
2491873826
19714251459
11250769703
12495623168
3108141759
10035674653
4307687345
17417024355
15524908506
783118511
257217416
5230668162
4034582346
7900636874
6408239385
17573025654
17167869708
10476198583
1372195850
16025307985
7403486602
5183735938
20496929834
15717712800
18599945532
13211634051
17681480907
1149711810
10724859550
12830773250
2297384756
8871954902
12726150204
2181423228
18591774133
6945830762
15870408968
14098250503
16087268116
5717255015
8195815848
6735539877
23409435784
3409312175
1226211979
4651699466
13931794419
1973897500
20586930558
17051186882
12471088486
600373070
10237916927
13686186805
5878748088
18321665419
12525970754
15847523028
21910217652
8266406952
8388640621
17382290384
18971023471
8853016172
3511603854
19374178269
14704853456
14229515772
4672899640
8588857745
1335873593
4456570514
13677804689
14109959153
21676736928
11183273314
5235605056
1979387891
8592183231
19939241461
23464400831
14712113819
6927330257
103263567
4660467363
5073305737
9457477414
3508404816
3055710228
4846507029
7857822460
16006703199
19984386872
13718099489
19946033505
703894623
10632353332
11084125787
13923285616
1197177894
19293240396
19799821782
19454105560
9587289864
14813667071
4234310777
2065482509
17337122750
273152332
10011241462
4300038630
3860764072
9476894307
2967898226
11090246708
13471685618
8161640444
15052667047
1610340302
6251489713
5833304304
8152424731
2060804693
10817781738
9899771547
14508026221
11331274410
4118785605
7199644823
6572864745
3414265782
10033755161
4321830285
401005816
17692772998
18354154781
6403479721
9463932904
1753065863
2466990267
20386940528
3026392549
2994616288
7478494449
1122909061
1893315069
15905801051
9095067778
20095011964
5474600624
6637588174
17407228842
94663315
4179645659
3333777218
5701648868
14471776678
24261444852
1064495265
5255914093
17294616145
2831242916
18619547040
20351996821
20777709538
6612925493
23520817128
21596958983
8664012663
19141719462
6408443202
2576388692
7913451617
15071151908
4977735546
21197383553
12354669291
795573920
17403997187
4880592063
8870358932
359141029
8414432553
3123432366
7642002085
20130963330
1496162318
15445462652
10319358863
20175160609
7186681465
10987625826
12971594394
5349405440
16995612408
10722678423
6477306476
14884311786
17300446809
3570406815
4553105673
11776860990
2655590819
13036295412
13624629188
9804298460
15592129301
7047850952
20286699819
5394655996
17562944842
2329908592
7471208151
4646103201
4962594615
5244804284
22758273049
17741766842
6173265659
6294064041
19709184776
9553008442
17030967533
9206186795
17404381382
2936493591
16093056896
21874163619
21273909820
23878176914
8641209939
16612597649
20781261506
5125850684
13521962470
12048993451
16131734266
7919309233
22856393617
646310025
15862047983
21618911522
8052405511
15094570326
1587360821
509661353
20199344388
12721322826
11925466013
7109761729
16540032316
12963245080
8346139977
6596271220
7382073613
3511119913
13620461350
646632929
6155960116
5322613510
14111086986
17002400717
12449357747
12948777589
19155068470
8946964688
19073554186
2444369369
17730825357
2000836811
19926125511
5907838897
20135716278
15301665829
10220574869
9688693545
2896609940
10303500874
13223870225
8186533583
14000969871
1240285854
9400605896
9801437951
13378677563
20360439695
17647378649
12355348604
17163042188
20697098483
15809904187
9836688768
8065856188
8769929872
7651015728
15145896836
9561100537
14083804086
6141415743
19188058247
1576526692
1792074526
7377560352
13655497431
13598249571
10544370978
21429310218
9417599023
7175658002
5807698363
13464073184
21393848563
3364286487
20360582579
20835414118
4069304874
15820250234
10743711110
16227219980
22010276505
3822805312
11363824722
3556413909
9602092603
19272606272
1118686846
8750745099
13335791352
4477491544
2629131768
16489445943
8477855753
2776163374
8460400431
13721742298
3169256116
10555964895
8760196332
17661945587
8396140346
11271694919
2679680071
11053221944
9998828753
10955515601
15761618633
12912673431
19659236639
11941868993
11403491486
2681402197
10380611668
4698746183
14484173422
156205756
3739001019
18289675421
17750507241
10945906414
4203228946
7658075133
5283059485
11941352642
12751236367
20180199924
9513124687
17166871039
11769962396
15462452976
10017763182
16886494388
11981222584
16306400818
23089970644
5649559920
1580251119
14059152719
19674255932
14906266083
11443976450
11159106841
755584948
6380944416
10076665096
16960555547
6844751874
1915860015
13914516382
8782390171
13082510752
7092119125
6260921535
2153495435
9506997083
15479849327
9605124866
5558065002
10896318516
5610419875
17303072113
5613372515
20978267366
8760471607
18873486033
3149843188
962639693
2768001651
13074034734
13971756359
19479305968
5464596217
20575823872
3643628975
2534722488
10303664111
7745100769
1878358959
13683233015
14716473223
5750693840
5447662794
15462531028
8399484577
13626569392
21077055306
9772314425
14173414918
1916628461
4933923309
7047391372
5647731884
7449982483
7215188666
2921392162
13319036741
5200045705
1988817123
6386987155
1951595982
6708005700
6443300184
3729391396
19245362120
6660336467
17624061761
22517333375
10108659589
21840965922
17277847110
11889000533
19008033309
7384047539
20837066587
20761074565
9693764908
5976010704
8340094647
6198489353
12844471970
13200389587
6676967251
10150739707
11735442546
15810011522
14169857185
6093094046
8106527370
5330102768
12710354604
7600700010
16968416759
2013446278
19031358877
6959606734
22351919068
7301736647
7738769222
14687000214
7416249676
13766617647
19847294223
6322990444
15860072254
3837026433
18588532485
3954785386
6657383479
10357381160
17248185917
7694406339
5233862192
19241203167
13412192004
6797149465
16706233716
6659650941
8286249532
1627252288
8833462297
3524970699
17552303929
6325577072
13577510182
741173805
537251810
8687481476
10134748363
2042358453
18510348193
7232761070
12494694211
21174018375
17741574940
8262206785
1647594672
12913963446
2601632481
13876949266
6770209391
16875064609
15544791062
12667766712
5851710607
12839111066
7965768226
7491227727
13734108766
13636475341
13021559173
14351566518
24824843672
21367323548
19519301035
10956690623
11268357579
7507235072
13732397271
668205408
6891073973
3063681438
8600777530
22004210630
15062699312
16456611049
16553340619
2939439524
18451350843
19710803232
8904433842
17354710679
9823276156
11943771672
4969538117
40506994
9674044912
4644583153
3489880590
1516883462
14373337191
41853200
15168139307
8718913926
16377058672
9365098860
1838987299
2226530204
4214432149
7392773827
1565054289
18512115936
8319919011
9709357406
954842130
10476198583
4649569075
11034180116
7493023495
16726499134
12784202432
5119472858
18375043330
1300658488
8415490824
23820351063
14468918655
9256988323
18121104014
16548163266
3262558427
23583398466
16041607742
599999594
3546653252
9449325129
2534374639
15471241049
2613448488
13304235672
22886718165
8632072791
19547578642
7398526470
3199881595
23286743445
8566379395
3541089705
11631815378
317778167
11775885747
11717884879
14563056358
4280120470
14108111932
8657508435
11029920189
10272997361
7432968408
16515618863
9468427669
14196555423
1841542887
20572917137
16480215361
16399770320
3501989813
16762524739
3879586752
19427669063
9040222213
593435620
19074942767
11244964550
23540501610
10071961370
4687382062
5320430438
13694441838
11865016495
14154665802
8575567661
13569238996
19302489421
3208021562
6484716258
5367738593
2229577468
20506302843
20919501513
14157266329
12896945272
17620557521
23798972502
986862608
4919960824
19249676910
17786133496
27398835
15842671019
10170669141
6325668586
2047201429
5296533094
2210369783
13498456861
5665099375
8817206658
7737067611
10483791286
8916355134
16617932404
19599909959
16303273451
4413745689
9126010501
13312083622
7709093331
12526685022
11844408795
9273145029
15576259617
11760528231
5815199934
7509979547
15221469280
11093569189
22641001105
8728550583
4540186148
1037137470
1981430500
24563670306
24279359207
17634385474
10057361198
6776183461
13330591440
21203641410
1094124393
5728852625
13732037985
3203983246
9585612315
11762376307
14663320860
5460360420
21499485339
14132156350
3825288549
1799446337
6762495227
14417728900
9972471020
18042067256
683085076
16120905844
7598820878
8922057925
18303348415
4410945956
5605197474
14431932891
23554363661
9419588497
17964351713
21251098520
7359649519
17506347061
9366981455
10683028557
12538679531
19317637017
12915930748
10271655603
699556229
10124214055
16752426920
6383043331
4974765370
16538494850
13061451826
3384805882
2500007170
14678637884
21878062222
21628036897
6376458838
11034180116
14640122047
869983447
18100557692
9237408558
20963906979
6815033106
20148806040
3781554363
9119709765
6962098135
9126686217
18013658029
17110739700
13868191902
6649321146
18351525240
16949088442
10304015991
14147347912
21678469200
2173013361
17809551551
18513426983
2877597364
574556766
1650070972
16709341676
15851898342
4817766301
12321294822
5373443594
8701624892
17984976173
21673181248
24129062954
3909256378
2288938360
11050128168
16331282843
73514219
6980080903
19993116806
257267857
13982465668
1943406684
9118945997
1357372042
2498496205
7185306278
12985475579
18316028146
3065335965
13800400769
8844906687
13211634051
10092178260
10080651309
3955922439
19013933775
10486987061
19065586066
23575914994
22861744295
16610711961
7559602449
16551326811
12449071613
20154317689
22029789559
5760179133
8900234818
3398341587
9058860241
12948166917
21077840376
10788104672
7358172952
11752122291
20902746041
1741909198
2230267020
14904292773
6851425801
5584414289
16382547963
19003615038
18309084879
66875835
12664435722
12309702353
12989864625
10881574780
11115211149
9666493979
14190486941
3558837052
3558766872
787207912
15773070048
19059114131
6013640164
16398057529
9150514759
161550659
16725459264
7428205182
6792618817
8500481180
10241411708
6309432002
12660294699
3203983498
18250460031
1786790822
9943279060
21445776127
10438432317
15234028552
2162855384
2782624783
2189244956
21476940452
3157399300
16997570928
15118258353
11569747988
7369309272
9469974793
10106482736
16592141101
3692612252
6543108149
12114634764
5414976782
5377386417
6681525982
2983293180
17698105123
8957200429
6849663412
6627628933
19186805551
22455236068
6565530964
15180571689
22898823403
10686474807
12243100800
14661798942
22478712837
10993732365
8509853487
5093215570
21140169739
16921880095
13114285751
17578508510
1376108732
18901783143
9459309300
21267774270
6769673539
12068192973
6408477419
8071673615
8673639474
16250739871
19482278713
6379086407
9670637439
18307352145
5817565999
9831636681
8587122841
20436753559
19770617422
1351140467
15189803022
20359600903
4146031542
17167790397
17213447980
12915057668
1018382757
14021317255
14572187968
23882227932
5275118604
19063703478
17708031648
16716899379
8044574336
6113276506
11409026088
17408800115
20651307794
9500081789
11459866263
3350682492
1751185204
18347695825
20311486596
10424781703
21442160322
4403588563
8498519166
16646189538
5025757320
3831315164
21954271433
7057271790
2505961243
17967216485
9770065658
15028808300
3629267246
18597484410
5070165792
1063897987
3978709228
1915706813
15749908372
19357860433
23926359420
9566206984
15591791512
14683271405
16084518316
17873590144
10821439725
9387869884
22482334810
6823463686
20315397852
4306550453
6488077023
16283879938
11651515384
8133725604
15856413148
11566883648
1988997807
20151945918
9591597592
17705374761
10812803183
7669849160
10741354997
8159539331
445941619
4629579331
2207662765
13044090677
10119967079
1121917733
22008140679
20311113146
5155475049
2089862513
13843217574
19986011282
13163048656
10490697572
10548415142
10757994604
15574878976
17194559751
18904802531
3335038911
21226574680
6090727880
6134886848
6226810535
2498036604
20372529420
17826780568
18940035138
22404653276
13784359726
12731425424
18249776910
11114767461
4905880240
1461946351
19240446878
20724940636
7705112947
19356700432
17397491388
4199289854
15935300705
5827983694
18374540382
23256683804
1015600805
9594449087
817884979
16302587584
11911196311
8863268486
15082961940
11268129661
18096811833
10559857673
16696577095
15187774796
12068833076
3683594360
10952693173
5984943487
18122515151
14998854024
9551518558
8403923320
12069011761
2081123012
8753367670
14866275804
214106455
18805102805
13235056596
9935651458
5167192148
10593071053
516643596
17389301694
7197233494
572724883
18956913575
7859410274
5038083168
291656988
11805793991
4518080978
11337316780
6270978529
860624016
793913879
22980845978
6102393132
17609920752
12126701428
18742703262
5840839960
663217292
6071847297
11875643463
147405965
19648555763
2981942304
15423830944
22778439894
7769544294
3917512663
14692437244
9023246646
18799209920
14914194964
15959955728
18933447414
14153177165
3899078550
8029369299
19846605353
20085193591
10462564597
13155802230
10967541278
13286838571
14056921607
24701127865
20415245033
9671857190
15733050794
2898504030
18253153920
15799200125
13520015922
3889579934
13316786369
17160116619
8451858933
4088404765
6088902293
15745765663
22194001080
10409495858
9806185438
11191103031
9589002169
11891183206
19144354315
2316983805
13972437521
15166218520
9739965920
6959495095
7413541290
8067473486
9243136779
10293274111
22104773734
3501989813
5992483011
7802816625
16958385448
2109818804
15631150410
6241170733
6408451587
15767773602
2338092205
7245900631
1762850934
15104992494
15018577955
8499305192
12151971176
1192659724
13331186529
41695273
6555224532
4846578322
13935274234
8560533550
1686355169
12925577975
5049284431
5963377765
4023875402
19638631889
9866828630
5440513217
12617425661
1139981688
9748139127
4055703414
11867118186
16960374336
14631971295
16389683445
2917656114
12222781689
3666789284
18437841518
6850042037
6501941633
2095289456
13787569299
6620294325
10303878571
12321294821
3631873793
3839815261
4303830131
13551575892
8112009784
17614037218
16803220121
20538352320
6173542343
11894798035
12703105254
9870172995
19779260453
15147317798
17105184800
16735995383
7379437786
14527921544
10593071053
12126927755
6232987521
16938296062
6875703465
12620677807
16445474952
13158346145
5379788656
9991458297
15958969644
9639636962
6954885453
22318455875
8485622775
22477003486
20350973321
1219474369
19398048080
4905880240
15550424674
11903741433
16257167110
3266211772
8446257080
2872559757
21969695329
18672653529
4789336688
14730225842
2708599803
12027275562
1158763728
17007489115
8106929001
17932131874
15371845760
3553715531
21654011271
12434357898
19644024255
18878010796
3482783409
3409819914
21594041671
18560487783
23451368411
351310466
7676670547
5022613946
5404422779
8470429917
12050724388
9338871823
3909922088
6876111024
20402555332
14217839308
18297916620
13228535210
14133434733
5899543634
14954478995
9340657030
17641071597
21895255912
272241227
6187072751
10657532856
6936888486
10288243592
13571434590
16218716646
8635825146
2647967421
10197780130
546289539
5671781411
2230575355
7042526577
17066770489
20977379012
5520715756
17490412112
16083040663
10276176105
4731485562
22713286580
7826707818
23307860697
7721198908
14482825827
11217133795
13239333790
1412450241
15985858032
6686420081
19645020227
11159237905
1333526502
13081686238
7754732344
3513834013
9931545212
10279327447
12279037619
5496925634
14991862698
1519036894
20616065630
7232528048
9648147735
6648666987
7154548405
6629597323
4797554423
12518679343
15381422835
17219992207
14681042822
12329975612
3105981355
21306439496
1214356639
7398745039
14096098711
3710334385
5380412162
16150618770
16053467576
6628498252
20772336347
23193770277
3203028087
12369452111
5652360467
3491135393
7710246566
12617921608
17047343623
18027122499
3326687374
12256198341
14196795348
5302767898
7091666550
18978441523
13936627447
18631653610
5212184287
16456262288
5675606396
12515707405
15947552633
3241544122
15479019946
2181911927
8258146721
259973066
19373662459
6762922756
2523240066
8908678712
17163273353
2622391870
21585733381
2683433667
20512597356
16226876494
12063505017
13302387197
6123344023
3423208311
10281342473
21619647978
6656537837
8731412268
8348601445
9043080694
8291738735
7414201172
6513409674
15122496191
1390925987
2035193574
2845856581
5474071200
12199047524
3260094753
22895665910
11804298682
13388036404
8109685616
16331276153
1822683731
12483597278
2451314633
14750274263
8092412089
7327537949
14470068884
18157758572
11160046192
9461770390
23502770313
8536198362
16346399092
21987876708
12525552401
3340732813
7649851845
18097699503
1362074933
2778891895
21215730824
8466282990
17754913154
9050355044
12962230471
2469407902
10067118870
8847754711
6364420264
10906249289
5208649455
16977939414
10144847306
12255292784
12838942201
18108458487
12308096098
9844403505
8122518141
17633506
12114891073
1469682027
13980476400
11531914618
10944241006
6478790221
4643346681
19324553533
1776735342
11890788706
11934754527
7409025390
4927141124
5230879064
6223516498
11697071236
2127301139
2165940776
15363450610
3264727089
12440415654
8632830893
18197907928
17916495573
18729642328
13522869601
16023604100
8598821152
1103173124
5438182685
10552465773
14731874965
15564976964
14344056201
11874096574
20193302492
24180952862
14586676068
4616112673
11836939794
10941726789
8055362480
15109241335
1767193274
12424585922
7605545639
4021259167
16285455255
11019056280
22352785953
18658634963
16097298606
7693115676
6502775316
22027904723
2128469385
10691577193
20361354827
542543116
2631037155
6950185356
10250684162
1977936661
461729232
23925072615
15449224081
7183612934
14025363721
12185175483
17290120016
20981463434
19519616621
3827142093
13857624100
8677490743
9957001990
4507289397
7789229933
21808777284
23423551814
6462388096
17972070434
2291058077
8034307741
8469764072
4510575978
15341368257
8960337505
18531567157
3836023471
14975755208
17430147532
2474333571
13982654917
20334487079
7132162507
16332784753
10011447997
10679425782
2571531970
22032733147
10872420760
18700738752
23293586465
11191169257
13529193650
689309328
5698092959
11149377310
21939709593
11391618830
2319234518
15793698371
7009531967
15158338919
24587411267
1173765947
15233251164
7188759611
18978814973
20686637720
13985565051
182136674
8652289876
6995203168
21223349765
8667141180
16860447026
18781235245
4116319208
968596562
6202903764
5715600597
8055667568
3203442492
13523655171
8419395880
21249914055
8159926917
14994408498
9987112444
21184039285
9050870094
19496945495
18381536482
10175666842
15920252692
13729772278
15267217571
990937058
12699964853
3147998584
16581563909
14526293608
3941270510
12353247331
370940866
6038795322
18533836115
5778105325
8571807302
10727445197
8421156291
14810254627
3346638244
13981953479
20405869014
7185306278
23265025590
13944724497
3375797667
15207682024
13257976398
4400910145
10987652102
20330356959
10526873871
21717649679
17043385122
14714906791
19019509777
8379697907
11314085468
2176408297
6780418241
15360215509
11731509218
6237088040
7353720702
1991601593
5823596519
8692815866
453127380
4399727312
343451889
2710249814
12402959537
18791232833
11928302391
12097712353
24037501473
8367687025
21930268326
14678637884
14898614127
5882480578
2802742390
926733463
10693694149
506130427
12866729935
13589069612
14107684546
19931778396
10989376556
11022171171
7160537657
225474682
11536419989
6223501873
6843461288
4069691941
24652035277
6540284281
16954958206
7664121385
12068848056
13995806964
12189957235
8629128723
7789000490
4150531101
7677419657
2105143687
15952050959
24687659341
21029765808
7408892236
10235279394
15113357663
4393114985
21571511920
6064052783
13531634782
14208724958
10794878640
4021932139
16589001400
3792610699
9158005439
13526276850
747149602
6674157850
12402580655
15589291459
4873812879
15423372910
18357129533
9820821295
13434563652
13123907305
2775548165
11830990372
8846575298
21246514320
14615426982
10620523685
16732907825
3884348058
18947224815
12323810739
3535786384
17497018582
21090694833
13933465191
15562569824
14365667412
8122406969
7206767925
9703018615
8318296482
909840955
1001337432
4357817147
16814048931
8928007287
23033160404
15731006012
2747514140
8071046217
5997906328
15983076318
15945010016
17291071840
8648788649
11416064624
11959422166
9820553136
7898732478
5130094060
18806235550
4033204474
4800930070
8994073149
13563665051
4768027772
8222923888
16912678676
10989755810
3564371933
11991239766
9958371738
5061417003
3565654386
20654885166
16236479582
9682899244
20126241889
21765362114
8991939416
13648245981
8729634200
10201656244
7015944677
12173669525
2985785566
8165724806
5008219547
6228490710
2985091411
6983604040
1187582382
10525962640
2010836632
10139749956
14242589570
8610845198
3805330362
2681449516
5177148500
2937038649
8207890869
5438182685
24035754598
3383268717
9920196854
6831250696
18249192346
14346221811
21305328425
17592075103
21359467787
19902456362
16442027771
20271343603
3245863620
1695192664
9360758552
16986719362
17313546576
7424292288
4134748739
13713494299
1215985580
19040217320
10965476494
14111938971
12591589496
8282383656
5972360474
7811178255
21399625393
18795004633
2754223712
5197972502
13867201731
16726239159
2195182443
14455251341
14048768786
13797242332
7664786740
7271072415
1208085876
19729720320
8367369276
22352440743
5524240527
17427576040
3148188462
21173453388
13394080942
651343051
3230298343
8388265409
10983334305
22030278822
16458897418
18353768989
3122742014
19966521662
13501860403
3171460636
10021493049
16814293965
11116651091
19779786502
17855972298
4469406652
8865100520
4424974765
20505753555
1180113667
13362968752
1776940622
14571114873
10201608984
10225588801
17635226606
13535241287
1084571973
23975889477
8923900175
4112952651
15266364919
15386648857
22483673530
20780928563
13847459736
11939426475
8870409786
13107588099
7172243085
13398610571
1423426329
2380454602
2122562789
19523990378
17395360332
12777033797
15940926966
5664412976
9680279244
15695991670
471306273
13478980747
8002399573
5618095956
16576811796
5257810405
13360821212
20917027571
2610097324
5660013006
3512024715
7001630928
5373598563
16902778052
23267531004
8239078772
9342823075
12411584157
4883811957
8972174070
10591422640
5349893848
20693742371
7661653514
17966885525
21500550621
18301268708
8934212852
13842628439
14608691232
6871602022
8058963497
17625509453
6783905876
19768295893
4433723691
13751735550
6299359199
17235060909
16639685443
10772318526
21010551093
7436890498
1193263017
14402138527
5156759259
1361288387
5687959278
6348894859
7225139708
15725034079
6340138257
20566319457
4760706985
2724935889
11015850353
1340293918
3062915818
11150332467
3201894965
16038826484
9622869655
2782354874
4581756220
20288176974
5829239308
3471996210
9690424028
18710566000
4910724671
9922992552
4373296105
14110243532
6047161443
2122604109
10193926382
15167449296
9674292841
13859132265
20499798365
11908770889
3623365548
24503811510
23536384424
5280077046
8977378171
20231269789
16223583308
21336601720
11190524519
11989183206
4109030040
20617067529
1685083518
97090415
3779686225
5265692574
19792838610
9894586903
8979777705
11874519646
13212211293
7313039391
9416780625
16214250246
1326583526
8418558609
9353156944
23693084764
2106348579
9603136429
21746220856
173635680
20084412683
8889567550
15016998211
6861699051
18982859164
600614571
15952856773
14334759548
8728409236
1283973797
12617312060
15443604494
5292543482
21702680773
12692613330
1874299651
3488819221
22951934561
1736396087
12296404990
11317267938
6539856885
2979425252
7839196637
18534871899
7797485297
18746182865
9543947742
23655465845
22859392508
15648333743
2177472650
2806060111
4282067519
5910238279
12849502671
277551928
5553382950
1340149603
13073154708
3565065267
19904909218
3557970865
16460679958
15691676549
5124377859
9976623510
9496045930
13668051366
9740567604
10544686527
11733372687
1832078420
10115180712
11739811155
2505961248
17827052138
24700874975
16237188563
24399659555
13453622814
1214356639
12617425661
11209427654
6786939169
22419491460
2458887915
3420909499
15000096918
19767303410
2968135822
4431886042
1621401320
6324809081
13049482147
17166912742
24108612368
10504038783
10562373943
16134352384
24507729843
3792489282
23449800751
6747951985
10080324590
167929312
17679877896
20839361333
3208036623
17916395391
4812767608
20518568600
7601627770
13822643144
9056550829
16157615648
9282641242
14360454187
5870138003
7281239822
19554376387
21804845328
13338745154
8043157895
18197194705
5161282596
12446341403
13685236660
17278372526
18493030826
6415571814
12669565054
10643852616
3769641740
16626416123
2550341891
786433731
13893733533
10778304697
1025093351
14955698257
3983850713
3044840405
16793068323
13952949129
604512665
4106493384
19033393244
11526776534
12841363098
23531788083
7289922171
25050110226
23368340271
4187712247
17923672305
1664616086
11067609440
13841677579
17995907765
18257626833
16478413198
13068284126
11778492218
4993244972
2011931986
14956644340
10967560791
13405387443
14942315898
5885007125
2231196414
15126883447
13911042328
1402081671
17039509852
5246958448
6495949308
7400345414
14658487293
18277148868
139258663
21613464740
8758843249
2121442449
12430448985
11215052863
12874142303
3127370569
4573442038
6386039272
1292087740
15411432294
10577397200
2221542266
16225571086
4346359512
14833593086
21388758064
1099956581
17594224099
15542916156
21539889198
5871575277
9285658407
10591319964
12307862427
9230342758
2671979351
2610480345
3259166688
8826869684
13357094829
8432662604
7973644971
13166504629
4675782578
11472051338
7710027037
21963058447
19540866714
2783983047
4817692837
12609339157
17631710258
17664300283
6449647681
10062111655
1235571382
13512163275
12502081596
6488977989
20476926489
4306819337
5321300501
4738201805
9081138176
13359321955
17439257109
3824174199
20039776994
1713212169
20099488390
5634265224
10273004390
2244432436
8367655466
9485057970
8163160642
9716349561
21030235659
10986903127
8516317443
4590120184
7388939753
6033059923
515915146
12716667650
18685285078
17188423088
4901303493
4278874551
13632580282
11334877436
5425451284
4398806558
9940180681
5233843959
14783221756
13745421268
20273316337
6659503799
8475892711
4829932660
19044621892
11501082223
10468279339
1178944577
17316644667
13986604092
13951218111
23493083122
5655556845
12283811194
1893315069
21793473672
5550478066
18221196795
15204158307
11472731125
8456313568
14906506612
7735923861
8547932733
17382277751
12673849955
9767250198
7884232996
20190875597
14695278076
15518707926
8572733995
963736382
17700855673
4650485344
4118779365
13461052156
5296312651
7579956286
18425207698
1028048939
2384073619
15242791351
17313861689
10641965481
22223481930
16343209565
12007966448
16103717119
20355798371
16225222152
8469616312
22752863549
14937253103
6164690344
686910895
14704254621
7133353467
17066542406
9929510691
7410712975
5985902433
257623219
2108040310
8841938701
5976304585
15625639963
1818635962
6853150352
22829871428
8601996520
7277921230
16000300168
518822877
6908238273
9783315985
17310036538
3446130847
24565410659
18083825496
13974170698
16548021031
14602244031
3316559386
7821550426
12701021836
15036535129
14515548980
19950556133
5450676568
2034235384
15809204323
13466910754
9360123944
10232742937
1123161562
8239439300
14842667665
15888061419
5694742010
10230305506
207618548
1011183238
14905546840
13629768485
356860652
11155004097
2483228546
2879923964
11880050140
22876968615
13713945924
18240571569
2756456279
1129277228
3749391098
3450096773
12226459776
19449032286
10008877802
11931237657
15977415615
19762137271
18697694383
20206824798
22603266099
4754052256
10292181455
20713031799
10514701861
1860344942
5118793744
7372809913
20983219373
18227431926
3356868643
14780619413
2187548154
7535056200
8674337506
460748213
6693834125
15682754445
3883338916
5672447156
2918588117
7509110916
988393380
17601462878
15507686556
15688285593
4951265812
13600666554
17058601258
16080497826
7989940899
3209725772
3124259684
6175563319
7311897610
1892689737
9122088084
20122332334
6518761043
140487658
14868986574
6282108082
9131186678
7763909301
7023631459
15779446498
8968970243
17772162372
24111050378
11407495348
934706340
4739462430
20938040984
14260227820
15255601533
5808650439
10017212261
15380108103
1181910002
10972817804
12446703720
1376151081
1402811129
3686171594
23617879631
4899015990
10259541729
10492527136
75217736
10857768822
7866901092
9688647966
4716738503
14139343267
13382407475
17808967947
5841463500
8910635921
15158510305
21544272323
10037407437
6703669179
4497905232
5478443364
17607071325
455009092
21317571821
11959809261
3413556215
8041020018
18482800008
10115726950
22639213937
2954452865
12015155118
8214496567
8367474226
17708904799
6713683278
19619362228
11238138108
2389729713
2987470259
21035644678
7566195194
3203810173
9580937379
10664179643
9611674745
18450467466
19700742716
2596184365
14537232682
18382715298
7095827786
20251874160
12740729263
11153177978
13063947947
10659265437
14111593140
18562389268
4220978964
21646173169
6282681850
15984245270
3599850423
8482861724
17258030676
7513983445
2064332681
32260259
4527889009
4577324994
9416419749
9689622306
15576939576
17938778592
11158826129
2173285579
799296534
12441922683
15968021280
16637886575
19321076700
2596886036
15112959505
22454474820
5672561068
2972587885
8168814848
22789677454
5777176759
11628887940
6880460352
5616042475
9139220941
16207248768
9176050354
17285253595
23027483033
13635460771
14034334198
23517254655
4566666301
5859592557
15733526506
1118364976
11006634708
5601931692
14070516846
2777132122
19950216321
12766891931
8784219016
7010189591
21361835162
11578220584
11940787002
2572882678
13630051357
5847804610
12159568388
1883606140
12929384809
12936426910
15065495238
149161768
13312344724
19946891157
2349133520
2271193809
21102157156
768753072
8743002170
604669808
7240245699
1809034769
16077381605
9358511611
3713766511
2916961497
7996540237
5963952173
10497149768
18504986723
8089381988
15214198219
13679571650
4628806824
12905299517
1690377752
1563818078
9622077605
20673605728
2188714435
17537743780
7299844452
8104639815
6004895994
17310744406
21757298355
19150209031
7224527675
9742534053
12055014029
20648982551
5074397800
16115736350
6346526217
11674249941
7081448975
13994436089
7403620240
10355310579
11859700513
15695964946
8363756471
24192418075
15297758149
13797793209
13569063948
21523416694
14700488835
8118030472
7783932936
1558634798
611690083
22799924833
16885827654
6698014805
19120272287
13491626296
22574351062
13644195196
24243620456
13209351876
3464326369
18861535814
16134042408
4906322312
21226574680
799512267
544725810
2100991414
16286226505
9665690895
11255358083
7250678048
4559515382
3568062450
13603067927
21820759526
17205886936
3051142049
356809223
9779197848
4990782474
96488576
23614650727
15601976688
19072857022
20369568097
11237737292
12796015767
3977188059
20018767797
20151671834
17496525649
16809850866
2900969018
14239181041
4298091851
21153133183
6835894189
4057978607
7589405225
2220396894
24242365283
5479623398
1632884460
16238524151
10779277253
7533555120
706274815
2099115686
22761527093
3347653229
6621235062
17173627522
5730591519
9005818079
19084830345
3792992040
20555269228
8089188746
330702334
5872078241
20134192505
7133353467
17651036024
6490665610
7929059881
15744168244
10372083010
13468159043
545276185
6521272092
5809517088
22653944651
11995373497
883302458
11960075940
17052421897
6855387275
149514901
1910715648
14109843572
11960926433
9031843414
19759119723
3953427304
7511328247
12718202349
12487150474
12184107078
3176141292
18671840340
15553991609
23048679073
12762775151
2885336557
10188498650
17344086463
12127936374
6590089235
9418673460
880246663
6254821283
17715661758
18066960825
808136643
10201038810
20016618829
19519438630
454877509
13789254240
10642856415
12803577820
18388858125
9103402900
14253554526
11667716829
7640927665
5808169762
20047412955
23425411323
7727289829
15838949502
1285180693
10249288708
5218924852
14152595824
12770392631
4309260919
1032361553
11670986356
16416570263
6975410261
10433993382
4556196194
9031295020
13996540755
12936397282
319894888
2025960180
21262540220
14239361769
23904093312
19770321773
10082543455
8936397388
6105189957
9916963400
1119498964
1405460967
10276858711
12248790219
11286249222
13044380441
3424879140
20802141571
14806983376
13899719580
3147858958
17789160085
9035404761
10986223425
8107014877
12123373207
13806933999
9165104078
86673263
326894794
14619070133
17619113963
23792750862
2898750910
10317456412
5071299881
1120990026
12308280784
17014416889
16727102865
15306955755
18117404378
14357766746
15698886958
2443063429
20476948831
16767257746
12259075625
16518080898
10576844541
5749912944
10144955013
18981076688
11014487902
11624529444
13438291951
2787708860
15019768079
15049413646
3313197123
14976833242
16339434425
10741354997
5056841591
5088354907
9972314935
17831095851
1401805877
16085910898
22483297507
9200825344
5821181568
14146946820
240414132
3630106686
12357758581
3677498759
5689065722
9702018167
12343193857
2890062191
8778269005
14161684846
10334225678
14915294638
17236383692
6219771231
9637672567
11782252957
5379120792
5262927636
6850712599
14911342471
1340293918
7412940953
23400487795
1832715398
6118630417
15213540934
20888489050
13686088453
8265762031
10949505645
2286915406
11614089518
645929415
14465083790
5859573272
5613481774
22863543621
9831967948
3764625265
315855955
5224461441
12364437074
22745323931
2945175308
4399764172
23443773815
15119925543
6003473114
4687187882
11677560439
7544664911
16566907180
5202139462
10496873821
9348692626
18133250544
6212928462
7231844291
7688833049
6946471040
14507270185
7721449038
6906598987
1475032396
14060577582
4360802558
16721903847
15751411374
10322323422
23299243364
23443428203
8524066084
9571921777
21418670063
13604290693
15750298044
9432704642
8938350197
3629325475
15351107924
17326553606
10033024538
23695749266
14732210090
10010280837
18867180060
7307385867
14682899796
22717947982
14774318664
22209187152
16072064444
7615709450
23689689110
6601188219
2613484347
1037540558
1074304061
6410950802
16532860783
2487266356
5624396137
22844959608
6755562747
20127118442
14072703850
15537886236
6906521285
16335481208
14619790772
9766926397
20047166794
8040323502
2839959288
7292291120
4378298448
2132643180
9440913923
1747109110
1647464998
23951383371
23868118406
3150616743
1679905470
7059554177
14041597072
1112169378
3073518287
17805857150
11765001002
2294686068
12983215645
1834052103
20328558773
18030303024
17971549347
17157319688
13020319460
2374610709
16081675947
7089003077
18891985962
8094986594
14214910701
11567706227
22619825869
8766551326
19935866189
12396858485
7170283469
17891535999
19862664454
4539711291
19705215495
6951807937
639250612
10591369806
10307434219
20496892204
5518414161
6471228168
8844081485
24677897468
679088937
7175144281
13327409853
14818292885
11598807494
20005530623
11200485736
16422226991
17641024159
8605679454
15986671749
17611617502
4581230402
7564821577
3633596995
5372800188
12638528271
7341080986
19043526782
4540210749
236095590
8786098744
16403313269
23615248734
1780571336
1858457818
2252098301
7754126523
5160987404
7508334073
4405873218
238296628
15496350611
2687894516
2979050639
7718541406
5172589260
8741733457
5066288582
8137989917
12750462766
16332139564
19780462175
5448975222
13143017519
20640186613
7182508506
16555358008
13884521147
19447409378
3511267776
3333695115
13718099489
14593960013
18478344490
21028521048
5603924708
12821326048
17865795937
929092671
21411031938
7174028572
11889105870
5489132551
4891394744
6789729658
8476771333
8578316142
12055983496
9558261433
7149950590
24432259453
624631650
6630214289
3631463823
15231932209
186764137
2324465474
13165143714
10135263340
4707741140
6656095839
18871876530
18019349360
13648394916
10948652705
8976168064
10456741565
12041556291
5046591898
4892444375
19565536878
5860185560
3499811787
15252372908
9093945421
15353026911
5075658276
5036155709
16931839671
19829629836
19521690325
539339526
5700823336
4880100938
3224001914
8400297327
15957436313
1715004638
276245770
4887395528
24345671774
4489611885
17056317246
18116159020
21587409631
17758450684
4196298711
16007850273
22606128908
7045816203
10081562790
24466624333
5809141413
9417096395
4291430433
18012893044
12128668880
7795921536
7356198156
15418851426
8914346652
11077058909
23106298446
14182711505
11794403350
3576927347
22146158639
23435164833
5658888139
2828901004
5622088887
13434723441
5943245293
700400256
17481128321
16625409433
12569736517
3319546601
20861221692
3195817623
8362593474
10721163972
7391221249
18421074704
3258878711
15148152755
3667704504
3187527219
1210962600
17219859691
11957729111
1759670076
506837506
16826638326
9608404217
3944749342
83518708
4128398391
3407792059
699751572
9858481150
11287666686
5356628939
14731045957
20711682918
10216272441
15772713940
3601736298
18932115042
7358325982
10068320391
13405833139
16605428547
20584440674
11586678132
2150697284
13357087627
14616831352
19498786471
3570565565
16809813267
5033260501
4199274391
16517717961
7167579271
17827389575
15962796381
10636104271
13533910047
16171085516
12328556828
17650511249
14554899676
16735008335
16681675503
12733118709
1011030167
8457449217
13841434540
7505214984
20955369940
18387410300
9770577169
16705970710
717094948
6767146270
14438556845
16619399956
5971863759
14253850349
7198746240
10080229707
13795517457
8466407737
9722959211
5526092621
18794464973
7200601347
16160385331
12042794518
20818537358
18723666252
23159682370
10542545459
14272484677
18751117367
15816217178
14491055456
13843220801
12086920395
17269893581
1310511814
3356229385
17058857593
2477377850
18513981
5647126083
4978277373
3826425711
24642478566
4069691941
5296647878
17017768794
15092437485
11331840894
18148412929
6654208667
17833707609
11792211991
19455691187
9170002455
16576593610
3231910793
14412607675
5806929150
14091220343
21658207938
6513446793
15578070307
2268259005
20286258777
4856519962
957459305
14270564200
12396199539
20676280625
5705109416
15830492622
14742560478
5952535324
10965850936
17424770324
22503931139
1181424339
14990898741
1300794718
20015991326
13239863084
20613343854
10437780962
23062263055
3258878711
22149021182
5025757320
2731529473
17843157102
17096982714
18254868161
18758563556
1476003099
6905457667
7357046780
16990250900
6167339835
4550263441
7714320232
5503187143
12222558429
10140686772
19520411779
20691114223
15439498951
15252360476
7310991154
18041340533
4010188195
1823056184
5781911601
16490610608
14471333323
12507118798
17668177943
6694475301
6105343624
7245947306
9786456066
1835193997
16185845220
17292925305
15336932501
14073841041
20271580631
14143559582
7514231967
11177514459
8356400438
18207410023
20885988416
768732648
1802775268
15428130684
10292607290
943318007
17195187756
17452070749
8706051626
487519912
4724891509
13294081805
3305802648
3693072795
5480639487
4470280254
16526980067
12324996595
6822180333
14176860307
20714089456
11538256967
15205988272
5986298465
11040357494
20581009414
16407666456
7656264650
22505821292
2276385973
2488935578
16588798749
17594120271
7564086757
1819346708
9820822130
19743250462
23554235355
19358247693
5808618276
19942548016
10885251678
23836958096
599999594
17520433881
15271805079
14052746875
19618863555
13969057695
6032757949
13249255763
13890360780
8572326826
18045535913
13296300161
10645250066
10508890525
2337593038
14846346362
5972015748
21272337177
21007528522
22161425316
21976056289
4621620912
20331953237
14225411222
11493005196
12402830818
13212999366
5372990190
22156502969
18471703286
18633566764
11025139977
7676512785
17070382515
18104351665
5193220011
14840173039
16537604752
13414278911
16607914915
16117971697
683085076
23135215287
12599807557
13209745452
2062256658
18451822926
19987718792
9057390517
8467734416
2560244494
14731843156
14553739503
6512492115
6715546918
17657474537
16227219980
4573005976
10319125118
7199718304
24136135346
316983202
21011335051
15687231414
11375067768
9129274102
14900680986
6799918751
14132944271
10550995536
5033637707
14931104651
4440972954
3487860561
6036081542
18854847862
13170111343
4329943394
8903902041
22573596732
6104049156
16671978067
16506111873
14182857855
2230341501
11675143490
21220681254
11339934226
18838905083
16405419846
7269480624
5917664307
13254314927
83196946
23165321696
15205882636
12210533159
1232822008
3340732813
4644760921
15847511715
19220740011
285125963
3985660913
19907486716
6400369941
21630877696
12587716475
12702310083
21342051658
7663037789
17686795263
9533720285
8493053713
3569889601
13760158957
4092302401
4431704939
16799463567
20774134832
7999754994
6471772765
10517091820
4054337340
2695477087
17511204489
11625001578
12248771498
13528718190
14855886671
2874067975
3092420683
22840081776
6192023708
12747068915
13387002349
17060547658
7408127330
5726627012
13451457665
3565209012
9330169012
14491179995
17689559126
610125430
7665809051
9573077243
1101669727
13999150313
11824967994
2093402588
13857186011
7689143494
10025775942
10789261370
1621062263
11334857425
4122213564
12752578996
8065977621
2588994519
8335256799
12422200466
4813242485
9345391483
10312458612
22397664096
17209421352
10906161907
414508319
444796590
9818715911
2446817344
18300341598
16732961738
15469950958
9958536915
14576449099
5815870686
14566961944
13436949455
10058730366
18515000725
21106086581
14194090566
11969853510
2742475530
22413148568
13953295577
9244080277
2686680330
12313819916
10249288708
16498904725
14399891393
1375109638
83524559
3697505321
4572092335
2614544480
17921659673
13388362034
172068038
14926764236
10311247398
17811749121
13099444607
15130982657
17489879529
9380206845
7489529372
18308120308
18225120836
19946402054
14156832867
914813201
10977113377
7997421381
14436861840
1038339504
13661269723
4540510531
10107366667
7339226797
7311890066
23853438998
2157585987
4213287103
6488539864
2685776468
14647393916
10644524457
19506452838
9206266631
15625737456
22872863589
13973391238
11845050103
22751709056
2428355767
14512705646
21515556246
4364079529
9428998836
11681836217
12434159940
22264395174
11367560046
12385501136
11811155322
13685008577
3559000831
14189908010
642842248
4130054956
4114114020
195278429
16665559090
10434706672
13841341034
5286408782
12491320369
6338047447
19384554380
21224622962
13678705685
12532482800
750904271
21024680893
13166240344
4021219840
14622309204
1798582931
6372730157
1736789523
1607024008
18350985460
9543410396
4878165372
16016631954
1004539641
169603847
14053069467
4500688317
6559164367
12447752492
3002731962
17834257271
20276074483
17062810837
2161003454
13595183348
10330305907
17148800529
21705583299
18420017024
18671799550
4627212815
10832825973
669046598
9373886947
18597169564
15792542168
21449383157
2613758181
23266097744
18369375043
17489880493
9349250920
5029209426
12772569367
16043989991
15999446964
14511378399
18197612708
8466940846
9109257263
9073219944
1108282028
5401965267
13097069568
6772767398
708499901
10672775199
780212817
21427839133
22479530703
9534259061
5817565999
16571094910
18445718401
1191140527
2801228481
3792922603
3101586316
14503358556
4843348034
17162151465
5193220011
23097222350
2260478724
2414281407
18197000313
1040830875
13166109017
19260981073
11528357474
530514702
21395165247
16770890259
15234121203
7643184541
11801552718
9814377820
19343201127
18119760875
11841007850
822793913
21044354268
961589220
12517671176
2916778758
17740425707
8511673272
9689610732
6845612774
5622217315
12672284577
24933888590
22773897733
334436969
15916126572
12331318227
17711401230
8710937832
20818569235
14285726394
14946671095
12305820521
1795132737
3589204669
67937228
9856626777
9455882751
8995774197
278992153
22856098692
22154372243
5227434030
9595659511
13212898664
3220676112
14377200902
14384206328
18545521914
18166494700
336979711
10855901493
21038089743
11093872054
21632671999
4842537726
11663745891
18144696183
13921659263
6788299756
4263996259
15825737597
1360150247
21686012901
21365221133
17726452830
7994326643
2223853881
7245077278
14089757535
6418733156
3449437103
13401232585
2274490654
6934373412
6640269306
24334685690
2423214006
10581794397
6758315611
7867407096
1777580233
9843602371
12179701380
10758926189
5578213464
22108969174
18590676723
3159968201
1153365845
5268004101
19875232005
3265363620
5210723115
11483481176
3994193462
13789654501
6635307765
13164034055
22395327907
13710717705
10212121010
20951271040
11340161920
22258048345
22827071159
6373151704
18867908786
8488974481
1712833500
9218420967
14260623786
4431258902
10495592672
16695817841
19504050557
16301831356
14507574473
9041966018
21366966895
2478582980
22659714746
22799557523
20371423789
5859151425
3001276111
9167955727
18259553118
896708104
6106513333
17830099567
4463043515
449759289
16159496801
15769385206
4306321177
5005834938
13317114200
18072863419
7543066031
15626125733
5818239075
3205109054
629009813
19311711925
742232108
1334473205
17919493145
5609546646
8163160642
22503869385
747685221
1911626938
14671932699
10840668524
5740696672
13360727942
4249215967
960493464
710275426
22136084208
10150339322
3128950770
2946144667
6768532834
20052201059
1097390765
9382440379
12212303990
4783380724
19998052889
8975398895
14056869046
10732243064
2865176545
20428775909
3203095352
5266933253
10850678555
4051066118
8802811197
9293478830
9412213218
15401327553
21975807414
18334186571
17394342503
15052320178
9575211077
17598571014
22566236491
21021800405
11491508500
20506621030
19292608722
13866418321
15487629914
764629423
3494153597
9156100944
12395358519
18665811000
17818984101
12753555467
5223517506
19876916065
1187559447
349618350
8603102443
5049491445
1917679425
548656141
10161609116
1406395613
741638469
4849014598
7000354256
5901210113
11657986852
5721146120
484410935
2540483648
7876762509
11706682417
11117175749
17977223985
20341484229
5257469149
19873775821
8048591415
9412269316
11226394634
10100183490
17864127228
30281991
2691194619
8851745630
10178283704
22804771198
16330983104
917200118
8585233352
14871215859
2063636862
8481750108
14617388566
12575934974
11342469668
19160593296
14203021931
13510877377
12395095898
3587564708
2071388015
4777450531
660802406
4301465691
19375982961
23704046967
13215364934
3550160601
19033246524
14063689295
14691853370
10472591770
15817333619
7941045226
4144005843
12531193588
20044019285
12394078993
2981621727
4071776567
3708558433
11157343939
2807835900
9477458330
8711648391
7247138498
3079442518
7985082118
19020910023
12767360854
7891724065
8706927941
7017769255
14886675837
1360903492
326006753
14789373626
10642992601
8015299700
20971091384
15519372713
4652574013
20652893570
15253784673
5631050212
1958679016
12615096243
974407701
13069556887
4250989875
16515618863
14462552046
109152872
11952249128
16074235051
6631134043
17502260130
2721228212
9525977334
6394040406
7272560252
6108956724
11715705314
17038193430
9355253436
14980623525
4822607783
864878660
4471479786
15282475495
2822449738
12050148925
21639002691
297052228
21512052575
16092202638
8183098509
13024716586
1877637495
14613272522
13802737547
5038083168
7574831056
11522771889
2367568193
845565544
9867589159
17142963485
6912272452
393826311
9407773524
15416027654
16511743352
8645570431
18121228477
6533879591
12489347348
8215928864
14398501285
2087802504
24593406887
19333313556
6391276998
8716779439
12412630470
13763100977
12515317140
3121973874
24299535044
19761439951
7761318784
15508329538
15029018639
18196627015
12133177334
3704870416
2082653245
16074200666
22612825538
11796263303
13432065760
21665406997
20355726305
21987572814
9968403885
14820527585
19943045465
18375355532
20909009860
5047451375
22782192442
9975352093
12189818091
4816739778
13614630423
7875854007
1350488175
16572365242
18449928815
17485273008
12512040585
10941234449
15037238897
18003275838
9244080277
13451556176
23110886529
12183925082
3281617060
14756071507
1897408356
8668303924
7437109266
13070651259
12911107798
12642231321
3079442518
10170097421
13179397982
21588689482
2137905289
5570029045
2811301720
5807895160
11400750539
2059514718
3514587612
5984553243
4806313316
5918226427
3647576858
10460508293
21639636511
5298773034
9499359743
18208352826
5767363882
1586495354
15751193536
23767028349
9538249801
24138260088
20303966272
15257908199
6773797810
1645222566
5514735571
3424540560
9706969548
5943530802
1108761396
4022324424
21594524290
4285144994
10466362156
14149665883
6818636135
7425863589
8008157645
17692630762
16969888788
1085543908
277741318
12605631611
7012947637
7826784428
4053310778
22999589895
21634445666
8215247134
13511165613
10769801942
5595747616
11594574710
8639056263
2577200786
3259084714
923452759
11445806824
18140734472
2155355806
1129731689
10841841863
2718403131
18664778237
6714816825
200097880
6971834184
9167581018
11854561035
21531278035
18939304088
4981114751
5322166006
18506040725
1090073221
20373393020
4504500361
12593963249
20103484612
13684203990
6672323180
7175445710
9088590309
18736235406
16446530013
9089004096
17805397761
10086063513
21646317265
17598860322
2723973341
22878725606
2137807380
4906652390
13539128681
17548476890
9946700473
19589275643
5833593505
16015974911
4256580514
3596874888
7941199834
5740970432
15589122133
1909818422
3001577478
4618973617
16159139320
11363576688
11421616680
143673850
5848451456
1348805073
12356934093
12225873184
1672902408
8089370810
11328202256
18292213547
6548257683
14712037017
8098792152
15204373544
4279821691
10007055110
14021133814
12117734368
20242689572
20045837231
19826112848
9807520881
4892050622
24181579939
11982855495
6020429993
11649605238
4757677258
18245490491
11342349390
1661330302
16062986626
21012061042
13171286070
5946519997
10867945696
5377071347
5992152695
20222280972
8547017099
16459272657
1000234763
776194756
484436766
4105600181
16546299186
9339902366
6862478014
3618775847
13518629058
11107253742
11531634811
1083584178
12313503852
2671169694
3042451010
4379516421
2592419326
10113760778
22664380375
15871305257
11106213206
712277521
16695307974
4246465560
19740336944
20324723976
1903592403
16412507324
12930529512
8144268702
21731671745
12059088630
6274187477
17865475436
7459584448
17585064369
10514972620
6918889205
10925226716
5536906625
11801818087
6430596836
10249288708
21071789429
20514212968
15412028996
11399633645
1822833861
14451429127
443514935
9056550829
1294086255
2919512459
5482028984
10468694622
6945965746
18626185804
10664293793
3070209
11143077349
5532129747
19744047513
16332585760
3301633950
12561075603
6687257225
13678642446
3054558297
9217765889
18040625255
13145389159
10084299825
19881668234
3585698818
13789324203
5005834938
16146718350
12368852213
2403801548
4939653274
2271340987
600975493
14902394710
21126834236
12770718934
16019750189
152065324
4599017920
11712987019
9500016140
8426797903
18368796633
21177387292
1052374171
5751096751
20942044282
10974792605
6137240606
860726460
13258639549
11718022592
17317987788
7165744590
11595678654
12749339636
6407333846
3934080113
13906165305
16208842840
17989607780
20288397206
24366650814
21457108318
1361655192
7659261364
10693349591
17884875738
18054916822
3135161777
11453177804
2332664925
7919464249
7244291889
10574636908
8410087463
5074943884
21795479034
12952848358
10155620110
12018070908
1597286009
9177631968
13738877032
3740029524
4089311279
15943777693
10245487117
2443539375
24851477253
16991495851
16153378945
6348027547
14092056337
11720396278
2609937122
8005558133
12899391377
9695330672
16798014654
18906011640
2231742537
5977032474
16575008877
2043410084
22518808399
23037757178
13532474899
22438381157
5049314569
3929164728
17551857257
2747356159
3063209135
7837791248
10792399159
1965343021
10911103784
10046480742
19414802862
2071883488
2196307644
3169827235
11448899709
13089894444
10587237256
3984398996
12404650852
1176496375
12290391418
16066794533
5317532518
13117862217
15689074732
8957100210
6048870571
16701104568
17598512160
8922295081
4733725015
19869287026
18334415386
9355375071
4759971504
13098096710
2912200200
8341367312
17257067565
425462495
4359100286
3253111427
2376732860
5564062295
7841860430
12064904190
3001588414
5513557269
6702887784
21968583769
21287235360
13360366645
5163434149
5166495533
16362596352
6875376450
8142318961
11224098299
21184674896
21557459710
16598476484
24900115663
85360375
4883458034
9226827322
16457071757
15881064981
7895260600
14431871858
5439937812
6691751691
5693083398
7469882483
19878437956
6215688280
2744832572
15619984722
14338064357
11246977416
6906738708
13215326146
12914747606
12079965213
14926063277
3263259886
16927833107
13094968668
17919283343
14500540659
13319559682
15084016512
21154803043
6305450709
7826404266
22990332903
18298797572
16004992865
1235134685
7063715659
14640513333
12189322233
18920503000
1155404511
5806011783
13703204972
5781355837
17150690710
11268687163
4137920492
9944398200
10522295844
7479242072
4666397543
4101383791
13822344705
12282349207
12351823082
20129646834
11627257660
22562095036
13751615567
389546462
6886334152
797719925
11545881755
16504023060
16774392889
9417616065
21232649717
3265167669
17597627114
900923373
8323049943
16034561539
15352196052
3497613766
6674379354
15453841270
13163089431
6196354668
22427033786
1355965853
779225524
5295903810
14058138188
11135026193
5131645742
3041476617
3487856207
11812223855
14414009434
20477607661
4966331711
8399637268
9214862742
16682299991
19153592896
20352762981
12131196934
5343627367
20856848227
5595187744
15726054281
1350583439
21124998152
21763495696
15097212160
19754451963
2127467984
3213622472
6881731361
14870685561
11065687776
22441540964
5302631041
3127256358
6932459776
10920971207
2654186177
19849310424
18807372100
7323361950
18484568853
24282234694
18353998132
24192148867
10999301697
17531950077
16338041809
5778938260
1083238188
20946239939
20833336476
18156128309
22802253987
186752501
8738183131
6878686728
11958404313
631899530
8601714503
5158315726
10232612247
23164986860
11998765488
4213497609
18111823600
13027080908
13503224493
14694799301
21524878603
15886934294
15888275679
4116223604
2917672618
21556639871
13439607961
18529110753
21771873209
23546069230
23860902342
9728000968
24706072140
16411299065
17620577488
13777337115
3613808371
21366330
23560297408
10384635448
14264236641
16305126093
21466632644
8778036048
6292949325
10323799221
14020290233
10105509970
11658098236
23370353465
20019202213
9678163852
20309821701
19676102690
16225584188
13020228376
4705485456
4910926201
19171311279
4716041563
11619584493
11682807852
13629569158
16260882128
6967267134
6311694860
13732827775
5438756164
18937339263
13105521908
13536101584
3612999196
14760873173
1317468897
1834845314
4336538190
9116099904
8392715930
15402620890
6079235836
12817718553
20272636883
24953638594
17744803062
4099549289
14569347855
19140863298
15533012802
23012315425
8661126506
7737174928
1976783295
7576714581
1571794932
15732499738
15524860771
20250133841
4324161077
8497762546
4179326295
766022018
8102149498
20571121848
20335969078
9441619300
2389017601
4060286469
7454732797
9264679395
344873091
565101612
8604589549
19765010391
5673111791
9418802013
23954604826
10528825797
12391037673
6293549246
12821326048
14188754216
8413647713
12136769252
549609439
15352453867
14940788616
22987720484
1194839808
17180374975
7269480624
14564987244
17359520074
7100515114
7409972898
1176043612
11046383938
14596109907
1576526692
8808074031
7133837652
9880918423
18789364793
728363055
15055451828
14052613412
17896173374
14427580449
11875289529
20016150672
13329842042
4539962036
19156269105
15297978541
1491710923
6700311646
7530750306
7830085416
2985785566
19342437058
14969063025
4580955197
685602330
8968359824
12179076810
3140692576
6502581455
11268905557
14941135029
7778038269
21364705432
12970850533
9101009449
10701586210
242806570
7674099700
14606370462
12759198208
10265443615
9684325730
1949640086
8275522239
6028753375
11324254379
1754051731
2505692504
16485250902
15267136593
17487171630
13773393171
6414209290
9735708433
11215185945
6325741554
1604959614
18369461415
6946298766
6826661947
6861601033
3469956531
5062278709
14834200686
16019339718
19800477704
3103661279
1292887520
7949854938
2412043041
23117237103
18960786621
7303644681
2248291670
12165000399
11356835709
4259065702
14127910353
5584594490
21708574466
13277360618
12502561062
10738394887
7386658813
19984181753
10350730568
7676379402
12017748789
7439946021
17417686292
16675087854
7763909301
6340642912
6733099482
19211463972
19407575464
6223566008
14567656767
12434202954
6906979353
15970288522
14474487528
8721082488
18850030520
19488105501
3726975097
4221946947
17560972020
9007729762
1834585356
13927693019
16470275730
6869851652
5008162867
16591139131
6319226271
21953725856
14094361352
759989895
22359175539
266252537
7973625107
10617646718
12122323771
5629892095
8105935507
6890936217
11783587294
1729833177
19227819283
6766118901
16953756012
168017705
15628849372
10555743245
19110573208
11565277697
14605679738
11448277611
15444381526
3955341297
1619519483
484971541
4488036146
17512117113
15978867290
8948306040
17992248793
1196145352
5646468001
6593563543
89031795
9248957817
7327966908
19729125257
11159808760
12946429866
15995742597
4130936417
6583994010
13546140075
10453215496
13115889827
10190745245
20134778558
9272067345
322061016
5673524632
12142169691
6231746921
16165315126
22762583530
6858942316
14714306958
754750740
19493200263
14530990602
7941271247
4732509232
12308756301
6372001304
16113947317
16860533176
18100266371
9193122278
2818687288
10040865772
4701754999
2724181511
5399364735
17197423401
15432572195
10259128131
18284421156
14947282782
6355605171
6255180712
1123908599
14505854402
4621175986
6092200553
4275402068
8351089417
334169778
18169798351
3369257480
7608851137
1443898564
1440295259
9525478665
1793251421
11579022968
7491575360
15852961396
17718831096
4095506918
18655248779
6748811956
9773343596
8074987106
1338242344
14497239019
11490788345
12680706635
21765409215
15273620606
18784425471
6602796016
12637175716
6827552590
2901339414
24925384592
4318849805
23400118458
21929334854
13752394838
12024755646
12264180190
10133389114
1131889342
8312585132
6270056388
15549400631
16678720907
19921527233
4213409437
17730309517
16820005225
19466395804
17305724162
11610559605
6944190434
11990104653
9116451655
10919232984
1564295379
7301030079
58659482
19006593891
15575788156
16863772243
22287952679
6548444481
10345649474
3884868893
3757263760
8715391397
6915833162
964681228
8656612707
1915366833
2535535656
13187613992
18862681252
15378440233
1175457972
16737707887
16457916849
22062785986
10167495248
441225041
4574373220
10916284398
11188409665
2051302149
3307873983
15213140050
1763912063
18294005630
10229221268
17227179174
2628916778
3205523241
677189252
8923321413
12445184693
12674932808
11890299264
7045998655
7470240508
2295712982
2432457892
20047991207
14301450694
19014354928
5936463734
20873676529
16313447994
14818673707
4319108519
11984603195
12587532268
21797194688
20970307770
12602362719
18851252057
5358566057
14906312666
9673792127
16613582614
20951100667
19288238242
20331900081
5745705308
18874975783
2394213454
3712203403
15520537077
10933391357
15340774804
21436783063
14892320371
4927363741
1915909341
1503283630
11803084397
12092168466
10941936089
1816006903
18071013264
12219573745
8206586329
13698233357
10939856361
8170754847
4359528682
17591126106
7862275505
8335071416
6878446091
12033615818
12121979611
18840843101
16045098792
14114071493
15044674527
4741136075
7084877038
2337364666
7257789077
20073038214
11754536589
12798208615
5721234682
16364735020
13270561254
20008985383
7792581387
3248615397
22370966536
6551430307
2079361451
3124036562
3064810640
12991590040
12969685085
8137778536
16361739507
12981066744
14886935127
10579540415
22252019886
7000705345
4314098736
1604658933
18607125367
13817393301
4786416131
21316150413
19729720320
5013076187
20010980279
15571207844
2407210438
18844422983
4217754138
3816146127
15238429042
15591297899
4288327928
8869851958
484229462
6185157002
4296333680
21804493339
20684039661
13779165057
7231034313
15871506997
1924490693
8323561492
23326210643
10882010168
10349739864
671528491
9682960651
6852608617
4235439428
17307636497
11084552139
3149418978
20010026848
12364310300
20813511731
4153589169
14108725557
9047333153
8605858389
19025643340
7605502524
10982474503
3055841817
6384329179
20298256226
12408520850
22752038736
9314872591
19178521695
19231641149
1946650764
6000726940
7676966568
16863661535
9783315985
9696740791
17620436978
15032534427
14965956810
14256589929
16831711267
20016476628
18013709001
1550667923
8660740570
17306848230
6639128918
3457962908
20408368436
17535293991
12238496049
10290057634
8888121404
5237813031
9040649162
4982168468
20682407908
20042113148
20834065274
10643170759
1667895064
10075506354
15876059859
12634032217
3230298343
11202352540
2258764917
17314420847
5207464636
13519387741
8170075224
10385588201
12616372972
17135688507
918311226
4127764005
2219973966
1089712272
4455741250
8140707335
4708114386
3318215849
17075651415
2568703308
6185445243
13182333793
10297497696
20535620150
2821447872
13649450189
3156512499
20668773218
12914784086
9611207767
6258884222
6863676138
861615843
8036146498
13692899268
13062654296
5912678757
7239679094
19403714160
17502244616
536207448
8468274787
3813327620
13700557294
14946505453
10970154497
14039340153
12689156472
1091978483
15711464584
8500476595
22432779306
8891318917
12698238366
12474584939
9416021391
1655654146
16310142733
18362565539
3415730143
14730863703
6172463135
13091100397
22390034186
5503837383
3040719854
8068017676
8441923130
14653642172
23538577006
10388914121
10361227430
3237779254
1012293439
20885199828
10486198616
11034613844
3994926288
17161274963
4638107503
15807728650
13774139893
14340214563
6293609946
20092866026
17263378317
5454571390
15911981476
5853207721
8219833247
7972924252
21944172596
12519205446
15374948593
18993982187
4735607738
10887146317
17399333502
1117567142
3950458072
23551270371
361988621
845374777
1186545772
13609814027
5676904949
2173890932
8491507363
7577077121
1671303012
23491228879
1915835671
12394655796
19029564753
10634147353
1359647876
9929510691
16737547379
7156310783
17040020532
14553555525
5673056287
9117359338
5862066462
512781646
16121464413
5301573446
5329699947
8765998447
13937215374
9156315272
18263402589
2920703105
12769430669
3166232429
5467772797
6451525140
22419586075
609169303
24280636499
19578507871
10068228831
15336096315
321713472
6396563745
19894156281
6971822851
7206767925
9364826969
6672590598
6036020148
917194056
12925036971
9337183343
7315888283
7451140248
8861214251
6866833131
6287880243
20802624861
10993117462
13958748002
22324927419
17481718491
1010139019
23610787457
8638382640
18478927582
12361434377
11959897527
8224384341
12437729214
19882079244
19663404678
11099248809
479977001
17948618233
15632431773
15660131904
19575502536
21866907343
7985279070
20766467521
22683427078
797595636
9973548481
17791553091
81906292
19555519619
7774802533
9169203753
600605647
20320394431
3450401444
15704996881
19453532234
13272780426
23389542217
3726793613
10990585218
1776427536
16148402926
6640311073
7312829803
11930705127
14049550835
10965693620
12574177168
21547347943
50513066
12025171115
12520976663
16038733381
2228115092
3870690313
4094027285
17812920868
23996584406
19954669702
9317946684
9961938275
17144210963
17304625098
6578208195
2434962891
6324699317
23950582212
18033466278
23126314016
17729169819
1481778716
22348945690
24715248426
11678931028
16945850165
13512155373
2325178907
5865397666
6933867462
7882824220
13172038956
2596342836
3065570573
13488384966
120355970
22923872572
18444452572
7335976437
12059678516
10489730048
4618973617
15353530937
20402049372
4771143249
17240525330
12446468428
18349820424
2199167177
11413678149
10544090975
18580716544
6670508472
20245148506
15342212500
11154077382
9498153759
5212736280
792220006
21804129595
15865036353
6364664577
7392458056
7356387183
15031242709
2040251575
19728373966
16206638176
15455967858
6272839735
23679650661
4589835624
14832723937
17821180351
8654753180
14918745090
296868257
8106621671
6507058464
23585502979
12624738399
17744786935
7601648619
13806278870
15705506610
16172942304
1525635996
14711150240
3304769599
3033275364
10476444674
10474549474
14636300156
9289573628
15258772681
16617451471
7952262512
15447935152
11370902343
15208534063
14040751831
2010896957
18063103332
21863343850
15712887209
10195138822
5872041619
17587354685
16403579456
3214378704
961952695
7078412343
21096731845
12509374882
13994453210
22384760609
5496406968
10640066755
13969076091
13227679483
939177147
1819296453
23252015084
22205021926
12296879840
18715708940
1836346516
12443767787
9081376866
19043716541
16012010865
15314386322
18763461134
41695273
2236580474
8521518419
5521936426
14422683006
23858986338
4738517441
4670112782
4573809559
11237183268
2069663194
11652606244
6419549878
6042772276
13579906415
17236938675
20523810955
12279028066
22663629970
5859573272
7977293406
741639661
22751928612
12461715780
18358997394
23430880362
5475318862
11781266460
5914132051
3547202485
8539178611
7887493783
514075739
6503793679
11200630079
20040032169
21553769797
24236897397
17467474239
18192120559
1506283075
23752448469
18020978047
5473405178
14226536324
15637444024
12143045432
12043751944
22177617396
8155838102
13069529643
5763000759
5244068791
14490445476
4590117113
2617490245
16045804942
8207612484
5154169436
7102286282
9215336908
5884839404
4884441107
18031985668
9041105766
8158392601
16650735629
12104063287
15726140503
12595043976
7661495972
1912187359
14600503727
2376796941
14259715745
16122173674
12608520878
21063283729
3407515352
3508091216
14033092699
10830372760
9674356958
15890396518
4543588270
10472764917
4660936756
1228775242
747083248
10686878810
3105981355
8475816699
7563407918
9691872324
8923807783
926939580
14166406651
6325164586
2291949169
2401041686
10693535290
20905388556
4543145292
15314187344
894190468
2182621877
4070112665
13843204358
20719906359
9419313704
6801841179
19061789525
22321349097
14955576933
10396633082
13816970710
17591048077
5041109990
10929925945
19223535372
15960774901
9564153694
14413881335
19105349185
20828219033
9378614411
16434740628
11464592837
8620745263
2425640649
6422931328
5473384451
843847332
7883271881
7691357231
17745014005
15627313898
3907789096
6637832253
807150289
23432307672
4872907398
3662881708
3265907324
8149420843
18807302540
4615492632
3303738338
12996091200
16857879078
14331658989
7539149618
19271576494
2696409971
12749809538
16732697923
4719671152
21722033241
7583993775
13143060660
6499930249
5476802960
13860651959
2867205924
17862152573
10129653993
4161280874
19221159088
16514257798
2896793629
4340757268
16145455515
1841880856
5649566626
9966633966
9239505186
15515403737
17207992633
20549401478
4382947408
4215422287
20947551092
9156938945
5152477444
7956928102
10994728759
3857050018
1109213727
13297177709
16063104161
16249325294
3584255973
894323193
10721730161
4368346942
2448865515
9291915674
1119609154
10559369709
19504050557
23526832767
5053480698
2845788046
21076391436
19339121714
10065337250
3669576426
5570699680
21536174780
16542161905
9642419201
4604290001
5284315935
6877928624
17694200292
11918932681
20563936996
6265246161
8835640105
20500086766
11545592584
16712948110
445292156
2783314731
6507917363
5648958563
23057352098
8124589306
12199096237
20947775473
746444029
14247428551
6601116842
11175564790
9738908080
17588203030
3118405485
10602349875
7224212678
7237192842
3563706202
11099832869
7380066463
29638644
4402800746
1269553482
3984349536
20732384849
3040901280
7304040845
9859136914
3899884973
3875584633
10232954149
23054670962
6783691103
16639685443
8760294051
22099747425
12845599192
13739687632
9417599023
7927484699
7883040926
18530297783
20880086260
20575695154
14852507670
12420547433
12352728157
11404461158
15414028902
4852580653
16474413988
22745173794
9475383028
7757554462
10071763638
4846219618
1105802006
3667765731
8575438487
8600244627
4854745632
10483240286
13919227407
21867454839
6133790297
10721446400
16798014654
4350686319
12684264293
972169337
11730599398
5852401795
460837412
10402152717
19175708532
16139525809
15047142556
6375600054
22637298262
13521491757
5226687740
6233193060
5825661769
412714863
1772745071
18170278387
17573366348
13326619773
6476785352
6551948316
7476909395
471306273
20262226149
10347805195
14695659711
20943750560
19481370616
3318486650
6232130316
14152751506
16722102762
20306404344
5474896114
6369348626
16148402926
18112755543
12283729725
18339850104
12765827483
2021970607
5047130508
2292289962
14182064877
2989327893
14500221963
4328207069
19008826351
10054142725
3575718578
20938375996
1318705013
20648350502
3711970604
18367344161
5623459701
2725120613
8902191112
11511941462
11285236831
14021921538
17562419589
186148415
3598974539
23242945726
3359328759
24785681672
13186490929
22389578330
2347756673
14111593140
23399757154
18932693453
213500498
13363643510
10540909359
12570144725
18848958613
8419042498
1944277245
4078843826
1918079067
7863456210
2814813848
18265720400
8672347991
9659830882
3671850241
21186990588
22395420084
12322980371
7049992544
15472698956
7476516478
5818627705
15686826445
16232060356
6238025073
12269403345
15959363316
15557772122
302180128
8565409560
8844824365
4210797371
1338042827
6859228009
4810462024
6593135277
270311195
11121244244
373748873
12122098007
5378663942
10106102474
4450947444
2586843248
19973528220
4336538190
2544439286
15557538733
2474312292
20813689437
13694452624
9678294657
10178017055
4046961130
12850726248
8325809336
23913259733
21012489837
20804076592
9519943460
8929569777
19249870757
85402910
11586574395
5815604329
479617156
4929134009
15339766949
6638237116
7469739924
6830560200
20044144621
13760967824
5420998225
13165611927
10559857244
6301843529
15741145075
7770588655
8904968931
2218391650
15057622234
21733710275
4809658506
8414405443
20845346542
14019683140
10772624805
11337438627
8061140662
8276411221
16247149737
8522840019
16229686958
11689195704
4028873995
4986846741
3834105771
1900555988
5793685016
6645133781
3234330413
1878115332
13836868053
1833450921
2998757256
13592660472
2533447363
21082133374
13526856228
12711812362
21530142687
16201198664
5591200324
5741681549
14053163845
1682727783
20916875953
8382791014
11678706303
11533330281
10942065687
22501824723
20788730888
14597965376
18379330046
8487413222
12243883433
22926341732
2509591029
6871225935
5520722314
20270817424
16540743742
17663972035
1349827900
21038669735
1068643865
19500424578
18616428095
2065078418
4824523411
9667601585
10202875760
18573323900
11819398281
6120823283
20314830512
2890582458
1692288819
3959045807
10219241506
17456157924
12774245730
11706814345
11472261020
8623521800
14491186460
16039827767
22370325381
13194291887
16948304677
2764612916
2562004984
10966282046
9710793981
4709718591
7719081735
4374472035
13839724918
2248046362
10664179643
4952594998
5843275947
4362349479
20582391058
8207277820
9838141389
10856079729
1469387939
17899255554
16690636420
8203252739
14582403953
11498911888
10258681066
3584057182
13397804469
6261419244
7019123663
11191746034
20105394096
9715607939
9846773833
19566789021
9980300675
21351118117
18511779713
10578747986
22870218125
10032726788
21554794447
20588184144
20108141254
15960372932
190108927
19795655494
10979384476
20720093272
3100858389
4115116631
7576826048
2341023684
23083183461
5947966556
22767908777
9432432966
17392103089
7426585647
6530888493
19969432382
12460813623
20423438577
618032239
14956644340
13739706228
15158391920
14502605111
9265396984
16816808142
7371281333
5516367246
13014872278
5929296152
19874402547
6218277281
1646162217
18073696381
5798926152
10279975024
11289231399
24513741240
4011274751
14887743479
5830958967
19668321855
18428492376
8368650483
7627197885
2965127579
12646737677
11695880238
7200340530
7583820253
23861751924
459581553
1148249398
11419468296
23955158925
12508248190
9007456691
14295918535
1909147739
9307659530
15841404012
1944079568
10479519405
13325285761
3141448362
16641393022
11734442195
12962453068
9309554477
1441153941
12777003928
19103915455
968407243
4904416681
22721721168
411901887
13728848933
4532314364
12863044019
10879593505
2301772242
19703158851
7377302867
8750634952
2933771488
15157346085
7231550956
5134122426
1685228992
13842278711
15957838442
23565554306
10400174215
23361693855
14984090583
7492478366
16370870954
1233446516
13631029154
21730360099
1971258288
3389632871
10834345502
13361135812
13836825797
1924050942
17321883259
19886696893
10554176584
16389900089
4178157349
15690471730
735849899
6620710861
1962850502
10298193978
13842674168
20305536254
2230575355
2012518311
5404279994
16362703961
7870188905
1840695764
19786771605
1265914119
20361306237
15222078241
11956466027
21589136263
4402754148
23640343098
7594560674
13322143322
12520495674
5082269486
21273543079
21499746497
11866043491
13954175128
7842216993
5748938825
16373897525
18898480949
1805202244
3500163010
4790228270
7741355179
10621300277
15746637987
9408234045
1615492017
5337899963
1889564452
21226977930
15939631165
12445400201
5943995290
13332741861
23995432325
19538423708
11117298550
7786952878
11761239155
7833162130
20927516411
12899622586
11719963934
9831535147
2967194279
5849422765
11017629480
3216089694
22314612358
20823317699
6637255532
3710473502
5683929502
9111479495
5451823289
14486014290
22666010120
2914673811
20731210053
13437559399
16276292416
14824458695
138633509
12779009394
22525512316
11524137687
6866708338
19199487230
11508449855
858311329
3582825437
11333368892
17382916521
8978258360
11078725424
6778070548
22462161540
755727626
479503283
10462670549
8293507427
2045355106
19341796465
5502581868
11952569592
16586189909
9262048467
18438030986
18478181628
15145792934
2174328683
11581452729
14553374773
11572710787
14262352939
21794174017
18706987404
559933805
9002886852
9854197179
20511417856
19660749
7404022817
3580991765
4581407756
351930941
6617417137
5260543786
13318968285
1420415141
13928900566
8339697934
12264294297
11904260484
15674140931
16037048221
5569748828
4780219323
3878326020
2389017601
14873253104
6910581418
12481821140
11713913812
1576773308
2290811842
13902073847
17905562363
16516287359
3170680006
18716176056
6004437439
1211851309
18127614886
16039649083
21466765301
21734221130
9374859559
11583089107
3042954821
5649114674
15533156577
15591335935
18247377168
8231064483
4288179692
5492560306
8783896833
2693620624
14463699955
9266551923
16718484602
6485877124
242316792
20577719373
9416708509
19420393982
10737629569
16114273779
10176758582
7511420907
14679000906
6355667770
5721357762
265171737
20584908439
12611837502
6805492818
15478665481
11444889093
6710008737
5019366814
10564812873
24295882976
13101359351
8357013855
4153424008
12136579280
11983197287
23713608935
10395306972
13623594057
3478392666
18628582415
6206780960
7035545147
5884063514
5682979301
10525836392
10109681797
5302541271
599461965
10233785264
2689247993
14334350305
19804054523
18127813194
188823134
9221449855
216365626
16345560643
13261200511
7917312333
15845524192
22314806783
14232306997
14865178992
10475179801
22499010217
9707103064
3470794379
17242118685
880499982
14547230584
4324021636
20472780170
14048106565
824211289
12002814535
12616200923
15041482358
20930720720
7046382366
2934758033
3896494687
14374101153
172161856
19311535716
747083248
4114945745
11371064928
11598502361
7391840833
14386992947
20708672796
16121760842
20109221295
1188320995
11284733724
14413829997
5799947361
13278518515
1235571382
9041539689
794931472
3056690031
16792881446
14382388864
8848182659
16169931414
11619584493
14129651327
14586630696
2834071779
8268481857
9692688553
14749510231
9165576810
4410387774
20405979797
20233306489
6696850956
20863541898
8416338519
7529171812
15430945141
10433722617
8191181458
17006641974
19505272127
20226807186
16574966616
12001318836
6361533203
19293965214
19765952834
7274517431
6813232866
20154502874
4242241311
10487849048
10698227915
16159036836
2109019795
21819579929
11909278040
15440593864
10641735119
17535130720
15177895956
9720285921
1621401320
22006926563
9472658095
1895637717
13004021768
8673538069
7356252537
23575687494
7965562862
13843563631
13318549428
8832950399
1521195479
9512361860
16547009744
5584414289
19373106842
16878390865
4023178378
7972629119
96651038
16155292404
8133545504
3435148181
7807950319
7317923046
2986941538
13185058019
21765196611
12698438225
19685354649
6324391868
13405123253
2611395757
4620706877
6032570463
1627252288
9746995031
8798013263
21640275
3893320689
17687228231
19007678907
15558145217
22109617236
3057390935
3220157589
12227804214
12056283792
1881231701
8765952084
5889364893
18787442384
12650792843
5698824613
10428502697
11780947751
20946001847
832536458
12416508817
16849620181
13701812066
15658523238
8261337839
9325108459
15395853954
1108839213
5965966394
2911721374
2224506603
22653675971
17183959011
10185969598
1635144136
9524734316
14279121832
21440985300
960047042
7358102964
2640939983
233975261
20983549660
17828683845
20068872324
13545784136
6878767665
3398273162
715574278
5700876626
19322095186
15039302277
13770320770
12685502845
6072846028
4248709755
11051910304
12667016534
20053225109
12736176573
15414388842
11351873785
14462943169
3707514680
11987881489
8061845501
7686725110
10526774439
3591425595
20351273256
2558959582
8908146810
2098876095
1021773280
17958102058
5234168553
5779214398
14399813001
2716685479
11412174621
14572634328
11089051510
16126194619
435436689
6765227343
13488279460
11893678050
5614332710
19598964948
9332378668
7982429656
16973425644
15217212849
5948747971
4238333599
16799071159
7836019590
17114458212
6795330527
8625638240
1013313580
14786600576
13933465191
22206034970
6892588800
8064408557
6597295260
13499958178
1732006881
17110324759
5707698429
10270840658
6131069185
3945303764
10779167313
15448040166
12890980625
9989897736
22905021734
5385585462
3436968695
10932029799
8600244627
6414903998
13842629841
12725334540
10531599087
15857597830
8826869684
1473034381
15200474025
12307862427
8205006274
10658978659
10038882531
22526572218
5120999411
12875567743
15640303647
2568703308
4041916521
14848039127
2845209774
22582718951
2777616098
1340996432
9666482874
8496673550
6080162517
2765312977
11152781894
4030327914
11004409888
13629868809
12308682658
8379443326
3463885638
9023906785
4544290408
5341026765
1599514465
6516448408
7529171812
19483250402
22968073314
17838191578
5755464954
10165445584
3426555631
6679717521
2902811318
21909394925
15758628221
6989577033
19057261812
3331359052
15586357141
11744980471
1598626922
9523948435
18027417702
2214001819
3470218332
19724168374
24534560347
24148271914
10059667223
17645621395
8326562902
2034235384
1150431177
13455639952
12194154431
15348427629
11352664980
17416482729
19183327327
1646736306
10410064178
6704247704
7329840981
12532498340
9912925638
23166757209
1182613782
10502652920
2652138481
9416844607
3471110938
19813978377
13444057677
20766008506
3711892414
5315774444
1705381315
17484654742
23979198384
22896684699
12794621133
10950145728
24694916999
6358723951
7890699569
24041997218
17488191953
17733244794
15226113383
21430316183
3916189004
10682302734
14049920405
19388101478
19450483356
11699702883
5600267410
12535747006
15030931689
13940464116
8057945975
17930351730
9586195421
17193617636
22771925292
23068675717
7577792546
14920380679
20214735403
13349514774
16158212660
16745190611
17037093011
5661935635
11541650255
14432934354
16609833447
11848186277
20699181126
620281072
14983527826
3241986318
6805007825
10135822910
6761939651
16331321911
14175385541
17082428099
22622281789
13379684531
8666634622
3039741604
6158806068
13840707269
3904133401
21663717361
7438991932
21947159227
4459533185
3594210753
13184226351
3098887850
5297298482
5163922105
10046838690
16942582320
8722021199
10117295679
2117894386
20851782865
9988540648
187394333
10720676842
9568523278
11334383783
19948574899
4632681186
5550478066
4405127620
13426106000
15385600921
16277146955
22009404904
8572251030
21667442995
3586631504
9972232744
17626693695
1007527387
763836778
14077891319
8056132942
14109087904
14004058266
7889857418
8631438854
6172463135
13977924201
8013188685
1877461297
18600801874
21457504328
10822777935
8586064194
13329842042
5563664223
6747741819
4714597866
21193089719
16092085685
14679272532
3055643885
10525914113
1029292804
8140535809
3910993890
9095917902
207618337
8531529113
13183751774
11764856947
18572846038
11067734196
21470149908
2105913375
19517382449
20604633983
19495707442
8242150953
13591897086
21284273735
19495426072
6830560200
10975649778
19960257805
6812791305
21304242771
13883594459
512871382
5829216796
6892148619
4339640698
1125534226
3359338909
12198177662
12009505440
6430608409
4708216199
15647054450
13325990129
6040397700
7831898389
207618337
18808961346
23954002471
20948677856
1181366992
20421718466
460039644
8029765391
11347826704
10419802426
7019479783
23140527165
19256393776
3083007254
12666623016
7392980404
23020970730
11073400595
2874044881
703775952
3833307976
14319432488
1288476470
13053945596
8479626060
12443054155
590935885
13247380062
9651072732
10156467568
3212309385
13513136109
9993329163
5340554438
23401487223
23166796391
14336685326
16103669330
14757019898
6596983966
5726922357
12004620234
11674620002
21329837685
4200302659
13407496290
4266503181
14909930654
17834257271
9619721810
1950006095
4717223631
23059181321
1931081562
19531573954
12882357546
5476641668
8632865240
9237030519
1466309582
1140190174
11070396894
13245948671
23782771349
8009481781
2852878524
956655003
19763464394
47348539
12636193646
14688818962
69015405
1206445068
14770131935
14370582363
2695391839
238530963
14192138400
14923933646
16552280745
6419549878
7020173496
13979116724
20162742767
6167339835
15638441065
6751271689
16613720330
7868712746
12487177398
15287003174
14380902827
3293448439
5986254813
18801875321
6922067604
19265608537
21148798182
1561183798
1889977711
6071914644
12005014110
8335187771
7590691352
2361250331
20756405860
21124179215
2588960671
18743147968
11309653402
8958167928
6387166480
16266583509
10620060225
20171390464
13083589156
2073283670
23693075015
13690861741
13585568909
2462486769
6320228156
23255184514
9944706351
1573346947
14446101718
19509384616
8372970745
14435874024
12160636754
19254679350
12370205492
11865167841
17243939885
5010924946
3965922768
15627744837
6227219961
6787917853
7300710518
5157211303
12158303949
13789221296
10912964742
8549908505
5886588175
2232699469
1327992566
12941048940
3131794154
13621125987
4784261392
19828744069
21258473244
408193829
8235657436
2937812268
15749367856
6703784036
6792046502
715928763
9704969248
18807603204
17454668542
9341800851
14283986301
7298936618
22909764028
20456225821
6661767195
3019616990
569153741
11483123619
14567992909
6493988840
929965789
14760403375
18338894372
19199369136
7964131341
12505126952
16748368304
7469386105
6451624353
10144772410
21092324800
6305007974
11716711927
13801660158
1943762066
1845931425
5877165844
7044768332
15684138558
197566087
6463685122
9729164315
13551350475
21631113642
23331155634
1887141715
15448036339
21984593746
11340086599
19946699179
4103722988
1182612087
11771203678
19266652867
16323355440
4321110950
21889784144
11312774353
18638283937
10990108113
10009329175
2318934290
16880552776
7655136595
13259497165
1340761517
7120193299
15215370275
3704406889
2694109274
17487734679
11826230972
13215714691
4194806717
17230921492
5004744026
15006997655
6484818259
22962978654
12395435502
8987750474
2968378530
14429829289
9356629679
6863953593
4976677561
4982991086
4713403245
4321544021
19543195191
11044270571
14224111928
15499268227
19854754335
12841192547
21990246054
9096564942
1400568851
2981822568
3548679958
17008118045
11241520648
9653296907
5467772797
14669242647
17970409811
13951184228
22797382881
4914777030
5773916038
1363382734
21737478101
8034504262
15095911393
1326621882
15629043414
1185307437
19949700544
9724056086
5502946305
673895500
17350487766
8371663871
447975497
13272400524
3841552125
16054912672
5109978105
12073523646
13288259284
14913106578
13844046579
13661560653
7726033649
3932583923
21256774114
2527105847
3443342370
13923364541
1144691076
5299951969
11223728134
23696306507
692117255
14499075658
16019367854
20950963772
16462864190
23712983096
4404369952
9306960209
3590765960
1735019810
991204447
24116048905
11794696321
14253524146
4005905728
3922819506
23527008994
10047232554
5270929811
8879770112
15277884310
1571794932
13623594057
16223340698
5638293500
13627954364
9780913038
3148166240
5438362209
10243624067
2177477710
17126215066
10359658348
11160675624
4928040068
13499164981
23026327470
8272543767
3312558040
20076807991
21876553988
8686323122
17189614283
17380127903
9693491183
14626474846
8240934713
19017761514
20291635173
14028112555
7981351881
16566725868
14701809788
19407512132
3546789253
5110686985
10885286080
14762654165
5464799969
910938437
12802373958
10498778131
20588856634
18123237041
9435640019
4982316569
1940798281
20503389973
16011071548
8515727094
10649829570
17116385258
4636560362
966012903
6452401744
7508440056
1891902815
636239648
13988818712
12619618667
4384869992
17177141087
5788690925
116389124
2818973733
13504566685
3260489503
15303659264
6033484970
664324184
16922207248
3532336634
18975262750
8129414947
3728635082
11796320446
14265775403
2330910639
4427272529
18188571432
12880640420
15474747855
6535441497
14071868104
4033087637
11905345073
6486528572
2995484843
19066716008
12219360259
5789702852
15883100402
3785753515
3978709228
11224273039
20776941718
18448147146
12930742515
22089271607
5472812776
13545784136
2992903118
19929476185
18038829088
6541048668
10102144228
10708526584
3043974608
9789259459
7479414784
6963982950
9216419515
2278759025
21436708868
14411058867
4532795403
2528176727
5120525036
18679102210
5848033540
6292568156
1564135657
7913480084
3684894015
22036173151
7839035242
6042738100
9770313148
2472760280
18715083003
24580582274
8808074031
23928611993
16928931775
22472728821
3830931266
10163238681
10141526568
3951241585
4407900490
10655819718
412185449
2682192638
10666421456
9579132518
8107900307
15771343065
17423868885
8803224920
9018262857
14153017747
9874216222
14034549653
2232491675
5118311227
703681859
255432798
5963883225
14871935179
11048118429
16312128426
4250622324
7837474917
15733294925
16452891587
10483637232
9941849225
12688356300
1644789135
18897544208
11490694389
11399706613
21603573637
17429312658
20417107641
4807429296
10374417464
13970716458
6539973375
14436155042
13941740494
13680038804
24096852933
15467024473
97928727
8048815131
10473956051
18750618721
4009146206
6313285391
7478157085
6140186828
9481923000
8464099547
7600568948
272537422
21830380896
18205087403
4883222573
6017876159
4663275919
22785657670
3793155349
24578397949
18938675815
23384005673
10333849076
19141840281
1786165376
4251729451
6452391854
2225094985
1353657714
9298607260
13169245216
3547478001
9189859729
3001264391
14887192709
21260996350
6485184692
534082654
9432514652
2231890094
12667755704
13068573481
7578679831
2782708140
23204390721
11981045362
18384010882
9473065429
16016801033
1381732088
10253647967
185034350
12280819212
8398763635
17234523803
18996242015
8573394432
22476993842
11874446777
15268031492
15538657582
16071503545
7993598067
9273213509
702175602
5193220011
11231374426
9787495132
15707558586
19857409310
1025608310
5695921024
9143367745
19440359083
8785658611
1039754252
10067302361
3625659097
9109985253
16291182169
4810462024
4251023299
14911116897
13937343432
19100347842
9153069996
1147586211
11207288683
20269552730
809078085
16763527078
10622512590
7708613155
3702685826
5014113351
9759810104
8903534120
1470370609
13386727232
10397002337
7379396900
1192190349
19499306208
10813640951
8580931750
20016150672
20973758773
7478134878
23174584685
12337038263
5703592014
12385065579
15431914603
3067749625
13714344304
17435061293
4152140662
13332862861
16994014043
13342475045
10467514196
4257499455
14037450383
11535759451
14959314580
18179680842
17165500536
6335633102
6636622450
6247720591
11545274618
1840550245
3563013182
21851497266
22079554978
5774777221
12587822895
2209874457
16198716894
20934528497
4727510387
9671857190
18973906765
11425683996
7145530683
3656927386
6565530964
11178342929
8582333483
197566087
2098976888
16566259504
11533101486
7237201983
5465389226
15951948679
2099241554
6364140008
3042325939
9773873047
21156467188
23104050116
811277771
9214620125
7436890498
17771598953
8776986363
18506891147
10794895216
2209139140
23526137395
4740544907
5167561179
2919436136
9424936342
9701838916
18811365540
6635669190
8002375853
2784972429
13419435964
12915248512
4548009636
18395655905
7400593145
11032200142
6854647038
18714920576
14556533875
11488554886
6777080208
15730115679
10019826059
14466057373
11540582997
2017448988
798315131
2599757772
14886047257
9006379367
10525189038
3994783076
18557380165
19374399678
111882145
6502026775
8967038485
19141499995
318783200
11380385735
6219497465
2404236670
12705245708
967583645
2987413661
3834557305
23587167706
22477979689
4062237468
12637670092
20983867387
20740513890
4164801717
4890628468
22652844393
18276277601
6291302178
5523339354
8793632886
16992135325
21194483817
6548461488
20800354212
6822158322
779400094
19965502291
6172466588
23378844648
6805156972
3729961803
14659793842
2078500905
19139712701
2778570802
1556944877
7101189328
10107101524
6265683597
7197244897
3099490580
3824022821
9068793939
964117542
8766232781
13484465734
24429998250
21381022786
7553378177
13908943346
13663498540
233975261
14562251956
21824587109
11232439190
20575008612
2177472650
2631452715
14154824181
10007055110
7473045223
23930058445
9887509424
12579023978
5641005528
18850991536
10314742303
19184261704
13118629154
371967475
257059908
10863920394
16005464699
18335827617
22268526
12514901731
8898686053
13826234360
17492067823
11186517839
7588412831
11933676553
928807669
14424217613
849154486
14167214973
6103131060
8655578148
5725644964
7431286434
4596238900
10001445668
18192741279
18250218970
11818954884
9728068915
6337614060
5237358467
3747373366
18900913088
15687388462
7355633099
2625641188
16778099891
1621837132
14858360626
22846754221
5005438603
3815957292
17430908141
461778155
7972889691
1777228913
19002050625
10973744756
5154341587
15810655458
22442096882
13131662601
5079452356
20976457479
19967247516
18357248172
12831918499
7529343403
3524970699
6733613301
11113882981
7477176675
10055543702
16361688151
18772844504
9539415806
5474000993
4816507668
9693538700
9302454633
6639806848
11939587475
727689828
3460774669
8489845725
15527279071
8317699147
21861057259
13064856645
6759769944
452715906
9901406598
23201765557
6032627468
12609877721
8539702970
2036387005
16709306133
6866708338
4415137765
13737482019
18329408106
8240260848
11236466159
11200457711
4684721331
15674140931
24308320397
10487451640
14645329886
3178151714
2607970322
13431039120
21868047093
15497696041
4318675102
5183574307
18765385157
2305486031
19042471956
1541812390
21543764748
18746718189
7399202099
18306163998
21525265743
15402620890
9875997701
5624401691
23153490606
3602002642
21149796140
23037575267
18957457134
1821811304
12506938245
1479466242
15280306634
23675885680
16039019620
21784815884
13141870935
13417381495
20247841820
16108778220
6651451153
24275423691
11678883590
10666080350
16988744224
9201877617
2514349991
1012731672
14090607558
21096731845
23197951551
15583601142
5943826009
8477326336
4651303212
3921673003
9273028387
5023939597
2177073192
3490265207
13761377677
3319358970
2779278040
7329485149
2587663266
7149472308
6365046464
10389818827
15316918110
9209466500
4640972241
14366320135
21092816683
8403553457
9969401257
5420464677
13321440558
18990869721
15472052480
9096500381
4676939614
23054532809
150084509
22707322649
2410879853
2723320939
2315360293
11425035881
18205176727
15476813872
9929210233
6547675642
2426315917
11178083333
15451066262
15420311693
20928903134
23660490414
16335232153
752771248
11298098570
14206178461
19819082178
20174766492
12272198310
5697897923
8056079156
8269948348
16862783763
23765805715
5528926761
1568099124
12093694164
5166268442
5865865386
14485068270
6032916415
8486116230
3829148321
7106345182
7368550140
11739811155
14032874972
13066129985
3014544185
12356395503
4890793658
10286890553
9089542704
16961320997
18628009938
2738465895
11622398388
3948862938
2047509699
6971939832
21764889907
6925529092
4433637580
2939313370
9873916028
16271007990
3716317103
21700572601
3492182097
13956573219
3264464214
20100580157
12307989080
9318674346
18198322490
18639047948
1674608149
13377770659
14053210451
7205649085
2018686935
14747414093
8986749277
15551661880
22532049601
12864597673
19995454266
9693633091
450647957
18967306661
21050988307
6637588174
1888161695
7414447477
10098595801
10326241178
317925517
8722301183
15658192644
9481692608
1483096041
10425994396
15492710953
3317762973
9417558067
2241077327
8866755996
1908424586
21073467230
7477966614
6093097870
11143388515
22099035519
13848329987
9658646460
4021932139
7218915132
22229669799
5761054951
14618623200
15872772183
20078339030
19993400776
11753816220
7215680761
1418563078
21668168629
1012632215
1489722162
11492050343
19002774013
20508341734
18720758318
11715732243
18163801842
7086460189
20945603525
13816803281
2148910473
13268296199
17931639229
19153393166
10968145924
4364513047
4189205609
17898184148
2018553658
8576761892
17748686603
16787129926
6224565874
17098558643
19071623065
9418673437
3153277627
18764731400
7047413703
1340753791
13583860521
8970479721
13881104637
946746792
7263626452
1563288227
15489636696
19988618861
4761459966
20707966574
17634371082
4684881515
8214602248
6621849523
16508096954
588354247
19076877384
2965320761
5750633235
7719502143
18511501333
2213983449
1178846118
18725142200
2161352230
12413276695
11354170385
24064367759
20316358264
17040396304
1987587278
8256273270
681905489
21607506273
11396186088
10394919027
9336681221
4319108519
1703654925
17428100994
13156421594
24625126299
14797337085
4817619669
1821811304
8056079156
19929416719
21198325272
19143602120
7137336040
5407293757
6945862762
274695980
22649219601
11060955055
19381750689
7413641901
6980441020
4361751372
5708354862
3149449052
15649723955
11459851057
17848610182
4762246182
4387097313
7069315172
8421205497
22502233173
15696749510
15592783806
20214577265
4210249587
8923094090
1132818258
3821185297
15553001180
5487884225
11950364234
12919216998
17167533824
16223340698
8838588211
20054859697
8496667122
16734535876
702735045
17267718785
12151188134
842532844
1193062475
16468246209
14350999771
20217831709
18193971674
15212969372
13559498046
9095580624
9070750060
10501061823
7566624320
4027598837
2013911212
5769777699
819534868
1361183066
1403564428
2360201900
11322451516
8376218577
20714109220
963967097
19519208556
3880470166
10581794397
12153373112
21664423667
4227212224
14197317497
22799700724
10863817939
10826265477
15810391675
746218094
131038926
15145773854
20698302100
10174444319
5616178090
41695273
805432729
13591751822
1109213727
18968309204
18932627333
7156800954
904461415
1474134015
8263440427
6101188410
7175130989
7083602337
3961355734
3236642171
8806861723
5282686233
14385272529
20542206258
17864214286
621102445
2738786527
8576230202
5343274016
12980765969
4042854943
18131511698
5617549811
14189707914
14777887676
24044305161
5988487558
14354946437
962249404
19697808728
6195521313
21131990361
6270762226
12570047598
4949299156
3149905945
2130252529
6254961381
8805810973
2660051753
13302112259
24370642673
5891816596
15191029536
2209139140
21420018282
6926553542
7992844377
17088310785
17724084175
5487125342
14683201547
18819166321
2745037666
1684891401
10227065417
5099016068
3202110586
2581250146
23171306508
8298677533
21249310071
18207825329
7932152677
10260625513
20626703869
11951135635
6079558102
10244149545
8578223215
13150998306
10268820184
8054144044
18511566899
13391139950
19931778396
13871762592
13518485558
2288729733
12841709737
4151355658
4279333707
14082394382
11875643463
3881148991
20597706655
24516261993
10273653428
16994509117
7107397125
12482556186
10807500001
21436230101
21542399839
8632494114
7177690801
10638852885
10529659561
10793917426
13685685888
9252951802
2972416960
6772767398
23350884961
21400153408
20793675193
1517134904
532416286
13198844719
13707776805
16657501117
1917993957
20400665234
10830023598
3137559911
6737642155
18120392252
23588624456
8958718480
17666702365
4726636017
18846907863
2998217196
5049482867
15534485977
21430083602
1359453714
19472756926
2985202744
20595853828
10442237058
11259044878
13001209299
12754935195
1544907782
2367629551
930938752
6896605934
16472946240
1091732548
9504433701
20937821255
20809661218
17838957809
3906916849
16065386438
7311667263
18355647400
17952802976
13524776242
7561839549
19820934620
6173334561
23668250673
2609705608
24848830537
10172049842
9773083194
15261065825
24324845833
9625611878
4681815076
3948862938
19135240929
645629005
3411138680
1833884988
7879197561
15717009306
1580806409
16303129910
7912441158
1374827208
3930467371
640766717
4192399309
1319992846
14954972865
5998256040
10072964429
5242901669
1654784244
6805007825
16149556590
6124664521
16768861298
16732990155
2277736644
8105013604
14436090653
7948625345
10091057803
4650542471
9969653919
9256740241
15584604268
18134355349
13228447318
9262717941
7450670297
11380209530
6213628019
8970397931
17689303115
16178135043
7634446357
8808548421
10443029128
6257767333
13530017147
6413579554
4572092335
9456445315
13420620840
12661371082
10693259613
82317036
8022558347
21458677084
12383665472
22120330871
9870968844
495904614
14960124587
11958258624
10180528789
10515223303
968407243
9544231615
1620106194
11359355277
822060372
20944259054
23272482924
18347125486
255862573
8427427044
14191959022
10722450189
24677948028
5609664309
15075719749
13570262626
11436998973
9239668280
17483074686
13018286570
999113962
16700889008
17136581229
14870167604
6512338242
8740937162
4713902505
9456928845
20806264323
3916189004
1917330496
2510852168
14190102971
24229262287
13540920667
3927424164
17416103811
13014303693
9555018256
15194064264
7287887787
19343769811
20170240456
17591026658
24128339884
9241611473
17124786253
2113367259
5383383017
13988471958
22094865923
12064904190
11591903825
2452453670
10532795336
14596715337
15518848487
1074304061
11412956803
4890035856
9506009006
10822079770
20617954684
8414919891
12228781105
14345867863
15497108263
5032741438
3850067361
6730389098
2874668136
12295071131
23071637704
9341061987
16608444297
16160295458
7543218383
5288715713
11282639808
19943428876
13952991390
7611716556
8509574342
7436072225
7288024393
2048298146
22516705752
17904370345
2425892606
4889331320
8027192392
4529765837
14380644554
10220442659
10762152640
1835717928
8285130671
23592971122
2950741520
10356861463
2890684014
10785068410
8468274787
14822225627
15553479348
23530274400
16733080048
12969417645
476104190
4652847537
6231039257
12710976286
17901536998
23717305983
5672813602
19674957024
10445493022
2082355499
11337795765
5810976188
23175719777
2353157338
23366909526
18527272948
9237475537
20422239198
14188106110
14303099459
15220929426
23116074279
11983872236
2000800039
4572462230
1448065727
8501328052
10741313250
24079844024
3705994601
7676912536
1120958739
10655522182
15004863857
8559138405
10537487747
21406127861
15253597081
7487743516
102774771
7348322891
9003096933
10199399339
18462059660
2795161248
11682683420
8150485415
16352899131
14422072309
22564613358
16642741836
238490538
10862727403
19157691393
7091076107
11831784425
3642015397
15500819003
5492652542
968565916
10471586127
16314276856
19968744232
6089631479
18460352146
13418936031
6951817240
14949707376
20264474558
17499742552
1867538317
3402809984
15975373905
15819721490
12963253665
4608295674
16669375573
17200278946
5218048089
11037474339
20962071812
10256270948
13370508127
6739790854
19597696426
20323995537
96544426
21403895234
6971834184
16419051497
2760080256
2379195127
11916444894
22925748559
14120506122
13102147969
5066482716
5245955115
6916455228
10711365454
4130931484
19139883467
14559104718
12880856429
13055272715
5629637841
18859308661
18756964043
11529577141
14860388202
17466428333
19456821522
16979230773
19976736067
18522019271
7855018071
1541473192
5473141017
2805562244
18205700455
11386947902
17867098183
16063038178
1082929240
20509699108
7269109046
570222052
16449113467
14088788443
2170323697
16092530838
4810858785
15857108527
6938928416
20360065546
17429001458
2284017160
23627291616
6118728060
24102590085
13991490227
7186216863
20567021089
2438823869
22707802795
11812497539
7312293730
11529039545
8042481203
1084571973
8727851668
12141443215
9729626571
3061039653
5378663942
20274417850
18903154111
23925274881
1653875320
1281420236
18500635356
12445489388
2524817383
8253441679
11499844190
18680737520
12571748325
11236525336
21492596831
17928855151
14679115830
1475128395
15540374702
12708534559
9644710685
1635467174
11540918775
10474562496
7111159302
18577280778
2368394330
4706265142
3902424919
11874295828
2552409811
11447461249
339847326
20453029919
7011625986
19324793233
20134254116
17334720123
11543675014
5982924325
10176577374
18732554160
12748526937
4732896171
14983651413
13645361767
2412319218
16631447448
2749071491
12184824330
1776995878
18390497648
16550673887
12973043529
8904735416
11618324011
12049345655
10109465574
3203548424
5066175113
5571408813
19556943434
4044225518
11273291936
9061896978
7606705565
10475792947
24056858332
11638326044
14352175365
3910993890
5923857587
21145944760
15814072789
24156041890
24562535818
12875509224
9377006613
3632126856
12470517044
5169367382
5464439152
11046800797
10435208210
22000411689
12414703124
6083130163
4500586429
4071786949
1887333599
5976346141
3332230250
14342816926
9712070917
19231240772
5548829148
2120788207
19585228519
3728260405
11607878146
7755430314
7059155984
18291981477
6797149465
9673860373
2228212157
13870296889
7831536372
1107554414
13502163171
19963565625
9690321880
20958342325
23992961328
4151355658
17747265457
16817563905
20102957716
18506190900
2824571115
10330949255
10893220060
2613914614
19207133348
12057652498
1535439433
23169229656
429151185
6300510935
2722753004
8239014162
16531172202
6215815412
21379562271
272790226
5278869314
15585132751
11338786931
16698019586
9205082397
20180479810
17231561869
15166107916
23923719302
15770275274
20150191352
9747943026
16092451129
2051884905
10356368847
7464476614
1055520952
18086783977
960931612
4536257075
10194586614
8836799486
3454280254
10354882808
16509806362
1207301261
6926315732
5947395648
15328111183
5641194961
2891508270
9188897614
13276153550
21804860723
5473042331
23496851727
18462572730
3801166159
2898163557
13623156299
1848465366
11385522895
3548450585
12411339085
15346528567
20000744320
10564671991
12771584462
1400513400
1374791115
14446389833
17808255235
13523267974
22817837221
4165760944
12127622352
9017454399
2042120799
16516343962
3729112903
19476164514
7789000490
14669523591
2579309237
4772369820
12769789428
11020539042
21132030828
1321857147
1457088176
16682730126
12505915281
8500591796
15710282100
20003786566
16310142733
7046304026
17151975233
17417182785
6740005662
1568081469
19869365791
15775010191
13770091824
9430443633
984812630
3601387378
11175923251
6006533309
10633369040
14809676820
8239846859
19504195889
23642345862
1685083518
18304234948
8901794827
9922820157
19886232030
3778319194
10607642381
6773538265
15974712847
18933825987
6601127200
4526885316
17727414917
18451719473
16490942720
16762056712
4572037860
15931570156
12529460386
4706167498
21013743153
18246879157
4701619400
7187210201
18618841889
9269488166
3096808127
1710262051
12847936801
19383815261
19106842116
9463896786
12668844480
18276697694
5805317232
2497399000
19021426869
1123712298
20117194907
2472923745
3693636720
957572496
6886743014
19937517335
9238117159
3944244781
7477291234
20764969206
13362201322
11244118013
9110056181
5761996336
18873994486
9332737892
257257518
4117720981
5435035502
2374549764
11297053798
8293218379
23795657558
15892133410
15749479339
6354349445
10798474448
20649778703
22951617435
1983686208
4784355691
2686122227
9238195549
16542178876
338448538
22465191209
5269738249
19224874712
2805329314
13228943957
8612304852
12327669794
6061258686
14354710169
6912245408
4960814300
20564314836
1895060530
12801007412
12999734164
5422635998
11370843560
13678738418
8318349031
17182056875
2778876187
8920788413
4519817561
11779909355
5774779385
3482706144
13474196436
2519497955
2897190222
4939033448
12261547245
19864734759
5942297301
7380890093
3052175169
2758617342
12489511915
7952387956
2491873826
22335164262
23276412267
12051894177
12824609081
15474844375
3704884333
19978088685
4966154785
6228532481
4212274722
13596682369
18271482434
13930551230
21933075331
2556606495
4683712217
2401006588
20616117896
15093833679
10390044516
5578600247
19266675315
17494697266
6999265861
2950369508
8723640628
16474649334
14740604229
8436176341
16108349822
22347397453
2328356149
16701099057
10886284717
7479465694
22903925960
4424189967
2519563335
12258863597
752013919
15954800691
12993097156
18277589572
3149680678
14974893727
12615842944
888711112
4540949723
4385373262
12776959065
2777760286
16480843896
3601562810
4974659424
17019031782
2732421400
15328625600
8863635794
14995797386
19419936014
6479115406
22839448372
9919585101
16179761295
8534131868
2815399209
16229737428
19494483937
11338771340
14019043860
15633379916
7335855187
3656338606
21535690700
2872062858
13018286570
114875499
1359249146
21488000184
4213409437
12696527793
10342137244
14437609423
3137054466
3925086153
16731211201
22459942643
19453351728
14679272532
9405913880
2379195127
2452792326
12637217304
4945039235
22115373737
7045542709
6614752654
8904542182
21267254427
9020616609
4248555142
21948244120
162568322
3891583077
4653011301
7437850743
5142395304
13841646008
9079556276
4653223698
23129012622
19165626545
21074507527
466507071
1573346947
14566485847
513382689
8558653114
19537864109
10090289122
16034561539
1311183763
12127500926
2893009467
19834354553
18820797957
12926768177
3665382996
10705652466
9361262012
9707142393
3023703480
474527458
9928886567
3601662778
9244609071
23919784561
537049570
3698499630
16723732195
13927985069
4793872259
16064635312
23678798640
2961371139
109550878
9990437286
10603720747
4263534347
15574240476
5381436263
10819281416
4275402068
5182808167
2450786049
1988279592
15621769109
17019379437
19148921778
23309357351
12776329701
9291706922
5662911239
10575269724
11308821055
18912221654
19258935373
15409483272
1883510033
17223685452
18594485820
8874829398
3089332186
18540452749
15878016769
3802998886
18821187501
8498174332
22658540597
6215316671
1611346941
6688143587
13629445845
20905762991
16828892348
9677602796
15423563433
2071388015
267159015
20540324510
12500625929
10939049747
3150410703
17037862207
22439454770
10935685896
7630223070
8372478536
21885866536
2998217196
16423358462
5185151162
9132577044
13101317452
570817944
13163957161
6906010448
21438232304
13361240009
22354408997
5898981229
15601012627
12407969568
9431679847
14848657226
1634620066
10125326169
95802261
9675627846
11361951925
445832542
14596109907
388870771
14726599058
22751086233
10822028546
9107535370
256935727
3552031705
4872950179
4364486610
4350728867
20303779195
6046890865
2586770841
130897177
10443826972
16575878804
8692599021
2013446278
18420590826
540221888
12840601860
15336445716
6093094046
3193271862
7984291053
5623080966
19953788905
11706012769
2006094867
3899762204
6763343298
11059251857
5652428329
4781922363
2708834388
117070829
22369034313
5768102763
8631803112
4386676877
215693291
6144911598
14682607156
2805060641
19132765029
6202713167
19024764377
5263381723
22924570587
570216502
3318378866
4290330160
20233815089
2611395757
16003470458
13442864058
4705485456
11308217810
6850734619
4724036294
17998560860
17170895118
9038703623
9218331916
6810659445
3065558385
8884067772
17748686603
4441438515
15099499405
17101817468
12275558141
2525748687
2950717748
5271605519
1951927829
1546022335
15265922210
19360433804
6033483810
15000577813
11604584691
4967111178
3307920822
4951843364
16197327791
9480815901
18538540253
1182850360
3728349607
2954964600
22413118053
18319972863
4999582710
2380317738
10204239519
22831104491
8803808099
6981294009
4895488040
17526605055
6844479628
22884803383
5856036858
13374886579
13484687146
455009092
10982474503
7512112271
7276409963
15126998161
18947838361
24012609722
20324398455
8486103497
5048274560
2170064497
9387099864
3089542210
23686564229
24023830897
6300126976
18094025126
10319952800
3308747201
14383522016
18042391561
827582890
8997991307
20478586420
13988383277
7244065356
14563346863
5662739512
11660080156
6733380427
639363275
9357549077
20431517477
5245955115
11673765204
15629953460
10656727962
16565768979
19697381485
9256852674
1777448409
4279232245
15730419552
24004094980
19782816107
6574714195
7681624512
15862096937
2975857721
17685877408
15557547658
14432417471
10765244488
2672372642
16164910102
10246633732
10655215359
2880210133
6726218882
18043498489
6201596636
22590560075
741315929
17677101693
18590360146
7785197638
9216664834
8166665933
14867550249
10491902928
8197172148
4968696671
10475563612
9820449751
8358411477
7649145143
3711020895
13407178945
17379078535
2412382210
4573956727
18491868032
22002633876
16059483390
19374428883
9284761060
11267701314
4539888410
2238173480
13638549908
9202280838
2018937888
5315469453
13604760989
139210827
17590583201
1305293476
7265177644
1687247209
9377006613
15457763861
22940115876
12960336659
8182074311
9792831824
4287742254
5561028938
15100741264
21844510005
9250819434
18296969718
11484904412
10286752699
11531297475
184907523
3705317194
16236089443
23438537811
13470746682
11953024841
23609558212
1165020555
24863551393
14019683140
9052152050
666376252
1923285505
7103241421
19427526915
15030574397
10004402167
2176969271
15512298435
2420440638
16140631730
8089381988
1335873593
1355841605
9222253338
21933231155
22910829036
15181080303
13542513953
7356676678
22610353218
13050914109
5629791427
14273877285
8914121100
5504313329
15924730651
1704621341
20535323656
9593833998
12584914098
5067351498
6748308742
6832664782
23770744030
13849904364
1960968644
2274490654
1818153909
13712961252
10781890913
4910612782
5847767113
7307240193
15190634503
2136162354
2016040699
20811855197
4293260604
12271299286
17889737867
16643075591
9850669931
5635134171
12023768463
21646456304
14971389069
8400783390
18736235406
9073509394
14707720569
16748703299
12517109567
7383725763
14076571708
11097407649
24282479586
5858199756
6978666802
15930929256
972169337
5020395588
20832763816
17954112347
4757060355
5929238245
9693843633
6924798292
3525922868
6578346481
3259166688
3073193579
5168967195
22296721048
18898498411
18838308412
7311897610
22103593649
10199002487
1511457579
16368455033
3201490086
2782661641
17259855214
16985119628
10672091223
10759081455
2709357017
11188239658
3425856345
4778328654
4763324594
15947008117
18442994468
6406312577
22554706722
151834067
10250333488
21010500080
10135029657
17287476277
8439353432
13189409238
7559494363
6501397882
2456693269
10570715992
3902258534
23280270241
10209026801
10759077801
5788630900
6486313014
8330864572
8982123890
7414652424
6419266736
16325122442
901431703
23524627277
24649382385
11618504962
10780222070
17662276987
11970878736
1008049273
3702417567
23510192122
3149767787
3092111793
20104755695
22956601189
3999218133
8538907132
13097250044
6290889983
5849439419
19811704907
8199920853
12065489701
5391761279
16403474143
1180212101
1968843213
15906067431
7240102501
9868764411
8551204486
13070596016
16035539879
16576575167
7581969066
9371046641
9167699950
3686848582
6390659422
1259752085
955753463
5282110686
6297424317
4518566226
22848739884
2751504953
6482409314
18598908143
12622379298
17306289575
21313704262
13722233364
17773526072
6952231282
6691107200
7372457584
21436669208
6685798596
10578448656
445428875
2201134222
16149729267
997632860
15617575545
9332472380
18011207976
3921673003
18750619909
12550036134
23608524421
15486132855
16267604250
20451450443
11321390483
4103156793
471346664
2996349040
4402724364
9066048705
4637734979
3066885631
12011716331
9463789271
12141554274
12974883555
4676541749
11576241678
9435245577
7514909328
10426000342
8438940099
4762629190
12701465066
7932432101
6324193030
12843922056
19540150333
2967379940
460054718
10475757603
4811357083
3644199288
6521445482
15730989476
173635680
17422576179
769065166
16352081177
18965965679
2972568127
16165569000
14053040062
18187782102
16279741115
23646395970
9727481812
2991884024
18312945258
8664988297
16288918741
10826317401
14364712561
10664919021
20989607407
6123471247
9207067272
6224107090
5705533029
21352026986
4572092335
12052459205
9834572884
21538871973
17018394913
3672707932
783841314
2110382491
18104251890
4986031204
8970477237
15326234314
18164364057
20749155083
23159930186
8449750968
14645741324
7581989902
2825406199
1878119141
10161498193
4549975773
11448607069
16750158534
3010309002
23728017338
3623131027
22276298590
6702199043
16885663293
12581714765
16217772905
11740814147
6667385147
15599888124
16513157408
10509224498
15820425873
18771017073
5842871888
13333685094
12773718836
9388162335
21829326408
9849331965
12439954297
9767953082
8294457053
19791488539
10998285302
19753504674
10538898597
12334390562
18705491173
2968004045
14774885129
19823819709
20508333903
18975951067
22488659098
20500731189
8305498308
19775463100
15334818121
10577266386
10891792801
7355819697
10746062883
11615231472
1977571965
2374113101
9324770685
7284416364
3906751651
5635215546
11087494459
16055455135
16746686317
21577375946
5803578545
4635753163
7826031125
11560065796
14028615688
18400425017
8011444529
17224285543
10918251751
11274516480
1734724543
13096508633
6451938921
4550050864
2255315810
14999503638
2839043730
10342616313
8351620649
11628358375
10808755175
380106697
4814993209
5585477666
9664024114
4436583993
2651878733
17552247590
8396127534
17464766057
6273627834
6844479628
6755933757
13095875271
21600021613
5380457002
15096828286
11690396011
2483023858
3928223100
11221847477
6998123171
20273636222
508028436
16578513738
17720300228
12620690855
13856286329
9416044258
1228549389
1555171317
10053064028
10388252127
21316213333
9223474849
1331728917
16475963458
11052758215
22467465045
20399071150
3904089364
3516363908
13318764364
10396959677
14199577377
16780768280
17960517296
14239545974
3232299380
10797548279
1926923858
5168654775
22245434207
19171385347
10647123763
9377032217
10984589248
9462564806
2733507676
5178366063
14189720021
8520064076
12178501763
3345077601
24689666834
1834672689
19713553689
8978849072
14641695649
6482849150
6242724444
15780391567
11432654025
7500181773
10943043059
19868383291
8244603410
12252539942
20781722093
13678329390
15697322421
11107253742
3214208990
5635423034
17886605924
3239577393
7284229462
13642099372
5835358527
11276989499
3693244912
10043171281
8360439564
18509299686
4904237739
6417396432
12005712140
19779638663
7157756440
20260762105
12354255978
10679425782
177542518
5538880797
23638627555
807150289
7357729048
1505830826
6394887302
17924497535
19846063640
13620294635
22303112494
9726534709
13299817352
1069047064
3747118360
994910636
16482132682
14776009285
9165728589
8003390962
10160873706
5453380391
5751623943
3212240256
13946692828
19811358837
4884276329
12880958455
5464720345
17024703296
17579191328
7155645830
14376690497
6979136340
20097330093
1292363840
4852967504
9783078537
16027175145
11112118483
4165677425
3218968110
21021736986
7922968251
6362318141
23887147655
5120486557
6366035150
5139909927
927156033
1817287905
15516174755
23893479618
17526551938
9707192682
5855235267
2795317598
20142058400
16912527122
21677189449
19744474776
5481042154
9001825574
13907858484
12550833712
21058850901
20472099493
10469402940
15087397606
15774490201
7878785929
7942541739
12841549511
4400830469
4441389187
7517631414
993444534
3986793058
3094889828
565645320
11330450664
9173370046
12298504921
19551653844
9143364441
16643731339
8144478405
13310883549
1671975106
1473034381
8569946805
10190204202
16406469955
2989983593
17610751086
11146425410
12749339636
7727270852
16431138277
7046340367
16956436221
5490390979
6035191402
21294977956
5178744997
1427318062
19969432382
11446409433
16124387687
1164974129
3150759478
19546173498
9171313777
9638591099
1263688913
14019046853
2785472618
23609340161
4648674665
12152885804
8332800254
14436090653
4090743146
5176704601
18831291846
960476428
10973923813
11268342560
16070213557
18917961822
4753741278
14667536335
3613207039
11282829671
9463896786
2525716041
5977427733
14996609084
1390925987
6902156220
15268010661
14826840690
11648816930
21590907133
1068563800
23895944798
21910496250
9972643542
20667586853
12031120489
3941054215
20104246733
21611806131
1490131523
1319513071
644714550
8493366441
2372943447
5196396144
10729347363
2776458100
19789543648
7421171635
3950063401
17255050168
279219377
5807442368
12100709070
21230775682
11309212735
8840270510
12050330958
18622217097
1892447332
8827045930
15511801209
5281983510
6901614014
15508318550
15216661106
4854977874
3292467422
16831711267
15803003896
6134701659
14817668140
5622854208
1755165756
18053448363
8261337839
2693620624
5902536445
12887792286
8603900465
17207503190
10803540151
14944452113
14213149452
6483785131
15701462263
6362537274
10680094384
16792628968
23823037303
7380320524
14090607195
8142826951
20913917750
5257473871
11309653402
7109705158
896693573
4590117113
10457453291
20305431161
1132223895
3919263082
18604094469
17673702163
5799841851
3326238934
7181952026
8367668756
7706813737
18165519850
19747509212
4332275064
17567788046
8367111821
16108984928
12129313326
14943319283
14342060967
21934181781
19008185973
10236924775
5668617596
7567419613
6810072473
2569788846
17272321621
1502251248
17360470188
11499045130
10263298883
13632580282
10008877802
8760471607
16344350504
18517848028
6867538225
8032535966
11820689411
5005124568
2474312292
20168643505
8487413222
2086294048
7372701409
7930052117
20346684582
9340977529
18202547501
16599981356
2258362715
21390790574
9443873322
8492022033
15265092113
3387023150
10343293229
11567426526
12223903564
18246137273
19959079380
20837466992
8867192648
11244529593
21682977779
13872572057
2211271701
14781155003
12018181579
10251928808
13566206742
7065254596
10326117859
18105451808
9354104801
15055046034
561517931
12451409536
9821925129
22052510649
2030134290
15179116097
12456109620
23560279392
15999546250
4739936839
4436349223
2107418830
15185764684
10396795487
12365374758
10536901874
9157139934
7701504639
23617412629
479371300
6783008048
5876615445
13632662988
6592675211
917995481
12763285101
23656667095
10370326447
4321371504
16655791947
12314638220
2989327893
6164537473
17444352102
13570469969
9947455621
12841081456
3691464305
17060633617
9435503981
22926305862
1907110556
15342836271
10695449292
10067403067
11621652436
1491710923
16788568864
18096863357
2813281613
5605932821
2869487392
18021259163
2012785201
9078110105
3884558775
10244704295
13230592581
23095972372
4898037328
3005589459
779247399
1925647984
17790987445
15963924637
13142194115
3622434890
22767770559
21156897360
21868515226
15051876750
21344752071
3470489926
2828901004
4982428894
3186484929
11966959801
4760706985
3431885338
879824755
6617073966
17727234220
11617949788
4702508250
6834034089
3218908140
8050392511
3218419922
6340554147
8003201556
2515757987
4675248197
12595113174
16886196318
1106696146
19622462612
10054843186
6599378491
19382919252
20691851063
2991548987
20226684642
23335510982
318122801
13205309976
17512673408
317455317
2247701984
14295622653
562990444
12372734744
21967204423
5401347936
2173376005
15967918876
3319025129
3837636697
597493962
6865060204
9202249447
5400049307
1130560663
20403730882
14211147418
1989502543
173328558
14237867042
3992463866
7167283453
9311825806
19893312917
5114103015
13429557430
16275004516
2950303578
9626831667
10423213135
22566257361
19714867957
7088371166
20727458910
6493688860
9558256614
18613034456
7586704088
17108106064
2778570802
16017931850
21127607125
1397697223
15860250740
15126213340
23080233910
3396324608
17242993085
5299912900
6301605676
10792843139
10232487857
6764298149
9763542472
29953308
14801419477
13217259385
22738327759
20580822691
7532707368
9495675145
945889124
5578927587
20760429575
4541726654
8823392334
19727828428
4375920980
9798624550
5859365920
17647653618
10650275466
6255915187
5847631884
2911627096
9481783434
1517772156
24189091039
8617821049
8971546851
11754956
17052534884
21939834410
10945906414
1640204203
19006901988
10259110296
1090488895
1450288079
23163868377
12874001889
19171489332
334007357
2913936283
21316389741
19202277491
2358031749
7922968251
13870826406
10838507771
1733351573
23678805706
711229531
11875783887
7300710518
1074304061
16516606131
9977770483
23992636470
17515546404
6055945394
17003430813
14686138878
13648769820
8080759763
13842489742
20484569139
3051457902
15826175093
20589811540
16821452626
18964975664
21721848868
21632427249
21527330134
3709774594
161768966
21671236688
19407433836
9186865013
17298529337
1447903706
13696894636
6888225695
6046851073
18336760324
10508039644
7381962545
16468242538
6139872830
21703711648
3709414464
8486116230
15749061412
9365821127
2108123612
736432004
151021014
9982190990
10830372760
16863601127
8420902251
22541109235
6824068039
3709409921
8915382783
80496276
16854904973
10604897927
4154321454
14545815541
17701805149
21437802292
18586962558
10300182685
14803685026
5376655297
22808870694
17610751086
5636903907
1430343043
1475993994
20746697632
7549801686
14153177165
17216520430
7166011885
17661507804
12589679383
13652775815
14231965423
13591909924
5627096615
7283590362
15495802718
16555224676
17832463850
7639664865
11328769066
5897368942
20852113337
1179609960
4458702828
2348092331
2261239433
11717884879
9054480685
15089328029
3835510451
13647883854
23726287582
7253417951
2910529878
15825660577
10474748079
1060902116
8665594018
11622986213
150106083
4241548665
8739293902
20268534220
20523999124
13647276726
6656036811
17928059226
16701633757
12841709737
19646461239
13995532281
12942421687
12167754966
12971492951
16639305642
15253132037
21292217636
7751018059
11964566331
16621892715
601133044
2637332458
7338427607
8297984185
8346766389
18737585426
2091261090
7343494317
14358764874
11755345867
7281909369
14038802521
18473926981
5445430217
8632209982
20654506581
15207424701
2356710043
12942064451
9860414134
21048886545
7984358383
15668662160
21707309903
428196723
1188697040
13418349991
22003370609
6787440166
9808196301
5255091250
7993598067
4927363741
10391077971
6167868179
13376492812
21031631723
20350556703
1818456766
3232218326
4401358101
15336527074
22794730831
16589715658
8490500481
12544096771
10408382522
1983721380
8553812091
20366710601
10272774700
10650598880
5508210899
12128550195
11811757681
11814229473
14270622369
6218277281
17300163531
16649606651
14639939585
7991974668
6021378374
10078054105
14765377953
20983687561
6769282149
4438153904
9005818079
8408292331
5847796151
17019150207
6928402844
9532684168
12261300201
6055444934
14631960305
118442193
4850209341
14423899940
2048725428
611938503
3671626671
6824208314
8652312490
19152867905
13711822985
7666520835
19800216758
8995821533
15288729374
20726127905
13768520085
4257193118
10345313437
2496670011
12766891931
14734617068
22427014320
9435187201
5074079125
12408794098
187501878
11754176715
6566993939
22300164261
474527458
20588835012
7280043995
1900124344
6971284253
18761708618
5475723668
9714107011
10748710615
7617520800
6997362460
22667960005
10106841376
7707032928
20757243876
4074472972
2443700226
6889404028
6243679647
4765954612
13520996708
16505615539
9693553500
5158850972
11717771060
4665687912
7043262485
5707642868
16884865068
19061181049
8917629823
3887596298
10140850399
9437224973
4028133153
9638461054
10671844017
10786922551
17440945727
18178425905
8812354903
3912594435
87718874
13764096703
22434736605
8019355226
13922447300
18276882010
21303169652
20615180753
19538435433
6701186027
10417940446
12302449370
24006463883
13450462327
2583434796
23847854415
3267876059
3834085283
22952425636
21863534926
5132318957
1604014009
20235754941
14081917063
15213310367
13829733088
7378609835
4431909448
18031532693
8635146743
21006839728
1089471961
19685461235
3923382196
161223659
8605679454
2192222755
2709562422
18793189423
229511263
9479670518
6443578942
5262594499
15616916228
1263271714
11683605148
9410612242
18864586184
1322604883
17794951377
9786799287
24436104342
11662099569
456051942
21447942892
402443165
14763740034
19176719814
13309961527
87602821
24012887526
9081240493
10954932186
19003589479
4760560770
22356031701
18286745397
18936335396
10641930730
676252970
20845904571
13901650908
8185048257
13360770600
20201676926
5058510250
18219179174
3635603459
15841992609
5570350246
22083996574
12607328293
4694067483
7234691070
7607756912
6502886112
5162215490
15084307796
704889303
15675443585
17712195675
8800105813
672326184
16815384430
14665223492
12991641894
6588606654
13155879182
6950185356
15331784672
14060776068
5109005546
10230057518
19155939601
102248370
21565140733
16360087246
4870989297
9519879513
15762473547
20045103416
3016809383
10341450902
12424946101
5839699135
14223739203
9666726151
11407686083
7175290098
3002766874
14024634923
4566597085
17265161695
9357887294
8417146158
1910715648
11190400655
20810455026
6100819036
865029912
7405384827
975381042
12346471008
1122676308
23329782255
7769895151
12395454004
21343824954
24413322665
9713663112
7103115850
14825739244
6134084267
12060458972
11742544921
4808649853
5763413779
1834845314
4356787158
1799578144
11216325902
14431465136
8161640444
4471641178
700400256
19360408016
7801661386
20905400645
16801681734
9617231785
6586955916
1911278168
23217033758
7725466482
6974860398
3332798279
5803646086
17415333445
4316621178
13202955910
6259931546
7868254313
12224469423
8477857107
13907496513
23312002890
2387016772
6619759562
11494958204
3184016962
703440385
3997245549
1814118944
7704851566
13914433927
2496513980
22420510173
11355580951
14731520424
5058754833
17177297342
15802782705
560188731
10080273693
14295428590
16654800448
4020231223
2968117600
2730024438
21415417799
15412645293
15900050983
17038193430
5847670690
16169338524
8525176762
9197469523
6217660408
12566683932
17070428770
22633816904
10757262331
2405042349
5889884360
18111549110
1909121829
13227050554
21525587718
3480383432
14606094359
11984479851
7411682953
14537007319
2196041014
14548172797
14064396933
1678603808
5090066545
10836059087
6899873854
15647497987
4531884668
8606743953
18937385870
7998386938
8319253785
12969963249
3590236228
8922057925
7952518526
18084673681
9497095393
3770232646
2271199040
15459647669
15717712800
2178335548
12502710154
21438658369
6565814540
20234846333
8899740962
1039537481
549327892
6640900409
11870962764
13711066402
3360651610
8749686223
11691975416
9822748680
7506009096
18425207698
17231837129
22032602414
3305430416
8409904204
15085764995
1035063349
4781806593
9362910975
10078715855
19557442747
21586121550
8285783665
19298380540
3602599017
16054039693
2504863836
12519166821
2364749242
5565880285
18506457674
10797160529
6796014381
13494461919
2189327368
14604847028
8394593198
1700597567
10539885460
4143571358
883812624
7383250935
4048954680
24056476923
18603222608
18791372843
13957530283
18154630810
21270388571
15665144264
11143421495
11241914605
17052136856
23683505482
19713577230
9143868006
8832627197
17905987303
9817509863
19214163272
6652389447
864828633
11968535600
10392710353
22530324010
19697454652
6044364629
20993865000
20347127774
8907969171
21453416935
7844748099
16840824071
717633885
3614188145
1121741379
13957362844
5702716132
22489286331
9352570398
7168756346
18350439035
9709736356
15297066504
17951890508
16637559487
16458930686
23354240720
6658797951
6182721677
15790808581
6005496925
14537172031
5070951834
11860709259
6067641716
6115198034
19916487928
251743182
9436720836
19639908983
8500458734
2214034260
9466920659
5847723181
2338859448
20363141035
16603036222
1318700215
22168857405
15850873845
14617718697
3202852955
7470486726
12832858360
2058557333
17254973084
10399170423
16961029347
18848539021
11059413029
13818711204
14907348729
3519416448
7265177644
15290760989
16973251782
2948941593
4596238900
15829581137
19994032870
6603808962
3949766419
9132549329
4557893061
3808718495
12322630620
14173579668
11057941563
3701557295
15398568603
2356280124
11065864398
11812787343
5728892327
15458160658
17501020446
318680793
19699692611
19197473986
21483056896
23790005278
13218692846
21962302790
8592581170
15766980767
20878455737
1589512848
14392534502
11205113748
2153065098
3831537291
3428370390
1642716110
15011539035
9175854233
12092586324
20905623732
4581226340
14028607898
19294926714
4612306695
18526862290
256747435
20557769081
23163797483
9527534220
20079333834
3261530109
17662407535
9781662238
1325329368
1903837629
12459449469
18607144899
3147705457
7873141125
14228559721
1485138166
11371833148
8522461959
16412507324
13852404128
16082824735
18951461592
12860802234
1265515507
5300805549
7198654359
9411565709
4982994488
18815330871
19782890479
700988240
9943279060
13928374220
12700712842
13558036835
18088113854
16007776945
13938110727
14399919758
16383346035
22187544328
2015952565
9529692102
122095511
7482250317
10723027054
8261604193
12817608971
3693793575
13717691169
15268781763
16829818480
9172727607
13256414453
15646852238
13113229267
11604126039
1713371688
17690095919
11084906420
9519958908
5645868785
6571767576
19650831095
4169632800
1889914057
768692855
4596034186
519676750
5849536754
15108977246
12359219152
15882411187
5871280952
22357268211
14245307089
1185452012
5494150353
9666521217
14596187052
3613363072
14604126148
24103417269
7358299770
21274402194
11864482028
11982855495
283922173
17556001701
18226933378
19355144410
15084962543
8607875171
20135023626
18248920152
12381264880
9715245987
5520831496
14439032560
8369074423
172739462
16661410005
15158936984
5120577133
7129372403
86849613
23473160554
13892872511
3009321553
22013632972
4823809642
21991100927
15519402136
21076599416
5444891691
14152791096
16016358290
22027647551
7303610487
18707374441
14680196588
14534519811
11294264057
3350063881
5998484927
19977062912
10201070912
18159658038
13458136580
4823673727
4474158273
15470067586
962299537
20918330676
5014348838
13131487685
14973151990
3001579754
10819861398
306889005
11415071041
12666623016
1183014089
15698524851
1570134841
8592705638
5579638405
18302374466
14991528984
1666246898
16711719084
9568523278
16054053025
1248251705
20758710994
11686619780
1761669876
14153017747
4868721875
20845318144
7140127983
8254945882
25046585609
8300358923
238490538
6906895871
19781394555
12940266463
9929994483
4735351586
4641256505
297006967
4600442639
8961151428
12161836511
15741179969
2967766324
1956357547
5728906221
18654307017
5726011704
2286895169
14953367890
12189725863
3687995038
1432206426
22855477544
21546538460
10389360551
3075339220
12826232129
1148639998
8743926804
4406854591
4352252758
12717210398
6046450809
8933450449
10482727460
16207264232
7251478054
15445604540
13416831083
14893007088
9644103882
19726847416
12219727625
13481107099
23309498243
12124909099
13076759503
21203749146
12481291060
6559732659
5538280422
10136875357
10726064992
2106716948
13720734170
11421702592
17909671118
9688586360
8340657070
22394397798
2116077449
5990254778
8219714712
5491571674
10520604607
1862790290
20577225658
7048244915
9860349083
9853077827
18313652889
8617760835
13604726099
20102508459
5592895839
2986792755
11674285960
13928552613
19406440143
9057851394
7052084033
4250462943
12564746051
7728799381
11119758127
9592334118
22140244573
980517239
16221582292
1381732088
19646524222
17330984541
4966988127
15586671782
8970397931
10094204743
1835325813
12770597522
2672492592
9465802634
1447636428
11794581553
19906647927
3129093446
5465333239
8634303736
1179963921
14171390540
2993189508
19633492548
7066810209
4026595722
7951310352
9667511970
15362704876
10477574484
16732144302
10801258748
6055816350
17912615246
18019349360
2359913879
9042820084
24225734853
6724331623
3770426779
12839755415
20901518694
9019305403
22868237065
484971541
2177199629
4461327134
17244170310
2340028225
15924872773
1957307295
6500380551
10257225230
2179010590
2516797463
12309144368
22111458815
4491456089
21381572639
1162317979
7192109799
5737757538
8761736906
8594788168
15555699939
16930280565
22352781962
8747723300
256777181
13690787160
3993070181
8905557002
6674254216
1989165408
18066569210
6087309860
9659946086
603489225
2559810946
21177772201
19263776090
22921340099
8133584587
23465440708
2774488299
3499326057
16015637959
14737899733
19227253991
11835021846
15658676759
22186325982
3993778097
18281298414
10497343598
821150614
14816360077
20810201508
2098155597
18187409161
5500551254
12909705002
11763210357
3314874596
7721614620
4197687214
3155971020
14432470547
16522998316
21916725991
9440312658
4105227105
8317590414
2274027078
10221979285
19550810577
11731003738
779577394
5707521589
17701373053
7274669305
13338308480
13483062478
12301556683
8552617758
1828207644
15158232585
12780506201
7037563749
5916347708
4105114076
15329786589
2984784307
6152723068
23739866574
9465519774
15239581269
4105882742
11790160565
6165718799
7283847245
17923003750
13985868448
17981914031
4142449906
7994928778
13931802568
9673593242
17131646149
5637345578
22814178756
12722933683
7703926739
14525198146
15927972106
21906021376
10547158244
15652339423
18844197195
8557607496
2111374388
5004974774
15431758917
1741939604
15560691348
7341571363
21048594248
3448891661
11739791871
23033645493
4156932471
2026203072
17543152191
3176856567
13336102241
1732047588
23894408241
7720561352
20614714120
1462468664
9527245361
6992483560
15127464298
10157651898
12187636011
6759871516
3209725772
2761265554
17628760929
16719536227
4258528831
3739051519
13753107046
685398128
3935974132
17475956190
7855495236
9058934678
24509305086
1620664218
10721676829
8712587199
17007869714
5629464062
14342974850
17019284324
1489722162
5813456726
23847852645
3249887971
10533545431
12779663086
3899170501
13342305419
3225079823
12730477815
11468678007
1361054122
12275040571
17445994163
7469444453
7493150032
21218899495
17052975987
20052496134
9170492446
565350364
10398485861
19765145765
10073129053
5655990415
5846837063
18722351787
10094833220
4113376423
4069395186
18984605551
15483176342
19855086301
9301283122
21868546150
6349302918
13955300422
14947009606
2845763682
4983230659
4989548761
11091508526
10313153654
6330647827
13763034384
2655590819
13066056629
12408185464
6927152991
4721723171
4415744854
6605676706
7871609335
16884730240
14991907122
7090757434
11361561380
2011427750
9089145276
11468592816
13212810530
7563095328
21002536631
15948262206
17923545978
22884546149
14715650438
2782354874
13314034239
22385933502
20183222747
21160797988
7962434969
9828022612
8406599760
12146266706
12615249184
8655124893
14742174180
1707977749
22809979507
8887610275
21789755001
3458490059
24306760034
16856191141
16315614980
17255686772
7030169210
10643292412
9818831942
6166432966
8376690298
1597872348
12916261711
11884164240
5574931048
8558458935
7829576523
5315529384
50295972
15777228319
9773480797
13589830381
8947153598
11966917195
9206140721
5998325387
19414798290
14983344423
8439041415
10397002337
15782074992
16774969571
20798054780
9211098121
6714096974
4626099219
13673972616
14856445140
19415277367
15769573833
9986375885
16093389949
2762681256
14917758465
20309909673
8233352640
18193557322
7377846604
12415115740
10312458612
11963517673
15870440839
22671154286
1609291149
14020017527
10386845369
11033078640
7170274681
2783754617
3258802708
14886306173
7655470886
8055597757
4817226182
18370165109
7907013425
8867977836
21806183674
2523615762
20618991194
9645663214
11507319146
13274057732
24549778229
20432200800
11880612074
11765483061
2230575355
16986470358
18074822198
9578534800
7445583514
19251085637
17071550452
8738554527
8271745769
1012833091
7611956965
17610751086
22377400176
18465278793
5283803243
10637113369
16648219471
11137580064
13403218693
11355368490
14687987111
15113351830
15246722730
7538488268
7648153730
9103515802
871735670
20881972200
22302825782
12946901957
6264470600
2287103089
9766566309
5933535189
9197964692
12574657430
8225320539
1861991894
15669793626
4745220578
1298662341
7462909431
3409312175
1312457135
17403080209
9841315315
293136834
11792814285
19209098507
11954029777
6527457055
13276207706
2180464941
13740683703
5167728723
23136249288
16409275471
10150093267
10633724872
5465546494
5378663942
14848469808
5780706848
4472471804
15416533244
13135229416
22019551561
3633596995
21379482059
9326053034
23106487342
9439188557
13323506777
8275043562
18847176933
3355586424
13791474585
17057768762
13506342755
19072600980
8290437194
12688682429
269694467
11206538529
2068778278
676225409
5628098997
9961389845
9748153987
15886934922
5503319735
20604381205
5340067861
13072529991
21338410462
17796569681
14536112318
11786023138
11587346067
11086730990
13493273158
20156652638
3262848863
15478221024
2278444665
7970634588
2462355696
18955500713
7873201312
4674550898
5928482783
9994774084
14367464642
10666560420
19680497411
1518040698
9817812839
13829549813
10065907369
7743038736
20034431158
22408313311
10983262865
12017769993
6726600481
19555657629
17792458680
6186261823
7890940922
9258877981
7793349740
5321169338
2452792326
7929616966
4687389652
5959705311
7236033350
4705322848
2135291430
4779433605
12393516514
22957126397
12551276162
6927590714
14260999718
9602050664
8745488054
7476484671
20063049930
3208260620
4024709288
20565884273
7882308443
17537117086
22278038825
3645108429
14885827802
17949014632
20884104424
562719386
11372633600
20318231840
16440139211
2225112184
14132410475
552182709
16057961501
1612233672
17883837001
8794213362
1791164141
20178541522
12984634862
9418449265
17033559528
20245277072
1150209865
13812942567
8985906502
10115589047
2629103941
6544834962
17589939544
15530797719
12832611735
10390652635
1086691629
19980340950
15781146799
17320383559
1663397604
18271512464
13279458004
14887688295
16881201009
12288140845
22956688083
18098202901
21334651629
10656580504
8726149490
11439030254
5922167229
5258902933
15927241427
4555564449
18487593410
4406513953
12563313990
9218524290
18879097866
15850907628
6802464525
16190347574
9815815751
19681363767
6343987706
9698171639
16440231518
5871965942
6684033279
19874350036
15387763180
17799671643
767919150
19593512270
12544773650
13204263076
9771252777
14435432174
15751685261
18593554863
1117779925
10169000657
12974883555
14060369096
18207270776
7191265121
20711573938
5523407973
16932627373
21774149076
22211947533
21818179939
14923261303
14177232782
22480189904
22087690469
21393594660
15204269736
13774884712
1664679943
7107397125
3363274734
6346932435
10065907369
20093820277
3619336678
17673110943
8246570554
1952659249
9572483600
11537905607
10668299337
9991765017
22958921637
14956255695
1886194584
6999265861
17523988273
7940104275
23289579526
20977829582
11286160397
1855773728
10403155188
13902407815
2308032511
20421350569
12260703485
10339912473
15955545618
14096405637
14763589690
151119990
7209633274
10087872116
2380370357
4719224792
3792102689
15055636692
12113639259
10036215072
6710898983
3577969191
12185159238
8981508076
2467846311
5531069809
22587681064
10341196214
7401366573
4867473503
7934145037
7091510406
2958599056
2918052487
18961871791
2727806477
9118070234
10881654027
8470242744
19283513334
8164450799
4214862776
18555426600
19198426807
5295976263
1554749602
1585587096
6290769321
10544799900
10868464919
14721397870
944657340
5861224588
5227434030
6408235791
17442397541
13353422406
4363602984
997565260
13856671907
5473157385
9054857056
16632397564
13637353171
8278341863
13815017724
12603776293
5897293587
5784841675
2010144816
6010391087
21195578129
6664764508
20868631903
15354462812
16026918122
10369501184
961490310
5192053250
3602059152
10875846268
12423816988
15542826375
1195663523
19232411578
15208952249
2228336650
17727765750
1648411797
22174667010
3263289809
1179688905
2855796774
5573862298
22752625588
15706066944
11217849921
8197536886
18752719230
2801734549
11079391199
3857850269
4052879055
451439662
2063336783
149877497
10474039210
15754037297
14523401436
11364573440
11232417325
10301348350
4456934150
18819802956
14377736521
5021318818
20090838578
12510002798
15153786162
24637736102
17700837077
15408067143
1803480741
6198507696
3199963103
17531206193
17251720270
7000705345
18988677335
18055346265
9693437209
3200774631
5849867745
18668980374
22131383799
7424229868
5255530586
16013025784
15745661997
7079361252
11813452898
14329145375
6007472925
4516602274
19512279490
315804652
3976619584
17130252585
19407067137
1306431791
8457809302
10761003103
15326023580
3070168172
11605998459
24229328791
21544003465
22855477544
17301178724
6399377959
1186545772
4510250981
949635981
10389435987
6324100765
2564939588
10394944784
18920783010
1490510058
10620705604
9693838349
13131681421
9602382232
987373350
20728564432
9919718041
9627191705
15066945915
3944749342
16037667966
16166242689
11848148735
11277795671
15288124247
10691697818
4491843567
319771873
12372465444
3602053598
12274446077
12916901117
21343850140
20801311043
8508139804
14231735501
13304235672
12483304202
4311817281
7384922019
4200179127
3215235236
703938396
14855965696
3904730380
11957516148
10416674191
282082219
15273102923
1456526472
6115162565
18755342999
13735701493
5451621694
20229204203
14021436584
8648743433
12071098618
13317349542
14790019990
13761377677
13756690856
15375095619
4423463735
10687033779
4871015045
6125486239
4701861126
16122064270
15871274728
5185026434
24764636778
18984481916
9423086286
15695909446
12021004161
4509801973
6769322396
7644575502
14702972590
3111271963
15303659264
3829057853
3857850269
22482447748
186906616
15723558251
2687472373
4489684091
6326632462
199348149
22266207761
12277582536
6387159064
10114967719
9212469806
1208741155
7789781499
16112085881
14745558922
4144607047
3965922768
11166436965
5494709657
10925019984
16278087896
7659344736
8074516997
4442277955
6708395529
3031745282
2232270038
9409828580
6886125803
18399359387
6631246838
21807315206
6998904988
4597606808
21531063112
6197685390
20847075342
12294969848
10382176240
10564738823
3880284255
13898682757
15793821349
8545650796
19604955246
17504241092
14186032102
560668753
15317097619
3632787276
16140922781
6159205914
9647482872
526411132
19782924990
6747951985
2219254210
5478878131
3760430599
9992801048
18915492902
12446474737
5907286752
7328316045
9922386968
12873465458
6516345842
13854414424
6597339397
21203578537
16874514808
19392209554
2111374388
1455979344
4228916430
13634024082
7952262512
10903294974
11635610280
4541476393
21625893868
17471535922
5635267540
9405588862
11795113183
3265722354
14026091305
20951969109
3687995038
13848968993
2213770091
10003304079
13266703819
11175219534
7510371945
11981042333
3742690643
3306583521
7018044944
17900283270
9598942110
13137148543
3414712519
3776389755
6701186027
4005688746
17711110778
18227546581
16307043872
10796686606
9037739576
13518143260
20721450126
991323836
20566885711
17808255235
7018787494
2783470677
18128473250
9798624550
13740683703
10180292796
3465165156
19882736681
3971123671
4902455357
2664439712
7109528006
13450862855
19037439004
18352095687
18064640373
1565506029
8655830567
15136476565
20966323571
11823089874
13496254855
8840314384
5773916038
7725900627
14761780802
5054698876
12260046999
12030477760
14938597872
1398386279
2658167314
16139726402
524801828
15980815991
14916845262
5217515840
78292648
3531457723
4913698380
14652488526
1733707602
4320004126
1946629779
8027559042
20135565373
12875239677
11500025119
11899912206
444910339
7558397653
3981588045
19153444554
17138274874
18043141089
15604775576
9078627599
6937058420
5228826639
5130712649
10511682727
16344848000
8803899069
19491027397
8249925145
132786679
4517570554
23204265835
13843822610
5381525624
4345605163
11201870045
6244828374
9674566095
7705663543
17485496862
13484107844
9197752479
15572068074
4904416681
16116528302
14946780941
5276754890
6419573230
15036096881
17825952279
12523359063
82457797
14590193194
7894521565
13604827510
4152713873
6116160458
11491973691
8696958006
9089628947
663724632
278313920
17053431986
587199978
20587861134
15118740074
1474642991
19193528072
13735114825
15646545311
13039535279
12222900367
4756598898
6077183804
21350874156
2107315935
6210136599
19472546064
6272306971
1437530281
1102236600
14912282667
17599697321
21021979135
16275624983
18560299791
13648935390
10303977416
4828339235
3264704162
7493429307
9685201612
7002968535
16711495427
59754592
13983393610
267945677
7705112947
5474301732
9940331664
22845550211
6501397882
2408649730
5342098379
16347788121
12455254344
2891036416
16198738905
22109244964
16943170717
19426247671
6533279648
9068672300
1188332036
3040359215
14234956486
4416485211
4257410110
9905586776
15337994376
23014020426
1605678541
18343708016
6127715056
16184344379
17907266368
15220050229
6199136326
9729252894
12623125714
6592743126
6950703986
12768492048
11590302497
14663779533
5330817216
18655432872
7261199944
14685695848
12763937365
1652107740
7490596805
7549681017
13164428621
10367673845
3376989860
4070020148
5841463500
22452808969
5960941883
4863481201
2687414326
14820425247
7330765308
14507740118
17309498334
3804067417
8529909660
19390715761
15337523553
16742224177
4491472599
2810697313
19880023238
20118972577
3858102146
3583186467
1534219322
18798907631
5323666425
10642938829
11512645432
1319833744
1878440637
18485895418
14171715248
13458170713
15609915088
6714697488
4751565021
17722599373
9850835202
9779478422
2178351270
2661946773
15329789616
2722639637
17893449199
10237620135
5499568468
15222456408
15609379280
9450110815
10089105585
1365304323
14692817775
1401111102
15556244112
1105054356
319894888
10879074040
9997650696
19484571606
18084138622
2112152678
10807128064
19157154446
2412382210
1401542832
22140911408
7786367746
5764978188
11909746080
24843553247
7650458533
17810051074
4266503181
927834840
7242787089
8631701250
18672198796
13232891042
11227403405
703015930
8520468213
22818444135
307130010
11308835263
14531245020
24587109404
16972333277
2343879048
13245006851
22422702134
5876600899
4715634770
5815199934
7479999503
1184322011
24196359395
16800393220
7233472785
16021555445
1681210042
13222313010
11543340034
3826811913
18984779204
6021143215
9948147647
9419001015
9991322383
11508707793
15432846758
9935785002
8261368872
7755607130
13083251797
16872534520
13044295027
4708314075
12780596955
21780848748
14678492167
5167758461
2290247973
19397886142
1063382873
7563129119
4371784301
5238271620
14860392548
11685450847
11158443035
1350982652
20242683566
7460665590
10454299723
3924341701
10642969974
9360862456
4063362667
16430173592
8969065503
7542489690
19480241781
13544958378
34163409
13787589841
3359568904
6930626263
1567192268
23142812156
1405799244
4520312546
21021845994
24415222775
16036121648
1857054132
18854243080
7836267317
17668762027
13358315927
17720300228
17417185375
21475213628
14018996994
272496816
7732385455
20693483461
5003652911
12221478892
22672970287
9764818460
20386549889
2690003252
13249401548
8230931423
24282798409
21809526963
12802420878
6788459134
15544707019
14904292773
16044022814
5003557724
5808224562
4698098309
17454741559
11334505868
3953427304
19180174599
10092222405
12068311252
13750945775
8284120044
10870684784
6522338789
15754774062
19463065049
6374375656
400806651
10473548634
10487931947
15962206842
15765171784
4762503148
22673947840
9063227095
6566258703
151398883
16330249092
8602885138
3557697387
13300743284
5127591637
6799348496
7325169688
17639068047
11039491009
6297195508
315656960
22835278237
5580677769
3545891855
3079147196
13161888172
2740924883
4300739583
22428570150
6163443307
7175296521
23846657547
1435132471
15143046385
14677461984
7860555963
15181769830
15128258464
20253347514
16171278001
11263133523
4817161736
1062353801
6102224874
1214477759
24329829074
13534662913
19674459777
4593848073
18898392974
11823556808
6063182639
10484991429
5472350141
17253656884
19505272127
14880433260
13623212828
8264840562
16861711220
10440073697
8707796936
9946587918
2014563347
9976748652
20154678630
4787084175
12651900947
6295343083
6656626309
4757772213
11465212046
20516776447
18879287829
20988789424
1468963277
7105436214
17165944874
3793284317
8546159475
10270905996
22051114803
20727420531
7845984855
318122801
20537053714
16378387762
16459836078
8506934523
5603332033
21681957546
1657417290
18627809268
11165122233
20574978573
14513469779
7557096080
17944696525
18834456483
5341579274
19993519562
5556290305
18629045524
19453190082
7888786004
10555066717
14184484536
6969391867
5895784827
6405483974
14706214479
10837838914
1915811388
9006555675
9799489133
11309193796
2178226756
2875236416
4696429228
16204206005
3890406485
3587380208
15335378207
23738879376
1088554611
5987789690
2799724028
16712011786
3841178235
19806057463
10053154582
19017144635
18104647284
9647195355
6346634642
8791494467
15840343602
4326327160
24347087835
12851736486
23712706841
8467224487
10856515686
5591329960
21752507419
20334196700
9124357949
6996216546
4038131574
12346402956
7775510421
678720565
2570584527
1815435496
19277002897
19647890699
9099314002
1713686919
12189436912
8507787772
2668152066
7517848826
11532209739
24734401655
7543645732
19784388574
14836197900
20093804598
12776102608
20358326164
5927739502
3917335516
844130801
12546039712
14053245508
21734071271
4705644496
7335132690
12394049353
3799223839
3501313614
14591860843
1201855581
2504224472
20212763065
5278106318
569956034
5981207680
10540002019
4740683665
7201371123
13886222707
17426903574
6400511500
21426076728
14004990845
13228839789
2443808496
5525976330
19697572804
15498094166
21567910839
22272336233
7761881082
376715630
1921381497
9237272669
1889881267
13413484784
2910859314
1366070154
20779449244
2851764331
19247135147
6652531398
12128146113
20100511464
14403949640
3824249669
13678681819
16045954214
20095628206
16513488268
2607454003
22591795656
7292340698
21145739583
3169408762
4183631695
4644812681
14732234665
13398704489
8323561492
9995470323
1083943117
4113976910
10048668970
14171668689
2038527720
7804845343
13884343061
11528012759
16314055544
9939174950
15361608712
9769415484
7048240108
1420084674
22943257467
20339509685
4728256468
11046928385
2645493873
18171779595
4713972353
14245580916
12812241053
21539453423
6873517541
8106129519
17189560875
3356619594
16418567866
12497820105
6468461962
8971873042
4399831630
10256605495
6720134024
21133618879
8736499570
8704906153
17795541825
1903766959
19887088197
413685279
14761827308
19645200466
5528501637
2536980826
6747912860
23595651111
8253232525
10416363622
12179668398
7722733793
11640955071
13103340111
7609096718
3128996488
4541492069
23069352817
6373584842
9312613367
3778583370
20982333527
6249353123
7318996918
22842839578
7725033764
11789676716
10311639334
9515563132
16178372042
1089471961
22010274102
16560775727
11966560345
1256734917
1873093680
5957798966
4354560083
1992954999
11911948711
15818199002
14584520881
3137901862
10650269746
16546652611
10129960553
15137544743
2798795784
7307775643
10195076159
13931794419
12821255464
4526101764
14260589455
4649288314
18510985615
1969121696
17426358831
4034342613
3265696986
21913572956
3696875142
19676726984
10848564047
454484434
3633510136
5582106881
8567700991
16869534607
278401030
16744265236
3593010712
12261319982
3851592882
9463932904
1845178808
13665045367
9924662157
15906892171
24121139343
4963511790
19396026126
16148386033
23259709877
4051606730
21711495763
14914920673
1167431123
5961171456
9464011377
15037981624
23781600598
3358348212
15349374944
12755963835
10047232554
11014258316
8990911870
6739353594
19472756926
1645068204
4343368010
5929235325
7648424845
2530107914
13110166238
13327320062
15675797763
20928288337
7681699204
18199199801
18471703286
14940567960
6405336777
7557331536
3598851502
10530629726
5862356672
13714789953
11461554264
15514164271
18231949180
19187235223
21587267663
19605458136
2838290151
7066094692
19344987381
7091758354
6384468144
1026263741
3713021194
17289576990
2366212838
12095346326
5325966122
9679037347
2550628571
14090434753
2874036731
1769787447
15297941025
9255305882
23372457990
11017862093
57957054
19814329379
3940435784
20664227002
8511544829
17553570996
12443782266
10068102557
7715457983
6441579757
2615410290
7405511739
887654232
864029302
3482541206
1257290504
6300612118
6140776157
15794790399
2186952885
18349017560
7945005820
883140277
11052008858
5466338858
9797653047
16091209999
3629283784
2985953804
14463381434
13164845685
6881302759
155454326
15067335471
10554752861
6642431834
13257206041
5490302919
17747682102
17958107676
10354236022
3024579865
9107932881
68425038
2981517998
8840203659
15885199739
3178603709
10307026842
1554749602
6325418421
21948563870
14380448684
22164491055
7778515543
6757711527
11134974563
200606904
15760568527
17805607594
8273628785
19624895453
984812630
14064657522
6778901397
10726778899
4662526273
10099495443
7516061428
10578974274
13515453491
2028106122
23412100175
11682058126
22406632071
5233082951
1697533138
16484336944
15884232609
8072699317
9998911775
8882119629
13731520098
4650302378
5380542408
9773083194
12651439566
13814244522
22116479446
10764339508
11772587043
1305263148
5670792464
21510464584
12626068658
10218065425
9897082618
20670489869
5244804284
16966135789
13246117165
14356529834
13335791352
19028958024
16247628018
14014173491
5649451667
12271325912
15267333745
8360544120
151259963
17270892480
9032566368
19210664475
3580113249
10837027292
5067062965
521835424
3884536684
8337098539
21772694478
18500576270
10725375804
1703654925
4814410091
11512159645
14691028449
14873187863
2863710724
1534197538
2628985029
15164687841
8422778840
13735501747
19904965877
9621138252
3453323968
4607598735
18551802747
4214410882
12842140620
8004448397
20515876858
5267147191
3335769236
4935167147
8904834862
3713536064
10922993115
13385574478
2107174041
3032676584
6462609520
17117953275
4909511200
3586957419
17211432299
5841211787
7611414
6883495498
4340854515
17304879724
11717309049
5875516833
21289719879
12868221472
7074053354
7050319715
13451819142
4863568203
20987475289
5772933571
8034666692
14411474696
19467472669
4629758727
2108253590
1418768890
3467769355
6175577401
7692790608
8853022658
11084491506
97996759
23281862158
20696597031
4108512323
5523079289
21762681788
14889770961
13277360618
9468702941
1630905915
801057240
600315934
21992643389
7585338377
2744915539
18881355427
15718514655
18872041155
1234558074
5079240408
13394872909
15335378207
4051950598
9728379567
9296138892
9064277885
16852277879
10151880088
3400702217
5709917617
3229962055
18091905052
13498895873
10591656784
8554521757
6421549178
14519674346
2128469385
20911601827
15872001781
24181776968
3408147587
22643460124
9699365227
2968419428
2493418900
16025307985
5931364237
5289854934
12316868826
6956379854
2837585515
969680668
5533435119
23609211598
9927725926
17191603468
20392341926
17983704756
1063639918
5689733095
19397448325
1319718385
11575013125
16196088352
18862275634
11468993596
3078447122
12131196934
18090462556
23197213053
22939729
15630623480
16278380939
13146753739
11588014320
13617222094
1726040557
20647298321
313984235
14397372856
16730780288
11798575410
10067940835
14852852504
20927507595
5049482867
13760551917
5094373656
8296207364
13389852651
8831476437
11258955746
5192057375
3950108946
14872511849
16481414743
17711496932
11154776991
6080779451
6581150528
5645499303
5632861009
21248693939
1859505014
9463580122
8760495682
13408514405
10954795123
18670658091
19261346982
17195858190
6669319373
19373332970
13956278965
19992796010
2764612916
11161609148
3172258336
20566461190
12074647626
21269568645
9642666985
19966813500
10053154582
16925894695
6462887233
5108905935
10715310611
11901251133
1161517838
11897780635
11914315141
3511997734
13079093120
2796907538
15148673069
4116930581
5704301598
5693925273
1280452822
11606259915
13131191803
13968962041
10817829240
2470879825
15591085452
8412469467
20628695316
15626400568
11288930328
4760706985
522632096
10874261564
9930491347
7832092186
8685745764
2265629331
22717588644
5594275371
628003699
17603771453
3709151822
20038193694
5929622660
15062632993
2437241464
5661941324
3788529417
13223205613
1885028935
12681671788
5698915951
256935727
19888562535
19156298003
18693208793
22104750424
1252603831
1201182876
2182814094
1541187550
1167243635
4453617669
5585755788
12150646379
2551658782
14019775706
3982530342
20565939411
15754237306
23782705714
11131337633
14585115854
5958363319
14504254839
12266275735
357190757
20491907112
8556891057
9672651052
1909721842
12150646379
23006546129
9393761854
2589158666
17295120634
452067577
19330383294
16367367808
16906840980
4873387759
1379213005
10444482836
8495512638
15379046490
4661383591
10917826847
10479757234
7289462031
18225039827
5501161694
490429094
18138626763
10938277904
21477031041
7890496020
5970587519
12710196995
16258769193
16829608757
8450934382
17159861431
16269384365
12880862418
14756070939
4024061566
2693888600
22114353697
13954602847
7554602637
19035319501
1901327037
546405783
12309222220
20621393168
8885233315
6780157057
4498091036
11990046938
40933190
499480699
15467432242
3060525052
9387534174
1389024861
14922398204
16018464897
18418861489
8793632886
21412594516
20301377070
6430604276
5770438959
11484561856
11933896793
2443007227
14720939149
10875705113
14559975442
16597059349
559498397
3146935117
11500296737
21837137168
2810413882
8574213884
6936061823
17940613355
4447304216
10964495916
2002368798
4601346718
5472454591
4248589691
21234810983
11511390188
12880928276
17162405762
300746119
5431899980
14069691047
11268481007
5043801277
3162746430
7187166900
15379046490
15883821171
15456647999
19199114783
6236329440
15245024379
12394815637
10908373937
231885847
3205884164
22981151526
17527203201
12160769064
8998502914
9704083909
19401841999
670483806
9068056685
17958297230
3332182315
23015794039
15685471221
4745786534
7491309672
13326586042
6173834264
3467352607
704249515
5785857515
5224061412
20169126318
4810870616
1679408380
2107086566
19781100778
8036857581
7258222180
15956301153
18522214370
3984349536
23041583415
3837862866
14813906623
2777760286
22590288670
16311865733
11613716817
21781770182
3510106041
7672538771
10780063436
17757442950
3731082522
19760448183
19578967360
5605356675
3243747799
8097610603
470896692
8174245604
11632143103
16821140738
8521036688
16717593291
1247803934
7166726135
17608935019
543284761
8183098509
19286056350
20691339144
3075192181
7398721863
17706421129
22490097418
5136868588
16722164661
2967898226
13565419992
18400385258
11801071389
11104488518
639976220
14427452740
17407754341
20181672166
1528133700
20428737274
19613854882
579468193
13090278096
2335017276
1334358794
8176879061
9942724030
23652642891
7577994948
9511859846
11186429270
8387261930
10191906955
14342341644
8785567635
15203818986
15775068776
15714599495
7288583992
20752838199
8042837787
1036729637
21947868910
23342512214
5009183180
3714391070
6864130601
11559360250
10812325518
2096160262
1648136939
17211615220
5531588044
7689075903
19916437144
19353129571
13648394916
10039666122
6977464751
2673731219
3565838916
9881659174
2077586888
4319297579
17745609906
5943854155
10050175282
11765001783
10059135784
13365865051
5942477490
7611880125
3891248604
2244071671
13806128509
18917337472
8145074391
5378169353
20768129590
4537768112
13956857108
5206043528
8880095231
15154035119
14863895259
16884508969
19168881649
16947812098
3089102618
12052507247
4086814184
147412357
14194268883
6927435890
23169595306
3894157452
1974380855
4381087302
18673148809
8512678253
8649683508
12395435502
1244664163
19901400054
1503052807
11934613090
5043139936
5618099779
12308387693
13319055759
23224264626
9686583134
3171547480
13970779542
2982170086
9971165343
509200824
21677109894
4558698973
22181218662
4950962437
13672539898
8665594018
5570764129
8401680750
16479405503
5601616438
5943773665
4997452308
7783984053
8491510362
14693734886
6966382728
10831040905
18679825920
6089537359
20603342031
6032918006
16811727462
701796844
7285118184
6764241853
11494644257
4317896690
21526434252
15882827084
10491350193
10464892611
7030188106
21377784256
12181876890
10633235589
21278321113
10769569750
2062422748
5612805885
17273000880
2066282113
21133554054
9402967157
14097684810
10823101308
8721210937
842251977
7350461979
9893366057
10073466867
4113395783
14210061144
14636843278
6473752088
10453975766
11928670700
18502516590
9146252820
14096809378
1421718305
5527569873
15587993509
1111462985
6990611002
17275139395
6945681134
4939166225
9479832595
8871016706
5413035211
3981811565
5464976350
1400513400
3949835762
13132188388
9440711520
14042644691
3465172076
17034960388
15514276484
21546583804
2232055109
8090432114
19118064514
19877410504
18480996659
13165750160
7388105648
1419215754
14201942090
5042883936
7705338551
9797771808
85360375
11881602496
13974508716
2177714379
3830421012
3357595599
23713044555
9686016290
15969536164
10344142752
3256038379
964340806
17906073635
11997158980
16041227510
8217426452
10823737140
9693483491
21859855065
19474703051
14672504966
8091595165
10549212498
23030406448
9043190073
8177806569
5638895667
22228406338
11495943060
16944325100
1419020286
13144786512
2442835899
9046558509
8341654426
5472350141
7020314555
14306610655
17559925509
19439092359
10922422338
10767064266
5934856892
24979914006
11882672199
5523001153
5054220542
6359729091
19398553974
6523633855
15773189484
6244122724
17929112371
826510894
3222114705
2435451815
13818726022
13099824451
2890062191
3074971196
10881895648
10351288421
13142754776
16542558765
5144123526
16754356117
10356368917
4458403718
20453089156
21915602085
3923891315
3429589235
3728349607
6211712389
23724326163
12899607229
3250028238
23615497207
6165004150
8183941938
22126901783
13497153874
21152688060
12787842501
3256998150
21282000419
3525516284
12724773828
3142855565
12057161195
1348881934
16703478061
9756630118
15396546940
18568594018
14645324844
20574437297
8777503842
8096004165
17709361224
14710716013
78541232
10050361195
9386944599
1353163044
5578268810
3750947505
2323605048
5041420186
7048240108
2783254610
238296628
9645064056
9720913350
14715997628
17517355126
17223752674
1247389807
4268793682
8125261418
19519550052
3316388046
769595708
4817807006
6226240156
2227925224
18533122361
11166403293
14504726700
14061998903
18404225469
16883949259
6653655612
7963765850
14388592740
14946528202
2485296941
3263259886
8056342762
6233371278
18328713405
13411254409
2137905289
4385192645
20788685072
4599275298
8978753300
13377474247
2534386545
3858715038
6646048699
19414858187
8707250409
860632212
15955905985
16652142882
15049361857
13150409413
10113975430
12328926632
16061801549
14671427229
24768696162
9515859508
6138943719
12180232136
14489949595
4378326214
3968373619
20162297710
3924424771
2011931986
18958399690
14799257188
7817986325
5197107617
17468043641
18404523603
1335439075
24208743433
1786281587
6140304353
10458475170
14034768728
16148383672
561393724
20129853597
17644110188
13732193256
15744355994
10634392643
14951171000
727006386
15938636252
12720234461
11328311261
12982861081
3079873461
8418807861
9587061236
4327600052
14315160213
6068333824
4308855784
324059700
2118763153
560713828
4484464658
13631924013
1234539106
16964875078
12188209254
24763934417
15197564780
12614899162
9290881476
15608681546
991985285
11630614454
4143736183
5468343849
10482409712
8889539370
15702734089
12017769993
8910499769
9217518306
16668821660
19831886650
15413919605
15068891965
10591617345
20306495309
17400711907
12635164160
16412012175
14032748695
19188536433
7110800373
6874759108
10881115741
18312079871
7455544309
12412142197
13329861835
710087634
13960545718
12275577701
10630880339
13683981097
13180367395
14627461529
19169726823
19622392285
12993745538
1832256674
18697044667
11592259206
11565233589
21094490054
6418645582
2749014114
13498542425
17114313631
6864147527
8324118542
15688285593
11341181468
1791972372
9477041694
8452330951
16568160741
20549401478
10059043728
17741784388
8410087463
6104049156
19344885438
8782266217
19084672335
20631734364
21304331022
1327627105
18508821940
6598221713
14559949184
5106015656
3534921407
12857324248
159572370
10394931855
13848671245
8418807861
13393491948
17663972035
3139571043
3369711923
18664841321
14384500014
12994951232
18672530935
7283534432
22446121255
10063189553
4451772618
15956533911
13814044054
10110742614
10928316993
9805835899
17179075293
8557886029
2641338026
14778796771
10558936068
20556089537
1710730667
6952227795
22919796250
2956878315
18185852030
10332312598
5854771536
20848155364
18376798057
11335275711
3957855682
13673128508
8718913926
15570462935
15574502048
2201028093
19456459001
416009221
5535304481
9044057938
15668686182
13305439447
15417335782
3425460572
10857021130
4503434136
4064947780
12450685661
10458420639
14682122788
24521832761
3263443431
19236531633
16225061801
19383962365
4741063358
10246014596
6420339063
18591365185
1749218546
3356261786
13523524353
18745314065
7709082262
2175795276
22708003117
12087933392
4327014215
15013048523
7842706765
5387826396
16654832658
9456882113
710807740
18949092008
10592799118
14239678254
5228826639
13397715648
12644933701
6337428487
5479017559
13224765535
15625755103
22271366132
22139782435
4930650188
24432474465
14853455833
12951261748
20857320369
3586825992
14779391368
15332482659
6927381984
5638600546
11261858436
9216717325
12249614965
17256255100
2083551511
2176372837
8525772573
1877800461
10881555857
4028648222
12404193236
5854023471
5818452549
19475075452
5953660326
11256513404
1491336496
12300189391
8351850669
3642993589
18059717814
7268666915
12421403514
3575654836
1909184482
11469627963
5430807818
2226675559
6422306489
811203159
24177765329
12460033791
8224026235
1694590712
7004936917
14711749314
12602260071
12982290929
16252215731
16875528251
8687045488
231062046
21058640540
16744349947
2874544438
22932715884
1969283937
17501610642
9222957360
23198936050
13143799153
13314132594
11192575039
13788087545
8922057925
10189600328
3872005234
6547453055
10362575916
13209701646
361773403
14002728282
9744368168
10108373748
11631766674
2818518876
16949399040
18482799943
5382789138
19262026658
17541009206
6353346122
195278429
16676166551
7544378261
1899197940
13032143395
3625534640
18189003905
21757982144
19322054405
13857851695
4159693973
1541734075
17082417095
12393162842
5827841914
15516515255
20133689597
6317313119
6934157948
21788154464
20849004877
8106966056
3347653229
21025960340
13714639185
7655683359
13196153836
20874195628
19390069234
3396324608
1831298278
14344142992
13110180860
4361416338
23671031622
9518486798
15084720911
126094599
7291168802
6004883402
16842018650
16619546601
22290209122
13168377098
7528874085
12413172820
4359451675
1691128967
3051496149
19956207633
13218422151
15488473341
19826862866
7517465809
7908785775
21812023770
22239883634
21794455273
5249219098
3053546493
4651891692
11853782760
14328027285
18157854502
14856869520
2006962060
3941409593
13264295631
8872956814
1025975624
16148402926
11354710905
13454646320
13076768960
613823647
24809154362
9786290497
16676904553
15632530507
12176855696
22180546194
12813439225
13763100977
13169457017
13107400510
2756115735
11610099330
8418888870
4583018949
12562525596
7201866764
18844432289
8131001846
11727291326
9927416477
5570225582
4809786448
11051016002
2045121737
22939729
10040865772
15527490463
17997748076
20570474320
318783200
7973234631
15505342472
1852979652
6290643734
7649747422
5697117429
8363965122
7617047289
1283343873
12912934892
22430286470
17462461160
7163137875
12690645088
7075657149
1187343035
11134851562
11340872518
8830888534
7589905987
18118704031
18579657271
13372625500
14550966902
14310037144
21039754342
13634203683
10435233160
17510456922
18533388432
5818144693
19265562568
9569155191
12017791424
6766750900
4806214948
23647087870
19382290887
3636055831
15711262746
13060692733
402881401
1013454008
8926062189
2138260633
9021758052
8216267062
16670394557
10305594255
5613032745
15448135254
11077264381
7668684265
7127197314
23207253927
12767996277
7481729290
8435777824
4870032612
19154678926
16108919275
6509713236
3602941978
8981951251
5049625880
22046946478
19496104539
6958423585
13311368348
14731164903
449042412
18099916604
5190664890
20729201032
174851533
21280923628
10605683649
14378938937
2694362223
5621015370
889762074
3883742572
8054710803
9397130560
18391904825
4500534261
12883698813
17629800378
1187114616
4743870915
8194743047
2707377900
11892296440
1100757965
8480373986
7653542670
15664312704
19867035230
14273800268
949265831
10218950271
2520232968
18049306916
14311323513
1068849591
7687602320
11416499711
5624173652
13361497687
826412056
6263956931
2739096616
22019489636
19188113943
5012794695
10002565846
2542933878
19643969340
927961427
11963645654
18399032384
14382858418
2677657659
17779813957
13799057930
9613710254
5915846612
6213333067
2918253750
19288043662
8720351144
6262144503
11469010232
10665501311
6046272949
17731812813
2170651524
10091011408
8034562160
1980973804
23266114537
8251013313
3825357583
17900794065
5176754609
21184569614
11949970126
5131197940
6414327227
2843783209
19109046279
12818291909
19878639806
19177883244
14361665926
1842150893
5408971990
3750821519
3255008322
6708543565
5518345137
15457402435
6769828510
8244603410
9784176420
10760003392
391205186
20622394072
18305140012
10317416012
8058989321
19705215495
14307716320
23179984736
954025780
2758993451
15267491288
23302681342
17547356724
12230140811
8675459290
2700492078
4968219638
6017389539
2162739177
16570862801
3785216323
14075330053
6507508679
4001386083
4844889271
9654343369
5489111328
12104476569
11386549438
4404560795
17567951939
18379428400
7819671179
6224073372
15576238917
9150202949
8706185298
6563104017
257735050
21310226346
9388361774
19198338830
2294352619
10341586028
2380632261
1293183789
6874759108
11739992584
16513157408
19178721425
7173249599
23465012764
17526787219
5971221434
16712109293
18171801131
15982652378
9625928750
11804931322
19640943637
1334241716
12458841616
8435882037
10055071098
9475523813
13660877103
24119111340
24033405908
10740063800
1096523979
8843547655
18821187501
17800477527
12457211572
11386479947
5126758242
4457956892
18098636807
16331342095
5255190720
13699314661
9270171870
6104850289
13181733373
12963625170
17546816210
156507353
10738394887
11115241069
5404515198
887895485
3822148353
11647735475
766635481
892184246
5041921332
22874719534
15721600995
6001552949
11318357915
12228411453
18093429827
14730365436
11042837485
5705915676
10070720339
7181952026
1732571718
22755361065
4264697860
8345867366
15162334483
3555074020
5264945749
20238141196
13060446407
10313628307
5632861009
10497980224
8107147251
16589493285
14887645284
14202125173
149717536
12732172899
15620414672
744170332
21238543947
8475931887
13698271570
4866310806
19559214934
11399299773
14607170823
3899170501
16399725974
22922856578
13849237284
14556360556
20731885767
12841811348
7057923471
18975829117
1461546541
20463367676
3020572144
8932943280
402616511
1631421353
3581200831
2309243022
7747504932
18240210470
5927820850
9362534113
8897374665
5086188024
19429494706
3755568919
24724710507
9058860241
9218331916
7300538604
4256112410
2746339649
7837968097
23501710236
15252496064
4982338758
8528233865
10304066789
10683029374
15158737557
5372260819
13436199110
7773320087
3374061130
18590676723
6130005409
16175369947
18396069816
9465675043
14598074759
6337577349
15505845595
20177647270
12481213794
3885646716
23505991414
13449041645
9763864119
21787321767
6247141606
149877497
1472084806
12393648998
15570677254
10080495269
3583287894
10538031125
4864599678
10571001432
10095463813
10393614924
5680901854
8025495536
22454144320
14098445777
4214862776
8547649789
5831360005
14730926581
20955255868
19497156196
7622992289
3390470070
4170027028
7032258209
10620221821
2874723057
3388677742
3536700015
10705730153
19535147408
16876573685
10841043784
4481502195
20440816253
9853256868
16850128942
17803525525
811277771
6906598987
19172253152
15699956997
7720811250
14750891366
16227388007
1296555275
10503545505
19813898703
560267113
6602707972
9195466022
2178474674
6747466935
603662003
8476695924
21439147207
11171387865
5799818527
23971496978
4577664908
3586120585
14743548018
1646869774
5038083168
742137267
23057513721
21863716119
22701699401
2048063356
12874142303
7646854578
11490861622
7415830480
14142817303
10005313985
8630189573
746442122
1281034500
8275962951
19524105629
19422856073
317171025
2695281642
3055383150
16153373525
12261470903
8008308239
23371515613
4996711543
4267115022
11896186635
17567018442
2273636190
23777560343
318961693
19950540488
20604381205
5064753744
20743856898
15870946132
10655503533
7877759356
10150739707
12912721707
16982341583
8632072791
6599475849
2379940872
8742460231
16178077536
12183372234
19043716541
254850224
12864705383
928930135
15178304128
16026874538
9608148446
23227750940
4320593223
4884109743
570009530
22766368303
16533849387
15813558826
6656589937
1228485671
22113692810
16035654406
11990866974
17619397804
8166039549
11353645472
17701483888
164520482
10578974274
12063948828
13667647062
12421598806
15179306892
23515926166
8490892702
12967690465
13323675432
8360353374
1975324979
17401024779
5139497313
10929901212
8476162220
10835839169
13889583444
7741881730
22553530612
23092800328
18813562609
1185307437
22270800579
1867024543
11400618017
4694067483
17643811084
9454797709
19482278713
1536003099
5459367736
16710277942
8982915906
13660482380
7811227169
1509127648
4621175986
22856887364
7446692606
18424578851
11782585359
13687188269
9292838529
15125570555
16033328710
9519980010
5318560175
1222247141
13745216477
1443743771
9464913305
1872130395
19409121952
11104317947
20670099445
330931306
16795384993
270947998
14353290766
16518943573
6072339132
4881341386
21405459010
12320293906
18212176998
16845946783
24496873418
6964102245
20603153508
11391618830
21984545808
11509374737
11032444688
19969187742
7661424392
24567608084
3621571424
5243721556
16652142882
1257870748
8028055351
3943145078
17836040040
17076310721
4494701736
4505130101
5458358478
12786965964
10031908198
16248717005
14058223488
15493217990
12515699871
13695834826
6657861932
13816463057
5684490140
7346126065
13687457306
709992385
10230811235
14620388501
16940747783
8658854042
9527074018
14404966193
548539740
17906778861
198370626
12078218280
15006254919
4575550181
6723609566
9629561140
21143769359
21763495696
4906863642
15424499000
17502260130
18124080633
9656552569
11754536589
3439687431
14884311786
4662116407
9317907845
2477121398
5940883308
20543796859
12121640861
1372992037
21822168727
17851400691
4484539249
16112990856
19248737369
2891288412
10332547439
15003026126
11244821362
15587719978
7950536162
14152753325
11653387292
6958736163
10791288935
11099017582
9972757537
6726935131
13949333773
6009534552
4155552399
1818028883
17803906814
21156520050
6167339835
13904459163
7976871942
16045475275
17423354106
864580464
6879928331
21358875162
6643508984
14093769363
12897617798
16005839132
7451993967
12498671385
10738394887
2898390009
7105926338
20734483312
15703987612
6031693379
22160886545
3964376450
925309070
13722224066
3656189978
1012632215
15252583359
4484399637
2672265404
19556233766
11420501685
7663535684
10329372094
17368718156
18636411241
4152122553
16532983580
21983245703
2327525894
1868148567
4682209258
7771199467
20534682855
1862796252
6347639666
23669930160
11430032596
22949463539
344873091
5894760163
4044647098
10594512432
7254939774
2139021467
4502356746
8418846722
5286597512
18808783080
19176303724
825636356
15027751750
2379636414
18532513228
13868205052
5908027532
14497925772
2660847785
9807520881
2782805747
7657932332
1471898197
4752656232
1924062515
3409160272
8109169394
4064857938
11984074918
18120788488
20116270012
4442102544
13012599146
11923386507
10582700378
19125051238
12072077403
17249066835
13841385264
9204895220
4471641178
20484293794
11267712409
10392763340
3470169009
8595295515
9973877400
7784439643
11259819269
5193220011
9703468371
10812325518
19146322788
19179675937
4647594022
2746339649
2821708415
13199676081
12671886399
10372099873
20001604815
11170042751
8793462663
18684923318
14454751693
2115883689
13088005805
8798897559
6789417261
20938113423
19844101652
8252365810
9740008979
2877176710
7380557573
9814377820
7894521565
8277238639
6700801408
12448715540
6766172767
18953788280
13099354945
14411468873
2748484876
13571480098
13074766626
4614735251
872023091
8805431666
11464723861
24537145840
11780947751
14309146465
3258322185
14888089656
6486008696
13898088161
20120200308
8081966856
6319740210
8104412880
14354472895
546304848
95806751
1188144145
18363598054
9013623378
12518718204
16309327697
8261317278
6533212672
18964383831
11013038639
21022699950
9652174650
16361672353
15776499211
1228348762
4319630954
997505706
7051291540
7405384827
6265874129
4827951927
3478351001
5860702714
18201294706
2686664220
5506621353
6730715438
1970572661
11173181280
6574781741
3075474073
11786750741
2130400276
399181914
4809181268
5667749269
11611761300
21247299616
4033650230
4015787761
12474061200
13792435121
8844013185
8967487428
6352951856
16045257724
9666344634
23072478740
5065191289
15744411040
12131196934
12784321180
8250542481
7310605493
14933461207
8198427336
11288918659
15684831549
8451865558
17299317807
14187560488
5121435290
18486909564
13334414466
6789307517
5743529137
2687286095
9110819369
15702484249
16224014373
2547305404
15145669112
15544300473
7257838773
440827583
4582588897
13380264268
15730763022
5759791653
6140870551
22458202843
5153740439
3549375291
8118386627
12615267791
20303191517
18377209656
19869365791
10324937171
10190279203
9580721398
11877335453
16278556218
13179637859
10630695185
6418733156
22176036980
2472582112
14642045646
14987307525
2689790607
1108361231
2782280945
1532281714
4752509563
7172607621
2357199243
6836888003
16989306650
10272258438
4361485342
23545282898
22526573233
16180839960
3490759187
8098068533
14219758275
11950966387
3702822423
3718104218
10766459187
13483290373
1846149924
11265599217
23264260891
14833875884
4347486861
22219503925
16789338763
1573304945
1012589460
3853999668
2860595768
8526341870
7963707435
4507429160
7058401212
880842036
3727217041
5783725157
20048457637
8977318668
15075962359
8348013192
7732723387
23695014404
11574858642
14320406678
522632096
7241875129
13447783357
11543599141
17853420051
14410095048
11571250848
7583441706
12596016067
13867225920
12571747854
13062378030
20523816496
4078703684
12650137300
7985707221
19564875413
5948058183
20908208044
7388683633
5826830256
2952361480
9336863940
3021215280
21148195479
9439273702
16810591881
2502340333
5221176894
16721441818
8547932733
6850201022
2106348579
14626086493
1669153047
491164032
3356101350
7934059239
21983901207
14317065397
10161385716
8230931423
3352945882
2013603065
8372303259
14878089425
4628260796
10538698834
12841545182
5251503169
21291426631
20856782591
9222230891
1017393109
4080574000
1321861999
5039283478
6939855507
17904404027
15380738155
1872130395
11506065499
11920041404
16361228811
10236024226
6469958353
2694248389
3727677920
4714209410
1398990475
17468079109
8215671292
6332800558
14873106210
2499631077
9102605908
5227434030
4424284440
10507479995
2718449258
15749010409
19529105588
9954052773
13220861531
15354259738
13825794167
3258923877
2826297836
12955420860
1102236600
19019509777
4096061495
7190191704
10226008704
10356962472
11951533789
6451782963
24927617196
7867295819
14955870385
6080341529
4364598262
23001115676
11388173888
4728407797
11065864375
19793169319
17077948913
7779641086
573145266
3318866784
15803015552
15339971361
717803943
345037119
102248370
4348434376
1353421953
19322298863
11157337326
11814596478
9951771123
5580167571
8748531188
5001421067
9197979424
2852878524
5014325513
13988974623
3301745976
3827279116
6438962896
8554386275
10372469177
4631876958
19988309606
3065558385
11668211008
16148855743
23153653266
23712000311
22361062370
10834743611
648715548
18882459957
4730561520
8728189341
3042212628
3039663500
4260371810
17299165786
13518963769
14463869424
10495856448
1457382411
13155231539
19174240098
9645271086
3822034078
16196318012
12571278585
2401211852
12051006994
1026331547
11314048111
9427236120
5827319738
23142222929
8604589549
7464255218
9046015157
10597941995
14046501615
20929763948
17758824432
13930843921
11802629428
8498969491
8149365904
2784248947
7566773914
16847150452
4574742708
21663282635
6005272268
17904551697
12361911230
20299546186
20060356132
8858000987
21022153327
1927869632
6812939683
4143053730
15795337291
18802894945
3485001545
7351506827
2385340224
9831719651
2186952885
7137514876
16545728213
23372744262
13318089361
19248191753
5284362783
315350817
14642838071
17248263266
691250
16791680183
15309879832
18902089070
207990916
1599427200
1857235405
5447137899
8352799893
17910412631
2573441739
2471126525
7340003666
3257851620
3625333223
14816683758
4877345450
5847066019
1791972372
17946798667
4405923175
15360758976
2437059365
7081496512
16782803327
11461829804
12154442001
21700228981
17775617799
12150545913
10053030535
9127061019
3257234682
18743056492
9212331205
405272702
15964086905
19574784592
1887760326
1615492017
9996576240
963673559
11292197125
897784192
14024545097
2324635056
6183746569
1231989177
18390633882
9458513
9433250160
2552904599
1291827463
16977184769
6305713388
8600566412
7457747454
812346765
1836842331
1474334817
18685494844
7556595242
11631514073
9312104173
8093366449
14728801979
15239581269
445693981
14239053881
13204489305
19938712578
18000486548
19559813928
13742875535
21433156326
13271372887
6057653837
9563892951
20885734617
15211444285
14857507224
9974545616
5009103697
2413280117
1917651887
18301394823
12665227451
6265874129
11319482058
24313593009
7511517720
5632654684
12183943996
13570941861
2738661963
20187095160
12068078404
10108845885
1146334087
1649083796
13466596164
22587681064
10606259563
8538965076
1970000617
3423568603
10249352737
1988139532
7383381227
7392458056
10210849045
7314488671
13705933091
19646003029
3325408532
3069105449
857250801
6298334986
12011365893
12482419231
12343636644
4972127661
16909785404
16129907719
4143305031
19141840281
16791474521
20422038679
11908676381
4105641008
22727976311
17950428063
6021474537
1776388607
6657383479
15961188446
7607565424
1289797572
13257258276
3608838039
18482587621
17387509939
5702647925
19542562326
2874961437
20653595535
11664136426
15928944986
20922010153
8262950631
12486268504
19542562326
20499935685
939799649
13255087954
143393723
14116409149
16545181417
10059382255
16168406468
10490697572
13724501683
6906979353
10397398021
6467205421
9658005664
213500498
12093813478
7429721069
2662599162
6263895836
709794529
288254605
11104773788
23820750945
5870281903
726051127
23885454903
8876058062
15230612474
1808618538
2419734102
12769991627
10846190867
7725385561
10300915472
19179675937
9096923510
11842066121
16411600488
14323960268
13605297567
16720917787
24374205765
17810786540
4663048061
16975581461
8758763300
7584233932
2875236416
18032436754
23212192097
16042582076
8145561729
10369784024
7232170011
16040152435
3306945557
996112207
18978978297
6830657952
8428187080
15127464298
4686428821
9336863940
8357539570
15001689578
4229709199
11712646087
14466521730
19789538640
3627556885
17808346167
3225632212
5440247408
21230963144
6254086317
9209119664
1398636106
6653167223
11372633600
1567546582
17590830856
24267032898
13493299478
7628843002
9053920846
15946423580
2609792227
11349642123
21311904908
5480145699
3772868390
12864900030
11708990260
12676338729
12785089543
12003112845
12614597979
1185361886
17422588268
5191612679
6760360350
1483180727
9478963760
11134974563
13686558679
23494812222
4030359201
18630764660
15330379851
5403775548
1912164744
11213102275
5234510819
2357550721
21990409933
2540033490
2584848687
10018487159
5806363607
16992171558
2874117369
16826469053
6800841738
4546997556
11356628403
16341678022
16600448670
24423290028
21054088946
15194007289
1761669876
2333914594
19162809113
11285454163
1172791925
12416353286
10515592663
4406274800
16627939123
20341058033
9873320806
12474432742
647333598
11277282246
1218523050
5570607453
9221770823
687390260
21479303120
2801611397
6422413074
21825079732
6484755616
9332945300
8808682685
4957146980
6762922756
2042250116
12058813703
8182645922
8605737306
15424192761
16472552897
14842263687
4306778608
3323852023
14252951738
14032905249
4069408611
4213813769
967583645
7155960435
5097301644
12702364267
9100212965
20401359649
15851618673
17679233256
6667600151
177239973
4798218752
20981524988
3085924768
1410820029
9278425414
3558530831
20756851975
8361784988
11456006177
10992406400
5447469555
14405225964
19435066818
7479242072
8970544156
2996349040
1621401320
12545888974
18928984608
13015437315
20524719773
16431658778
14141177557
1431670660
11948504286
4564581685
5667173855
12905299517
10653629404
13700473472
18526396039
22408040974
563547479
20428775909
11739668866
19969361001
12552047599
18998743894
14549582836
2441299147
11870962764
21490665829
2874291708
734498466
22806908819
6954699236
4033152448
4405424561
6479542594
1300780313
16445430540
15922343780
13427509564
15252073380
9932176652
20262641472
13098356926
5572068696
9630345846
19701985453
1065300130
10106214544
21221258591
9674441599
3200410032
11499152903
3325268323
9354061243
2478580319
8364852618
9013475491
17166117597
12778767120
10376626577
11960851770
24835717578
11063940947
13366994105
6917098776
14172436363
20007596696
13216124402
9880125651
3265052455
4526538488
7580208322
6864414478
13295242967
7455164639
2411221573
16941580551
14285029110
1140735558
12415594548
14170676954
15739635657
10305522382
10679520211
1032154403
1360608343
6127650110
13904469388
20695685840
3065117277
11619412523
17832099727
10741354997
9618479227
13007893796
12864631453
5329963977
12141471520
12549371233
10359412267
20997782401
9963775204
7160537657
11361322390
4783848551
5673290140
7765550458
6991807652
6119432102
18030555714
20151675893
3097936212
14779833473
2196307644
13158289836
5081963987
22965131150
8864280467
1189066800
6701299601
19454500722
14523790567
14617104839
2394037703
1761034397
23358778943
4363793501
8624081446
13393910390
5269519539
10561227199
10770365408
11544759541
9538525734
17603499810
308690522
8119711734
3107158203
3317029051
3635879346
7290559189
12189095096
2614707780
14036815620
21451002065
2174639117
5364484712
18061003080
560740989
4485560587
5298603169
19308611331
4161466941
12066945987
16465195954
14098239787
18276623640
10484360141
22158230790
6101657640
12049173979
16856795731
9584541652
1916660602
3425100206
19087433804
23539015157
12205314210
22922490765
13394173686
677089006
14475890696
1166345514
4731707610
21425698825
2777949328
7164885618
3711145309
10329408223
2507496484
6866715054
21176123543
4977841949
12788865827
6389782756
4533180226
14332030754
21589633763
22742190385
13569858631
18168454600
14910125107
5987731284
7720835653
12264445970
11743049048
5146903137
1918835056
5379516053
4098070210
4434254289
5658522562
4456765816
9448557806
1606518091
5033832468
6768394006
5407389360
11518438303
848285224
16453085950
7887350802
6503224373
18502305408
1712459358
3064014647
1961091026
12755141725
3632620768
8955435234
22040105934
7582157295
15160801104
13731997792
302920599
8875516698
20435562723
3587446838
15861493241
3009773327
12731425424
5859532357
12091231828
10416488163
10526183852
83656988
4228916750
7184179940
13973237523
533771056
4079633956
12026424609
6023366766
6946979198
5153138197
2243994439
1432206426
4748278542
9985702078
6371646556
3064628761
1726560623
16711645375
10575650553
8364237344
21436669208
12890110627
916906735
14500672574
848027260
8439943220
8944542452
10162080755
1189958521
17616833207
16855216252
12993717155
1122697109
13793980499
599730006
12397963529
143393723
3797169136
1689376461
710228569
17160142958
3084400626
21460268484
12720720726
23883493307
10478423631
11928911447
5803065325
2287103089
3870993375
129740430
13518415782
8307411540
16069094119
4082129237
14849318974
9319120255
13957482052
4226883104
14929601876
14302486488
21483070174
19663281206
11093872054
16136984114
9307370088
12525494800
3726912068
15242251803
15973398490
11236916038
22450736853
23445256387
14000124038
3361099559
2675578643
9041105766
9396096523
10036162750
9552456865
20132105517
18848100484
967793169
2950728514
400087204
8439353432
15820242159
20453735961
22610045134
12199953594
4330869370
15065098967
11111825518
4705748178
2949354869
22026764124
9693764908
6393785598
10063560314
12217861349
1913446176
11112994597
12706987479
14172209321
7289594758
3906626257
9463943195
5002487235
75000088
22881257347
19749359635
2329908592
6251054789
17435202706
3107319488
10308650797
14833746911
3569902984
510006070
9373639752
151810368
17114746395
2742044107
8084313825
7215530515
20123543371
10012734465
20107621743
1522862664
411283783
13195945793
13572614261
13036604347
16476491115
9485168703
2231742537
386078549
11448963610
15562489657
21135974047
4076169856
8157528594
19237193695
10205570444
5778982991
20075953151
1318463198
7036129055
15970335288
3822068496
8977030651
14531452385
10186475330
7913227181
6506919415
21979662260
3686563008
7244682096
5331338498
4138419820
21775354031
8560605130
6228797591
14661480971
7329168120
20507060078
5848483893
14296885861
3824048150
12753104964
7895260600
4082129237
12127563490
12589165849
10155598420
2290811842
4262647360
11839334161
6534286843
4665993554
1360848328
23268802220
13715599243
15909936067
17151877852
6621812299
20292360881
20336101676
14065680470
22736823772
6293843267
24518494169
16256356078
12993745538
12025387078
2415065391
18967809178
10381983538
6994083969
1278646377
19601509365
13143668008
9674514296
8334088656
10492243141
3837842774
1882024176
11761059527
8896785442
4306230883
3514881987
18332089118
3262771440
19472546064
3317175738
17913728066
21872690407
8749735499
22341672944
16044517767
21698254209
21982500107
13479676579
10934755146
5276620065
8697634702
10963582131
20416009358
9219212817
11330450664
15121970827
4497889284
3974770660
9216419515
17510303575
197382469
3508551464
11190805726
2993189508
15378831680
12374592622
16640161687
16127441694
12486268504
13731313955
12844194067
14193157483
12853841700
6288307980
20222063275
7671188075
14432489177
11806425912
8493048385
5293923530
3625142653
17365543005
5800512646
3593694127
15953640161
18481401119
427780598
962426121
22123923320
15028189263
4824523411
19307583258
13267040440
11944290113
11375568006
7753922332
2965107950
1541744674
1881681380
5323087518
15389309816
15551388263
13495374972
6397410802
6834108488
15048176040
12446341403
2492216193
8123483766
3765719969
8707410678
12683695361
10230400825
21382635365
22940751458
1997755271
2012537486
9681114469
14090724909
5121438891
18054922895
17339626591
14122993651
14229899483
19031959104
2285732010
8723479179
16615015392
13078556193
11155083969
16427311836
8216153057
1790095125
16987144360
17954005069
18503979030
3530763508
1292960108
15160450021
2710992257
18344143748
6476946598
16136080760
15776388190
2290656118
21010230704
705479523
3443496301
3273600900
8693028835
22689540785
3618714464
3062326188
13711511350
2563171735
11958722987
15085473519
17036628612
11540779510
630554777
23575312224
4250605511
1471003846
3407784329
10803224336
21675265028
5667470201
16786155786
6436074125
3300417260
19108827076
4880298581
17795052310
9425109588
23782705714
15672066334
11380892697
18054293096
8027980750
21157310554
439610787
8924439863
11380058754
10643784795
15203414395
17252296381
1120973145
14428229354
10332880626
21636524155
1712833500
22419028485
10224241620
13956019143
10321277504
9985130255
1296252446
10933950071
24074506620
2952703850
3265782965
1836196104
9527019511
12670690092
2781528268
14218330177
25084159154
11051707436
1261350339
3778495478
14817334421
6223057638
1797166020
5973596930
17942941483
5754685520
4406780447
880842036
24539841936
14724755006
6626128604
17296690002
5545575157
7206177368
513265255
20734739611
14755774018
9007166367
1378058277
5736445011
2925502345
7317704318
21015656053
3055351092
3426032631
11114123674
14074930010
2588879195
11198622404
6324274175
17126039863
15173696517
4298721581
126500302
1817559293
16302935039
7208110413
9653879170
22652844393
19445978442
3133274832
5908027532
5943668088
22589485799
13676121116
1087769080
5872078241
13618761680
1163620741
22351653917
9426274346
6803182508
23464826034
17641394120
15964115904
13999596849
8806709785
8125655461
7710577615
22875031812
14333125459
2926054953
14513209685
7950591320
6672197750
3583316487
9629633811
7985591180
13552245486
14935603770
3855482410
2954672821
4663949500
3246239801
11550051043
6909837718
9952556618
18395974905
10575256191
13286838571
11328033399
14436310085
4123634130
1815495379
10967042305
22194515550
8951095138
60763043
15364673868
19952256556
6216685410
20406405987
14858250551
4608644672
21887650741
1895002069
7928775419
388720705
23489504137
16020032539
2624412661
5830778052
2077031358
24522666257
17786160101
5158983437
18996597023
5589365882
16298277098
16616005911
533115799
8003033823
6154007912
10287096844
15879793728
7984490202
9982329634
11476253009
17076242420
23320664205
5313504178
1293355609
9971520704
2094123767
13608706670
24561538054
21803484361
16942621666
3678525781
9727267606
20970584177
21561303183
3403078316
21996167866
15156197683
18129970367
14776251963
8039266367
11387764136
4892444375
16549691357
7476929920
146897776
429169052
3514717244
1789215303
19236618297
17224739749
9764624566
6717544971
15630623480
12057784704
3255171678
9364670273
13129889022
13744786179
5739473266
14655207667
6637837778
12565394061
15558828933
14678030150
22901927701
13726755487
22241961007
16880935128
664324184
6636430358
5405827039
8194447206
6048046334
14697796540
19163573782
13951635293
464218157
5703592014
6460206952
21976414364
23613231470
3955271990
5268722385
18246316573
15684229850
18299931664
16687274490
3296748537
872111020
47844335
17746476273
23798293487
18854699467
18989026914
6431402945
10986872861
7856780292
23400588034
771393110
2856442547
23243332523
11672477510
22408037919
1759477646
6681412909
3299440569
16508480413
2375477271
9035211528
13799722750
17455924179
11069854951
8045811682
15434035103
5037939191
15345810969
6540231645
12218361198
1205143833
1206445068
1828870988
4863165029
8765952084
7201589182
5301208455
16642260774
14338369681
20264953708
19539874142
9862339860
8326715584
21749440145
14916829336
8254416003
18873331437
4053352279
1535217111
5471699870
4306867050
3382922106
3105448019
8820504980
4837097753
10476184669
5879075900
18248849643
15142954954
16072953896
15767055379
8558916562
7601185023
5825321131
14254735303
13711284546
10666748899
8591831758
10859691
3315759314
4510079953
16378964637
13382324936
22152709223
11741017605
15742766711
2431751192
3283193936
23013301341
3830421012
21804220214
20150897503
14320301941
4814209670
5400045393
18362459918
9029287195
10826761461
3899314533
10107905554
14407172120
14722602996
21630550339
20133476903
23069022903
11579345173
10372557527
8878287304
7946789688
17335984133
5325274635
7822965634
11268102029
9283870002
15792650087
11794780899
13652661194
15374909560
459581553
7809456399
17458367472
22071083250
6418908655
15674612797
21683255970
13498801859
10046570896
5435731550
8164567448
14608691232
15764478609
8030333930
1236092584
1176380813
17607445134
14629043150
6103014485
11406768481
8253308097
8973466446
2923057210
143991765
8585206520
11146237389
7525003065
10994686568
8371741690
17320517773
3587446838
11982179468
1164400453
8219384564
13766175587
5716753269
19512623905
2874961437
15204656733
10407125652
14664629805
5432001512
5870076687
17463867769
4001418118
17297451300
14782717071
5467991218
7979022349
8032765507
16061652068
9348980755
8844946404
14779327748
15842388783
6751480372
17833369279
12887964468
8207243945
5391859934
21629743183
7283534432
16997184845
23690977711
8341878770
16411299065
12773974231
18855491231
12365594215
20147081624
9674698912
3820386961
14499104159
24315923668
6324938632
7483311145
9103655931
7872552510
1330625682
10007055110
19867616203
10578974274
12702078018
2579272970
16257145355
6469571006
5376368363
12470484417
1334166669
17728004803
3408100165
3220694985
19500491578
2774488299
11812875364
18403211007
13677075206
17185217719
5406224198
14923187845
12142500179
5749277381
5472895944
544918132
15342255826
2828661416
17731812813
16498790915
1570540981
24146310953
9562848157
130062942
17789023291
17650121964
1742565631
8002674110
11241195258
748817731
7109761729
20937821255
11265195215
22027691116
8740468159
15838623133
21942776349
4252262482
5522325878
10212914236
23057128680
19663281206
10557043692
7926385009
3521002842
2837761270
17564581928
14860977967
13247511115
11856122637
4784261392
4787179801
10874530084
7410897271
10253057234
9462236778
14790485501
12021445152
3140663893
7125883609
4049422011
5058344215
7772596514
7715748545
9708523611
18737267842
6926981604
12533181677
4213732498
21298968761
4943102424
16723082371
17043633305
8588857745
5815449850
17633533040
16560264137
11314587521
18212188979
5332932842
17703535027
18564943020
6805763043
496289757
8251232161
12899953931
18040354511
9214862742
15163513227
2393857221
11870919772
19647105883
1670229690
16126650766
17616936716
13957542797
7368181978
12095738189
13249185449
8242855292
11525468583
14709503929
18341957820
1391214135
22256310530
13569678402
18946084066
17767246838
7383349695
18899287610
15716884508
3233515004
13087998470
7612914365
12990565932
11015645628
3203114484
21196574746
7813491565
894662553
1565823737
6429751547
21455192730
2543507873
22810871658
10935126050
10499871775
22648508421
955228586
20329128972
2320314961
18850093611
24273625768
23209738916
14026454862
10874985249
21136005372
20957599430
18941172133
22392381829
16725744530
6226810535
16648899207
22727265410
15326023580
7795575238
12543153736
13000303622
10231680595
12974748093
16983088505
19412801430
3262558427
542854607
9190569439
2257774464
20127347453
22750258652
17376185568
13415104618
7646656490
8837533018
14060084781
4100558628
3850348478
1591837308
11533337924
15494343592
4453826474
8439188970
17949474750
546578755
22741752350
23182769013
18759716871
479617156
1224035590
21880338522
11309741293
19291536631
18524615130
6121607177
1831298278
5755067673
21467755348
7471365932
18302625107
17777540886
5497116434
10057361198
8503506716
18103679630
16731673074
14543611918
17296886030
12351882149
10044758965
18239664653
8622380261
13448939401
10410327186
15930759512
9216670623
10760666957
19706574183
17180247869
15723026629
1772169879
6285754356
2859635156
9746802934
16930497975
16478466022
2141087568
23259570971
8839503586
5038715174
16013594080
9074803497
1167002083
13376194648
3901512975
15974890779
2513774638
6708778177
13537548718
9541354058
9845488411
24334127980
14671129566
10520604607
1234558074
14969371725
1170389041
11652391708
13228841913
16574540879
12259112453
8475329350
8911771375
3792425553
156669365
21595253654
8722421315
6059370428
15681343550
4435560507
15623123594
20815021439
3697869476
20759719555
11080572679
14309352536
22216563435
250463287
8042631024
13752203756
7418340543
9984217752
794576598
12714522916
17434271230
17052302517
14419213438
5714712634
23444825266
9851983567
5157385090
12146686520
11760576007
14530934500
12406005064
1011918936
18785618759
6298001875
1864053281
20562779336
20566766702
8359492899
18748476103
4808500539
1689106977
14096830372
13658310692
4478103348
21803634476
12394277324
1050089535
19262318859
10830619703
4839000385
1715773673
17594920229
5206596937
8415555210
349387068
1261085019
10128719882
4069641874
20018535553
14716750225
13027179014
8897406161
4172672532
24414474951
1881681380
10567505666
163128664
2091640192
13222365531
7467667055
15052211470
5763430259
15075437160
9742432159
18195203963
18068069687
12914610189
5322191952
22299979156
21495549846
14248795186
729333771
10922145688
2178782091
2845788046
15553805698
17759172353
1359169090
10219237351
120997232
4978723981
2316983805
15970890242
21635160693
8808431523
678720565
10926498339
747240235
8351850669
5762111888
21566280340
18251153867
8418647340
14818898880
6852749539
8681473149
7549561412
7725414569
546876380
14684931388
9856903925
22324225858
87940954
16736456315
2776075699
2362596324
4121593367
3557323480
15795708922
18712099719
1981273533
18720725416
2925795492
4569246622
14048219278
4102029692
22857011195
13165688766
15494623205
4151264166
19384713937
15986997279
4752509563
19561957798
13296300161
2139764863
993728817
2970258245
16096682542
1708183703
8784134935
4554827182
5916224930
8041020018
14426350575
7827027920
2109533139
8553825575
6476473099
20242861774
7500892145
2708249265
2096738891
19950842034
20915302078
6521118294
13334913032
8157414053
922618712
17466049017
21068896700
2433857615
14318041355
20924437203
14609114586
12815776339
15553066421
5947966556
2149922707
343451889
23196460772
7845829921
7274724474
3570795259
15937870274
20249959783
14090520692
7014197403
9387624823
12764861763
22945746803
1167888134
10579161836
7781553278
5932545194
10729281589
20265017921
10139106498
9485937856
240228419
6350118248
2091261090
10901871659
16584974894
10757872959
19268822685
8282498240
8886076540
1786780795
13269319306
8664246780
8417345412
7235134969
2890491573
22147157429
4987148161
15019194519
5399535514
14821738672
3322711343
16435115182
12437094589
15335720805
22491206144
4063126861
19374096612
3261960204
1734838989
12194768605
5366832661
2656977116
15839871088
7014771113
6232993497
960827296
1884561445
4224668907
12230217182
18374365807
1055540633
24909534081
18578098110
15268651278
8225666983
3687328055
22651670805
22711313626
15992754062
22062132317
16484336944
13752478029
9624750747
16019589734
14949236675
19427719822
17875693261
21754319431
3090697614
15395670993
1235468316
6206183437
17652114380
21864136089
15137196347
1694259622
11890144501
1675371013
3585696117
6485525979
8477091142
7589905987
18042165644
4780751711
19541469705
6072641412
21628610362
10198120944
8143640179
1903592403
3870004394
6465635458
16138346461
20138332789
7836037787
11283426663
3869266457
19938944089
16373096983
15273000101
5629448479
1291333126
4878381577
14436318681
4422390830
16835969472
19060629771
6806803447
4761216117
7395371910
17899063425
16282484024
18214291764
6938708856
14604329962
11547049345
2330426153
3440183656
4775719404
3661922427
12394815637
23669508018
10381281857
10206906447
13244498763
5627395111
7030178991
11767113946
17325325875
3684866310
9357117802
11934652563
17866109875
9803528636
9405751562
10437780962
21029063775
9565118261
13334544180
3317822704
10807859080
1151431605
17675260164
841585795
1630334363
11740334135
13870520720
8340842864
17809937169
10138566822
10691181494
9463473856
7687339714
18199187373
4965724490
6202986579
18511566899
11545828451
379237877
7058435258
4403551222
2968794646
4006119603
10630807960
9825408829
4705357353
17040266882
9418257391
9851969878
17379433296
167514229
15780300578
16551592899
10577425861
20445947654
12072564806
20133301222
19529620741
20541210331
7487979588
1906607948
3205250808
2783360161
12205188942
20722887332
13534775320
8025138910
10158923465
6567356470
10070357332
16951128567
17591125356
3667545884
13126801195
1192053977
17183833676
1890542148
22277385145
458578086
3007212562
18077278536
6365159751
1536658808
1024930293
20902678519
3096180706
13200998549
10428704419
614836120
4106564250
4111241533
8937119996
8040232854
16040187767
3512851888
13390963960
3168249109
7075831474
14653617073
9017380796
12200649826
17608283855
22218723988
15298327853
22749137165
3434449406
19770914834
10050746307
2432457892
11364296146
16018446563
11379989273
8982515024
7052039849
11183524582
13375549928
7448552728
19029771362
7977801742
8490967017
14092056337
7447074208
9146304682
20312327136
5301474845
20251735896
5994188813
2204825976
9151975200
5759231304
12283187540
1940631386
6283150071
13695535959
10496976991
7926835031
20344558542
988052589
14060369096
14142812351
3633267073
9815159561
4890069835
8998502914
4713310297
3168763067
14722179769
15670589591
4534911415
4519290458
11767842919
12260881944
5918414172
411387593
12717090858
14179988273
12992986212
1103509611
18561261131
7723055446
197612553
16786883613
12245279806
3471254942
18358081476
14047806995
1536503927
10642411955
20755700065
6024782266
3652779023
11976899657
20399675834
8158070062
7557374999
13315211745
6844325664
14422082925
7656394982
2469895501
10237244535
4225705530
12146638636
2569854845
3035370645
11007299607
23522492313
5467453335
7027123679
4614430320
9541340702
12604457459
16337916199
7983893537
8742379349
3359375096
277790127
19582800538
9059135049
3322776855
5431643460
2629131768
2559151764
3361737429
23148727471
9169813569
8037351144
7238305737
13150778770
1499082830
6719444299
12730352106
19354595379
6387166480
11227880975
22769996725
9655105759
11673827070
3156126330
9744460682
14590366392
10578477826
1880981126
8135138723
13550154932
18709390315
12871274773
12308483114
15480724839
10200027981
20276074483
14814241764
21351586038
10231141383
4600959851
16115816188
8714707900
15364500809
12934941506
10739793846
8283109563
19090263488
209075829
15865395230
6942899752
5563392578
19414858187
3388767348
5986305333
3307852833
17030338155
18210313015
12993672262
1629601769
7187150588
13402667749
12244783627
17728457472
6108956724
9666344634
17628566875
20062244514
9836358982
13712546861
11350497229
7413487356
1674444953
5885285029
10457738265
17072790612
17405507275
6231941746
8870358932
5337708647
8546111579
3103661279
8931771388
4707656370
15698065154
11907100453
3484473600
7405418527
16942093173
3752893464
17667224135
5808636197
5448254593
15937731014
4627453294
17035714212
9591661677
6080646993
11842354381
327892073
4278393925
2826571230
1181783124
997301403
8275962951
11051545079
12840713000
7397867855
7045570324
23614654499
8876524218
8065297293
10267429822
13395109089
8550734435
20536998780
13113014276
5983092343
17089015430
13918289401
24162469041
11445688165
8485288677
16278784538
16714929371
2308063434
4312308137
4143270147
20949147013
11419333283
8826930348
10878306700
15589971149
8585787683
19462875906
12340034738
7789044863
10545061517
19281778388
4132950982
8224603880
2865195314
10437412541
3006654312
19360063626
17609367255
14959253182
13356211451
10721963373
2106106160
8444939157
6547675642
24338892708
5894618939
3929783348
17146120403
13529191416
2976608302
1026263741
24477135047
16399631798
16248352887
11634743634
14751759006
11092450789
16400795314
11284808232
6831094357
12802455829
4475927619
6990263701
8951215918
8400361583
1181585537
4528191926
2047903614
15998585993
1841778982
19988480595
8892344946
238280310
1711981705
21093227869
5493342792
125697568
13295091903
23443934853
4577085808
8532618509
183873141
1101186102
22828585138
3280236030
9320370285
6287880243
5841732316
2490996855
10909040787
7502475028
14047456283
9032447917
13220804109
15572513191
12687432061
3459065683
3353858978
13248189237
5257364234
17767819375
22735391841
13440835390
7350083183
4847319477
23794619360
2692714794
18332168672
5466123812
16078046669
2845252677
8792034718
16005839132
16230966108
6448462736
12761443168
7405437723
16032896762
15398234667
452330474
513516733
9253588136
3715830399
1210284462
7452478647
15335666823
17431368332
11889521944
8662195749
14672182311
14647040465
2178703664
3945288197
14621019945
143901325
13889588073
16967233886
5714287783
6859857520
15959881331
8997299332
18084489152
11903986187
4531620227
22911008387
15547171860
23212593524
16980374424
22818165560
10348769401
13625171375
4535750256
4213637857
15789439516
1124681312
11467887539
18199493284
15395478812
5263381723
14060862390
4374014190
884121321
11179672734
7596871885
560916890
14417044396
9974536953
9469340634
12314992047
10977368905
4947407014
4538066110
12488360876
15865875387
7476273630
18671234325
16149348942
7143029398
10068185212
12390631628
18976638376
18354824089
15115275886
2215745740
7047204411
17260503052
2886385036
19694545963
16690310192
15380694430
10852707153
2122396641
12258421450
11099904443
8995464753
16919259191
11459115248
16829818480
7293917520
7625079839
6376265506
3136077748
4533457426
7631108922
9941701157
23967419176
13184274589
20294318703
15493758917
21262188730
16092859386
715851682
7339083472
9210781617
11321390483
3585311239
21429780799
4337681485
184828479
14018306890
14130785934
11647473001
2611577903
1174755673
6878740236
5403511475
10043024658
7137955801
13735701493
359449119
636239648
7452078265
4782509261
5047256107
20966867188
6415580929
8401628764
12421427820
5176828594
13116939699
14364072209
9136244628
480329115
20551913652
10575466045
7891997339
8421913480
19618822186
19676439036
11733959797
4175719592
15080980317
12344118724
7999432375
21229735141
16207366432
1648136939
15178947960
16346345531
11882351961
15692098057
10824435760
19185040380
6447042256
23652815583
10298535271
10990010967
11004325345
13984373565
9048028077
3213586191
13263164490
10562901209
13987858323
7284144048
10818882870
1915855779
484973502
21259608712
3153475353
13674099275
19604604698
19052376283
5170741144
17193214869
10187156078
1945675356
5691654167
3445519304
1256556602
943318007
10000771853
308511923
10096134499
8787418701
8937135776
10944180998
13167866622
18805873063
18676451890
17714313665
13101719971
13361174851
7462675801
7913850617
13396392985
17943264478
12474886189
12276987606
12597440925
9973288063
651349734
6656616283
11899622188
10271308878
5783967311
6137878419
8451662584
88386772
2356295274
1608832558
13599366586
16684459137
4817929399
17289703102
1404631958
8203498450
21970158234
8901633623
7329958142
11566883648
6482344901
5403534460
3683857562
3643354148
4782597460
19620921041
21016054985
10370121143
10773627962
21254493475
15045564518
17019060117
3137710357
16550326020
3236119757
19447607773
929521034
10167867712
3551659890
1212013750
22601192647
11686586481
1835829811
2248899681
1322461954
16949821512
6295402324
4929953346
21691205920
13162528070
14899175756
20451468319
13806986817
13353422406
12128133902
4561772199
21163237368
18300441120
13479421904
22134765111
12670923860
7257727932
11649420477
17590313144
20826885144
14417340055
2767178368
16082824735
10834079071
9533915568
24547245590
962158770
16108701043
5453882418
11864999141
4314415687
14065907286
2113860511
23237698323
1599427200
10051862136
27268298
6463413099
10482727460
14219163221
1255700432
21632671999
12463434191
219878008
12392509338
9145301175
3264857701
13239863084
11355197688
4270224239
16830279260
21252391585
17107560245
10942951808
9715338802
180149408
16688408388
18152984061
21581496412
11084602791
22742783713
7734013877
16150210031
14145513318
2103366641
7889738676
15415750046
14465868642
6743981694
11664799086
189042991
23466405189
15293625050
22699192739
7409201421
1401869144
13289403555
8905323252
2559758825
8889121001
7087402071
171371681
20178670747
4063805478
7268608806
17498718550
9533796417
7429342374
1301837427
17607585893
10453029524
3749391098
6090887738
5881226131
10347682901
9400750371
4557227904
10594458338
16042569023
2352182659
3585472540
8751704136
13291788424
8766925942
10509445044
5545947866
2551217290
12242903360
17823900039
16472497815
21051939831
1925473138
20728798627
10987738139
13318446207
15473701733
13527795314
2139611669
6301843529
16639598980
3851971982
12106452972
8696427094
2383039646
8357013855
2078245262
1692121274
20006104397
6895226330
18848890217
3593903627
844242484
8009090191
33249234
10579475874
17152494742
15961615398
1835717928
21775195835
17468150832
3062401079
13315211745
1117194663
1381498008
5346400521
3357340796
8482797646
18605106680
10373930280
826032715
21924421589
13015759414
23044753753
6737257644
3951096126
8139085744
5925243590
7916156199
9767920010
16763774671
19656104651
12615842944
22640874794
943210843
16522902438
11468351152
8363064594
12147163670
10924948732
18557448630
1831757284
2809001663
5893877105
14680196588
16882381828
7683144234
17118265610
5009102988
6812372694
10451625445
10002101536
6642354
5158366432
10187762610
7928891500
2316545389
2490996855
3824251428
14616936041
5156405652
11181247358
6834571532
19098710169
4371650238
6797149465
17224376149
15973064518
3205554875
11585618669
18133540199
9881169227
1032112551
8273419748
4878902890
16402345623
14983656500
5632654684
19689983610
14237025720
7034310774
18859101337
13771045127
17852520610
10398910180
17872044929
8851069450
14058785529
18973976108
5158366432
9581361188
12264588030
5249640219
9529589659
7655036720
7897363786
1388703178
6812056666
7187747675
11004135647
8321738666
10538031125
11777152801
16764064221
13612791052
22867135888
7771292787
12749710437
12863336647
6890413360
7663629349
3234007961
11782433405
15803623341
4904237739
13130889616
22249526528
17113931636
16000553724
9057071816
6451043374
4165852980
17309319696
3235963277
11299080161
1865937248
18877608081
14549958107
9772381421
23658284667
16879349687
13167421349
14667543513
9332737892
15046476579
15638453149
6058863332
18098040241
6935874585
3457202523
17534502124
1793177833
22357715386
15574279926
19346038157
2415065391
2207662765
18297301886
3792979110
14628629832
23341552650
8358748242
13450862855
13560874075
964340806
21051338280
7046548768
13256773758
8980657707
19951463147
9193122278
14259090954
11014642681
4872816968
22734198617
1987669308
24430589062
15477003635
6182721677
3667845913
19942555040
2102269051
9318683033
17820402731
12562006645
11287492301
10943327998
18974462487
22804127406
6993349519
8703691532
1834593094
11873680754
12012424433
7401472375
949635981
8286270464
4727974459
13204754883
8982063373
1094630237
2754714545
11335036463
9382478427
6842302698
12993337682
15252450640
17597402809
6672340778
22284425035
6332640431
15592808486
7252012529
16467975411
9532272563
21356761770
9572050521
256724073
12312487809
18718392634
24189359166
3653352200
11931588375
11582954065
5259508754
12812230473
23931423642
22564140701
7028961146
22185661579
290036457
20597125586
6413579554
5489038504
1965182727
7510371945
7250501127
5188740100
15952198964
21082853188
16041286726
12779930622
7043443902
5024889135
7941199834
9558533651
3751355045
19943045465
5815199934
21220681254
10008200534
14285146996
6547281759
444858784
6092567684
3993927826
4834254875
21566212698
11000529964
12859281577
6093656383
6297574356
8693791791
11956026251
18043521563
9929749236
6504756095
4044501736
4791814744
24661210148
20558340336
10275290428
3799944216
8232858973
18149235011
2049417429
19456715496
5703220041
22240245314
2173675381
17803394423
3474161905
599294531
1693203267
10091266662
4013443501
12732357035
3633631165
9706969548
5612959248
7963794055
561012914
7448615364
13965476490
2071388015
13152294951
2277736644
7066552922
8877989691
19398402649
18073438109
20363551846
15169418199
11287192347
1879123043
22435152531
3833030858
20377350934
16000960537
16434710216
17003124676
710473469
17177148628
8531709176
3971859741
15445357454
8900270639
13189199596
11898924394
12115185344
8271910828
5047677059
10922459217
18860161885
755584948
15386648857
869346716
8059710108
14049595047
9695330672
4008136730
10236518517
3639795202
13732444086
13735062476
16460897505
14407889288
19423504698
16896977107
6869450545
17016117898
6124314869
12893406898
6564168700
10374896553
6213851039
24627715146
2379636414
13861761647
10031707577
23346190345
16465096355
1132894741
17104904779
560267113
13488972270
4883080662
14851574784
3629170691
15610339333
17219765797
11680481165
16855175611
14093289456
17050731499
20677334530
1712819002
7132580954
15513864316
12623404722
18197762434
15462810726
15951014526
6300228574
3145123196
6428535074
2886127297
12143767212
19080925505
3257736375
15894389950
6636999803
5571212485
4385192645
12902846997
22894895771
6140422522
16819720404
20388553643
5583165459
6017758208
3750548641
10388386459
9409818187
14966878538
19750553066
20738792337
7771202381
22352262593
4906307279
18783190004
17348849223
7045867655
7046944969
9167636613
13468127096
19528984893
11234475605
21651560365
15230519888
5084737695
21162729605
4630530876
3501730596
1337267322
18518744783
13318010235
60461058
2179762616
10495586145
11030528317
15633765599
16478575189
18947414897
1917298207
901333005
6773367957
16366690835
1061064840
18994145820
1361387795
1496968235
8559626467
12508248190
12516315205
11515802865
19680022852
8259328424
11620873122
13756081493
2127749968
8650436936
15363680641
142992386
17789020243
18909561772
863888070
18526396039
11750959097
14398000892
7112888621
2372558470
3407784329
22855366467
5364760382
18555551681
22177989650
4301655279
3551857792
17192431277
6696640056
14869500170
13333155791
527313237
10450290531
10375394451
6102572321
15301409165
9673178737
6214268448
4706009277
18278250969
20911676595
22441245911
10417128888
4172589458
10174882006
15690471730
11348236645
3711970604
22149364026
19442428439
13260863867
16656013011
14660224750
4474009495
2917988266
2833645220
21028663419
10792174560
7237685916
6139455518
5356319971
9816059724
3320709898
9743571885
15052154203
3060876713
5947158710
505603294
15151092186
4117958203
11238410116
6889564720
13347715836
4530195474
12954803301
2953285861
1416987873
13677075206
4145745483
6236586345
16867505161
6111606574
9933670455
14402692516
8663424692
2137992390
11688719260
3985785380
19277643248
14856785591
10879963861
10095822593
21107793807
11840273559
3565665192
1869415040
9772272179
8268989251
11747226505
9931778365
7166613977
19040651779
5815449850
2367279327
11535213022
20924538084
8902880844
12845397564
13451209956
18456521012
11635970716
5662607443
13419550756
17182501050
12714095111
11812485307
15090524528
2076577870
21022980517
12793980449
1759091237
21100441371
4425176179
2455641793
4816642999
1144220201
4408728225
12627672496
3705081723
9437964795
1526124568
2987811792
6996217695
17131315257
9958137667
18939078587
6068418782
5824582309
2863710724
1398636106
11911450839
17898890108
11052725737
19193528072
6042738100
14768592475
7751527267
6132230099
9294250088
1647715557
5536906625
17309892209
14911458923
3917465488
16524174307
16941514119
22960421143
8124187241
10850261776
16235765473
18497740324
6735098076
13051157798
6133487558
17914340851
6908487169
8450579553
4787342391
17383348464
4046211492
549473095
928582042
225822937
20065232334
5763428692
19214467303
15649981972
6779770108
705858530
20400934330
3591928183
6887154887
10400889501
3165601814
17630236823
8056083144
18167584182
5488307817
10195705461
4810578531
1735226875
8926520168
13371413668
20272675429
13797242332
1192964463
16379842999
8137201756
5342986641
15461650860
11348877239
9188259995
16885269094
3270330048
3146546926
5356243100
19450791548
21632848304
14358191894
12116439939
7348882369
5037830316
4978157157
48568094
19156177569
5541610421
19232041523
21435243653
8539358831
12681111874
9904980226
4601229325
17935836643
11379786147
21591376061
2010198114
10298257889
10632006899
14892268531
5512984376
6299452865
5251757417
5844246545
26894632
4872432881
11828945291
3149767787
7221497346
15900677624
3613050281
6347885142
5121515558
5210890456
15367210305
18217272792
19405379662
10591345886
13058168677
2469862734
9372155591
1132425196
3483258993
22557955970
704199944
14861723193
13373675004
9551113368
4812212341
16874054063
11759441018
2635745801
1857607598
9609231697
4019163388
15735567286
17538279299
8536678630
7306524333
305516592
19006762719
10621342209
1090147021
7339200980
4404009951
5967082387
12924826205
11469892116
5906429621
16290464876
5978730388
13005905217
14020859561
1532281714
22904670599
10783373365
9298010687
1693203267
971603609
23690761620
12601229940
12445431297
2307873597
23175473095
6764241853
20110578033
5999392636
12684602682
15827770579
2662361786
16348705997
22272948887
13638549908
4321430179
8345954015
16445069832
4689493340
17209186667
6415728234
868914725
6418397182
15532895540
1435716805
3766462308
12153712902
9463473856
13624629188
21526364270
6816117767
12875233149
18274979369
8903641693
10081636520
2151563909
12952167374
19005685977
8148701736
5854448381
3151318489
2820801753
14728569725
17653727471
16825750324
4279893334
14986426822
9873508398
21748229756
8674337506
14653191352
24473580643
24397919711
21945762381
17633213995
3459407303
9206945770
17902409109
706870129
4083313614
9121029590
5791736165
9785620066
7105926338
6760596845
1962655558
11100730367
13786240091
13221859001
982409798
22239074551
13333001723
10140331185
15133855626
18012467117
9269855054
19104619454
5701958245
22408629862
4425272056
2444081623
639899634
13250478675
11739579188
13204507390
10555843269
17512115028
16670994873
6315733485
12807626290
8376690298
14092760814
11186529340
17369361919
6606107700
707709982
3895593334
14238898628
6067696294
18712659866
5689977145
24135863288
1376089244
7435156468
3273400167
16001551059
2874308906
3512011213
483456859
2003921300
13548723842
1191268306
12931751324
12095844533
13248240111
13789124442
3894379067
17146860842
16652188593
3994279905
19556991984
15620261318
18685780957
908954706
18664096788
2893163279
16019460366
11546135298
11679140350
10744898711
5858667163
5994104403
15001822632
7414333122
13828757876
10304066789
5872552645
18672140204
23839128218
16571199595
15677092013
12372284955
21035683254
21297013954
2516922576
18217345395
12148287405
12384084983
14332399361
11983651339
19949261885
14639135831
10085137342
7387726876
18686021859
10203897492
8845369749
14525496918
18500584609
1960768091
8491109417
19644374946
3574247028
13570567198
7108544705
24353616979
11901149510
11227048954
2107997440
8388640621
13169385662
20556139092
6709397737
16092591762
11232159284
1239254793
15694142849
12229255946
5761223779
9696554839
9093154581
14248989308
10473781348
13478442660
21998057477
6340458011
14537429548
4869838581
22425498790
8571061559
10115090315
22062777802
24656182552
12643068652
6019271767
9438057783
14052760725
15754507879
710087634
13561784499
16745945523
3747013494
2267255987
14768151536
19492065137
13843979808
19627830248
24336943008
4068823274
7042967895
11183032580
12348121370
3645165699
4602695078
9808021915
12150646379
12039307574
18029604303
15017171984
19402055204
14432282056
21640968958
2724323184
7384047539
6408531518
15297758149
3834788181
19821332499
8868144651
1806737155
5306198960
9336735644
5003640646
22294809053
17108839714
8931685759
19278131657
4850232419
5501076154
14732628868
14220754657
5346573790
11523936828
2438591590
18621538744
4466017501
15981751118
19027287134
13363182772
1116693794
12602708698
18932326705
18158630026
3087985983
2413090266
21020546191
7417190572
8986118122
4368276329
14620173567
4305102959
8208297565
21055369647
20885988416
12391917736
8836372086
2026174544
18235187645
2635072861
22507941057
16909029666
11215784575
10888425228
11944118969
8580115965
6134084267
17535943876
20850146014
821789770
7283847245
9418012700
16732598552
16244900168
4479080178
15448328271
7181095120
96544426
5437607274
19728363988
1799295192
10271259174
1099635109
2532639131
10559630246
18207410023
15233862966
5041484427
19654731914
13407696107
22697715405
23244300185
12781249583
12613932732
7357944100
21757397088
6335011777
20239401335
6773361157
7450668615
2821817801
6965334715
6659642343
8525772573
10327349155
19041544093
7330351452
20408066817
6433915872
18267181154
19626241887
2825777942
12787796961
21796609398
21499410619
19064338763
4008177727
3148320996
7345929396
20525220083
1139992419
1261058675
9772789373
11508663171
22082506710
9208674330
5846843106
14385213313
14198259434
20036250290
22449138196
10892472894
1405390037
2104506445
18911672889
577881530
17181163300
961490310
8325995102
7715092013
20723613837
5693167634
14992117161
7722243134
22272117258
3079600274
19783747324
23299426145
5356987424
10001473625
7589213384
10059871722
6622474312
7022432915
18450021430
4519275927
8981480134
11496947107
11939148411
7078753086
20778396868
14840351409
16369416911
24328762816
3436633110
3451835577
11869834764
2912669478
769065166
16123032162
7428743349
9690218131
3361099559
4950114422
740943132
10742189384
1405158183
10881115741
5297602560
8758136551
14712038491
11976752204
2860773780
20546572628
16782950859
20283557340
7544652237
4956103354
15864284686
16161846209
7189454726
151119990
2238727591
8843674535
19173569780
17906670439
470115563
16370934754
11834327904
12790719271
8800107873
2018896103
2995285089
4008689554
12974971689
16954298650
10807128064
11116006007
1799666674
10095024760
8597084903
620910710
20765261721
864399262
11684702124
21432165345
17170916338
4281112703
8819598166
7922629469
18157684396
7820617633
5473960149
20638871093
2331439509
12144936597
19365742647
10229816080
17481400598
9065807638
1124681312
939527705
16543177364
11809682935
1908785205
14974973115
15571844577
6102224874
14818213355
3988031022
6922543503
21791908091
7505935732
20353966546
7628960378
9508500319
13920742308
7381868137
14782151028
9075768910
1504376281
9768368211
17663521745
2092226456
20084803367
10683028557
17302930166
20876953275
1694581018
11717433771
4065748094
5190477888
1903766959
24016822088
7416772417
16142285716
1328797713
5629390598
21339101245
11273865669
12606401229
13247937858
8359410848
5772156217
688010129
721067644
9000992767
471153470
7478504937
4455863853
22631754945
9387937402
4809658506
15517318353
13967342935
6989130491
10079425856
15963462384
767903513
7057328415
5929478009
19155199658
351726466
14136302046
14258274045
11641997457
1506702471
13313320626
6134564293
6606049698
13411263972
9535090657
1215939381
10532064217
8118777376
17261948645
6787682387
7071965239
10891844109
5398576481
24337826467
14109597730
13931355918
9618484873
3838043815
15424109138
925321752
6825796430
5433697265
5322266692
13739973483
5562646597
11329753831
14494874006
11810024152
19781385296
13854501787
796274221
4714201047
11490690561
2664439712
2777742487
11060278992
10348411016
19809564761
6570559324
6763776108
4176269496
10184163221
8146255998
11925709911
15415201331
5597717645
16039896006
2917886085
23285450403
8961988680
14180143698
14161515457
18925325178
24755808842
12797998048
18840161067
8611544143
6363596295
4814062083
503100076
22377688039
19421675508
3563858868
22883808162
19639351372
4669912149
17625421350
20307172537
9972183164
15793901391
5166059375
4800730134
869778128
11072434984
10073078396
5523654747
20927284697
13965987152
1433267526
5629979379
15934282576
9691033522
23564716869
12770404235
13129004351
2819875264
7462233646
7661158112
23318586479
11665314106
12958076093
14726871367
18097230028
4863482885
10795085156
5524794244
4905606823
16701099057
11446389420
16792628968
5723098290
16409277817
3203548424
17415749876
15058695230
15383196991
3731361185
20589052460
15826435659
4814144644
18440386692
5815449850
15591223359
6952023157
15221868788
729722019
7118010391
17395747433
13859748121
6487312981
14188693442
14386722393
22452308333
11348494856
6275626239
3533014738
23527746203
11004232913
5314731079
1528605388
11261570763
15394910988
23809565920
2685884621
2746465817
9072892149
5048144621
16368826318
3085735349
16080668786
9649386069
3316388046
9725087229
1214477759
1579663810
7483022185
13011156794
21420412897
5824498210
15204445518
8827225588
10109635960
20156652638
4167496508
19785076650
14325556752
7371075359
8630748018
2723677747
148980454
21040035244
14173180256
12971773161
2918052487
42471034
20737568796
13849237284
19713537737
17211615220
20522617411
6158904320
4906957263
11823774004
15148704293
4847850568
11877761008
13366687643
13964309766
3313332690
22205971963
11764137843
6502482210
10449277925
15392322905
5908374485
10046209640
1470003890
11591130267
3425100206
17428869071
16680858435
11809842018
23113187576
1333275478
19444099177
7361196022
1637153744
10473821310
76044531
9672872410
6827361461
13228842181
4956837248
1514410338
18743907636
10170731742
2034770672
22545589767
20655227359
13467565476
8870810951
5713535497
13557798831
15837808600
6277854016
6928402844
14333612566
7409386293
10578757307
16037713293
1917523257
12804388090
17208889587
4588389374
15399673933
2278444665
968417298
1596656127
196961333
19903616167
4078385532
2799006295
21754319431
908759847
11731776577
9680101582
16942801303
21322602989
14338136439
10772402498
2925855221
19803290677
2886127297
2008964563
21892748929
1655654146
12722948120
12960237188
11131088388
5516300369
23622566844
10372051392
1489899557
4634852022
6081440802
7745337686
7057103910
10342315802
17833589970
8067672415
1583453004
11075592724
17843338325
484125079
5671695878
3271415655
5805467677
2222292714
2742954441
8202076339
12258681256
9898553919
17786407977
12432209497
4144988394
5845155066
22936821356
7666770959
389094201
2087292765
11503528614
9195638198
2559128782
10238892233
3631777928
21703688437
15776335566
2413697446
15231495344
10164139451
2164873220
3019750134
11531739500
15339620905
4815202018
19390362214
16910092957
3601536516
520877310
20639737472
8401743778
17484689115
9440312658
15341277074
19932082368
18020831425
13406903733
2277965829
15912527490
10325567266
17729539505
2141449776
10205000008
4302106078
13917710623
14527248519
17265505484
9675491564
6133775973
5667800219
17425965925
18044433246
4783592550
14842336948
2374610709
11809261127
1108169162
13664217205
7832817293
11098804592
16389864497
4785911456
16143080443
7577638407
7238938128
1279295240
9464635650
3905181962
2306140099
19572061653
11026247382
4519754005
3357302685
2805839578
7130676052
19465172045
14818213355
10388588494
2518922344
16736696004
22969152304
16248485116
21162587438
15486847983
15049065262
15689579687
12970495629
158596722
3546976136
8124581999
16981578091
2915424880
13630673779
16454105365
21031162533
5142185860
16076016427
473880968
11882405781
14135004539
5457410058
16338661084
14009754238
6630251443
22629670451
17049367675
9349455577
270960600
155402449
5760430302
848407962
5874237762
8457873663
4921182653
12868913726
22158894535
14238476264
2211862878
15028609341
1879417233
5904210185
14344636914
5894718430
24370257827
23439098188
5092672756
15688285593
10120171298
13517332343
2204622197
1689084157
2646856975
6807015723
11777637447
4808929760
10204516618
1014622160
9582908872
9946134105
16798652709
1110292601
11822077122
15778433455
5613372515
8844013185
17779906369
9852456201
8730247817
18250460031
3134314146
9186243336
6040182262
678176429
7985205527
17888195154
12228411453
12395472897
1684847634
15398028642
16444368158
173996785
4361581871
15420103076
21147103466
7778731130
17260149505
18387207964
6611088829
17248861220
14017553843
15272721676
21729704793
17693459327
11780256805
8083010478
14390926846
10478950867
948513241
7210388135
11309814298
1400128742
14375611298
11705196800
4891558353
12569804672
7185389561
3732089930
14307777059
6953871222
19577240503
4062966408
21565622937
8805728888
16981219672
23929452954
8682690944
21594365144
17437338116
258262700
23530625048
602916968
12896101609
17671393896
11676705224
14283210098
7017994176
2911859416
15303673145
11702568885
1962193388
2368061818
21655861297
13679999147
1470155875
9137574684
7296640703
11407571285
19895652973
9910177460
1910399147
2172177829
9608148446
13272093231
15717630736
19257643463
18104641229
10932489084
15618847280
7090775406
1199467669
7982138645
3044004325
17599390421
16636546473
10113614320
2288963594
269258385
6778509916
23434632281
20645564957
16811187871
5477285577
6405738915
20104144361
10390652635
22718293438
3354229466
22844898766
15541171988
16732652761
11361236309
331398289
7136139447
3777089156
18374379405
4864466515
9341874117
13076532402
10081590879
13410628398
1690409955
14070886670
16422231454
18149835411
7107969241
10906698187
8186775563
6739953924
19318223506
9611207767
6421928472
6462742422
10536737635
20927248542
12284943907
11780998650
1550428144
11843594075
18225039827
12587083418
3908465204
1959850734
9230627888
18893964047
20951035050
20516101553
10556655920
9161785399
9609162239
14694066491
3952516214
10901156728
21999871015
5315252255
5199421295
3834242969
9219012571
1772696132
14225487174
6891015453
9239679620
9059783079
15492530597
20456583249
3295861143
6877768865
13685530285
2770822965
22393144277
1142993418
13214367766
8650780620
7151094677
6766190236
21322538685
20811304571
17444070323
4116223604
4873451125
22929163258
798674235
7551844085
11822307055
7176245492
17085637850
12906178716
8921292592
23149269798
19239568839
12666343126
17256252970
1385530308
16092789858
18936623800
17847291166
20187095160
15623689803
8931613828
18012659686
7824381882
107750431
11116557979
2401042336
8171072456
10258681066
4247699272
18072318451
1839537203
23298159634
1192190349
4443087123
121212903
10478628398
13720976467
7411322638
11270771663
15715491689
17927178066
6725115952
9416286360
7341561631
21071632308
1558634798
1253731837
16870518968
260446546
13178165911
19252773362
3342650333
17499483712
2225515323
9685740731
12400825279
10349090201
5125310203
16909120171
13400535662
5332071794
5743947156
24790856345
22522786187
427598473
5933751258
1021883052
13958927262
10390534308
11431598391
21647239690
8248037871
409065602
15050606170
24113157488
21836608385
22880193249
11730984966
18071774329
21146116292
16517084398
6565443424
7237970269
2056756895
16999575748
7107111339
2746448287
16113346150
6967348340
13409134103
11652938870
21481819497
6310169584
4300770672
1457679933
17253835368
9293515235
799296534
11718415374
2209657059
11850120819
794271454
3667709033
12939289494
14269818081
2912163583
5534741888
412302395
11637162014
12926909820
15217815803
22968169725
10081935908
12307880636
15886976628
22759445631
20512435590
2782167304
20136063576
868153987
6404950428
963416415
8574785625
17482220439
13089076552
4617733659
13941301632
3731557
2782338583
17140577228
9023060394
4410331748
1118294579
2880526531
2778608510
9481874975
15068496610
18508674707
4836183918
1908804284
2150703848
21226891980
10508176871
14149030463
5049773882
13715972965
17675388190
12716683385
17454504013
3330271892
9458939092
9875760173
20417663020
11159809607
1433023557
15608628044
15056947721
50040197
17578468402
6661337468
1977700622
24675392470
17693330428
5958363319
14312010382
17850112324
14552187191
4028684461
15535405657
4939701883
22319193536
6680845738
14273939402
24217620363
7021100258
18543642274
7654946421
6652367022
10596677639
14100078557
6492824218
10421687938
2817551851
6888873725
19779845894
6727623340
11837635526
10020236181
11233194628
298263251
18213932997
13394584176
8995464753
3031064574
12649849313
16689813981
14050897570
10157412016
20245399485
6349688828
1332750153
18313358798
12919148180
4863548190
3179476720
17493710616
4225003087
20373403428
2507705622
5354797961
7962508029
14700372810
10317028734
20248827340
17475252868
2784869206
10703993074
19628809645
14498522241
4385794734
19400915286
18549950093
4060055048
16102021951
23608788600
22539160249
13781201047
7581026569
732737981
13213701992
10767020112
16186711852
8582420874
23223945286
14507284123
17453924598
8768844491
18882811314
11345725033
20273794283
4794344412
12185957238
8459704385
3258030764
10395734744
20453498485
18129456971
3881148991
5952961454
11187408051
2241480078
6740144733
11513712642
18831494064
4987285911
17788491704
7997850554
14151889996
21979878411
12779457402
3495890648
3804348737
2524884115
5321904444
534466278
740943132
2962916804
18740543048
22738870422
5613208744
7300424188
17544962700
5991025891
9553274278
11382299889
5778032162
14956212462
6983631108
14381423974
1551366438
24410553832
11259085234
4500299887
11407864808
10612186649
6805987636
9271602662
18021469202
9306172597
2592419326
8616899736
3277039837
4122706147
15717724701
12581292251
22917301085
5763477313
8108836430
17447272818
11978607058
2948985495
16872172671
9715583184
16429780142
17658928146
9945585229
4584152084
12732788366
20072364043
6305450709
8756621964
6775299364
8903354054
13535525652
3900165493
6773797810
1041696839
15515238644
9445499146
11864323372
16852142222
1533870441
16778099891
5236163375
17188482370
367000161
19761861125
7036472201
1560989189
1319718385
15330379851
16608909664
9214660299
19497881900
12357243786
11699980180
12482893171
11518676491
9141687349
3632051365
1952748662
9947988815
17370780898
15967958117
11957091146
4455244308
12639584584
20000266356
6529273961
8799931815
21592552170
1612233672
10389360551
11665574433
14711609212
16008586397
19594020034
11503630279
24156481429
2467846311
22776523874
23615819414
22753725937
9674872710
6635746772
12056121741
9368138475
132439005
18007572657
12445823782
7669653040
16100364606
9174130117
9441372680
4303792977
3783262990
8123904932
12619922656
14740316174
5569424097
11112431084
13239434194
15273939982
16972876843
14689479171
3244381813
863085737
15265876784
15315930072
2776719307
2777146813
4358444255
6993038973
13411437707
8059916735
6194178188
11115241069
16267367600
17804860299
17577209784
14911993355
19695047452
13653487966
15972478299
9929792667
9220560569
15177826248
7497796448
22802742773
2782249989
12237968264
10812325518
716708962
9243136779
17285754791
4500921484
18603380422
7132687388
11159913037
6668473370
5069980089
683333338
4268134816
20155952390
19918380931
9543643721
9675482330
14451071190
16256041692
9754595461
2617136649
8362629639
5330449564
18304479651
4014798502
23165245013
15880541046
23661629857
5266819544
18842270411
10584085278
8719193068
670891943
2359019558
20445932317
9928815310
14464302698
18297475496
11811265350
7345929396
10139638227
6373348760
5270145088
2620676913
8560662989
511490814
21498654857
6178858921
12220495324
14842724944
9816764436
9077280800
16499404641
14928235309
748552276
726823727
11630466844
12244340752
20142003433
19380841295
5570171592
12017307744
8523964778
19473066968
11385994565
13110126436
6918328577
16619338229
15796432329
23669287603
17827052138
20535947137
19834434198
5980045977
16314473458
22983973330
14048158490
19511759172
19505982905
15213162878
4937417331
13066905649
9149787194
1204705106
21366330
4957798481
6684431389
13155802230
11853822163
917536326
16579423353
11513184836
7571953750
11494065763
7034554690
23324651488
8881237981
445185425
5814379544
8433836708
6638046496
4386376236
15888169541
3204940154
21367556039
14035315576
18895194652
20971432417
19429880309
15029727095
16981196468
24507513901
2265884614
12199632865
5348652029
16590845971
7283765919
17867183988
51428803
1740609554
697174726
21636330168
5364283800
779190427
11113719786
11315044966
5515228498
14956987107
14459526614
1977286597
5302765661
12850696194
8074919120
11445806824
6108760474
728283186
9028267127
18310035368
6498683865
9564153694
22072525199
9309706922
4753767725
13470794389
11326799219
2811722047
2419967647
15716745243
2684662131
15051579092
6989130491
15382313027
8472550585
21928331811
11599823891
12955825175
4410810972
16991994341
9470532476
3110551976
22129861101
8658407771
11178726320
18997172538
11798929885
19660727375
4747344725
23335375010
1311707661
9997529344
20556880069
19423504698
14258638133
8004969792
12052844760
10874137208
20083346336
17266479766
23421302278
18107598963
14661867192
23985739929
7056668437
10900057362
4033143940
1095744229
20363609023
12353176392
5142295517
13092445372
11810878211
8351108754
15802895063
1348622237
13634483853
14016171400
9358959109
7563222663
18723531577
4454273456
1757725754
14821887615
2596916982
646688376
6138674073
22587140102
19372895785
14506255687
6287733589
10618706432
1833045576
5487692975
6507148898
12189824364
8085406022
16092495060
15127723791
11187375081
11427612826
11747566316
8597084903
8904035222
12085760516
19033074158
106857207
12982372982
10818511163
3272291158
14007683650
1859649288
4028506917
15731005949
6760476100
19438352965
6488977989
19167485793
18969958214
16848535439
18578137570
17198268505
3880456494
17212444029
881884437
747178222
3778801643
15525081833
17196487197
1917773327
300505097
15490627660
928360955
10453612775
7714084982
12595215404
7878183023
15981938066
929521034
19978236495
5129195460
15363446819
6901505600
389110291
19392671176
21977950825
16763822262
14885973697
8400402222
14721113371
6210964119
18443605980
14578955108
19483493478
15647054450
23792928355
19689872267
4286409321
4078385532
168898965
5384620663
6165053737
3944244781
15654172278
8993631537
889314266
8267652492
18598141964
11577391744
16277988524
4823996143
12220171889
447986544
13798620503
19154795165
2098979345
9561506812
10484291888
9522556858
18659127935
14132287937
992129682
9359800705
23229833872
582370064
12446373055
9460031103
16981228429
19310586969
12549520984
5364381537
266625
19522540322
17655196025
16332983102
13494929051
11532132698
22622422165
17353187185
18848364600
3570613952
17312310634
7653510196
15557582307
4849776824
10263630384
8708434417
16277598006
15509917670
834243252
1246299425
13271196055
18447314033
22996815851
16950215744
5817846186
16225395362
11551690669
15234942438
3685249417
16706214564
22133297118
5203327421
10266223792
1482062602
17114603176
11802278439
16843486644
4477252752
20315005883
1685749222
10462441259
12942421687
9520299169
1910254442
5989366181
7059009506
2821708415
17634392851
16683681334
11950364234
5659524778
19984694772
21230767788
8191892491
14497925772
6408940791
690178696
3737114222
12672461348
9934310502
1543520254
9507729650
18548016158
16198162900
1331632323
14918106660
22252118669
21702665982
10222053977
18958164063
10614480981
8278338273
12604748855
6163520813
2432079666
6572415734
2762862009
11214362486
22420175996
2547192018
9088304688
1040779247
13654122840
19208675466
18711449619
6316541304
9733822078
3059110411
1787063241
6276052404
16799851446
9525611520
16487430244
14597295003
7573870853
6587988158
7805726650
5624335031
9602228611
4768277876
16027515714
10278406150
3630106686
1279926258
3412236022
10176870274
7748204613
6080779451
7393926013
20219437220
20074288676
15590625983
23193570074
16247025361
14986239543
996917761
11643024086
12446199874
9829820139
3118776382
4269644663
14497426089
21398337461
3217935170
447594814
5558862826
8124708517
14289707352
3926943629
6238051473
9449831539
9919616002
11183699000
6796862515
19997084257
2944556831
7378507563
11356547110
1598113548
4894925560
12004921410
13673657906
19602250924
20695594555
17021775217
4334898132
11840421572
3083007254
9668310064
5806363607
16138534909
900612833
21672088224
1401184806
7285814240
14843299687
13301427204
13069617333
15195571936
10102067251
19087368476
9006175410
5707871011
18723321990
2944593501
7767040070
15348710490
9582028469
173106723
5610757582
14012281531
7201701632
7436735345
8318941568
13548903738
20049419728
10818882870
8822046328
17269645338
4428674611
5298169902
8509488395
20779260372
7218120093
3826575552
948719335
8682200688
50295972
13661269723
15497536241
4293260604
16345042364
1188121591
19556233766
10287890106
1733829816
2108550268
8494946631
4542880710
1816324532
10575441527
20864011027
9027398031
670469690
9991845917
15505580430
9857279821
704762720
7712560467
5085078441
5156405652
2191271873
11455843867
17183959011
8905977252
11679495789
8545021725
5481412695
6110676966
12262525390
870588457
7543218383
10992724300
21156257770
6517807581
11783296283
12949454865
21763151798
16963379421
22066491894
14979453927
20950826643
9962161002
7481729290
11473066009
4015857914
7945751361
7838438256
4653990298
779225524
12748691847
9357492364
5945224885
2934758033
14601636006
16458320382
19488244586
10141674893
16903750488
16450613417
23602225029
13696297731
15206544780
1010402642
7069106475
20310759346
5023303408
7476298661
1281831526
11537533215
4824171089
12926930736
19667672028
12435611395
6392492157
6045542833
10219249889
11021569691
3708435108
18248372956
15984655205
9767482314
3945424201
10469567006
7723158924
15097321269
5232687871
15342201720
15291269897
19155347166
15022108428
4983806773
1491859457
5068701532
236095590
7613508320
16058465047
11958258624
7232552203
19436933561
10525481764
6699783142
3682986779
10417200317
5742995690
13461885083
5503491046
2727821637
10954904439
5087733195
14808478294
15282051939
16144863321
2848749078
15732767432
20502967793
20928629581
6983279001
16133705874
3885934504
19491683882
5629059779
9387302196
11927673856
20984568602
20779132484
12915376178
13138079425
19780462175
7172307131
8044053665
7710246566
9221573633
13816827603
12340342115
12430985844
2917578394
6498871670
3264230952
11686829593
13094991736
5310221864
6886200597
18389595864
10985834467
14054262677
6575165521
19984536532
11183273314
18411683329
6404853822
11283731706
21408770033
18303370434
8904121462
7402506249
741638469
5629146065
18522349893
22667664350
11362313883
6830845462
160553728
4104099053
7552397769
17125781838
4264617305
11129994093
9693008358
12874670911
7390904123
169631763
11786151271
13360340234
11088573292
4539087119
750669363
7623218963
11122307231
2806179498
14768461802
8058669139
3820337608
17578605971
2915262541
126094599
10135361375
8577086821
4118313853
1457679933
18033899127
4462825941
16914492329
11117298550
21400351474
6807774220
8152882365
8152899136
8878643749
1457308072
7176439938
11608602204
10999114651
5304131758
411984247
11955481118
6978329595
12854218010
5094299275
13784359726
13541001676
20493368260
8312322037
6120558630
5088354907
15905029163
1239185709
3993572898
18190458483
16000307860
3709151822
4967496008
5384620663
3423859421
17398478870
18926307385
14918180916
13600290143
578966544
6922276202
5689827610
18578585487
9322989056
4186930856
7839907131
3857929998
19538827923
10250526331
12931337574
9580118003
12613980074
16895547997
19518349906
11822541450
13555764425
1876369147
15122635650
4395225428
13914964987
17711860017
5897776470
7518918415
3125655385
3029307191
2356947908
4143053730
3208289263
14932200338
4687360575
22357601980
9030440646
11146697322
7710613484
19555741332
11416240112
22479497138
19056890633
20174825574
15085402317
12866711831
7028504777
4904728408
16577825379
21328059769
8368946741
22326488911
10824183734
11953560457
12981066744
22083896097
15351039254
8333371745
5745852176
5864822710
963339192
11931471357
3704763493
1971758298
5868378061
18570483465
3726968376
6365241786
14328484645
9971144584
10019386745
21228813914
9369374982
8510799652
2967188250
7572536611
12308527357
17711227824
16447503345
940751567
3547601978
20022496912
24132556685
14906266083
14210806017
9652201546
6288148079
19741405435
24249535746
10636861418
5003510989
20649242644
19047091072
2554913682
20497800310
13710267143
2013446278
835838309
3319232565
16969289263
13845543289
8730247817
3703213798
4982344555
18861919058
15126458912
2336005825
14503893838
2200120213
14449460078
2241170126
9912161121
4258080503
8260079597
6416044020
24260893389
10345579961
96651038
11230751599
19218785834
5515087451
10144636261
9590742862
2361090710
1303696136
17937825015
5302783668
13020574799
16595571179
5501978098
3728260405
19628297085
8619929802
14080264296
570409539
22318647989
22827122447
6153563409
10395359279
20839638800
5498426898
4615115572
9628887667
12308504116
18895164195
10677663402
21268561427
2694898528
2740297628
21498974344
5616314262
8132580691
12811695103
13081098018
18397268773
3362517621
186571668
11028474300
18207786147
5210500160
10582314116
16044439060
13579646718
20223210409
6132448024
14299767310
20420818947
13377582515
7571073705
7011877763
616040031
9582193544
13569641633
8065340352
3624033952
10959622651
7461522104
2526001430
21872248218
17344999164
10046050065
21839725583
11024542087
13351055162
3993433187
23546857571
13663600077
16071826137
1835731593
7223486732
19941865822
12977939342
13592920286
1984293175
19293260408
22397201724
23362396207
19086096763
1995447821
10059762121
7552087518
17101207550
12295423985
10272246933
11088451966
5842276196
6010391087
11634099467
2634748873
256086412
13223870225
1252910637
14289434607
3900943703
6963783711
5784395032
6965925598
5381298699
7196474753
24888912516
5268004101
18933065885
17471719175
15279346546
11037894451
1167275642
18248126105
961818974
15994936089
10661568801
22083444389
9340187819
5020992874
7390933582
1818841328
17765946710
1687419354
6289328051
19344242326
3708346164
1398938846
6293205300
7855776234
22111050641
23949654536
5047309377
17945714486
24450184145
9968784186
13791474585
7506692283
10797038872
3103044438
18111880722
4916956124
15717567695
960248705
4340345119
12748931780
16923094344
11424209228
12735693288
16093913640
19676526923
2411626267
13903262199
19503102373
17431758532
960008715
10748791235
19181429901
19243318511
8791494467
281351441
1577222500
20835972466
7482581417
2818504304
19038935850
4712550006
9096852351
14678299390
20984784048
4313373011
8439635423
13271747291
2511769675
7073780867
14134124585
9531913277
9531997564
5079161830
19266628603
1858082290
12379978653
5408810489
20151528495
11760070742
2958541747
10411809827
19541911255
6754466979
9857526386
19539088167
960631298
4117206179
10283534370
13942628337
6547312228
18667703382
1890963911
17856357777
5465955917
9216419515
7048364754
17110785838
12422768909
8172595566
994388515
18938680235
18279866091
23882900827
6373184414
1842150893
20187115021
16963139788
6299452865
10925570641
14802689445
10801598748
11098708606
10486434368
20889938006
15335666823
10155856593
10488425063
3446997848
13426770169
3924783403
4049018593
9785942508
3778771466
11615231472
13401789724
979160104
11580153186
16489130361
15060874992
7776299454
3552031705
6791223401
21796855455
12851107039
5529047235
14992117161
8910623026
7160537657
5989336304
1641456311
16455994232
9015890363
8555367259
2503487259
18107090265
14409551482
2217065978
6842218462
5322422331
17950741338
13674794750
878797056
12018590427
442056344
13896257471
19716026556
12051250254
3709584151
12783115309
17867907712
9700287135
6443442273
533782729
296650842
3329982688
18107018719
4234272995
9870655954
5480588509
13185270110
10140686772
7469318543
13713945924
21523344962
8945805314
11740603814
19022012910
3328696047
19570382931
5434508923
13726622412
9695621557
19627765290
16169231439
10950447147
3982914355
17525195934
7277909679
8446923142
10054967506
11412644987
8286461727
6002428697
12255564444
6140727577
11349646995
16828366933
5466132640
8706750362
18833191369
4289297084
13649380208
10807850202
20748910286
10942674351
1427616615
4142669889
11270216482
7348114057
5617027069
21481790650
23014502550
4580136887
8368843321
7099968146
11848221393
1333542336
19289059429
8971006434
17849641089
5323895511
19499746061
7450846507
6250291786
16189911724
4888330084
13820546595
19750165546
12893599117
964058835
15289607959
938588651
6041359920
3282514395
23173689009
23996997460
6013711938
21583511256
16511136983
8599686678
16143144333
14899143734
7457355045
18689150355
4919111210
14002728282
1025708470
15456647999
5110946845
12830598490
23432035584
15486605067
17714527000
3927658166
9670090127
9113114729
9568055309
14070165488
19420906338
15723806289
9591661677
13569506847
6132230099
6813232866
7219133364
9338189097
13635965494
21456311184
2194341437
1844392070
17920427778
19534470240
6031892013
16627111750
11170395295
20809763148
13548748050
4014223810
7773975795
4882962907
10278964924
22351582095
3604808803
17700464217
560668753
16794410355
17503145579
4108654665
12915781742
2993699775
12211598234
22278250532
9557865160
21669085473
10152570903
17246424554
24625402385
8124171014
20449906512
9562376411
10472620881
401005816
15582081984
12774764557
4572897113
11396577861
11637891410
5051011782
11189986812
22991127147
5070175850
10046236064
14916526459
15401742840
455218401
19465172045
20142518181
16245744080
8712033146
10334225678
546405783
5445430217
18984978985
15652856189
15068062196
10769029344
20928718764
3421747104
3696299219
8059802476
13530411861
19762472259
12184824330
23524473711
19014249015
7742698513
4682904699
6954329651
9406255389
1348881934
16985798395
22158849772
4214332469
9687696123
3633685197
9142347956
22301492329
18406470225
17263191940
2881409640
6782502378
5815375663
7216565863
10221613007
11493005196
2294686068
19164413203
5947071007
8290348391
17629958039
3324862093
21459295310
7324687162
10500733944
21727285137
16865600338
5568330033
6743826166
17054086705
11791855540
2644106609
17639801115
9682367392
19496968253
6222964469
10140196213
3164566070
22865048418
19774348744
2016288328
11304370720
10657073166
14660946561
16723486768
8982828786
17682851538
9633082526
14768085097
5132815285
9684710855
8181003699
11877396246
6959299088
14148291499
8935843651
15726944387
23367544487
7901748871
4621851941
20390431158
10981886621
2011063622
23803956223
2586342881
4597997712
5088427809
16250730031
17343004085
14151653882
22801564492
10666739231
9517763720
8643977027
10036187451
5860185560
22989760220
4543906911
11772704970
3536222788
10621666675
15764673892
23072711456
6089788766
5817565999
16682677192
8218607836
6556607090
20943925830
15189396095
5689155684
2170284352
2455572506
8591586479
17797098181
11297276162
2514286361
9964104813
4424761557
12163529702
20059791570
13885900932
9786170868
9912115757
14867936557
23331765491
2106477473
24178778011
7196725543
11584322257
9017157035
1612339795
9263840347
22451287632
11051081999
21982297667
6676967251
11043117453
20911856586
11511761032
8546519122
16337995867
2486823104
1114270050
11053238404
11079556702
706669497
7223802083
3140518131
16506237549
12614103047
20676802528
12187312637
2336108381
12186828320
126127344
510004736
15636617499
5975958266
4462088468
19548368996
3332798279
15834378349
12946978205
10545493577
17443131018
10342874693
2918923246
11792665090
4203861266
14628413445
5386411185
9728990352
10160714413
15297480674
23030795950
5696941000
3157894696
7629404124
1502186355
22189936255
10383915668
9381798368
11951920140
10489846688
2910732393
461766889
3602834184
14053578554
23718943671
14930531904
15428927570
6153498449
14602162897
21107084712
13171733383
15883165802
7215778259
6436442155
12196282125
11769038153
15683754861
7383340208
11303391590
21118689437
7871541241
7503614894
16435456952
18327082106
1184322011
5107128138
3395234576
2986661376
17796594904
7723055446
7510165103
17226131271
2072362045
12034379803
10962602446
9217052380
1627961833
8823703348
6848141178
12977898802
1326621882
19237269489
14282282519
7841948167
3726810596
90613039
11623114080
12616127875
12781535710
6791664126
12765967803
861272154
24435650448
15941897925
14527924187
1795132737
10345313437
776734084
1067909330
4403588563
12024636084
23231007941
4685044490
365721738
15938511424
9605124866
20587805309
11222001927
14574310114
2215311693
12842140620
8317731669
8083925747
18534481134
1036045709
5848043709
10124508755
15426265941
10796277396
18234785350
15273379836
19348188670
7002243864
4399017003
5509834590
3462444831
17800441694
16341967214
9142237264
6347261510
10675758387
18357854752
5575743869
7088644648
5853306191
12910867274
5948714374
4466017501
2989484927
12857953288
16610711961
10215287552
4229561116
12470792586
4932802079
5530994943
19649594588
198643236
5624401691
22258896205
22535055503
5609546646
7309064771
9924709130
14661298516
5199641861
3719332344
377538319
17280098409
6581840566
1553983190
8340967779
13460806431
16818487622
14809667735
18120522516
13822570211
1009857007
2490982416
2708736445
13809901577
2098188618
22523705046
13786086326
17543957187
5513557269
16006480237
9818959035
12623484032
4648409727
5389499288
1386735716
5197141781
5966135659
20935013782
10971784264
4731873978
16062268948
5397895522
2098711339
4735607738
8420903758
15541960389
1974271160
7134612241
4430377100
5672449852
17155750497
5467325539
20072248918
18291244609
10831169684
14153987938
12152262694
10882960427
17320237702
690178696
10282940198
19985783144
3004150593
3304804065
23495718847
442056344
16747809128
18926074833
8920640580
22425681455
9859736207
12266808665
15768737276
10522682867
6590908247
11864482028
2360231348
15040300471
4457114306
13715393298
20643799643
11050578682
12787842501
6532571949
13811930733
3126195909
10178018478
2776077583
13236079199
2783358818
6801081222
8467723844
13664679217
9770563603
16061970423
947624711
10016643382
4329412381
7726977669
9750598749
11173624134
13346835736
7306524333
3950253085
14271126031
13274386469
8959142655
6883174396
9986735552
5003492612
20893672274
19510681869
20218404677
9757394949
10333983391
12326479887
23972518697
12934225380
24075753765
18205224100
5525019633
5677914038
22683512985
3900469785
17429312658
3670728162
1639657280
12047039972
1924268060
16873495574
3412020740
12116293763
16051535663
11564071374
10878070455
3591958831
6690010828
15668448901
14348361645
10435280694
19838356149
8467171127
21071067843
7919416910
2418211403
10574336400
13948110453
2911345423
3692187201
4689485321
4168690054
15735493141
12146830713
17688039006
19305682727
3283996085
16138777829
15609411843
15268505530
1319751258
20358091630
11377936697
513746550
13318816679
4845012661
14692195459
18345176013
19864325364
14478913116
7356206998
3581307717
8262379663
7773988888
19641906439
11846656470
19760652192
8983530310
13213634976
12046009341
1733351573
17304406407
4475558803
9887339120
17363454169
11813983499
3325405709
4243023303
13816719757
4337053744
12525162242
505831755
22448978169
10642682363
16979699418
17655271709
1381873885
15849446091
11185392262
14597965376
8644944526
5391859934
9673101918
18880653718
14338905564
20947194210
7417755343
14340118330
5739473266
5923965691
16909328275
10389011286
23158364072
23863584448
24195887751
16983244275
3527473098
21627373241
23214230098
6063372199
834943411
4178157349
16799519127
2099266694
15412377655
9714338719
5212160910
14060801647
17720027121
21792232017
5336096656
13629722443
21074157670
3743075683
12003094096
9792663366
9319841999
3917627633
5955879032
21603153125
6363035521
1540846977
15527330201
7034554690
12322497129
19007829345
4822607783
19578357044
15791901818
20024053148
11284271094
20405984915
3851729214
4395550933
9972232744
7540223790
11038892014
882986585
5960290110
327608147
11141550266
7798003326
11763413689
19272507813
15438358359
16839232580
3139275802
18159232872
6870068456
14040250392
21765285177
18017780637
4252262482
7049406357
13353202017
6997973263
7317659510
8007529060
18984481916
21514588024
3450747973
12145957794
3616465278
11935713534
24242499892
6419549878
11007855639
22718368060
5595441053
5567479295
4463215445
3069591855
4811475733
24655667007
10690685002
14776391100
8877500988
7629440722
15337344594
16140267648
7482375886
14279586319
16789143987
4530533956
7072311498
12666175271
9784976590
10660378584
16354464277
3266334826
12997988184
11842832931
8419481117
2107537963
17393236707
744296878
1831757284
9628803395
11040914709
17552303929
9374118798
14780619413
19679485343
17906948410
18521936637
18225549102
17689539484
5465389226
9386980986
6583268987
16495159913
11831524067
2723320939
6553901962
2617433375
10848040250
17945280091
6589006813
3627556885
10886062528
5965436424
15518893435
6224788227
11289274167
3851299710
5704301598
4314303484
12604041510
15091129193
9970830301
17785090311
4453605171
13721617214
5704383048
13512435886
3008060696
3645108429
1714573689
11794403350
9187301153
707707727
5212197754
7292022155
14190620758
455218401
13856727460
7687850148
16551977616
18934779288
7163137875
10304301089
16870508764
3613363072
23314194688
21598814418
16655293658
267036351
13904459163
16268152501
2387457708
20589074663
7580434870
4400205145
17827202447
9432432966
17908794138
10596425827
10889838802
18894569156
16170579291
1691128967
12359134326
4582220941
16707938975
6769513251
11765001002
19485972150
6488880339
12238022081
11756867523
9296290609
6064669828
18587119096
11745081599
11448025976
3751670333
8351089417
11444157916
12890110627
4497591485
40730868
19268773305
18934300084
1161535895
16039334335
5561749431
10911721253
8438350387
9861471319
21125343936
1653875320
6677742928
2080641454
3454614300
2426855709
2941778294
5631843837
11957149047
1339855859
4817547266
5570019635
10123517224
4062375205
14137632577
21446925543
2107174041
12718476110
23467727664
14798753651
21792128749
18762685513
18873331437
6530673674
2784359131
8510982048
15428927570
16289715679
20962344140
1540018166
11203706501
6944982776
5154144364
10935242735
22318143964
4779609286
683799010
9919929705
24267900203
16255262273
4221029549
19482770141
2016910815
3555504066
3804810722
14097417017
8326313734
10264111051
7380878873
6772630833
14830519533
17598571014
23493381931
16103632306
21600409498
9675590695
2048683402
1431890062
10237456646
6540813310
11829150900
18223848003
817219641
8332800254
9364322384
2442835899
2033472385
10941238409
3436046011
451984898
11265845816
5169195156
16575501288
12226059061
13719978676
18091534906
22107586208
17383824331
9036546672
3099783561
11444209238
13400712055
6373584842
12033613418
17803164516
16947649044
4623714442
21367323548
15552965790
11183789826
3531890119
22209287836
445726176
8132122522
4213188717
7071356842
20636348079
18807302540
11645183830
15382814406
20050873683
4646019747
15574502048
8317492201
14704162506
8779006288
17163690238
20393284209
13040455100
4684721331
10800252141
5295052784
21624041372
10634356942
17923675709
3203635467
17424242372
10258739646
5743343667
23044485216
9957951221
608790857
10241467950
4988009483
2330536474
10419344151
10750327208
4298760846
1679408380
14229202251
16986658150
8367668756
4334575303
6138669121
13463136620
17365988187
22072051309
20445758362
3676578617
8673641031
961733756
18730672546
21836246586
8035254801
9908925984
5844350306
15646754021
8784055454
9467844479
5884788199
8402342679
2730123538
14083042516
7722820586
3587379064
7718400285
4608161496
5692466982
22725377027
6226351598
7180713679
21182533227
14155147580
13778781131
4050726255
4676939614
7648344749
10177170672
4580950186
9772209250
447986544
6722004887
6003249765
6227441233
15735592878
18619475156
16278413849
8623820937
18939304088
16383378420
15654338472
3548549774
2035002356
23489504137
172493960
11297160072
13036851298
12546768902
6692352304
3591996095
15967918876
14546662895
9233488135
487473249
13036743577
662926253
4415348347
6863267789
2596994835
1429506463
5027442847
13920917985
10554786475
10327784544
10127619471
11649671836
22532107586
17822168210
4092302401
11827126459
18345802443
8452769144
8907822007
6308921933
3141363130
6400004430
4619292488
16304102779
5322109151
2612334297
16945524860
2796345822
11014352746
11798308583
5479589784
16350459157
5753706534
17491980817
5166129597
12508523516
1714839124
14262352939
1398217893
11059220013
9059297022
8477804240
172149474
3712612803
19931778396
10614972067
14954169078
14681871153
15567648360
1261586900
4946232061
9451522432
14930969384
14609889223
24754532300
4509668057
2822919415
20285117306
19590164692
11040660316
11157540583
18370273724
22698903290
615160266
2805329182
10589281375
9292306995
9918834716
14602244031
1468964808
20382752788
10499699367
16749542436
19866207667
6506527447
8355801269
13739131452
15695779292
3674733854
9214885568
10819140853
10996290183
16853638678
4563989057
22812903049
1208900654
861395207
12183286488
8301037195
11538964224
19517223247
24181045464
6446158528
14436253080
7478665292
6229274760
3825545266
2774701376
22718570246
18096863357
11326431148
1989996150
675024792
1689414812
23260459653
1779298447
4169592682
8680024703
2657525581
7151172528
22632395204
4667575700
18474087129
18363092081
5631552429
2127463155
8904968931
9105411696
1135365334
6562332416
1410409058
14871632256
207801718
10067282872
18418959625
12382942695
6595925857
16814499119
6970024581
11406518426
22442728088
22859392508
19255617554
520119371
4675575200
10002952397
15884356995
3674403069
5551268635
7949840037
3899671780
8756621964
21775202569
564120501
10142271714
11582289819
10473129840
22087277595
6784905493
9237542664
10442772484
17195707749
1235202523
917405713
696299894
9147594696
20508132586
5523654747
19688583431
15886963717
12063748468
16790109742
16032916150
6048417266
9254468679
16085146217
13105785379
4271848260
5805467677
1691482952
4980652825
16889173616
20215420920
7710143268
19585692883
8000862461
11934765999
16565416689
9183349667
19026414023
7137084020
7129101000
1108839213
13062228385
4681454295
16459419777
4366722158
14132311350
964484618
12914057228
8209955290
18426254197
10729350234
12313206860
1729471849
2639180236
9418617831
8999911296
15380433914
7296822318
14570553906
5377071347
18474283740
18492853758
17026083697
10106102474
5230787916
7061766755
9378129603
7972685392
3029673069
2307021734
10145158808
16640315593
6566464854
10560764737
4223391541
3942085412
3196009755
13049440955
6550956414
10530254522
18119705637
16169231439
330624025
5622843974
19415977568
19088892381
20048706764
13188017571
23992164181
13356018603
12963384411
9492542883
13390100939
11161307335
3528740923
20456583249
13277900691
23446340588
10079988976
11078020005
7175296521
16172942304
12126338411
9875629718
5626874653
8233841030
15631331699
21498688123
15814352527
1214616045
10560461431
15767456756
11637186957
12544242132
18971802670
22499622592
24715531863
9917712330
15507717513
18701167317
8383412952
14216633702
20991512747
3307187703
5756146497
1300619967
6645997665
10237079863
13341525594
1487824930
2120704190
11334010952
6068216379
9747258485
4238994885
18470838672
17194804723
11650620305
17732942688
20441119167
22009754487
6990371955
4302295813
12127762052
5944326660
70676358
12718463169
21748488901
15513400402
10156312568
11671138426
961962502
2484456965
14094418382
2918253750
11106213206
846415870
18830206154
2612889591
10231569366
21041484843
9025359517
13295645112
15893941011
22456604763
4328345150
15548095033
11545180546
12614361716
18485957268
6020429993
5174321684
10880340355
16553330601
23267714652
8626008468
10680517379
5848539414
80905348
17542923600
15518986670
10361206695
14711841001
14105614033
16223860851
16654111747
896713104
8975936727
17045275707
13790137320
19156597441
7269180908
7322950573
17754402917
757974054
16641785709
22593265893
20255318025
4718995152
16993675119
18945307861
18864761567
8577821010
8237487718
896708104
14237592571
22617786268
1843076260
20172801426
22594637252
17213163574
5569866775
13104956104
17069863525
7625803919
8340421836
11934703556
6482641040
4216694096
21014336241
6264414722
8222131841
1529461629
4493886379
109762001
181773311
8438592957
11634993204
8556243646
20103168015
18671457374
18397240373
13260049605
10820933312
4162963540
18031432188
8927247691
1612897170
13917553750
6796427738
12112756524
19398279177
13913176076
16370798853
21985245677
5418663378
14551040831
3546789253
14755890121
14875148531
16933813460
690380086
863766419
22406493013
8225958568
19006231639
7724838011
4926385759
17881974938
11322770317
546883004
19893092793
2238336739
6240317605
13939996266
5194717731
18247674412
24391863578
4466900148
2469407902
8317731669
10741306022
17313397338
19330549398
6134236480
11255229456
19332984744
17759096637
5601686313
7598566455
11653280142
23107854945
6392541821
18864028763
7413538226
13285471559
22031140522
3674884626
9661158898
23047813575
18777237342
2170864438
18947375626
1934576288
19513094706
2485698139
15349737583
5201699142
4649569075
15493947599
4382855176
12053579782
16745299656
23106087856
13815077498
17634794513
9466939755
18864048596
6906382133
1353657714
15708341491
1070388315
7045570324
1891370201
17415333445
2881113005
16321197707
1208034323
7986550536
3565168042
13026791201
23726287582
11127657424
6538143325
954025780
1917609126
19363060686
1814598444
9518320671
8250324630
266535291
4890740413
9288901013
1915526666
6289075296
20794391173
10767954921
19637617391
3522410102
3465038833
13539967225
12128051667
9301948646
8195601208
19153006392
1310843960
6137405367
451439662
23933968549
20591636177
13819304459
6830132888
16451786013
15909733800
1638277350
22396399091
15706921662
15175269720
11591076519
21013877896
13989454380
9920891797
21969617030
16020715631
7600587606
16393663935
24716208822
18814979647
12993493332
15614953312
17097070990
15097036065
15852658982
13572097637
12762967352
24272359943
1611626331
22130478586
7494316043
10220111855
4024061566
16340123187
19261722097
4302871569
22852531616
6510536195
10875260048
1247226026
14252407039
18985973748
6707883454
7839166940
11948306627
20272996594
318783200
14128468380
3680617716
16452397938
6539164139
9417493211
4145629121
10597588179
4812276459
8594132139
11224418437
10888687844
17551642507
318783200
7988738268
23350932910
17083995552
16068875364
21705231260
13521185794
4333355737
5596094375
2604635953
5095004291
14417301850
13013888584
5258010937
5760869206
4818533746
10801598748
9646408789
11854400935
12961841734
15660087886
10456149526
4913506380
9950903710
18755112082
14195208240
22255816167
2085976499
16565593853
12930821552
23347864898
19411029159
7843941293
1932263629
2373447967
4433318936
15758700701
12108704590
2181988012
23699296173
14777672971
11116600134
8997286095
18532950552
5516982449
17602654006
7384837853
2321384471
17667601424
7978824750
1516330828
15514961123
19822999605
12022054547
7283830488
10314922735
20465467626
4132074241
3490674528
20874255029
2778362766
17257072424
12734141359
7826774331
7119573765
5445382706
10301234810
13545611464
15687387436
14132156350
9364030625
13600327450
1612339795
7118707954
731923595
19989521256
7778520103
6771110493
1114377092
13515367780
7771953494
21466445921
9061616048
8062251422
14639875502
22077951567
8407235910
2192240358
7491576963
7526188511
14946780198
3587706535
725876608
18930333276
12816445600
9584641252
10081089492
4751565021
8520288807
22364365238
18074825875
8532635843
15357775962
6268199574
729722019
3726810596
7399306298
2257930985
52459568
23032204554
3307322491
3069656251
8877607102
2912163161
11078342398
3638590206
10336369070
458686695
6857122846
12359134326
5093757183
8073080884
10654441861
16387053095
14446821312
9804092506
2954964600
5122005773
23178557052
1041539603
11730599398
3471778967
7166546301
23047051894
23612809363
20007608695
473721951
19443008066
8822046328
17519165633
4371311609
14506949970
14653826584
16800419042
9974353544
8703096552
2459722110
10340971205
22455178932
12264492788
14494072895
8657906145
6103338961
18152391289
11971922558
6138943719
13985272640
6540545656
12710354604
20774306277
8981532136
316340646
12094163693
23690516957
8877645585
12660867167
3160256096
8038561003
13172253631
18853453742
646133998
16651996924
2913619652
10305847114
4917986161
9387692222
8046255828
18879417760
16431723129
6628091914
6701141643
12773353917
19333199655
18656189041
14843034022
15731681997
11165060537
7982587024
10506698928
16505657771
3884854796
3746044833
15782716335
15626726592
411798064
5473751242
8153096057
1341626935
16484964653
22625606643
20573149196
2230680626
8029991398
12619050070
6349781902
8009142676
1636895992
17920766164
13727581782
16236688747
7841577561
6551804267
8354275319
1276111958
15874408914
10537645452
12004272589
16747215068
2127499028
17120871965
17418320403
10348636079
6364115144
1921067207
5373900714
17512250316
9065069372
9299196541
20003714798
18554790268
16213371385
6540942864
6313014283
9634247574
15060528418
15266688770
16548492160
15145404758
4567005542
13258393098
16043308157
12182934435
2978347277
18724714480
9932368953
20081043693
13337222834
4295027904
22550632560
4945049508
20993565492
5957765492
4198814347
19171082975
16550347626
2185270848
16041943999
16999693403
409625058
11398042761
4190202896
6139044892
14808834235
6121630978
4569924592
3073065403
7172719857
2575998722
21153308980
18244814283
6792046502
4956758776
19251442993
2093575642
14477503780
3127368505
2412935017
21355324217
10118288586
12444823118
8578319979
22749345689
8330647405
21813495108
5167968643
11928420794
12485758158
2181825135
16006943629
23187367110
9748794059
16640429952
16107639108
10070089799
18807294756
3353532383
1348080078
1160574299
16085344610
1444152050
2194220609
17206110260
23591257174
9693553500
88945409
20409139814
15738245747
2746604750
21009913857
5182049665
15269077973
9213400215
17265865107
17150733388
11476234115
9419097759
6196933481
22478949787
4146294989
19546637985
22218891369
13083105608
15543243369
6415580929
19343158238
4970025073
15780164479
18198296791
10943193546
24637102632
20703771251
11925630183
14779583820
18034093804
4250106028
12651622335
2207662765
10534398212
18405049644
4458222907
2208413798
23925936816
17348895858
3803459006
14704629672
14905600759
10271984488
2611868178
21343763986
6293704898
6227959011
18053295991
20799328644
14581461705
22470992490
13141320205
19530234211
467418504
2995063116
15613164661
23123104749
15216729168
297345955
3854138840
10235279394
18371087717
11833558526
14426053154
12811912193
3726754696
18897303038
743818508
3624353130
5850108518
14260099416
15347170788
5767792541
7357729048
8704906153
5847989837
16476052624
7478209645
4218825434
21533253014
1707871190
19212209631
10459365230
548248996
15890167040
14915445981
6485061826
3491013271
3511267776
1318463198
14695810369
6329760513
17215784244
19941758047
15751922334
20679561082
9347922585
15378112724
4903725760
4199573920
3660069556
18434197746
13371497510
18072608065
6366736667
1734140944
9502432254
15420583601
21755174378
18937571570
6880581171
8589547643
20341787449
23415006639
2229038519
10630445360
4893839478
6387838887
5846419698
13511108517
15135853307
16859345798
9770490653
10239002506
19911215957
22339023593
17395811239
17125462518
4070796618
3963789238
4399770755
12623910596
503313721
15539070650
12050736103
14388338421
12443960841
12750240632
17247479231
4286192004
8632172870
21058120895
9382608602
2493880616
20813951783
4698376671
4154224118
3251540347
19546745966
708630125
18850739769
11093367572
19730515432
14088096183
5243157259
22723762292
14218597290
21231759977
24017557545
470347861
18737547512
8133507593
6759089159
1011173900
7303179952
1641479526
10243630538
20465054791
9404286492
3397702821
20331900081
6794157629
11087877750
19223990858
639518454
14052330346
2469552741
19260872569
12788375306
4214678959
23627850933
17789061095
15268476015
6910591737
21687563469
11976305716
15802406617
22420218782
6976903933
20338453295
5335881377
18524044510
14613704000
7976572077
8668308488
363222764
17404381382
2048157992
5649809716
3177878220
13311827393
20931592748
14326958633
10830473458
14167108115
19312756332
16067422717
20031525853
11162922459
6270671466
21287365308
16094441850
1043497460
9823605219
3093004705
8542807229
7933608329
6773797810
2996124162
3569399337
5602376608
14616837886
19108612579
10868263403
8049756864
7069465739
6606998000
5073059661
5535147192
16642214638
24601677986
9007105948
1611762672
3084443061
10288286945
12402785453
5883782919
161768966
15019670361
3483645794
3824076141
8076065106
18982859164
23420340467
19109948600
12474408926
16875525932
5021318818
17692228116
11499341274
18524697698
7835996308
23266558009
19037439004
6289857647
4997475948
19401885208
8511226880
7655053208
7783491340
997352052
23877854545
11060162247
16733619851
9692390555
11548783415
8356935910
1818440218
834425953
17500173592
12930629843
2000836811
18270607309
11930308275
4952735444
19152040464
6497596699
15653726702
1805765483
9697879011
6292949325
10053154582
3646652261
10341713569
21001808489
20066240920
9341706449
21377349899
14610972833
5461610470
204117840
23330936895
3085136169
21550261711
3808858095
8348994330
6014562468
14861598733
2787010349
6874759108
6128856773
6527845200
14189720932
13318706899
16806927703
5471942936
8721642017
21598076509
13618142844
9460438807
19867082146
10166862045
8637972145
316776800
8940426455
19829582776
1232728270
10905755957
18266800941
21610510429
3465565121
3318326746
6808686106
17258096392
5661009713
22476428237
10318756685
10140196213
10230373529
12688563081
1645529082
19463420524
7440695564
7215309916
12519119475
6062133594
508099310
21099789693
8136642185
17499820591
8051030261
1683445
16226038080
13560526212
4069757439
13318869992
7211791089
16477309491
14456417804
22740019110
10219747640
4893563127
3332359516
23931755702
20170181531
1818331809
11145265257
10553746327
10280638468
17075235023
18431386134
8574862974
19228017538
310672497
7788202656
6854033063
7210253794
6279671764
7817742832
2558083140
9745191799
7974338924
12925177252
10313233805
19200348651
1235037029
17594448882
13166818825
9090699273
21063686502
2710035232
14856168281
11935056376
11564999213
962181725
149659205
5002868401
1818838175
15179304046
10778164611
19592974764
21840172230
6532707643
6600889881
12288336825
2212208628
5626699412
9186859398
7966348
21216866780
8536864000
6454688191
9922795745
15093653864
4939212061
10087029049
20472650720
18098911712
15958564119
20199224839
1726196021
9669878053
4532723136
5019366814
2675578643
13779741831
10397299257
12343379603
2710506454
1208059569
9386627124
7546035003
3924787944
2379662370
19863599974
230098535
23731447494
20596485104
199200888
6956710329
15638320373
16308011151
17990069126
8433188798
13223959934
22752766591
1816583607
14118078701
13327711642
4153879448
6982841984
19583347399
22528169655
15425614633
15555336706
14392236159
5089198587
16065127855
1739819368
8112373783
21458184795
12262638148
19071085909
12744404627
22768796301
23996860356
354428951
12518450108
16519793598
13203232345
1233652852
24127828925
23114345308
6413356772
8119711734
7903776092
6004414074
12874670911
3999676631
6998123171
15932941190
4529666350
59311959
9942284232
5461932379
21351257018
19339186819
18860902977
22631273869
14660520128
12409117213
4084363657
13063339860
12881967617
12726751632
6215641399
15177349797
459294976
4752502338
12560865514
2182629247
12152707292
10380963889
3899400075
6557781461
17111322239
1349645564
4242577314
5324154534
8672007925
14166020193
13695033893
22744620540
1984884726
8019937788
5050901620
15766935188
10335536376
2907410045
10140581379
14048158490
1759235484
17535744795
11978058538
12581105491
12643292590
8976524374
1776475247
3037148172
1539980949
12501369009
3697869476
6866708338
18573323900
2493595993
10560006285
15305925471
2160193983
1866942940
4382091730
7621210352
5334346273
13905532328
2846038054
4469446113
7247233009
17895296454
7631866168
16827815093
19146454122
8018696907
12223903564
15913167188
4436901870
7912376095
14172142975
17602122355
4341586098
2824261787
4732591991
5470948047
21499301413
2309585500
4805850225
16575954326
11874658839
3880284255
13435744683
17070135575
14488103675
2016788186
24714260103
7849050573
14857342313
10808217915
13911908057
18281904860
12941085376
15662576365
5689733095
15780245881
12892554693
9328843496
4892318702
3072680795
11823027402
4200783639
21223156391
13848411733
23404896979
5664392837
16573577952
6310831506
7707032928
9544173552
5479623398
2241607111
3778911850
7024962556
18900148808
8501462413
24196907975
15340774804
11874873379
2392882103
3335377067
8109077502
21321648947
10592381269
567663393
12977280003
9292718116
17620399631
384431578
15544791062
21284938586
10085053618
8238461556
3924461278
8661854467
11875008986
13085702004
23265070247
13671086799
16104097528
2287672990
12881156123
10735030517
7466820157
5471699870
23823920904
21000226854
6177612998
17664785023
4907959957
9894586903
3002738879
13904459163
19266247874
17260230132
14485413045
16633019378
6175536124
6067682518
9513891715
24374263831
14267576660
8318445805
5236307233
9081796441
740745472
11590430479
17060319049
7226542409
8094344444
3219842678
12708719065
1306390122
14006595461
1911355897
21022519093
17502505149
4467057865
12225313309
20205526924
23668997255
3784786522
12388491228
4834924655
58616731
5802070864
11632242066
2319391726
9417493211
255862573
2561696806
15775032816
8088622823
5534330885
2525629758
2239083168
22959841021
5652888527
19591758363
13458999000
6553674958
2178989753
22600835849
10102611125
11297053798
6894522595
18017670388
2805562244
22513686347
2609669506
1848439591
17400438625
17821510181
14879570925
3916500068
20601852705
17426888329
15592401488
5976852166
6341617359
15613495551
20310477779
3584231081
5494630077
8281015008
16227154275
1808654222
14693551059
7381224866
9503438694
3308603406
7935857428
5295190886
15469690079
3669296283
1155942616
12826787915
3388327076
997301403
2946025669
11887318607
15698727315
7670068070
6056422548
6395445632
2845051122
13070245009
17188708629
19703256508
7865153620
997425424
5902776157
19875232005
8397187772
4445923045
1690088250
3999633123
10402717572
10341313344
11385422093
10724250814
14918425605
3500775497
18514527882
483277618
17656176673
18012893044
3106329149
9878183669
13428830239
19108379902
19958425591
372175386
22512957794
5321401336
4556778116
1360480895
2469122487
1955289150
5572049209
13591295651
16722128054
14298097772
19909377142
19011954484
10582667747
16685292145
10465509764
1126617011
2815216538
14056054149
12261585159
15641659116
18407206273
24510930938
15079172375
2431328650
19788433473
16139637010
9584995482
3317327652
4159930357
17203711996
3018426195
21671375690
20396577000
5849422765
960375890
6334976020
2058579256
1787591350
2029519478
2149006969
1061747043
5048830572
14769271733
3799655439
4585180868
2980246976
18460704888
1402811129
12386463832
4953762721
5074118421
13320473693
23948990207
9953999901
20131820077
2271388447
19442590180
6702873362
15338399249
13800050197
12396465734
2110511215
16700563429
5881070276
9731234029
6765096290
6772001782
4647415040
21043034275
3748839158
9711131411
17111103573
2782167304
21571216438
5158924254
12182370582
5804411250
308511923
17547179778
21542520143
17274595251
23872684982
18278985844
7399619140
2201868103
10922132041
16638819166
15289303982
12148907536
12915638784
17163273353
9226521011
13601053126
24008692118
9667692690
5480993624
4849026160
681905489
10976306527
460674488
7120355523
1391656986
3133579825
23480047375
18153793472
14097694019
9820821295
5954898130
10636797269
20212211507
1949517540
19996770673
9713353174
14909387725
1399691947
12627256012
22682537409
12329403284
20361468805
18335546772
10864682363
15497034467
13076532402
6215996404
11385122701
4269721014
23694076910
5873939376
1525869505
13383553583
3072843751
8830803280
15092933038
2614665280
562959740
7491576963
21444339733
15256506699
16018241175
9075311621
8215421188
9985629628
1617573102
9774255784
6754315992
11674168372
3756469843
3896977986
2555758995
17640223839
8313662843
5233082615
14153661921
4453225152
21256703793
17096175876
11953156522
11989619548
3553699237
11539769946
7669886055
7124254226
20649778703
10163852209
3795094463
17343450075
863766419
4940423318
4780791976
16342933000
11058389337
21021194236
4581799017
3982187972
12272572317
14555458483
1181426622
12503536240
6117894130
18198654246
1617802377
12396746362
19673872778
19324403095
19636116807
1810437337
4760113986
820320792
24312527703
10720904134
5738471144
19635737084
11225784342
5338735975
19465265740
14209753658
7873506383
13724501683
1188542353
3787863338
12450959121
23818231281
21525912641
10556637030
17385860779
3751133549
5095687976
18978654048
8082409269
5611383221
9229167707
19896880586
14591177621
3865336793
16565355881
11327326691
16207143126
1355942227
14285343425
18095901382
12434368494
3141332356
4390241358
11550861405
5491828302
18667068120
15623668461
20386156565
20291493260
3670073134
22509179721
10600028381
3229389435
21808712373
13016988964
21395890287
4416485211
14595355504
986207088
5909921308
4037786470
21992028415
12486311852
17034282728
12985425218
14828751076
6637470330
13136671643
21865945036
19448970824
19043874428
7952545285
685431184
7455736522
20704762551
14830826305
2822145772
8501546928
19814199380
4015089147
8403474247
225612051
14574429815
3610013173
17763437657
8327590499
5466513020
2348706556
18338482890
20568654687
3629414251
12542378661
6592580817
13510578432
1791903021
14513200958
5223517506
11987392104
16517484991
11532962886
15784595441
7076407811
5808050542
257859137
9713944481
5307904358
12130884106
5834842787
9630669333
11669988442
5896090845
10800704700
11162470790
5348456723
20306671589
3481810297
9432744942
7486741209
11416544917
1891547799
21859297570
17469299097
9880236939
14544625346
5574951588
1937123695
505603294
6476022654
5403106188
16557300046
9429745984
14027299167
446161536
2613484347
3883756410
17072569283
5300342040
20549401478
10470166893
2708834388
3475478827
22584572168
13318958165
537585945
22643016669
17772214602
12271396287
8883220772
17278249083
18580890354
13328504619
7649455495
8173015967
6708896257
747994299
7713323067
18378916333
6268486589
10446678245
1215581780
15743462011
10237519980
20952997066
9769313591
7655136595
11151268683
12987041993
9188531499
1722882673
17823313814
18094739451
9641003615
3318247463
12780151289
13896619083
18557179905
4399068571
1890575549
3787905931
9938210680
10357481107
12911588484
960008715
14564735683
5541404278
195896207
5977032474
2387457708
24062246644
17091654552
5079112755
10739657308
3629325475
1850793154
5571171157
15877971641
7997749158
22959862449
11980777460
4893052449
14860144917
5464835070
6266352618
9150408971
2615651728
14750105144
14446945610
23044668707
13593891161
16360701725
3665001043
121833343
5482080742
11117347531
14823804661
3276611842
11882163755
19919076295
18826824555
5301414069
10748029504
13428315427
20538228585
195382412
3270113625
8273348498
2416660108
8923599374
4957881
3045351330
11524448898
10470507038
4429087588
3623131027
2170345010
11138890200
8971006434
13983264865
256094897
5955766831
12294778814
6319859138
4786625994
6028357586
10272251126
5601463814
9400340733
5461610470
9671930527
2776974977
11158136524
2419734102
5226679772
15686179061
11787938187
10853725078
12537229901
3929949826
10433706930
15983238480
10967184019
4493523945
2873380528
1140205908
11160820454
9420449150
798129323
6951121498
15144000009
16216244921
8670618380
16481414743
18427629201
16862447055
6294271380
8567034369
3759410801
22133472694
2629749502
172149474
18467367226
21198148012
16736846596
4649513619
17300780846
9981230389
7795575238
15337394289
10929004229
3880064681
13187753406
10979660261
3837167805
16628162052
5617272462
9167581018
3946930768
21906021772
4465755226
5538095818
17110476637
5722183779
2254886898
2002057426
848701081
7631480917
17695355503
2424193530
12189231173
21689521316
13516322925
1318700215
22422241427
4787655313
11991459372
12891616109
8204208585
3243692781
14271027749
6066106302
17828155538
14838684511
19066031893
11283449121
19358066442
12097005415
22286075204
10185386064
22759633437
23372395828
15932530200
16053896582
7672705896
6225048019
7639295025
14295577934
6787478011
19819024834
5322769613
767793168
2642665590
5846828694
8947945595
9087587709
13929675037
20644478283
12223777895
2692840383
17982296799
24439283586
12276993286
14287543599
3832716120
8023875875
5604163010
15958234590
12253427377
2806060111
14994556038
6249221748
8449986249
19531573954
8512102310
12860503340
23359398688
7268811045
22550539707
192766433
17852716093
2781956233
16107947844
107378178
10733206103
22566936714
23933965520
8239589899
3187527219
3935155643
2171084013
11161099692
2405227668
6810283621
2843186736
16370358428
858234361
11995860949
1456393510
20829688711
9943948519
6596415902
11109824895
18895896589
6554220520
16330160870
20711758981
19923390809
13816682644
3610013173
1331145664
11799550475
7940394530
18107019776
17753318526
23141268727
22995096710
12515950887
9947015706
15060540554
19898733629
5683037758
18748459673
2955669529
87653406
10221049837
4489713264
15339109731
14883246252
24086664145
20234583133
8783722202
4574084197
5310890897
15921473524
16016801033
570209468
1652016439
14774318664
17179267442
9870743712
19479672557
9957721335
10669699583
2900720148
12553463760
7601785882
16401330675
13326586042
9195413055
15208961453
20580129478
8776560737
12357725213
20356032633
5902319980
18076335824
15866989138
15090981756
978467549
8513387776
3878114617
13998835313
17634920927
7834408837
4757171566
4032575825
496948302
971603609
13677775012
14610702782
16050161525
5989055804
3983480626
617625293
12655312986
4622560917
8213463087
9782809232
12010166727
12632213388
7090074733
16421679714
20168652941
8194240335
4397777832
4488036146
15446434003
12101295572
19697543288
14923695606
5566400363
8836058630
6601602842
19142764316
5394652303
16234076626
11083879269
1056142998
7494316043
9673658997
19149490762
15633610740
5897403619
2101970483
12785686729
12322176520
2149120307
13709643451
6418561655
3640880941
6731249147
15646814239
15303334034
13163082729
588354247
11969920953
10964865270
15986498444
8668490673
11945777407
1239989214
10402539412
1683870930
10733868738
3611624195
20128163358
15268076910
16332444017
21974339452
9052712722
14432934354
9160422548
3731906670
16775566786
4329572640
1010975010
16469617058
6387268093
22640858464
11614803792
7502628892
12260754284
10855354101
10230354320
16389633864
12013906129
9063953152
18847443881
3612324967
10138566822
7959300734
4556288751
3202399790
7874270149
23797720117
1319833744
3086028625
16194812587
16124069606
3106329149
288254605
15715726463
6988083190
9962374999
10079688415
6821625365
3747296452
17321395820
12261285351
5519877976
1901764869
19621544942
17955488199
14468997907
7835996308
15955631478
14293794055
23270730911
11092724471
18193971674
18198256087
16253795436
8057493452
22720938764
11157762847
14498317354
16334057341
6566943574
11154719195
11194553162
12453696846
9150503926
9629909847
6655166801
22968169725
13228640913
1467106713
8996814634
6325706886
11563235258
19005459973
2667606638
21466372100
6859968717
10653629404
2196041014
11438872133
13500121557
7207583447
4619476365
10474549474
19806454695
20458791839
3513909972
5258926581
5530674784
7836922859
15146210428
11366141745
16361672527
16560264137
9162400728
13931504370
11938256761
10077119641
6186975663
16172586762
22524207668
6270811199
3029282467
16722230463
9743428609
5236532867
1923316291
7520724334
7789096611
1994953397
4437004174
11740052195
19145156050
22029016254
5820067495
6649624165
2751580258
22831234107
10965165051
18138311504
6388465435
11480133367
1995000991
10107368520
3043854829
14444779472
7858203376
18712840431
10592282189
17953102845
1310579217
7142404026
10282777926
5550704848
9208674330
3108929798
1873734146
12620022031
20311457081
12232876989
13857624100
7031929363
11894311627
9359004963
15823027377
15268151656
12830177646
5104872672
5895888947
16937282399
8292161432
20948950503
17534595151
9693370339
6085511574
16380357451
14864217483
7087402071
5681101300
13374474202
10761022631
10939049747
22026112272
16835612663
20070754187
15786023265
3092582381
18966233116
1208741155
7545021771
14324552001
20565106593
3328084743
9075780874
10634346701
91170232
4423683498
11468591613
6018053554
3714115242
7979508222
19803692750
1678180774
11371271564
15860250740
4961371128
16444555497
2620391678
7850340369
12570435126
8608148873
13816982780
20780661740
1335439075
3170201773
1553025533
3804471775
11270255607
9574006282
16305404980
14170497291
16304957460
15904102234
4290126625
3599909246
13194465718
12740271531
7477780093
12761377968
8982883261
9678149852
3844362608
61464273
20911451216
20070448603
23527580431
13931377057
16842145178
21662467888
18701031462
22587425970
21619056011
18884804317
6807703024
1205967883
10547283119
16357396654
1878666108
15919801850
15684229850
22810871658
6714154841
9209466500
3923394137
21350549403
16411299065
18965452789
7450237158
11309930358
4611068758
2523108432
1587968266
5720577625
12195227249
20690342592
1085773922
13555622774
7358886910
6367246005
4142711847
13870813929
13062485765
18033354370
9143390407
8322438983
9293453724
18138141721
15565018176
8972481441
5624173652
16620995284
10764371632
19263979316
17041351923
2641414507
20790287524
12413816717
7009789181
9368138475
3465602187
4540960230
6636314046
9389698266
12666592682
14628890819
13396741400
18714661791
12848116893
15762152102
11166651132
21982946285
9962386193
4199506834
8589015013
4266778885
15888087321
16405797721
21363192309
1914105841
17208755375
4874148755
16909828715
17399244411
537863763
8468024402
3371441855
17251783049
16212521984
13129284910
12279658046
13489761514
11206271311
13771714314
9075364207
17631547956
11594291773
15827899083
5315252255
7995961353
877030317
11059788445
7162793398
14148337560
7103159064
6403479721
7175648700
17424379173
336043088
5328921750
6384839959
6144735886
16080042963
18383229938
20969598938
11262801090
5154878883
14230109198
12810893223
4965302383
14898272090
9027645999
24004121923
18016694190
16607011805
17940990571
15628849372
2532059766
18970917740
5648463570
3753202504
19115706181
4456454148
23642055636
12735319251
13385012863
10509587480
11464443245
3730240577
16959579085
13239434194
2737186981
12713761662
8276072689
17440288898
15696952625
3395671686
15292070977
684584571
10436023463
22014903474
4296333680
12278736662
5618239905
2467330059
5301208455
4027895621
3164934743
16340603292
12198017009
7506965947
12777683635
7379529800
7358930229
11689786924
8900365702
15320335994
4044647098
921632408
16487860711
15360781424
8376219286
9209218730
6226810535
18838791111
10829482411
19613617764
15733683974
588935610
15268505530
3079600274
7661148168
172067900
11810253932
2007385481
6689287064
8965789911
9947276586
1797166020
23140974369
12453874295
2811302371
3941110065
11616475908
18874364875
14567992909
4816520562
3396544044
17240433511
3149298229
2874180926
17631307821
4332188093
21702041843
15862096937
14072307244
13687405122
7488198846
5570139926
17865690945
1433305286
22884837292
1333871900
15737658103
6741410581
21657312681
13349635583
5311684382
13229652566
13124230148
17880687347
15036607046
1839003651
18216079237
3694499977
14180333382
330313148
16355677742
15510142342
14868752856
15778433455
7020403249
15218833251
13981492220
19200665994
21143234640
10559235696
4958276873
12625396104
13681746927
847436297
18551530453
16143017368
5849317993
7239534234
13249185449
11510280958
13209595113
8031999506
13765449294
6503661835
13647264324
12826761959
9465567622
822793913
14378684243
18388055749
2410314973
19784214013
257884916
10972093175
20688048358
14018570564
7276065057
5074801858
16656510263
16817607205
12483881632
6012770911
12024374784
7979785055
14598612314
11361047692
3198829821
13465903561
24268394082
2229565489
13054159453
2099266694
5567876075
16717958851
2821048785
21713843811
13588627103
4437519052
10659972986
18483222869
15143462616
20075332970
1108244660
11418862064
10495592672
160157488
2907558765
21542800272
5481836781
487537193
5659852857
8530622288
15907327346
16580545734
4166685746
11232905397
3739725806
6631795899
9962620516
8091911096
23362560824
17046869263
16736631116
25080470019
22681526787
23316340567
1161607186
7478709659
15590190502
8971449520
11022676495
11324367154
12299215694
14490223839
12710613305
3514176645
22525972394
5618059654
6907220296
10664068363
14585305461
9982329634
8761002695
20917732855
16338933165
10402621404
4861425141
19496804581
12710622614
6635180663
20926752478
3099940532
17828032510
6228519108
18709709207
13802196976
11451816915
1882656903
3816859393
15338261505
5788905695
13509658372
10699923399
23239287572
9397905157
15417150376
9641686599
7644421617
10419952964
1490483779
6574899045
15664139643
10554867257
17547325749
18532021075
9345281157
22573127223
4054499715
19009045237
4237091875
4782974558
15947117075
8844389687
5335881377
1008895701
14877968709
6081207190
20829564743
5189697197
5033646420
20256545274
5978124388
11445738551
20274119978
8500458734
24325146469
15752179987
9754895926
843771804
17748196279
8299534714
22485268391
533169592
14696070662
17344284721
3947230892
18756903433
1878032457
5969615326
17322850084
3261096196
16284858265
14037089957
14440255567
18004799311
4750341927
19153592896
2666458959
23651773639
5026234205
20279763920
15599713283
14297319614
8386953611
19017330413
7633605261
6517349088
18523306935
13477095529
5383169507
18409674510
19582998566
10686106515
8750938620
4226492579
14378970271
23053614144
7869100038
14247657359
15851786117
19049589545
9818979499
772927790
19307208213
14017732819
20056526760
3996260910
11674881332
20433846633
3684612809
6029458115
19198455522
5944511078
7363012178
1352791732
2710249814
21871775471
12362440911
12706048612
18448976051
10727758403
11442829660
5806598394
6074818945
2141620598
18748952579
8469378243
4104696765
4116930581
6359427715
17095900693
8171665080
5576006489
14032449535
23616783344
14854191314
11962623471
14943616660
9614780468
1890839115
19813422342
7306129949
4953835509
15206164570
23431254340
11348546880
1440886597
10588199776
3454090945
2662826306
10999552492
15043290857
12798571204
459652918
8508942315
19723726257
8335271817
2047299474
4003471613
18502516590
10312458612
20198577648
17059652402
21732593956
6597348278
8935204520
4437397271
11999880563
4812586425
15533307569
14596348502
13998718790
4484882876
10527487861
441440208
10120521466
1072340516
14972332307
21370520838
86354857
2533567541
6533546946
16329034771
5998824782
4748525528
20355790123
5403781889
7451557425
3617126751
6946960096
6668782465
17583811130
2177178247
6981574145
3706210542
23565896561
23021326213
21863050414
10243805323
21493066162
19600645283
20754718054
5580097816
1337770709
15734149740
3511215072
9401737403
1494051980
16705796862
6895607890
13716183894
19173299215
4706634517
14621971359
15692666384
7130978523
16455439820
2228660648
10735209917
17459357678
7774348038
17306126370
5897776470
1196065779
7135206268
738825783
22788370669
2011084899
13536476677
12178538216
1852944195
16062268948
13708653435
436977797
7025572627
22936165877
18854898454
11314983875
9632259858
9750051886
6068418782
4472373758
17376187305
16408929184
15227048828
8630729881
14989955063
5861223860
338260885
14908508767
21130291588
2641906540
1167431123
6225824446
10168572445
9673356795
9739023002
6006353939
15152898169
23192418954
16306432892
4901214268
14526144024
19681568516
10231253103
6104783407
15907671305
10758498460
2294748531
17407228842
10300841851
18280680628
2990100906
8137501418
5519877976
22091421735
16896975241
16063447702
15304916563
4257722375
23384653068
4175407983
11013254038
5015236911
11598502361
18560169242
6424552131
15353050521
20268841137
6507058464
14248795186
6824873086
13706871399
16683879622
17814422084
20052852537
16639714314
11779746406
18897785968
13328891006
11380551013
7666359994
6927976276
1839870336
6402742867
12470517044
2689793298
11863618507
2826571230
16038713147
19466395804
8262495639
12103714233
6034092415
13928740447
13476069037
16793786743
21658707378
18176692027
12994346125
15457054604
10433652750
9728379567
1717395457
16984417402
14387512593
13983896434
4406763601
11523927221
1332322406
1211851309
5598903635
1583968635
10115377720
16263927658
510013664
4498743269
7019675285
11551359520
11992289851
2828146750
16372096339
171371681
6517349088
10306781349
3122568221
11526320033
16950854393
15916279668
14507073007
490429094
14319771079
15107685782
1255640373
23199269179
7794229758
9469033303
14004058266
3431948896
19024229484
1006451303
11771203678
7881918314
9763688785
5984140798
4319297579
19937127645
11162051372
16696887388
12190148793
5158366432
15731043543
15286140145
13629075384
17183880111
2968869719
12139508859
17814171291
4028277702
8552831104
14295868219
16037421862
2995748451
16531045662
19148807454
15247295006
1400128742
9706969548
19638704547
16730038074
18277258476
6224107090
1184856295
18069515519
13146493254
14020466220
459652918
14691884979
7424941839
3255064531
17880485920
17351156037
3329952575
8984256279
10757994604
17595614382
23150577528
3073806207
2709824151
14792945822
20321389526
5164500368
12200248586
6366240482
14491316537
11806425912
7198920349
18456058014
19705510375
20045837231
9668291051
20934368113
16238109448
22068247705
8969899183
18313382869
23893559649
63811066
13446969427
3822467583
4165941254
19704985364
14664089606
17365240271
13712533026
17365013172
15057376152
7307247196
13281425031
5158921973
11470288658
5953278379
14665747081
22712613993
6905805549
3419188616
14347026268
14544287635
7719915826
8198864339
15634066674
9602092603
11841691055
1563353533
5466420060
19185820903
20150085275
2918434895
9065374627
4234015826
11564859903
13108870247
3266256804
6575458234
2561400009
17557427879
15886075599
15311709611
8698448068
2918634328
1322574698
1385544238
23347055630
21031528598
14624757407
357190757
6514073221
615845440
741398650
18895194652
10178649710
7569999993
15344839529
667049148
11931178712
7185995719
2859067086
6787878877
19379951295
15989926608
20468419142
7039919811
6024241050
728521193
83556065
14983037915
8921646083
15417151805
8034847653
11307883601
17608609895
11427086538
22304291075
9058121899
4806785514
3793291012
17630097764
13631114113
6402742867
17233745002
7664626223
14703975802
17944790598
20363097205
11517403557
1363382734
11361988693
10049549881
3535283303
6082932749
12629214579
22851962700
24699639394
13556048742
11850841878
9480169805
5414339692
1068849591
19998541394
5965440443
6675869657
7126510871
15992754062
7889463293
480139507
12444620359
8452720697
3423208311
8089658870
16555577464
10201322923
13694950373
2253353238
10184112039
6901124690
2317990621
8265609835
12961630179
4002897380
22030799897
15776556640
7671727100
7576290446
8185544223
8002729332
21362306536
20463896309
10569233057
16456205574
10670261334
5392723397
4058537683
14157852923
19342870983
13213335726
5825962599
315147323
5159087987
12950650576
9231094399
1193265415
19704541579
10498972904
3445346885
15671747429
5544089692
17232212051
16305772747
14916605109
16518899076
17577535229
22901411090
13535506578
13337584661
3556757024
13689604521
9839012896
3987341768
12516030999
3393933706
19611167566
12379978653
10238721977
23239016229
11942339620
11050578682
20611506251
9463084374
12637130369
15181324807
12680825414
6005496925
7388963858
11279314008
24213684494
2882123757
13101317452
2852695358
5659070689
11297110085
8637667793
19941993818
11499350751
17441627024
19553974088
19165670558
9226521011
21270088277
8787466157
1453124032
7857822460
15433560375
10901343650
11327736703
18978767968
6165718799
668747253
10950057003
21632376273
5967082387
7640594865
9477021579
6327603226
6831647807
6263999399
14848444077
13230590198
11128709698
4652407332
13119403438
14172048311
17639061302
6572105940
5205803191
13600296494
13209795108
8964987143
24043819458
17426890212
21972716155
11874096574
9032682432
919249113
18259888107
10599181775
6590164111
4619906923
3858571286
1310383315
3480178841
7851028291
8926237639
5613449151
15074762146
4727495380
4709656474
23215001021
20392416871
24030053938
8532705182
360756737
1108761396
10629426730
11321342750
19205360158
18166115684
3083950508
7721728438
20738723481
6063301393
54515933
11388173888
10094860467
174986272
1962655558
8387539699
12332310019
3944749342
12847835469
1941069993
1539230058
1429395308
10629152859
9703468371
14714971877
21436202517
17181789654
8498014115
9359800705
14259199579
8579518687
7661023301
12744539914
359449119
4177802162
13360784466
17805397761
20714726559
4776619876
1903837629
18310877465
14756279014
13705178065
372128687
16222042281
11576274271
7111950271
7391779714
9795419046
8807526265
12273205970
5942500795
8330905466
2783596450
1184856295
11765001783
18363171284
2959417797
15287229182
8823851472
9319641237
3543413394
17898658123
18613449332
16459850129
7065906620
17742817161
4892122101
206263323
15367685022
9788064214
13517525315
11297115886
4027240018
7506243313
10922193559
379509899
4644622081
7453415383
9942724030
3994465202
5672335467
9913621441
225231780
14181309831
16420183426
19505939997
411387593
14061149449
16710277942
14708932203
14761210559
16946021987
3927042480
15060558325
6190684813
2613150712
21867084584
18745471186
2298240100
23626622259
17415727043
7032534990
18427755796
23375091589
1208430250
8041251473
23497209831
2244916474
14817668140
7919185726
10041737594
12033847325
14673984778
20901557093
9311438838
4434254289
14699521494
15250795983
17132668687
15245857754
6759842144
20952875546
18899070901
3756469843
9466924130
6274594043
21529958509
9422046020
13892855030
1796075992
19139233785
12419250851
19322066533
360341321
5807391756
20079716923
17176051190
19313419584
21174473916
188810762
3598441385
23792312585
20165053592
3151751421
4959787586
19335816650
10092780364
17231040758
12446188402
5115516746
7505747220
11713479059
8260810650
1848472139
2952390544
21174772289
8513757750
5610741759
1326621882
4198110079
14460035436
12123860503
12418183513
3471653538
1596897680
5194717731
13525087865
18517235909
3410976456
4432229312
10487417851
17252008552
2615016587
14584766662
17745830408
10574642870
7940825738
12628068935
2686566474
5343633205
447057401
13199647
11484929811
15291775938
10670871680
7765088147
3868821382
9673340226
6823641474
12902614205
6608058396
18043666445
8010018672
13895429226
17838830720
10465335231
13451819142
17098270521
23449218902
15135847936
2596944721
8270338386
5184989622
16727118799
3198944601
12790373353
7048244915
2542691628
18800659178
11909291747
9579311852
6914707171
23454199678
14190401213
17234897033
7105846863
14189908010
23054635499
1157409094
21813676815
1922858954
8706879488
21323888558
1169287545
4169679062
11693093501
11630471620
3407074216
10801368621
10678688551
13799853928
16232272645
18471014919
7096385708
3593838329
19817657385
13397735735
3501989813
6814579545
17035118091
7574133318
5296985810
2896460955
10803345238
20603813453
19021448879
1864948475
5713907217
4242240744
9519010761
13200027258
6724984337
23830248266
17666792485
4673067387
21216853358
7298867207
19172253152
13158346145
3619300347
5932545194
7456281015
13696502125
19100261809
5222206097
1955289150
1122676308
4891294541
2356464147
11418008059
2381241637
14677480683
1869963497
20390749049
2516986798
8002429757
16937912337
20796536138
11116567402
16979133627
12534317241
24409276863
19035486557
22179547558
18119760875
9885917489
11085128676
1469623178
4621829656
1121000455
19831805066
13621423112
10902002759
513187965
12445840689
8719901979
14808286414
16999444120
2879399976
4457204619
9217103629
5623281918
22405399506
7995961353
8230841198
510023587
3825344035
22800970504
8360726704
15964391965
19194712822
3729912337
20716731359
5313539516
15192649259
3335769236
10892401045
14334297610
15159878351
12750875392
11490383721
4780648161
2463609113
6247595135
5514504744
6015849390
5734092555
9510079871
7359151071
891701657
8368869583
11224098299
3901395040
5953123463
405472338
9341124902
5405391315
3587013643
2898753428
11764642803
9124377662
4070149376
7223771045
17420388775
14694043817
2558258195
9728245932
20518718848
5322225566
24845131477
10706233462
395340187
20092399308
4870465754
19390987806
10738551022
14587956210
14896613541
13618022124
9213400215
19803642406
16344904315
6026987134
12393173239
2412043041
3427057093
10427463660
21633867545
19007056044
15791758948
1861173065
6584038092
1686328535
16577172544
15410632979
21385019349
7942695827
15008192757
9054616002
2244926272
5174583961
1161535895
2253242223
11366472346
11498902894
14504509953
2405669219
17312729510
2613212199
11435907644
19743986890
21623868180
6200458096
3137853096
14074148415
15997895899
4089243024
14555761007
2432986434
15962796381
24259597157
2390525659
6120480191
8638219353
18925634329
14228264462
13229652566
16065088755
8924795624
991097960
5559033939
20346239201
15950242433
16094556110
6376831482
3950253085
8810685496
12247766126
15424003450
7107604603
8811880324
20566769504
5140198898
18238616301
20966373534
19532128168
17818238777
16551735194
4252014445
22640850762
9045287408
2078178191
2782249989
12493733366
13777480547
17788463410
13876460024
15312535220
10937691466
2353145603
12747500348
182886993
7283936691
13629405064
15936025358
2587409277
6891896723
4721525095
2783596450
15081773957
16522821209
7364423714
6703581825
12377990678
10674382830
12357452721
18093690009
7643892515
8184522418
15552798684
4398105231
6420111706
9792663366
6087125909
4971112528
20236930984
5624079311
8840764549
14929954552
6150377608
14904464679
9748328838
4834808320
7556571142
4198898646
5233082951
2186021982
10296407752
12181241932
7450237158
1859381692
3208978093
15850044660
9232564912
19958711761
3463186841
10096134499
12521377806
15245857754
5449259978
12896945272
13916411792
4765381018
11024860232
10567668502
1969121696
4007273684
19472086184
2165050015
11897618744
9335858176
10119961292
4375724958
22161612685
6926230817
2541145960
11134678011
13039382102
6271395272
1399691947
16874821345
1232114226
5309971644
769073060
7240168687
8890604825
13594725728
746059363
20040383211
8153374716
1597618382
6641070253
12438286813
15996581707
2594142961
3319193280
9481820499
994904304
16145624415
409815408
15144394502
17994420893
23823672638
5364704365
10146545895
9146048453
4972568384
1375489710
11988549160
757099790
18585033210
1361183066
14607207744
8659004805
19915185633
15299068668
10686528200
15610761799
17523308664
6808035409
16989660796
15061094226
16551911250
13358597714
14384500014
12478317825
10753857299
2214001819
7463026282
1067292115
13286350633
14207000909
19675222197
12137214954
11913463608
19769757179
12605930746
2324710006
12884628827
19072117363
7417658694
5501978098
9676724931
6478147783
2367279327
24367000896
7191243748
9417655127
1384305432
986862608
6871417614
14853712993
14338064357
8070483465
6635105489
12699173192
13646743766
3354206188
8071881374
18605569520
2001676767
8778140529
11039054872
5350892706
3500840570
14014621745
18297333277
8357646971
23210068503
21887679884
7323365044
11326431148
9061357374
1038834867
9640255814
14503129495
3573132989
5066122590
4603783265
8028055351
20484464122
1333100845
1689445324
19407918262
10896690372
13410425762
10120171298
14088170739
17712046216
16726143141
2362826933
3147508140
3726549087
10499364922
20773129090
2836705568
13271593224
7443265678
479495289
7836619496
11072187130
19565950573
8485572587
17382734951
7981351881
1272214339
7160389870
9905696492
9021784472
10722678423
4974834000
18558303503
3510214538
9746161165
5990129087
12646633497
20702270509
2322788316
1469388819
18125689817
7272560252
16942189347
21311208840
20231300964
1347154999
3952176968
11202525829
13519831717
12926418268
16161469482
7393183554
5133265344
741210640
10894060783
4577651025
22037119506
15493381053
5121828102
19094325957
17843157102
20126681753
5503786519
3684866310
7019260462
5436694756
3464897790
6831053963
13362515742
18413255692
7081918667
3140610876
11716274981
17711059804
6972003351
14294004084
20360358973
1310904367
17875749304
5322266692
18181157057
2090512207
7361647547
18034093804
4982991086
10923169018
14155935059
11503028959
6743140332
16341160555
23332896318
9189546092
6811704489
5848566149
20406022442
21296804036
11443577471
5959011362
15882989176
15194277280
14838604734
5132010498
2178497459
8643951004
17559365217
4490024545
15275658507
5519877976
2509804145
9744211051
13515928176
4960907674
4457799977
8137834126
9026101692
21727677407
11211028607
7077504084
8132580691
10467756373
15007518515
503313721
3250998696
2111280442
3019616990
1265914119
15410939537
14863466047
19793063324
10927798467
6060967515
18444542418
11187472704
3666077565
7082129938
13258346407
25020370097
9820289110
16058878176
3779426172
22524709616
8605679454
14902460477
9073219944
11813090034
15491053018
1736574963
1472687097
4619733931
9975352093
2613058450
13423653137
11183789826
4153441865
2806324030
10962876120
8242367612
20532978701
4723104331
17383005562
239801606
1500442798
3487009861
17181028697
16010721849
6109786825
6554709377
2396375111
14283866680
4757198340
21174473916
9880724589
4845817656
20878068967
2709118262
10478978902
21151145415
4225027586
9153049470
9309962350
6787917853
7950202157
467810786
3350114947
2289427095
16904322518
15495893549
22129764747
3162746430
10675526678
3726949028
4763014380
14604562113
9740839104
5945171062
21367730194
20841572014
16429761056
2778904187
13369309194
21590006160
9514447830
12328125133
6702292988
16683879622
2689790607
15767279061
1389676428
18364202845
16821963685
4258172086
14252817564
17842294951
18321957843
13541792452
5872352003
5876615445
11270651839
16421413553
1924822102
5511242163
14508227673
22676197796
12651733277
13588083194
4368100235
14656704439
2136659990
15551481130
21370371047
12891815754
13649146405
8103964284
8751270160
10978851946
6329359571
11730281366
23057055045
2424792813
897892381
17711629841
9551078000
2777012194
10830223813
3601859207
6417855812
19684345442
7601898703
6148651190
14108513637
2975130131
5203766698
5591780108
3261960204
18736011859
4857841425
14052008571
5715993025
546008570
7562261420
13752109051
16920670333
19953297333
20382246430
11074279601
21775285793
22275046315
7538675838
15907270679
4766342030
10864003068
6767860463
444858784
21258497960
22407880949
13935149275
7641594575
12508510858
16748093671
23647516556
3633604633
4367902346
10637345692
3176856567
20919896108
19757998006
12746177444
22209064361
8632012110
21847283332
2786054119
14285343425
15347616443
1964371360
2374495750
17861720707
2972797551
3410712491
18050749900
8616010800
4846906069
11307562738
22998810851
12882004764
12761682193
19931066216
15570306127
10603664203
461742486
11581512922
6206212344
21594939821
11957714419
18176864475
10296512680
7677737572
17004531556
12370205492
17017950421
4336862227
5740123062
18301394823
13247373227
8411954374
5955551416
4340193536
9093826032
3916447315
10066940878
13230074986
1858265091
13216434408
14878852219
18202678304
8369086491
1363438456
22069211963
22175865007
2293446014
8782895198
3712877886
18655323590
10526099257
8069540756
23348372459
9963416905
8305870637
5703834299
16815313654
7724243861
22429394884
11884023049
20949086572
8072949280
4785911456
2775303200
13258134857
6080268662
12199632865
16313298764
10629506472
6973727007
15885292846
8414899991
10079981187
14448945008
9095173147
13630034225
13732653901
19226552228
12733002068
18013524692
20530351151
12575854410
2305486031
5102588371
10526671769
4001794923
2700124196
17817823698
5213828157
1069646948
9453770383
20769125872
10409068628
6225005851
11187981599
3271440595
18330637030
13145931539
6084131756
10736105035
13466835355
15063508703
4937560061
15844956553
20983025791
6834538890
20086980327
2338092205
11614172904
12021972452
9674356958
13557599452
108328577
7861252752
16478176254
3599225922
3260728568
5710101847
4959178255
18718003663
13694760352
8560671932
11243797821
13785418419
14849518338
17489518846
6769628702
13569226488
484229462
9981633566
2747732184
7003380451
13406516482
9714618562
3919263082
8926085759
11386712291
4870304148
2078439217
998706811
12198491900
21867764386
21075142721
18334186571
10197633858
6224251156
13734198508
15021643523
5772933571
19930701137
6855523143
19953919289
16417901574
12574643467
10068102557
14928923571
7918936697
4572347889
15654421926
13305258572
10635770734
21340556395
14189720021
10234330159
2570623050
17529203865
4869842889
17466769250
13742256347
10988417729
11471192100
9314547481
10370359764
4732798576
18401014041
3291651525
21902762856
12757561609
2687069318
4153715062
6142883167
9696554839
14946311109
18872494402
2444401252
4702194064
8520027765
5118311227
15963863911
19163803603
2805569374
2876826015
4907254895
12872464307
2173889210
873798958
10740519446
5827318569
6570607626
18858863622
9598127196
16825916726
7636810102
12736677011
14504114435
15393352262
16945045540
3525471712
11460147971
10284473089
4740701852
14928358160
164513235
640766717
1380058120
7131183707
16898174932
6386485967
9388162335
2163502713
15457980339
2572448632
15960914616
8152583013
5088236419
17809219449
5405563483
19222454905
3989528735
7405468813
15095216136
475690397
11204997287
2057377031
21257227416
8552348211
19538194015
20661275632
4257321083
2252548842
12870260174
12481851752
10037294306
19909986006
4150531101
13056118560
7578173717
8270711513
9405481578
6397699366
7058256764
9730005644
8291537698
19456266198
14169543171
779011164
20488284350
4069770414
9938191708
14113357208
16551644273
7505803346
1794982096
8509711585
9515538471
1702542709
15724419481
9478990903
15252263353
8290127337
3728328624
19831897114
3248284046
7974581371
5403572976
927232568
8246886504
12821665704
15183354913
15346070294
4765975239
10231122359
7815923401
5367421552
20837605186
5161347641
5928443641
4613611838
18372895445
7250452485
14547348964
3103732601
13662866891
5712475887
4862372638
9341918197
6529701982
18932805994
16516796831
9303050043
729685841
16341378719
5324132277
17814830696
19630643787
10330964551
20315347
17371159375
15545190540
15363899776
18356423225
2926232465
16942660323
14981383617
16111382434
16225806396
2973711937
16133637582
20915187995
11312054344
19545712906
10940021942
8928928781
7527987442
6120231066
13304437292
9733974642
17141244008
18938803114
11545711430
1615746392
961161057
20107754558
11182763890
17237298267
6894552591
18660912903
3469506158
4019117689
21404024173
5256617816
15990188912
14170141999
10986263760
3682671510
22522686290
9061616048
21909394925
1182612087
6279084865
21070771926
17429312658
15777159346
3935022429
5359709589
16234569786
19050647182
18919772943
12960447110
715574278
7702601959
14869868324
9081554265
3824048150
6110838216
11890965304
3344732299
9598129754
19461509464
22514671109
17892738320
6079232539
20574994686
4170360832
4268134816
5488521546
10555344098
10410085792
15707945204
18704710930
22695584384
257257518
14572336717
7205611247
4853250666
12702931969
19428373403
17630308656
5234337709
7208269328
17408800115
11298093657
9217890217
7089442450
8924937936
20829205548
15585015275
21499246126
6474860732
16048053735
10923861145
14914158956
3890457298
7328387404
16075976577
526287139
15316276742
3382907328
5887254134
3367694360
11199011935
3557323480
10434174189
18399464044
15591326311
5306283107
12223329523
16024025523
5298434421
8659994531
747421434
15777308898
21184437585
21664101068
7588036543
16038833503
5049482867
4401799944
7356252537
15110857330
4544374972
22707059292
6483171001
23185336460
18507127818
20346253729
14436086341
11332979778
1150446586
1259485879
4088999240
3330271892
3263604210
16348895402
21037817993
11307883601
17809363354
873798958
23997444131
20075078634
1462723220
22224596955
5494075522
8973705976
18110055792
6713917199
7868276897
17341866509
10529910540
3358378663
22272464076
17447869971
15085402317
15535405657
15374636742
11614166185
16286406973
14446112017
6346431762
17751525273
6328170580
5846410581
13560503509
1411752225
1593210925
24290104431
5275654678
21266619882
5612722435
18953208099
5923035750
7224094468
11413107216
18745866169
10213725153
14661383424
21279945754
969521096
4233308401
20645752994
2195285399
19691827844
9364670273
8434691721
7232237076
16277444120
6083789029
4401976102
10218096060
16163979965
742232108
5790200219
17615946585
16331488805
16516375800
7482375886
5741681549
2432457892
7378609835
15520551161
8990231025
19588424998
15408084680
5129368101
6240116955
3674733854
3235857899
24352930357
17731177970
1675356439
19739996835
9784402650
5702748358
14001621413
17504406826
12908478835
672307680
12543543537
2450342595
17944798124
11469627963
19667198370
14266653108
14064499672
455968946
3317994116
11964191382
13775526401
4452965758
8512485559
15507181096
13165018965
12763060638
19219335146
16561857961
2449436506
12288081700
8795552452
187899430
19828690045
363791201
10267104595
6861885463
9950903710
9657738426
14053867698
7288555189
11271264740
22071182577
560601332
6293635240
3547476525
3961542982
4760753670
6477198697
3996894547
9486872930
17389581020
2802185139
22633857409
16455463287
18740576887
3525064376
4817619669
3085628186
15780477659
5928704404
16977338567
23203651112
10552465773
5982805624
16126043213
16820943178
11676386850
7746974274
23997636269
12256361654
2782805747
18373189388
10549100216
9802629698
5834685858
3695360260
19743792648
1495624322
12781305122
20562215072
16419222809
4662723040
5385215298
13339100541
55772349
20499493457
16979133627
15694642604
2804860545
8160018465
2422132645
10948328185
14468639179
9904772119
8272332899
3281450375
14585461415
3285959237
10372716224
20636405686
10778449560
12317916984
15961188446
4927200922
13050889671
8149942175
1835378872
22222632596
14295728059
4530184659
8577086821
8828341255
2983190841
18133167041
15870351877
18679227306
23527440921
2284021477
6581879008
15702224115
24044517974
16372002630
22475613940
7153311621
19783747324
4132950982
2811568643
12070246249
8976000385
19686784617
1536503927
16514751671
15351566691
6945540067
13204019719
846810339
526287139
1184424417
13680714272
1911225583
16146012782
733951749
9726961741
12249565275
15122154932
20538478620
6270008196
24331841470
4133308825
6928224021
3997776832
20890801933
4611120990
11953124858
1859695154
21436769830
6177078497
10874986014
8632764702
15835552496
18808100068
15775466511
2972587885
9563941860
12949739032
3244766927
3214533709
5476655211
21331053708
16520584247
20133726041
863628332
3679126348
2244423088
17033183774
4459868960
21660281025
2376110001
7327463440
2366480251
20677523338
4257193118
7191705920
15541040381
10138459273
8194651151
3060353403
5210890456
7292160152
11749271661
8172204056
5943668088
3806183558
12790170102
18525033006
12534081541
16362941853
18394169120
9306913438
16817347502
20354869046
4044031045
5548424891
3445333862
66875835
9406585187
23725769732
5966556565
13679612427
7614342305
13899301234
4319297579
3251651159
17464350112
16288866586
4266089269
12404823017
5849376179
6656172128
13405708487
9551023917
4550752283
4365214086
18872095992
20553463202
4224773963
1684004559
16041227510
13321567103
389563938
12538479016
12743832037
2686958412
15668448901
10214796327
17715012552
10057596483
7223568374
19676102690
16922207248
17864224130
11298957183
10864478499
5400172996
18081221970
10826449852
7934876531
5267359472
16946413771
18939525235
22245736087
11100642642
10766897056
7439093250
10034646198
6290889983
18510769492
15266136521
10971461442
18846487142
22466999267
21617661069
23369019852
17073312871
15169595469
16340907737
3234007961
15784250490
14513245354
12850140285
1995880004
10498455775
21663368139
13656546969
6298057726
19903238043
18898784928
21363954532
10993732365
6547281759
13050383673
16407223466
13429677686
3287837267
9656261412
9673189787
12761443168
17972900521
10551874399
7567157583
4183553356
7477966614
5080081262
20752657707
7581820781
16311047902
3252840819
5183420905
7390698347
5279331865
24268210820
22747669199
5379884015
1061901840
1251708168
13804342771
12131592819
24273968084
17034224291
5430293956
3803213656
18009669150
13234590192
18452343905
7929985265
18822397914
2435355909
6662106790
18198296791
13290428586
4869110226
22285471767
9313269666
6990224992
8808038019
11284429023
1905597527
11377423533
13701927294
3625402308
283922173
6533790419
4541130460
15141588585
3717270880
15273620606
10701517357
1242642109
11960888950
11443151170
9040922390
301118025
16635037115
12038249405
11515050517
5738040250
8737900092
10624448661
5512376718
4592575678
16317309771
14808988711
3717308128
16093446518
10354050015
23839942612
8401024615
8533371652
21631297167
11962036688
22432779306
2948961507
7568035917
3638096976
4701787764
19465265740
18007198257
4060821244
12561311381
7835246757
7077110054
19610243177
5638598507
13315940403
3136077748
1192976550
12344977353
18152482613
19598221755
17658240948
11377724469
10388252127
20881663405
16490008707
20060627654
5252090619
17419714991
17730309517
8819802827
20103381344
10200946209
1708367652
8550666685
24555121551
16690822217
16136953158
4020820532
11527638459
7763414387
8587122841
18983942742
6699160839
16946715505
4946402130
24008551002
12322702745
23931755702
4414694103
6220313384
11080340784
3488181162
6572043731
7598135083
6172832009
9291291211
23712572158
16210150045
8266065271
3927351954
12072029608
13536441801
7429522601
6850489366
20322211340
15645244665
1182762582
11164653469
8119723705
4236097419
5014068978
2542240466
1651756713
23325845554
3713330830
12047562640
23661915448
3067864747
1011754889
6025800323
12321800980
6855461846
14434121550
15770159498
3834881061
18395898122
6001002787
16225163293
6629262678
2280459055
2488648897
11539507671
20105684096
4395268196
1420063961
3596895859
16070115709
14934406071
12050060136
21337729590
5667568819
17477476339
3362647724
10878766295
13325103974
8019879911
22956783201
6727782701
10323769106
4186930856
9535501318
12927434315
6045912600
7818737541
10712910323
4665101226
7890940922
13372733620
15849598223
6340645512
13919890975
11578654235
2898042757
15425241633
6835855681
4361554349
15232296299
6980826882
16496485959
20928443222
7452576582
11588451245
4405870760
14660170490
13851353955
16465405861
5343989979
3428370390
14705034291
15494545055
11114511609
3356343563
16360587258
6397029200
6151700271
20484483887
10075417394
10928804003
9778431155
568550959
733533679
13161771330
17081574580
15695242852
9924277835
18281746754
18935449143
18777797670
9543768339
1290674957
2633640214
1329490264
17989921740
13323820467
18616280630
11388408152
3261530109
15705468766
16936381935
10482653276
13974048334
256713502
19697676678
3800264851
12204069542
1716443097
5192438775
16258251564
17575607832
348943453
6552021559
12112673044
18812536003
15676742820
2371038440
7513184759
5799166309
6326387517
12679876988
1474569974
15923556218
16343433253
10381808112
2781926725
8163934402
14503601857
16953868009
14669904069
9563497954
17552340383
17476555095
9304049546
8761186708
955839985
1339456144
10054043688
11118920049
5592201230
15258092777
10932259492
11715106148
1144447361
13683453174
3650170029
14966414509
12393623113
24540417127
7357661956
20197880987
13339499965
7788423890
9145075028
12162590884
18987840400
15379046490
9701715870
20991773470
4997452308
15299088582
5674896820
16888312524
13358163707
12819403007
4693440622
1174632945
3593935601
19115839722
6931129290
23299866114
19264072811
8079824541
5482923636
18897563260
22260334350
12361122831
8623521800
3846387655
7492593805
3410915934
3610963559
3709050203
8513049014
1777186516
24217620363
6170008268
2355279158
8318612589
13870789963
17487198101
5465955917
3141363130
310672497
10144197747
6468105081
5121057647
7137327721
11182032018
9574847638
16986540713
2993598962
3727446560
7622660066
11958804875
8986042461
7598795625
12426791080
8334107601
4205531962
19289052204
6510079919
1970572661
10166333756
20019416866
13863772565
12095023464
8891408937
3632584261
14251717877
12739772866
3422532332
379154263
172032885
16373194966
14908226493
12617517222
13467655382
4912422251
11961530143
17175187146
5310701679
5903846158
15140353689
1117109430
1290832403
7669380542
19475320240
5432060926
17422085236
8785709898
4719124228
917045738
13485193910
20918823794
20554422659
8539701767
18445155734
11017485453
14258567251
9456844351
19933202946
11684992303
7606467085
11768307883
461629758
1549902297
8878172990
2211418655
11748422519
7285814240
22407732186
6897530769
8684972704
3323931397
7318015934
1598572516
23286185055
18296256439
11344983917
8835595847
17840897769
21007528522
10447413085
6319091614
6949227360
8082196913
10497258425
23478578381
15830180441
9800211376
8731554443
2061997895
11330132251
9714450336
22831539609
11202525829
13626159103
2625782992
2725120613
19146831778
19116435272
20701725220
8418865432
21860974262
1336849804
426949042
7543218383
10950773589
16149239156
373222275
4167233799
9034357855
10218886131
10475168592
23642690535
19383054124
1443743771
17899534110
5323600758
18849276266
15188773009
6394053173
10526284285
3489452176
5367119490
3884459963
6203251226
11648476832
3641994383
8277571725
7393137181
15113351340
1333915856
166952250
5583914694
5714326691
16079882064
7424998772
17357736388
16159309787
8233252275
21743719103
22012693508
15366837779
3499798656
15360316408
4857582898
6923725792
1212986361
21183309269
19944533250
2219726107
20986903253
12899845001
2717942327
3601562810
15664166420
9369500704
7499591361
10957743612
2662599162
2170757550
19904965877
13753546088
7720835653
8909001377
15675055697
18445090395
928503879
5693069041
12238496049
12215609647
1108282028
5131197940
1227966112
11137011480
1494185709
6368439477
19633379837
9387302196
21922156852
1689752484
13630494509
16716529774
8590774394
2707730895
19948035241
11057223343
5080340556
23048618857
17230370438
650948500
11401528115
20729836324
6587198490
11954068900
5976739388
6301965902
8954260097
916562642
1708827747
17468859446
8512177398
6754948825
9823746709
3845678903
10394955748
17536092115
7196464842
7709464927
19838521517
4070796618
16078119377
10574270077
15707282955
1337664267
6769909164
11230312471
6646583709
10011039720
13156870772
15432489057
9022091811
20119947145
2408198021
23886122591
13940533510
7330509579
19580000501
11649584548
177664567
12821408182
1874299651
1609433852
16653448841
7023033190
12462208280
11564506575
3150156791
6384935568
897656915
13260929931
2246645614
9686816528
11850962298
23372825882
16124876214
7375843278
12693166603
15021729492
8693224258
1776898244
9256682089
10277161162
4044553471
8661349698
468559568
9321039133
4686851562
15346528567
13318167119
14121131358
15128748690
14802466544
11323719141
11346601885
6899129632
11221857936
5743637688
16923799845
2999675652
7478157085
16090879054
12816293571
19886002259
21319965277
5316165039
6386987155
22351570245
8673958098
7418107594
11637624186
10373240978
13335725660
21375172524
6635675909
1072996604
17550357498
16241517822
19559519818
10644322231
15037112800
8173015967
14067133905
3532034336
16736067548
18344620671
1292772196
1469900662
2805569374
21249101983
23527234114
14260286125
12057907332
4492124780
6056224948
10801309339
2343825393
14978643411
6424923289
14339151565
7389599946
10101909332
16468232087
15334363698
4776619876
13343523695
5418520444
14594676732
6503818989
12265441125
11070753692
10055518608
9269685555
13099547549
18533367051
15917390522
16889251783
3536659221
12419371237
20274801707
8352714000
19676526923
15028877486
6454176632
12473910628
8920290409
8358357799
9533707212
7070863699
7600587606
11756221402
12850559895
7714714020
176175692
16214619650
22899992096
11374704536
3394387283
2321171773
8914010610
14108597882
9438395693
5154185989
9726224846
10014243866
2972396
7310064740
11180562789
4678671610
5411931105
5692466982
15180575513
16916854113
9164089776
2243263385
11737134584
19227312415
13912032062
14295577934
9493222976
7273645256
17281042521
21506731832
3980322818
17502487541
3484012651
21788350334
11673982125
16073809150
12686571058
6096445807
7845984855
17620704047
4777856226
718132279
18902789633
1789215303
3998246551
17739295227
10273645171
10285510249
23870651711
9759992263
6386987155
817050940
23996860356
3362343451
8569712426
1726400632
9253629382
6899701224
17797365315
6194641529
14328350049
14812489195
10544917813
17893695236
9130486207
21360375026
5427564395
10354613791
21520272246
5346829207
4283698937
24122328589
18796066490
23125537514
3957395095
3703933370
12297624559
12184442470
15634160080
4386649166
4279596002
11118534188
7140485753
18098064205
5300817471
1886225159
12460742770
3945702631
11122352947
392025655
24390540890
881957027
9055563228
7514194800
5008409397
4330928146
1685224034
14498614999
2695477087
24300746469
9075364207
12370408274
9648348311
17359662089
5887254134
10573318045
24135147322
8446316198
23018668294
332935046
13724501683
4431422665
8174238594
4335371907
2724323184
5783941201
4453243724
160896735
19126979836
20718788781
136031664
23393292719
16887313298
8655139695
4235525620
1292960108
11514517219
9499047125
12232904014
5583749339
14254735303
9288583792
385913216
14872932163
13107922871
4864789998
22239051949
14067503111
9124620970
11171140467
13396105609
4288247890
13574418707
10230221299
9913065675
1237885480
15348179684
7555201878
1835000032
4523233002
16711495427
21622883231
13811183420
12619776039
10161891107
9944175580
302096157
12628248688
9766926397
1386298230
98613527
3044666495
8592480615
3146712626
1378060742
5626336560
15039469399
7219071378
7173316628
14140438936
7763776460
3982159306
21324171886
8414641815
12057784704
2848482314
7283751587
1621349637
14040763145
3690325322
10586016715
2149312290
19936639581
5953577747
20419084069
9074490660
11260074801
1991420251
20328729323
4878877383
18022457698
13699320800
10183069661
12961692317
4980329114
18586271075
4866310806
652717025
4889822906
14117105637
470309909
7476432094
6399087052
20480056753
10340366327
493629515
16986585156
4951586614
21966222430
16003002905
6008004533
13824302968
17118828222
14016572727
9552456865
20594713727
1188718521
16456635801
12505074282
16383937923
4049804328
20607248518
5937929447
6890181755
21039816314
10000631222
12122190281
11998071704
14295827073
14155935059
15397901505
6420354133
15537432086
3352945882
21361689522
9393666256
10315503326
15183895268
4495619907
10332167738
14308043635
1443376722
8547017099
8782878707
16115736350
5860880408
17715380164
12068892517
9854451713
4552351319
23400185147
8885878121
9703516192
10866831542
9235370965
8896695566
14578438354
21783353528
7392773827
2834059562
19486245657
16029559016
6313383167
5689460856
3409169505
9666497499
22329813142
24465234952
17336770419
15179367330
4249323398
11299566671
14020206823
8441146097
14937139050
18708815043
3342386999
21562594306
1864667219
12778230411
18041783995
20791880318
8414377675
5707069489
10863710819
18231404861
19050937717
16868600649
18043571086
11522402448
13272817525
10800993519
17285487431
4162591159
20709663537
7715704411
8149614749
12875031013
1732889161
22285161230
9109755510
12261689560
7137472282
16310470517
1936869796
12990582136
6413130601
22287332393
6470879821
3114935428
861272154
8439261786
15432159328
7198251607
19564785710
20366327741
4046575428
5957312083
4485700189
12368672051
14258512157
9880525456
19008429325
6722437820
513265255
2287938846
4466900148
20629808836
24620231250
6915485100
14700809656
4002646580
20279021473
2253242223
13685685888
6081535711
15038895832
6522238541
507476044
14718296732
4817766301
9001316461
986207088
633273336
4051050212
7103773556
3892462542
9654890579
2973815692
8853060380
7331021641
14056849556
23544794578
4375100688
3293027224
20255318025
4891548140
23024009966
16743367040
883697131
18282177684
12431604936
5882135956
6056739552
15738677704
18214408629
14707680136
14823715823
21697979767
3574580053
167374023
2100419269
7449501536
507529470
7963997131
3993830
7759827098
23272758291
12684225414
1473892258
9773071815
23297167738
2461008672
9457869468
7522142753
14060369096
12077894152
5206482277
14521093909
21359910827
10544284814
11740396785
14009395041
198126639
4496493133
21795648183
21526125691
20889929244
10450911062
4165484958
18435901028
1733615282
7597761120
12427002480
8567646802
19519664027
7439474751
20997892733
20858957068
13113107766
20506033742
4130931484
1725179123
549743403
7444800093
11378366866
13215283677
19566281681
15177312588
19359071308
7509498509
18911743156
24391841244
4164563654
17804333450
428335061
7351940037
21233012780
7591616579
22267699398
10435439488
9961938275
2541766487
19840093023
7687637816
2306728203
5849153561
8562105821
2190164197
13339241084
13981579980
4988204687
1832962954
20132505753
11375067768
18003415845
2376796941
9351585067
2604635953
21989838690
2112876629
3125612658
18810171721
23078663233
9612404170
21430301457
10680509885
3734019471
12514452320
15362206069
15348866112
5721257532
8713947221
13429196984
18843179921
344449909
17315488534
11360443741
2185270848
5387777080
13687436131
22359393815
3641188411
8915333179
24289209155
12903917024
8039389359
12738091575
11005221636
8429234572
949931754
1777066539
2958339986
6301298150
9895955781
8419679400
3762282888
9552075375
1505550891
6446381621
18907740993
10972817804
17320323199
10419676699
4699808564
8996959691
4538279950
1350187313
15503283604
6559507732
15308161351
188823134
16282161256
2950940565
9040686653
5662298826
9048077687
15158391739
8495512638
4626947111
17910167045
2237728986
8864154558
9462351407
22434150693
11664799086
4951326439
9410337740
6452730394
11881661268
14845876964
19035291679
17474405745
12457583847
5014310191
7616210061
6544456874
20176437749
16519294980
16514600341
6425517906
9859136914
12926930736
20308682168
14482162326
12385586873
22385198882
8475284684
11117801642
13651161661
9979298212
2925228880
8844055380
1833902548
14360977576
7482526498
4430917412
9850302402
8219833247
3194627285
6518453942
11714515691
3478678501
14854337109
5648890026
4124663472
4401074917
13519415805
2534207720
9083697593
18514811166
18938719684
18724250044
6327610307
6380168028
2179781470
18022341176
11822246787
7992046655
6651335325
15110411848
17065380848
15709570109
7300533182
19858226316
11367388434
13561196451
22063031743
18639692819
1651518920
1995817605
1088465351
7210659309
939906814
5039392996
13394404516
10100613634
9752053615
16168018361
4812794102
16384479435
9473452643
14017890424
5955094034
7155960435
6204276547
19440391444
20427434678
16365979028
16971189051
15918094609
21899110096
23930997538
9497204679
16778886922
15326127192
17439257109
23120015982
17132009943
7175440692
3037917792
10107649817
947899491
11934524254
4674887175
10084864125
20309431776
12608166158
9193179248
3321593111
4643346681
2458824728
2391160988
1550144290
16158803002
9549939525
9191318939
9553337970
13561138336
17471742314
599378792
6385009015
19779132440
260709598
14387583709
22513686347
2658684033
5534932910
4027975307
6789307517
2042795511
6947557098
6656011379
10873195066
14300011280
14603959281
4186513656
409815408
353643606
1155878627
4368346942
3489880590
17141162700
9748153987
856417711
23285309356
6737282833
61157361
12365049798
23668356952
11138916394
2713162635
18176034968
18872264749
11220183086
11201870045
12061481661
1389878153
993402699
6965697009
20205826082
7384757349
22785730098
12901674135
11923634438
10469434908
15459986999
13799463106
11953828903
21455587391
4332275064
1215581780
1675180743
7671345359
6757411521
11789783529
16352156300
3000998640
15393949773
11544685038
7278229836
16511470207
5890803550
9947988815
13672539898
19917721256
375684860
6628953393
3750027205
6367050910
12478011920
18722601899
3788369368
22680711073
11937292589
8620406174
18523212262
20475035157
719640813
10161237488
16266597872
5655253993
16374354042
1009915910
14627488177
20013649827
4021219840
7975747063
19039069627
15946700292
7596183571
80905348
2290177644
11649163014
23623699566
13869167220
470946100
5254537006
10943210627
24712599145
18248849643
255624890
13400152846
2577505833
10060054502
11763944147
2159384868
13133841785
8754237488
4171854520
13261113570
21274043230
18955432502
19372868732
6752068610
12880837824
11890232913
7994828627
17863422894
10650275466
5742678591
13459424974
15450793553
12892021047
4627227229
2597626387
13829055421
20912056821
6298261739
14715322255
22074451430
16606030560
2843322148
11941692173
14475804874
14085446562
11388561512
8877456003
8379418516
8014748263
3924038098
9609388636
16712759562
16020315576
13061451826
8039507494
2221883013
18579267518
13277536931
8155637589
12977182936
11085094283
13644195196
17597480368
3247297529
3308287564
5850985344
996525283
5581063458
5915289166
12275105228
17069436211
7674878120
3923946854
3583325135
8033674040
18297054004
3154305290
10895889828
12795365843
4544675503
15694424077
6258535436
13239386635
2940290530
4305857541
22847644441
13926466417
21434138298
6714737374
3157033422
15925598314
3061227025
19273966539
19124899732
4416080957
2330054698
4302966150
1589972673
5531381466
9005443010
561897523
19464595472
895494076
21524447133
9456467741
855049301
10958118628
17040160552
15887577629
1763912063
5008162867
21986989626
16478204994
3151751421
14401118672
22707026325
16642041357
445530488
470347861
16236187849
3709409921
4034409354
17405531754
151889215
5927257895
13814244522
15018797836
16506237549
8691428534
8761016575
11061298609
15814510183
1747631778
15162633312
1815435496
10621523202
480329115
7224250343
19076707277
5239712773
2808058174
7815513879
5352124246
5255900461
8402342679
14059561259
16249159875
8548107655
22706844306
15528283262
20832393503
11679524352
18808287922
10828418460
10369005842
16717694438
4261447052
16415985441
4329959211
1175704159
17223393070
17333419413
588354247
3205350129
14149409797
9947734771
15634036324
3762139032
13780692963
4345243588
10822855837
16651450732
7022870889
2432986434
19127357821
1141740876
4489953419
2745691011
6587047473
9147896345
7671972603
12105190434
19230797203
703961192
12411590065
17699771245
3417266462
18707206723
3827669433
15763222304
16088222522
8854066357
11444784631
12181547261
10815788689
4430251159
18506558639
646307506
21128962636
4858861717
3055841817
14843491292
18851043909
22300147049
13695124323
12133245107
7512426246
21456630718
6896992342
13400165921
18756393109
12083363563
17920649793
11761916619
9053920846
20607566176
16036667477
1162347619
12993304725
19032246207
20977627007
22668458258
557880464
9777021514
2519563335
18322855105
724092156
1642612829
6552124101
8126522043
15394119533
6722481193
9040222213
10756991450
3506877121
31971501
14263238940
11136991170
13182270248
9232957255
23841107570
4381830707
11960860544
857014609
5059607779
22793515870
597406486
12614755929
9183775697
3797685283
5002514875
14189193656
10497258425
193829404
9596343090
5166579469
16286406973
4474000048
7649496302
459390687
18006387282
232049680
816926071
3705362790
6987938646
11398856639
15974133178
13016688464
19019407153
8051915212
12289397639
15017298165
9435062334
14142328700
20123693487
2506984953
13624359520
844599885
5495275333
22857837594
20615886906
783140424
19334098492
17137914875
14802804417
6379360926
12064855589
8576246966
710473469
21174641208
13081008449
7068514338
4868617553
18095422571
13520694698
12760371358
17409367374
1108673555
14552187191
12563425589
6297943701
11100206377
11934824370
21538826154
173698187
3435151934
8651297205
5493735489
11777702176
5299735927
4004859433
8143161225
21709405137
6239537584
20219920285
11022698083
22704088303
619437806
17411100531
4489467271
2944384583
13549477462
7664121385
19412448174
4539143003
10163302484
3975486827
17524262662
8500508632
22659837447
4305526902
11984825923
18054918505
12115001099
14733070295
507340954
7771277219
14351879762
5923603033
9947007907
7673760144
4007505685
6880045832
18358353627
15307063000
19077378666
12006540731
10189600328
7386279637
9058847716
5240739733
13513211048
17524195728
1785370980
13750322964
9907354778
9280894665
9883195327
3832283825
5706317480
12686986526
12068483643
3149954124
13310278734
23028179350
4760209079
15603900433
17179638379
11007188008
11742262647
10407401781
16312128426
10633239994
14671427229
10011616165
2987470259
2273149353
5849949175
18765428054
16427161131
22123730660
10133035419
15503035304
15998685196
4681681905
2515842655
16571250055
19517440571
17016069536
12168720418
12481520116
737428755
14470943685
17543402538
9340187819
1707017808
7504852975
7404510041
18314021397
22244291663
9720469008
15001585233
7635423817
6723063942
8825977394
11702743143
19688857449
11673228873
171333401
20112114154
4722990823
4058207452
17407353552
12312795852
387216552
3549120607
4706826741
15271028915
2011344648
21556219916
42471034
1959052446
6931253804
14992117161
14370038809
12622360349
24508549729
10621342209
22443096036
8996064320
18972821713
15359381803
16624969738
12664049349
21096078095
10575876460
15533383758
6733453947
7660836027
5301686458
17308032712
13108520302
15252355754
8477857107
11530371073
10498224371
9122920798
13146545627
8398319916
21058216329
14773341268
14529181843
13891498716
18296952357
8765267882
3644245524
6530131372
7926072113
4269712574
18508642461
10879687479
8488007876
21516566300
10443087194
7623218963
20277856159
3632895398
848128643
7430460408
19876911700
17380592146
7071333048
20403592331
11621431211
3280487653
4115680661
18331407371
3702388444
13994789685
10944140058
5635359125
7173316628
4986062282
2777616098
10416363622
19086232179
13890979531
16165725264
3259166688
15394175195
9248255455
7913850617
6971817803
1320250800
1318966582
774098650
10641598278
3879594361
17549489069
8784521641
16464819261
10398910180
4078624810
9220169420
10363331292
9647460676
11643449675
10359388121
7450670297
11465212046
14660120565
17210449929
1378022906
15649139338
1483550077
16300416663
16752508497
18941532013
8949044222
1878653933
8151650507
993286466
10467748620
4580819345
20662370170
5234698001
8091238234
21029325933
3339706370
7977778299
12849059365
12147027365
13340123251
1611471846
5571826663
8756305385
13327501265
5246193700
11997207108
13276729815
15735996799
19610992269
965528052
16993788460
18939962058
7710897271
13017632465
2706935759
8779648930
7926020774
6966897001
1945066165
8973478256
9887695731
408201484
13227314864
3952505847
17319774729
20175969716
1458349633
11361030790
22953256688
13040985577
5339094043
13982704072
23335765050
22410111292
18534668599
8878287304
8709274423
15682404558
8285033295
6742126078
9061485192
7021968041
15958064934
18974151168
5463978958
1032143137
2830285088
14776968388
12784614600
24151024390
13620152823
22273971269
7234247203
11160675624
24028576586
12618215603
11774227494
927951582
20357232547
16776572604
9734400008
4144527966
12812593477
10870926514
6047194409
3484545425
1379657764
11925645881
5699213896
5951326158
6967283718
1333874877
8816233042
7136908625
3664923995
3773387925
19747594110
6821993639
8108876728
5368404157
13869691774
8393199285
18664938940
959666671
2202283605
18506510549
11864785028
9061992961
11151700286
3644515565
17563833618
1162300002
6009611088
8878916545
16297076985
12137328502
11722233232
15208500031
5313977840
17622389281
3079389409
12824505281
10160774097
20586433483
9685201612
15585081239
19494533736
13394354689
15451066262
9716934376
6306162397
8223719915
932584579
5497900691
9006366492
5177939860
16107432302
9653900486
543215763
16855829150
1184527016
17251356015
18204021020
15280664933
7357729819
10035492389
6967283718
18898404019
6746342074
4382091594
14436720506
3631392307
20720854949
14074985958
13105090774
10243199668
19383874103
1910855313
18331606070
21955039391
23921251429
16872471670
6186975663
18723531577
9209466500
1181462944
6031898060
11796868593
6330655142
7117724092
15153654165
3446958147
8971941712
15003241549
14095426747
11540881155
18880994808
18841302603
9803595894
19307959162
6206151003
19877109629
16384743324
255809277
9959463911
14819336043
20295332806
16757141825
18671982572
8883499241
3951665526
11469548699
3443383564
19646598161
6038172952
10774804627
10818721233
11289274167
17167467800
4833861010
2967311657
7762281394
14633633334
869355002
15305925471
9165378112
10879631709
12064650223
12127622352
8080759763
8223277213
8334287494
8063403000
6979135936
4257697421
14873944571
17520905861
7689523589
17570360296
21356276495
8376736271
13142001822
13135453601
9195638198
22104043766
4589885097
1448572674
9565766574
1036981326
5662298826
3303301814
22003351679
18490444231
5008789305
4704928056
14749362127
5592105351
10116188918
4231879752
19250217845
13744330526
12985957051
5230139112
19260204326
15684801102
15822127696
22880648517
11491426387
19595718318
6045130536
16304443334
9405155239
11155208539
16797503516
7928555164
4626437333
1013697459
15738278070
9861837040
14277584332
2262392006
24405089745
1331467837
6297921076
17625498592
17214627417
3450169297
11895843191
1977286597
3557323480
19192677928
9437591848
8811932343
20890524328
11880807614
9051326202
1333906516
19432829785
9404030176
2223503081
9682701226
9634241091
14192438764
20656070756
11532133287
5848712969
10565824165
20022230351
22513768681
11185925298
13512815315
3878818257
4668559867
1749308241
2874668136
4707373903
10383735762
13572812748
13929675037
8393943128
8693224258
10791288935
7883420220
2543507873
9671572537
20576626614
4320153328
707320851
305729535
2918217715
11280144261
6005336680
11067771924
12832752168
5272010424
8752592619
1969819199
14826063624
16816600084
10444224086
16131383713
13074646143
1690409955
603713795
4843108363
20378847891
18746530015
9396590721
10690521386
4160958202
10126562678
5318779923
12616200923
18677578498
6073871868
6443296772
818753546
1582080847
20964717342
2849592353
8681871228
862125672
8631735379
15005261194
7970072385
23130463456
10771617660
7715385981
19173449096
18150976680
15279756404
20129896388
16389407146
23594335585
16153092986
1570926191
20509775184
18778257884
7835804194
11876013137
6465170660
14918425605
6392389952
8828557094
4853541432
13361411383
18537066584
9213656649
13763222179
5157211303
18523953825
22892637080
21380896558
11906801718
14742009295
15513900276
20117502779
15362483840
11511584830
47791576
9961389845
6230054807
21311280061
3052232633
10537472054
18866232703
11955927973
9700414917
5710056630
10421023687
17966446124
19392625058
11764811721
5648406238
6754466979
3063564246
7820139674
5478736796
6909837718
17400070344
8971901074
21640275
18111810827
12094101607
13155055709
16666666411
6820607018
13508769781
2861340622
14406002344
6874359823
11956346310
13510897146
1819426293
18375340454
11331807927
10237231706
16785915137
15606644142
10894751900
3140548009
12432812186
3906118885
793430415
11696473013
19001257639
18693216793
2140133490
16574393884
2429891753
5191434740
8715005542
23808736499
13371817479
17567568552
8854307316
3934945292
2526177656
20629088031
11043752832
21482904711
8498169841
8378456316
6287338598
2467330059
16862597379
16276137042
20134024207
4201715630
14327872670
2885336557
23083029360
2157585987
13741228398
21359381113
16869727073
17585411840
12017384264
1751768318
13416376081
260069687
4358444255
15433656853
8599387702
2212976857
4811710024
4662700607
11828463006
3546403198
199317438
22248889296
17257757692
3464638273
963673559
19316828103
10476198583
16777395275
18887199286
3360295054
5266237682
19722437944
24503371745
5503110047
15403601291
8792539976
7452576582
13018249138
4692260695
1936907574
8419679400
9506997083
5452347873
7013164269
12657896638
13927542870
6689587755
18305100371
14744290060
22209692591
14574429815
15292819472
11634993204
7329896723
6344180219
13550865512
4962500393
6593781068
21178784789
5337708647
17532757322
5979222874
18741016652
2646110972
20504335856
6884187365
22155374434
100327323
1377479006
2844163216
18586516036
8009749910
18276223510
18410110332
4817944634
3340415679
13281547844
9109443218
5174890038
1909806700
9121755984
10672091223
5922090964
11875299827
5282675535
16936709403
5176074074
16216182186
8206823761
3344842632
8815984999
5361215531
12282408615
7000577278
8137259916
4780791976
8674820258
14744126275
10964858791
4827173474
11786238489
3098548031
9263564527
5081710015
2781322704
17191690293
21588295851
18175126152
5051097783
22224609972
1364754041
10618706432
22651865037
15104766788
2321755010
7880188441
7796115617
18540523705
3857269741
12479977547
11159637664
3049930555
9832266117
1353295183
15266911286
15733632373
5181564683
4238205581
4987399133
4497598497
7503133429
2306411378
15598034901
7670096770
4269306691
392385255
2473246927
3370471764
5159112461
15520494902
23377334411
7968668813
5873252020
9320552693
14585105283
12911882651
11171140467
8063028646
17858366310
7622347004
5276016335
9517921096
15814821040
7121886121
3286876344
17647255967
2959635553
2013122230
9862066413
4076740978
17368784267
1167680721
3380517038
11316179965
18776811815
21687713935
5211227826
16030640577
14345323790
3618250858
3002353235
16140368296
1009383614
9399811288
5492423376
18459004044
2728220297
3844362608
18194360488
14069210288
11760640842
7454050988
84259812
4762172366
3793745359
559582054
13984708931
9812581975
4192603458
12369557604
11352174253
20363737195
6665503877
24169733654
8481268887
14908508767
15878784273
10106214544
20853756496
17231561869
16455103285
10231413510
2949254098
6584851696
11209076165
11106627877
12444251480
11977635241
17306965632
15014945302
20768790727
8368843321
9570864639
3263018416
5372760858
15177948987
7887305744
17318754262
5473042331
904748955
15885962842
5435291107
5152469606
18931152707
20402651378
9956143043
7687850052
1144187630
5736459243
19405531154
5827841914
4538279950
12859539514
1993904920
6447927463
12667546048
17320606810
14124022100
14530031010
10537434566
3381736499
17751715654
11764089598
17314218309
12615334417
2917672618
12666018615
5520291416
6606615600
14231630470
1619796944
19976418772
11502083141
12844080046
703938396
7692927731
4763324594
5132888783
773773824
19657227157
8283430162
4142590707
2524278284
23341195572
7897342132
13570048776
10348575845
15851618673
4744215090
2841184782
8979206369
386587407
889321453
1896351017
12094052867
1907077838
11057891984
2524213725
9015813986
12520264528
2473301539
15784870557
1330625682
20606876596
7981351881
3406143506
2413914798
22522217331
19755546094
16017796036
21170191357
1853580411
1419171053
19608726107
18581225297
6047231108
4247238947
12241730589
6620236143
3501313614
16417479785
19713184608
23950326896
13471974267
5655990415
10112217221
12495667243
5431503512
6294561124
17948327828
6841360040
20178147650
13120740888
23548522821
21679819274
16109179099
8069628751
11623485357
11255384770
14698387552
5503187143
10163767941
16892250589
20026461134
7229025513
23128432671
18612986094
23354595713
11135243219
5381210068
19467729481
12385501136
8360726704
6926405802
1916222410
13529544994
11829989926
8510622565
3448726705
8711246598
12191108827
2874167204
4260371810
15519402136
21485625926
19095807743
3594887249
17149411947
667380325
15441404848
10391183544
14307658428
17391652523
6166602855
17427986124
17981793700
11707263263
1714518035
925951770
12118108985
9822573506
14235160192
3303140409
6640514520
17729696827
5705232013
16047973302
11002682241
14624446925
15961884916
19294663840
8217333779
2666494493
18437952766
12891901925
10326472081
20741588995
13740683703
2699664965
11668935438
24000430784
20956583588
15201247788
4688884255
10978117455
19226942274
11053490369
9088208916
933251201
18289673832
19031276461
12676477299
8450411866
13657965940
8545723091
1423021858
5590079774
6078914248
9498915627
1925909712
21756419120
22123138312
12589658119
15923911141
5704580836
18894147019
1917330496
16849500188
16571207876
3881051427
13695709486
11930066597
10980703599
18275908866
2626586109
22972549040
21926851072
23251250172
1207464608
9107103095
870316779
13716093713
14086927074
8151217197
4228264732
675540642
13162241504
7837225741
19606574851
21035145102
23263876060
23470404811
13311498035
7274680010
1206558801
2956227839
9931778365
10128719882
14027567933
18197612708
7186075780
14780619413
2016288328
7128253020
3800288855
17185809917
810774136
6907220296
11133332231
7494680773
23611702289
2662789325
16590460699
9661661797
11624171356
13888067530
13448761554
22452402386
12968942614
13496753808
15617648917
24289176595
1351461894
12774676345
1316656133
4733209863
798129323
22498859702
22144231953
11826817991
3553498170
10047938881
11692563596
7479028121
15162943754
10603353039
9991456238
3055710228
20433623235
8232302800
7495072290
8973156721
7281651862
8137833522
18207997157
8123904932
13682224436
12117364994
14158574519
10472807138
15555915961
6097432152
18097135992
2176394433
7571570195
10591817280
12333106127
18557968545
12563495475
3257851620
4474338622
5706424859
17196487197
19921091606
17692268005
3256682970
2739790745
2086585011
7060068067
15616654477
21463453095
6278906700
2872013436
6830481644
8248363349
17007225516
10082317519
484973502
176842381
17816788912
16219826237
5416134501
21399162530
16411954485
2516415247
22068773190
17816273805
10586623996
8784604467
5103316750
9786106296
14618782317
8806023329
7021469690
9464269877
5952373477
12299854038
12663877620
1192049333
4290749242
20821387073
11007343912
12358738000
10593511426
15452443198
12434368494
5048952896
733580065
7978779527
4870820003
11861481327
18841357450
9449977680
2809261371
8995490291
15135690100
6400003142
1566920377
15854767599
24039989203
2170651524
19226453640
301335940
15795901021
9822825805
20331325312
20476069519
15085402317
17077137260
6401854741
1056151602
19317752640
22710579923
18779399755
2179010590
23893142672
19122757640
13906481665
7617472740
11659470622
9685201612
11344566775
15928549594
256039019
19414742035
20273151645
15511233113
7539507342
7559037099
15732576436
9437184229
2372658382
13686164959
4405424561
1457013899
5081309038
8892656426
1360480895
5743352196
14088170739
8343185553
1729193148
35126624
10303252046
738890702
1272970079
562578823
14681944841
14681964858
4988298469
13499127372
24433983066
1787465901
18167473358
8787078069
17926074901
11102296819
20269579064
7316213807
14646449240
8995439340
2777346997
1061901840
17657326535
6566993939
1205248242
9210765813
11824044396
960256487
4752195750
17262137087
17944898351
17880787589
12307764965
4301497749
1753065863
14452353384
3602599017
14088631039
23593333839
18844213123
6379590704
19263614461
13536795707
9368483065
2855423754
3943996422
10702924682
3277039837
8383517234
11119566092
3694332134
1973894962
1695379745
11379896853
7549994471
12897173863
11057941563
14220003252
6957485418
22336843867
13812843593
7379924528
8988926398
4446400080
8632172870
11601160323
3773387925
12840188809
15737831885
3125231847
7995914788
9237030519
13215610626
18365213120
10643633145
19836517816
9663873197
4945597155
7043960889
16469533596
15104164492
18191459875
8087705849
18283936713
1249859178
3561647232
15571758315
13921057934
4817333592
19699320867
5001596037
7146215474
9693764908
5736785726
5078586370
3732850718
22856649821
7427619386
3361537045
8218258092
16784088069
1108918974
12971233700
3995775116
7909385966
4085766686
6957776744
19148631491
14794280352
24358664435
9372208721
16963253083
12067667181
9645208028
14630829255
1436195683
1012255132
17432906977
18812804134
2441765375
5568479952
18718360928
12223825556
18756393109
18874256542
5387163577
13230407742
1117567142
7020932073
13321421306
18271518762
3143128124
7304494041
17834188692
13604928922
8418534999
6526625141
1039107582
22079899359
20536304425
10462441259
20993780403
4682433513
5569135479
14154286281
5799081277
1643799433
10971454344
19489164668
3055040071
15742287235
4114090634
8070606815
2314550157
9937611165
6217660408
21500914781
11229247966
15911621242
6145805037
17117073379
22458750378
2778097290
5776707478
17979180493
17497405103
13265855335
3623066926
892159470
18581405551
3909840612
10951789997
15386962784
12505915281
19063437981
6923581804
21426101187
13149493968
7719307888
891325469
795655315
2818785096
11159809607
18489493089
3112037416
356772044
13935230023
3537306090
2207708615
704921929
10137591018
4718586378
7967495454
22619082214
9939350877
11461882160
7042118919
9697958184
13311648951
8942130499
13557741304
6743225025
17691410596
22280619100
22055297533
3034753664
15083417520
8149924415
21782517404
1686003307
16711002307
8898228246
16492233760
11603365068
3645108429
12051226649
16570285565
13387100037
6838967859
16984009473
2165191843
11809947956
6044724574
16464675410
8471563446
19482314433
7024090694
11239033542
17863433666
17091209061
19719785619
17796938630
13208043190
20677154667
12414591917
21251401460
355416692
4332708799
14609748536
8038323125
14396272985
10240995379
11238352285
14918587502
4783833307
14618079587
6324945865
11201891297
6889462336
6299817065
4452370567
4405810566
23175073062
7177515950
21962599375
10836832483
16868263809
20008057372
22401540050
18507410028
12332037926
17694256922
5461932379
22805828642
24170356581
12260163101
16667439700
9650180520
7929401707
6861885463
11782418189
6446892434
14646933535
334474456
1383359255
6866188850
9423163672
81245361
5301569666
11294930096
23659149163
9827306263
17795999477
3870109815
4779889708
360159931
4280028941
15068582580
14835318098
1166018509
23360953323
54880369
12985756341
17259518216
23353004708
18299822602
12200492732
11448800049
22867135888
3877394437
12130873273
5913306699
5990229627
8029647753
1216344493
12134636951
5578213464
5510688404
9680609268
22930304542
2405045078
9094651953
2645493873
6902483944
1453435873
1566409438
12505418858
13358315927
16642099743
7435261378
14512225421
15244360655
11657534378
19562186869
24178658020
410268834
10275018923
15131610624
9293764039
108102871
6598650402
6005944588
11414672100
20054859697
8155617672
9884861743
13279072612
9040922390
10845063562
7658278259
17875470623
15463778473
6563384307
23089902075
590935885
1925473138
1864125661
15813488606
3135106607
11812439282
14172257340
11203224931
198687344
17821178002
6486933346
5239302670
310672497
13150981400
1777203455
2634188216
4668895634
3308454061
13868718951
17568373216
10846016675
8683870222
15553810941
1550148676
864496054
13891944735
12438339299
7392248146
833971251
2071883488
19667381329
6297370768
11971599806
4696103294
17790990094
1926937134
7257365802
6580821668
17209912607
10012034252
12179474419
6876230193
14918587502
13659363721
2688622287
5030748364
13203868663
6080145705
16803919539
6735642391
18152531588
23617953350
13323146705
12222061376
17485892315
4814395611
10271658904
8658027347
6446643693
4581607304
16171205197
11531297475
8087410318
3947366945
10178163406
9472896958
1195661563
1352320470
17534502124
2533006128
17933271617
3265279546
1881805894
3476428832
4959916147
21603508844
4260061523
20288821330
19483130925
15114398245
12190864210
19612472837
8704906153
6811704489
10867492157
6160352612
8874372082
4077944067
11745859783
3409164055
24060397227
10450722132
20159964066
22796618900
13972443660
11764137843
4772417939
6616483181
12685053375
2155787400
10315356987
23431800631
15235492994
2525972924
22490420417
20539042384
2678372777
3588541391
7078255122
2644811860
14069050264
9417651213
1983818463
20988702273
9359393511
17236556885
2099115686
5002659200
19068659201
5505400579
2909365697
14204105825
20650312605
18626104878
8959271430
5312374439
11879791434
6297613830
15695814410
11499844190
12050118337
12207277255
9585116066
9415623529
9867676930
7913184576
16252302367
4813645032
4712780867
11148157912
8080461314
11859401790
9281980234
10525043116
6831228622
11024626773
4603591574
7383725763
5710423652
18672771665
11515673269
8772327289
19953373897
7685437293
5439260757
16150145580
10895889828
7988298214
13885258659
12066647434
919064328
5393023351
1162711753
4841098441
15918647765
1032581220
3719939358
2309243022
12788674767
17501837442
6966977745
678176429
21360747743
7497762899
3360173034
1785267692
10932259492
20984901152
186951004
14156138688
3163605204
7040508895
6673590882
3472043419
9481874975
16831810867
18021245842
12915925201
14113076430
16120983765
15374728843
3270753617
10855130320
16088544635
5378663942
2785058923
6316903154
14902360737
6867439522
377794959
14257738200
19587826688
11297813389
353864017
13258346407
2584744301
19909365924
18766117683
845315661
17724448694
17154722931
4888845720
11446052814
17309134240
6781060654
5151870946
463763221
8101223199
17238950238
18032281900
17835551396
19944912034
23992961328
12605749408
1776995878
8084736450
14231625765
11928911447
11008823351
453898497
5475737852
9075630787
3973244207
14728751517
15716237193
14030331573
5764686363
23842827340
3816377453
20107779683
5893912930
1636310097
548832021
14313233785
17780221901
13242448867
4599017920
1818010310
15838090335
16736116199
10224695405
10021282592
19419797763
10935879501
6392826920
11898310869
12701751537
14711150240
4541651056
2706548200
6566903718
21879464238
18511934248
11333726010
1208815282
7495818529
12016387232
24489054155
10843470799
3983506050
19171809528
7506738177
11540582997
6679432316
5788356296
3947030669
11833407169
11279163087
8006914604
15163032128
4957592202
13239748428
13149052007
5697741788
10875664687
5662911239
15706607337
6640930015
4758242238
367823144
7186095630
7015720137
7579759156
9851753411
12330798751
3073141613
8287674377
2981440822
19548577654
1403525864
9557907644
21854799978
13659257134
21655411107
4703323299
5048952896
2642884032
8313414794
5626874653
2502223216
9784107844
12418849800
13836742839
12830019210
791029073
14155589112
8051986708
20926907688
19732330320
11963380329
16547827844
16267922385
4947329448
15663626764
8268989251
13395842802
22394198618
6951888088
5531870673
14612062451
7219071378
20984628954
1942116120
11527852940
11539076288
18788778568
8023502837
8633658656
10733868738
12260163101
4478932097
2320821984
18274928243
6503769849
13791544404
5285600171
22262979037
22849378745
23043036268
20858894422
4455490487
1555356627
1809127856
18571262382
8744163683
15956731717
5679444783
5403765361
4069792888
5325274635
14981398855
10501963495
8938116600
15954525920
14698528202
993286466
10306108810
6637774730
22880603212
8376009980
13075164912
13504940174
3511483831
1508099723
17040032235
15615943647
2242371661
955687800
20472643726
6729771912
7273718399
7001481621
10788020615
13241938180
9233147941
7271522773
10291301149
10652160488
1909711216
4979004940
15269050789
12002968504
17589266411
4800605106
782454149
21568693529
10395295489
12535747006
9819365074
6210229860
3482813412
5855618963
338882452
19504749310
9341046597
11309313019
16542385098
12918552166
2696029265
11243096188
10438844231
6702873362
1093861610
4421179794
10783769652
9512288320
18450467466
3154305290
3643344723
9572418491
15027044708
12548930542
22412228758
12279028066
8440803157
11807547385
16914407456
13095991451
19953219403
7305097406
5783967311
798136778
12672553909
1191675309
2255044368
15901820413
19528534245
9360153722
20728862844
18447004501
15584176050
4693267639
24323684120
1857985138
2909477806
10017763182
21907885473
21690902334
18565543378
1792526698
11082751262
340722254
15727094076
864216314
19618822186
7072076431
2131503097
22120590685
23980403514
4817226182
20495232768
20547126850
15679184616
14931954073
8001731704
13736999370
14915583798
4003545578
15289901874
4173138399
299168138
14755929125
2379667148
19803014291
6017810965
8629584081
14110385990
5710750180
5835797500
5275571243
7424645346
4144656355
7676435806
17059949961
21813064486
962188077
452687989
11074331334
12358239529
14138338254
545755651
333428935
9611293256
11129250591
13811404063
4580713499
10309284006
17047098752
19274070987
19380431517
12846426590
12828460512
9400391201
16579128002
10840633080
1662664858
14860005487
8883301698
926902429
11244729546
13174973762
14508553219
11129547949
24579891255
10114152458
811203159
10013996136
6120126877
12251269998
12181446625
2521880250
8996941662
3612610212
2950369508
5047381361
23282135914
3318166750
452577479
6182780473
3848651701
12747824279
1173765947
7199479221
4891435180
2089944933
20346514045
85792271
20272699942
12055558389
23710433121
23009779182
20534794783
18032692970
3089826565
1047937063
9301149181
14797337085
2292141311
23112118541
5851560306
14669768596
3402512117
17332386756
3744970711
12040369055
22406632071
8049719200
10610684177
14812748452
7920066655
901566886
17455568454
4151713101
19078967089
4077944067
17243971493
13479894193
18497259666
20644212259
15529184016
3915284180
21546643910
14549768558
15544376789
3721513975
15811274670
23021150908
10122010163
22208014084
5290527606
3320124888
10778449560
17347106845
1473892258
6258405947
1762850934
5302174558
15321846595
5913455774
8585212417
13800050197
22165547695
12318822069
301986969
9266498615
18810368620
18710953829
22837152153
2895753289
22517824029
11555692529
16370583647
9779942749
11942874627
2684662131
543127443
18427830357
18302256818
11448363130
17080903061
6589019772
11679555963
877165566
19507387923
14138497035
11126037091
1025484033
21236993537
3393649702
5848879540
60478280
10650532805
20834019053
9440392877
23035051681
19150148563
5209156234
21530859454
13482525465
8347939516
4568391044
6346431762
18278397247
21342684655
23713044555
3883251113
7321628358
3706534813
9644447077
3483892775
108102871
22405420860
6638763022
7007312063
15520368956
8784463728
8193261547
1145089811
7184522419
12666709066
6152462194
2107654340
8137833522
12161836511
16775873237
9168329240
5602376608
4849776824
2283595410
21019207655
6947388710
1167657014
9884277579
1232728270
19946868960
9442146809
14918817483
7029776908
8771467830
12128423853
15908999708
16344665606
6995101273
7328901154
14167108115
6482430046
21543288010
4938789238
22404551558
2669036291
19228712390
24538590968
15613664188
1857345460
12783724539
1421065023
19302647199
4857138501
16599404595
525553061
9902873882
238236434
4978804571
17445635175
12293331493
16920590022
8918632386
11197267457
17512366713
9906559120
17598700091
14304471511
14748649617
5665746809
3950702896
7450681668
8901233076
8162887002
21736196093
18212917413
22936278237
16013666246
13668055741
1817935996
24132799095
17090957428
6986527243
7457890129
21942917913
4591138488
1206459924
11571168224
10249372039
2226281476
7349045163
10613001048
8816487135
2683486304
14279575598
10483642918
11558730097
20103504328
20323075327
1352889209
16411921769
5051092427
3043251128
13510668455
4693487133
9553319399
13349002181
22614193850
13262433720
3773367073
7822714130
16537145262
12117383644
15095280563
16790490072
5361857243
1635844234
10620920394
18204255446
8844055380
7452055320
18635525457
16479648207
846409968
9635234988
13231257861
18989631306
9934994106
22707317499
14793164084
14480418368
12481864243
10561371721
1552935131
8273419748
11960686869
7984490202
21347151528
14347287278
11712500082
13829178007
2373590067
15814701062
7330509579
17546195008
2535897361
7939185081
6926981604
13795517457
3458562802
12741481528
13318706899
8576821885
2513913782
9782585204
12258390672
11806127343
2361250331
22060671060
15250962257
22749139210
10797548279
3150447624
4372833007
10433523658
19355754311
17314095533
17173830694
20909346122
5552148229
8863004098
15961783057
5299831714
3356101350
15348970169
11008156466
1580802415
5023303408
8627786007
9674514296
3027207904
18650728110
9972501406
6991019587
2656977116
6924331335
7107969241
1063532282
6426529889
18435483011
7140631833
20140390058
8002375853
9880935400
9277548677
1609938696
13136298632
12191247525
19046662836
19689051286
2217065978
15928944986
15772274171
3172178628
19384250061
5616499378
5859515343
22469994636
12537958173
2201046386
9081257885
9740949504
11146707629
18940408575
13113651327
16705015146
6899449938
2230160318
14131254846
20245083491
14055423417
21382092107
7264082957
10575269724
13500583277
2662146363
18720554983
18872898381
12051930063
23140522059
8182955592
12060130925
21879404372
8106628762
22861143427
17996292873
9185646201
13654862053
4217836233
4667263311
20869857801
9600419640
8736499570
19380741535
17650965217
6442061155
5944511078
9277914756
13282755452
2525808331
5862066462
22867707564
957572496
6252958361
2132756164
3500775497
1963117835
13483792650
3025516658
12410073746
7165400988
16032858267
5394481339
16228791057
9792744893
12780320755
4704710998
3918095519
19429031669
6733224353
2859067086
18946904386
1494051980
9803626368
12993014545
18116909988
5882092193
8025103860
3367984900
10230970021
3263072544
24555746340
10433930570
9008807170
2229484243
16715437607
17000870948
2216731908
24630866914
13720976467
11405582280
16620932581
6748811956
20939071551
11278802311
8359388459
1186003514
21766463402
12511175665
21975807414
20222403883
10135634441
6154514916
9349518998
13801593563
18640988060
13428704494
13104289187
10513905742
18949328365
8223729557
7377204762
1873489549
13239313203
390396435
1969218978
9621104134
15303164462
6802973942
3965717939
19228432493
9831165527
16297824858
10608272412
3828587040
11808519516
16353534677
8346265006
6296615322
607022582
24600712386
6310831506
9218049493
14162563717
19556403665
13796963484
5670230285
4727542599
8328070110
24596247896
8612669970
19395119300
4600230528
9663202791
10729281589
15734035684
6990049712
14743476629
4760855169
5146596696
16828509901
2087419125
18478511485
20559609491
2949455333
4524688012
15266467586
9739060951
872312167
9788017711
8670515579
20883345704
747103346
17713310089
10883133628
6293865873
14868249121
8496085910
653100141
2348092331
7002593473
10472025203
12058911824
11581018766
6636129918
12183390178
4112894356
14955105521
16521213019
256685194
7631362213
17904551697
970213794
5681768947
1963154310
9476764995
1917609126
732737981
4505674452
13748978731
14383424287
15157535846
10525566555
23726702470
16145982079
8812880194
16798622408
3708787529
2777675152
5565631857
640583395
23457787396
8908091214
2776293517
16085571901
2409602454
19552483626
15874612256
8928693035
16813460345
3577898054
12191156052
12388853595
5896268700
15083417520
2195973723
3360005830
6346099166
12115657092
10874985249
16608868099
4422390830
8924868426
19562241339
1481029484
15841291767
15927932103
7180881284
10170462225
10947290192
6239473300
16868730471
9959693064
16273427487
15571207844
7418454237
6636002973
9727568987
6263420306
17774764113
1739846481
14097670087
5250558219
1835794021
18408502581
19290790549
3169213292
19310176265
12874881988
12047443458
1581041106
337403576
12634032217
2778891895
1520155000
10415770569
6079945373
16719213851
18795114101
13903720119
9460031103
10931803135
13793777019
12616834805
18816260112
20906051440
1400962257
3387926966
2740445459
4915568345
13134025657
6990300753
14790548991
5052834701
13450804055
9565184885
9958137667
18863728862
4922314845
22727549135
8423985815
330931306
6823122976
14810488624
6640930015
9967116063
13012256076
5330084035
15812751683
7207008517
8794733801
1840695764
9214385506
18017536172
14785562023
7034168012
842532844
19301371271
17817358492
23474058885
9875697037
18955222818
13212990103
14996609084
6862383975
16683497036
550146204
7641361446
3824174199
7930674252
17590155464
1968226563
11865448564
17602967975
17951897714
19781113297
19022496261
6547014055
8056484801
6926315732
3632725169
10102611061
5462090086
6059929047
14295667859
22904441400
20176118709
17609901467
18966088135
18671725806
1880981126
12779707263
5066288582
12512350913
2891415866
8436176341
583946382
22888591615
14279563559
10323769106
3700857341
12060136541
21341350840
5403187776
16913512560
4868533398
451379155
6502386616
13046187083
11067963797
15401351947
9058861237
6743363204
8592936129
12344152168
7330842286
21984700896
11314765500
9558213804
1869415040
15493689583
4058207452
6873177813
18813662438
16050371670
14308043635
11264194639
7310459691
1970291187
13493117347
21879007630
14184619674
3848306551
2103491944
308068087
15362824817
12878065785
7380658506
4713949003
17905067981
10717211179
1504130395
17145195786
5846072465
5150065615
20633362429
14483262457
11401037546
7028125252
98078237
14477852260
4890745653
929093654
6345271070
15159916922
11568104177
10218951071
3695160878
5379660166
3253927457
10752737479
15019504318
6127011780
12196924796
2816744452
3537306090
15727094076
15737658103
8149422238
12074685538
17052515618
6971822851
17594026281
9965316338
8390396051
20372558893
13361174851
15796993700
22268346000
16000793228
18404873279
2926431730
16198029670
6862307513
14705965529
7245947306
2395402169
9481416504
8606676374
705603146
9971738168
8274778173
6305541484
10391325700
7423400021
17558930732
9411570695
8319834361
4180183343
3067937412
8030671951
132786679
20319457375
5594275371
15130343006
7509979547
13256623358
17860738065
20791429055
18277958734
11799746624
8295950998
9500125138
12308280784
6546457834
6103699659
7002226078
7125991388
22703673370
19039320648
18677494863
15625343347
9140469096
10868045061
3043974608
7187582256
5675059359
12113067778
16515305123
16521851261
11009564601
7568348093
1808270161
4428370426
12262063170
22679197089
5941033292
5128438275
12714817507
3712330961
10883839457
9640255814
5476235696
9224231328
8081854968
20455206091
2968642531
12259315316
11236980953
3061625822
18774742024
377762984
19576023545
12566366703
21826928023
11063259544
16005272247
17893446841
1280242384
1772696132
6169935845
9503799043
24013294224
6110348527
12839540159
1899197940
9454200638
1270348486
1910757855
4873511878
1716424826
17114213785
8090638000
4744515576
5827494441
2111751741
18509368193
18646958194
9392131895
7865474073
6029458115
3602059152
21109445899
16424738510
16122549595
5025133153
6636318653
5584922834
4999351656
5471693116
9505261977
12214818743
12044977450
17179414601
619569512
12088368809
6640930015
10360888274
2877085990
1215581780
1629028126
16992773209
14285786595
12840744123
3524970699
7933154499
1398288588
3093386015
7787507658
10582013282
12244032635
447021053
19555708030
6262510833
13557361880
18239254363
11259029309
13594269389
2727450293
9604105992
3511615511
16282900456
9174929541
9328289665
13007735359
2443274147
9221969750
12094657864
12624485159
4940030597
13825179576
2289878154
10645417595
14990894570
19355970819
8897663826
3063724880
361001220
2770249125
7232093260
7497308732
7983667765
6139543023
10552653375
13535936729
10474102809
19902237300
3981800341
3420962773
7491079143
12126678316
9417961706
1857054132
8773004962
19676743794
4184832770
22896806072
13783379967
4457793838
17918411009
8525402509
21526875336
13548307300
16225536375
18836871562
17428169031
13488187171
23140777090
6225441811
8697058628
22782202170
22668550931
8307198269
4811754049
5023867771
21863751594
8258142625
7227832348
13340758626
19434394816
10243624067
12960052236
14619021722
171128163
18717970496
14305702347
3666077565
9695033547
5597577810
5806861824
16146718350
16364025282
12672932246
7401017331
11739804098
1413364398
13859635618
19027039508
15777679544
6415563351
444858784
20187866692
2034550493
12018677978
5947791413
15722599802
8909042535
6391090721
2236101042
626910879
2604607994
11202064183
5438756164
13940457484
11649111930
17266001625
5861167501
6464940567
14907679200
15695242852
11881968293
8610693676
2228143477
5300532939
1433644861
4192771074
11596423445
13905532328
14429943412
16812619208
8611702406
6967505660
3010588261
2162088404
5364140304
18078703693
17632393715
1333661718
9672534322
3625056950
8969583479
7115426635
19547147747
3461558136
5727215080
11886440922
13261029975
14256325384
12433538808
3573132460
5056993738
14875076260
5006577253
11580206899
3411650329
7152140206
11048445770
13296015793
8995528167
2555043174
2846212413
7980911092
14047717003
9802911058
8872532019
16542558765
11881532609
23291277133
17076083819
1818010310
3298420627
14719126287
3464977423
6543581836
6899477621
4892856449
9507990428
3260489503
23065989237
6787253478
22092632695
1860663019
7983154778
9387085156
17582763495
9536778008
4747310696
14442092593
3308468963
5616388925
18361100806
5146701758
430729330
10109195986
16831880989
2993730349
20270641342
3656338606
596985134
21141825524
14044009740
8144547053
8805840937
5499598743
9150567475
8781513787
6365046464
12057652498
861214235
9989389459
12812793708
20067436008
8662434020
6276355468
14863341995
20628558031
4406402931
3308054662
4760113986
968044488
14754821349
8080865566
10067034030
11001077935
9946192426
15667135542
2239026295
9121142039
14175132899
10607558342
1890515116
16144926997
193906233
3851484852
7934555475
1576246098
7505034862
5246583951
7016260510
10554573472
16451732952
6842081884
17534725053
12348953901
13155271995
10837572083
6729097194
16683016984
7044283109
22209424957
1366634515
12143608809
12227503818
10462553720
7851997168
14608954135
1448399947
21879959323
13515293605
16189772716
3511267776
9408308650
19269662107
9682940233
6497255657
15303334034
12464237413
14621665889
13737482019
10222431187
3847336478
11469877433
4336538190
13560070399
21199500108
5588911293
6654551090
16156481496
15422877769
2409968062
8766010955
7741838748
9543912961
15711245075
3722147598
19971425982
13325598617
19748298808
18557029075
5188366799
7151175831
13077368113
10167851760
5506971619
10279055395
13941571186
4150497903
13597413142
740319174
7837814898
13521956312
10251668643
20952925664
10569233057
9823605219
806114536
14956009661
9074098392
15945519356
15021501940
411283783
1851321776
13258665451
20975645906
18994400497
4934102060
8077437429
1784879761
17704995353
9919710045
13753107046
10184976896
19865740347
7333442588
12168975227
2656368006
4333355737
3643416197
14571428417
19585650123
11111805503
1460699586
23359410223
11825616945
2485399493
5609783667
7754814073
2010836632
19003492156
11817797921
10891844109
9848459882
7579766397
17502260130
8400754505
17488403432
12554503142
2207042607
16468877188
22903713827
4598045053
2372281489
11351005823
4226690288
9058379616
17824118726
6106380155
2525808331
12702080947
10222361170
23028319750
12385966542
22093158969
10529483430
1285806868
18576779776
9626986314
7609976483
20412886792
19106484181
3489837140
14221260844
7724137261
18526542215
17071805402
1670093983
2005540163
19555514468
3282586204
15090034083
23212520203
9747196903
7663044159
3679495017
1966482364
2092856945
21906029691
8157528594
6672340778
15599217666
3602381347
16726652119
7738237135
1474569974
12997905084
15985943819
10352309345
14616964417
1490376235
18908475435
19976952732
955660359
13082602028
9854729757
13942114616
9470287293
6912156826
13230074986
1285660902
13408855499
9117816846
10777748375
17442519631
4051741425
18468862699
6262936931
5896755952
18792274831
8029501216
20092487177
22647986035
18786751356
1430385227
11197680485
2556666465
10644421665
10795532590
6850933414
12832199852
8164192753
18928296262
10542545356
6917158075
15795708922
10262092271
9498771319
17619127287
6469426036
11775478350
1235853402
1297797576
23076383499
9156088112
19689102651
11309814298
2013901490
14914457802
15829416928
3779426172
12257219009
13237131692
6910581418
9021749481
4235658975
2966087431
16955546381
20919805516
14446209552
19188488803
23903747482
16829790139
2405669219
2813281613
12973043529
12245560651
3470489926
7318851750
2405083064
10885140679
19550039662
12685287140
5564415385
7314662793
972280719
1509829735
1683511452
4068218403
7336676332
1307645069
14776635068
6546735884
4346985365
12008411870
14422082925
3669028418
18001968414
17828355281
5269553109
7023588024
1102160315
442903571
21000020616
3568902604
6541114150
3342386999
20521080510
17442108998
20937188740
9196343423
4409189595
15015689770
278985458
5121435290
3999955135
13870381286
4847367027
13610263931
20978960542
12490145013
13397876790
723539980
13878561508
4165941254
11747189949
15614773191
10666156624
16244216005
21447543268
11973602571
1279150337
20948795377
11233986811
19290136222
20241400666
2666721758
6153099572
16451643388
9063953152
12211599957
23837684071
12164026763
1051651540
22633585312
10881435070
16547820762
2112895457
8187630679
14098540175
9473763796
5310134659
6985624312
1566591272
963734479
13759328319
1363382734
17537670649
2759148388
795133586
872976490
18981076688
16691376262
5257166408
2891027718
15431547123
11577173793
768753072
9623837676
8629737505
6933084340
13974508716
14217184287
3181990322
20352875404
1860344942
8675035423
18377209656
21694967579
13761558972
6923361352
16228614725
15300559561
19576071696
9533548536
23145379064
14591033962
675800653
15337410066
1522862664
3350790088
22031469960
16702985818
16924320524
10060968024
5481836781
1458835478
8066895297
12183139668
20376573142
5222545103
13523758807
3738963557
939251885
10156419302
10205898685
11186689927
17757047240
1925010727
6595131524
10524147458
11154975256
11443298079
2370502820
15778628232
3776631597
7789167094
20701551521
18998009027
10955545151
4131054638
9693428289
9480286164
9030512603
2591922272
14254199758
7347572482
11809261127
16792560164
3056004276
7102353048
8912017095
14968132554
7200115153
11426210300
2278208926
4248704598
9276214006
12891995026
6474841918
6635767323
2607619316
5054478769
5838196800
2005182091
10046064642
17427264950
15205322184
10074809061
4903725760
9476154584
19777566653
4922644754
18134656118
2456948426
4131361537
7840440363
12841338340
9728460743
20908982892
14716149909
206822506
20848326132
9593873140
21216255724
2775102658
4667815886
14934139056
1456861876
10613001048
16927080342
12914784086
1193727995
13076117015
999650429
6350231084
20318340764
5472588598
22315106876
12631868489
14885891345
8209822447
2553878809
10770266756
13098356926
6812156881
10508492657
7017924470
11137490812
6815783597
2810982102
23764001505
18867128920
8056917741
8360576716
1288554457
23902569681
19555970736
3143071307
5586531554
16976773281
2688216946
12137343634
13935149275
16366152248
1567716762
16239451989
11951982282
6574102240
11309830806
15372976127
6487853324
8906613875
6358723951
6910166896
9599705505
7165652448
13377452819
18183021263
7496241138
14460579865
2177472650
15987927120
12167403745
2806324030
11446090007
16139707204
2843573335
16312354981
19602282938
6807706234
14528261069
8499232669
23078219788
3973432753
18321028281
11337936542
2161045383
5236063703
11714273669
8274854529
10961901025
22597978099
10298259641
11978346798
20452310482
16599866763
20135266964
2918238336
22304115195
7330444527
16220793702
15701412340
13593471666
16776581208
2301772242
21589794737
10515568834
18361744177
14413517182
3557323480
11303161479
11143582645
3855061574
5420459743
11176593737
7136455239
18956286408
3346297432
13337505896
15760972176
18932328923
10710056318
8828847779
19892851862
13361352488
8967487428
2489878191
20090364766
1433413079
7001092297
18342579175
5807660586
7194485974
16159036836
8393967175
11465365203
4430559593
13603507082
14977167846
8015760140
4320257061
6243889051
21825448304
20165145564
13766884471
20260959743
12538012652
4960482016
2223701130
3924326413
9103426294
881884437
19204286141
5708847108
8476438440
17054065712
7100678341
44587005
1378091899
9967320093
21733091908
17742647093
1536684072
15933499291
20082950912
23781363369
2237597760
17527557748
103426273
16232173889
15624827324
12834423229
19013110591
13615757708
4363175031
11210190101
10030102463
11821915277
21675572073
22479204631
6901924782
14376062265
4104965414
317892045
1550144290
13663261586
9144483077
17825186970
11346613042
5709943242
4901942679
9659665641
4036702181
1984680218
20721450126
21248973075
1838721522
23761461307
19148006311
18240035532
18805120239
11292476701
8509678082
5051097783
8689058576
21799808380
21085421947
14842502174
4949756441
2228024954
17927828676
5682540826
12962879758
9386617857
16972153144
15774277462
392643274
2393826996
20147308005
863887184
19811469455
9928582734
1337557116
1120958739
19525683232
18807406921
3089332186
318724305
5846840476
13033670826
10881502936
6755216280
753097199
14015734112
13673858494
8475492620
8372413027
10774637910
5288472005
19184828619
18451721620
6835284317
15722572357
18422061533
16642455075
2273101816
16223060191
19634790492
15033818990
2054125236
752210071
929413172
4849453944
2874379268
18368538336
9237030519
5591780108
19155524899
13772305625
13225148273
12348775904
10170296391
20552807119
962046936
13650247935
9367937048
11967128382
17511397811
5507456583
15325803513
3031897615
22944633570
4885445703
16130561495
12572949964
19392625058
13690861741
14842493263
152552511
12842628919
22015973270
14520018963
2366989661
572265328
9825464997
18204271770
2041138991
13665843657
13558686593
18756006098
10132259410
16017938461
11929977656
6656396515
13794698693
10137409325
4213637857
9397056135
12759295338
10699161657
20141995265
17188916818
8027892283
9662483867
512468950
471391582
991985285
3674389075
4554542699
12231333553
7653435090
5377194644
3793009152
12689023795
16990594016
9124955900
2846703334
14180708947
7147353304
265814199
7177480361
13967893783
8182955592
4986842504
8474704505
16568966258
7024856217
4834416747
5960937824
13641035007
2810830121
13523404978
13532366738
17501901857
6336596909
13400748272
9101721199
5628675818
15697941852
4340604522
5511872436
3602866323
23130002212
11018563566
6458729044
2241480078
3447000242
10047599971
21365548961
12260684293
9323305139
14019279558
3259121507
11823096159
18897048605
5465886714
9148294816
18667365881
15632092846
19023293054
21677955109
11024532752
20853182387
17018844048
3050090839
20416009358
15218250003
21411598702
2969187421
3480914340
10386903825
8823868583
21913999216
12354525776
2460067087
4849372722
23647755099
18419190656
11532162906
8371355661
1451166741
24019161469
5155959900
7009479825
14708909348
22176536767
19545594371
22410945595
338183860
10742321418
17162065803
3824868383
7952262512
16578513738
13952974138
17272356360
18951108812
2377862724
10122274934
23966734327
18311733705
13347219636
17626330576
8194479659
5308299727
13044825447
20140867113
8753556862
12742768065
10272633548
8161482085
10833042973
5136915016
20427903368
21023642307
5952373477
20477945613
10326258073
22513734209
18216093825
11582255428
17784486732
6824289457
23359410223
6054414816
22004161802
12308198818
776376602
15041313363
22871088045
3291917197
23171585465
6421933189
14198679909
2120372049
6325240290
14930542210
12009964388
10281097084
4864148894
7173564841
6935700695
3500026912
1969233869
7211942533
17633440223
12093699204
2413903324
10170601696
5378987728
14596183264
9971997784
6703899649
600405013
769554096
4196947901
4910579539
15419795569
7184127861
4410487969
13189199596
15569592607
10922029241
5495275333
11680649061
5003744438
10391206205
18939471434
18555702800
5549608596
10228807310
5941309353
11801552718
19252122069
2916055016
20862457174
13600186451
11370557215
152320623
3647576858
17385891595
5365264597
2895490785
13844378558
16550326020
12663286928
4946945213
16462182538
4813373187
15435327808
16107866902
8182464744
22591445355
19696222967
22299923302
2261524608
8682659672
14630999544
3908132814
9086900042
6532707643
13979458722
4123054176
19880180763
1641385620
1116957781
11066552840
20042293503
10848091494
2374531327
11350537504
22925236451
14618547096
7944489201
2999047360
2173889210
17366946348
4543737484
21219503555
11051389922
15782661779
10561774059
2394037703
10680094384
4950815966
1223845258
11226954941
463763221
8549126100
16611184305
8592576467
13315044070
21259239176
7972889691
17665685664
2910470960
15347507470
20232791733
11958769889
16476870150
21282949315
16809896135
13498689855
13711841714
9441279484
10818288236
9150379824
7984136296
6068418782
17812318042
4288247890
17018339203
23114509975
23254845216
3150420111
5696454135
14190270206
5188885418
16032658334
3957188748
19457827862
6503661835
15170399771
18247584911
5974276536
2290811842
8499820114
19072238198
11160492239
1248572514
7447490112
6863704145
13973312750
10703953307
1160084474
5698996875
8749922854
9826557670
6957168899
17161020547
22870996079
10917657960
7090014086
11537423208
9323305139
14978182830
12479055855
4213637857
14211170157
3686657743
20412699349
9669146675
3738494321
10634773005
3628348849
21978865065
7276143125
2167500770
2089472526
14812633503
11215052863
444242478
22567079699
4899290159
4100767934
11635675338
6937964803
2842030905
7994336138
10159907605
5861208045
6660874746
8768040058
12476879182
15450070855
14089073734
4694000767
10778274145
447594814
9941862778
8401332445
11506464996
10225573255
18580690524
8069628751
6477707950
12255782708
9006366492
11307503044
10337623123
4051478852
6531100786
15551887720
15038500555
4807919348
10774416592
17115222824
7606091558
13964173744
17038610502
7095397874
20888489050
17942989058
10186426806
8196356059
19812573211
4873273664
4811305309
8092412089
12458131246
2518854129
12051957582
9428434023
1832465416
16574773105
15589339221
4533608180
14158446114
18013305308
16257840934
5364401825
596114885
22593631917
8275977932
3112096832
7814955206
1063532282
8844946404
14132311350
14071809197
17573831277
6232511051
4014607371
3409312175
14730638186
18329249851
18481400926
5758303772
21755083323
3591471659
11242333688
10895833067
697174726
3869855369
12193187651
17945409473
12432345018
15470738896
5400438371
5564737602
3834274288
21194621413
11674571805
19659300801
14027078654
11767505816
12259315316
8932092191
21532059286
18810588019
12606000348
18804009400
1634353857
24539024424
15417000154
1390925987
9783172558
16201623221
6482146247
12679491665
8937673857
13253439741
10081935908
17004100852
9769944022
16160579344
776964452
3056690031
9932303298
23616723396
21055544249
2874668136
17108887545
3252756532
5295976263
11633152028
2339998693
6446536125
4726642007
13534851655
20405979797
11430359902
15725110933
5545271746
21362102410
14072052504
18626042190
11307478808
9373355243
14033397157
12928898671
10977900793
8521666733
8655778153
8731668332
14653826584
6938139398
1103957042
16972349218
11996467414
21206591821
4541726654
16520550827
19911029000
3112037416
3333695115
22038004789
10390287077
998872618
9456623243
9416844607
24245004411
13570052026
22101169016
5083251431
19709582148
10448424673
1122839118
21762849027
3030340443
6380964142
1605060245
1953316888
14419357485
18276174729
10245487117
12245323731
11355275745
3012973910
1692121274
10415071694
16226034095
18008633313
2968758958
12110893681
17979689093
5551199129
5667777476
10001374993
13155218209
11117280389
19139408321
16886560097
11201984940
13992534452
20123665368
6367126713
12247430062
19108902562
12259305213
22749204881
535152349
11386467602
6752584717
22927144048
412770477
1907120005
12052361670
16961029347
17388371251
17723314285
1554751465
23106149056
6748750771
13860196044
13179503965
10904629879
4434980639
22443528974
19742312854
11133794311
4295546870
5165165302
5510415178
4077967682
7318910649
24060389039
4356239149
5859445833
13579106728
9032447917
12524535838
3082470363
17431598091
11507461958
17460188614
14601474225
15477789063
20337446622
3720949132
23278636412
13183180795
11491042904
5205366785
17301677931
19471439628
14123028302
15332144325
8420169543
4255252080
20455321047
12341680694
19109699802
7170760121
6998669264
12571714533
12930293070
312550052
9953849237
11259373023
11186811505
4794808287
16612644754
4493487978
6128054895
8632764702
16311252826
4431258902
11919917859
10095669702
878528565
9390200214
7049686462
42995271
8116657092
6323152674
18426676048
17257864023
4044717674
425981437
23535668383
6231039257
20946885425
20695847351
18926307385
68556633
14606754209
20775795807
23963439598
3489979052
18337654286
15337742606
6411652689
13576293726
3984398996
9308699576
10584533723
8609456944
21651988302
7934363659
4788500657
513187965
4457894690
11374147284
14053368605
24757204785
3125580967
3246239801
3387926966
9979339760
19495724895
11580346174
5326572671
764127757
12731524900
14309689007
6811511783
23965015586
7772534503
17331711900
10481178551
16364176272
17527557748
5466242645
15385694987
20655852037
16964875078
5121515558
15334363698
12941898815
12498191056
476828372
13252797015
5613269958
13067636544
17654644520
5359904459
4491248343
15433413348
15587655437
19702085768
19175415571
16277481587
8889567550
10469168631
22094270971
276571299
719346029
8192107989
9045180059
3035529342
21728825811
19445842029
6960562062
3822343202
6858374574
4049804328
10542560749
20918435104
23906052206
3982997362
20715046934
2437241464
12198177662
6013685476
8261143675
11155704550
20670489869
15689074732
6391601743
8124080047
19971019170
18754631740
12154996700
19754338616
9860256389
19064862035
17315369505
16036791836
21136083955
6267384227
6731283441
2585654833
9422410072
10272724476
23194658345
21970836958
22176392703
3618005745
10446525200
487473249
10181740754
11741787457
3954778756
183873141
5369515661
14053449773
1188597988
19190321566
4805254537
20251365477
7838286747
5196617384
674424523
16833508776
21171034389
12855061257
17341254683
14469536271
2177270066
9415860277
1815605005
4549455680
23764580385
18734795696
17100102057
9232415935
13841003975
13234326458
19301157567
9702690935
20724813090
6057073009
6632498183
20400626950
15759952568
21221820762
17435480929
53977732
19859153253
6759949109
21122834566
13252126916
17526780464
3062729695
13359794615
7729862205
19701442230
16717563977
7414022637
20518568600
15034823642
17762483166
19505852455
7535008646
21367748597
12506412002
15168513276
1818297454
12552952601
10688945280
4759225213
8227715990
1451204787
8194651151
5067054397
18937497599
21090597972
19036609207
8785658611
11760599858
3047506418
3627956223
13684632599
1540029766
23692977293
21953237755
19781664602
18697844542
18564289863
6013685476
16361672353
17395855850
10879681407
7217879977
16943339665
22718599688
14605679738
977890790
8355095885
17822643191
1576792109
841310823
16159199133
9917680592
14910852081
23117357535
15735221928
1023102708
9376676089
13927252694
22959224295
4814262326
2677195516
2014758688
4507429160
19746709748
9909200892
5968078242
15491216884
18955879802
19355770303
13843547811
6420799454
12018140261
3517913432
22793119356
9717955825
20646572707
4511754892
7817485933
13497557082
11769063191
14861698487
17223192985
1050089535
19273819460
8441338675
1127029845
8207517350
7721832940
7103957008
20316418921
18389795483
14105658412
2810982102
7817796347
19454488839
24720974781
14153975004
16446027056
23019866438
4407503927
14007544423
11513770249
5279331865
20824678855
715408201
11142199442
2468762849
14592665641
9110240255
13228842181
24617482281
7050876102
22530161833
9946501001
196949021
4640050673
6268661057
20928358917
10221642871
22949253219
9681175370
20220680911
17183159855
3984464818
19955517833
3445257978
11471192100
9318688209
10574704657
1999970829
11463716561
12941941828
13801404483
15410799899
15017085054
8935435799
13581924226
1054685091
13735613882
17743054701
15473853629
13118495192
10300821244
13951260175
10822373244
8180382639
6206623734
10287648128
7497213702
16499017672
20230445717
5662507168
16999663413
18379444801
15948791522
3573132460
11468993596
12777743920
18248472463
8974805353
15706056469
855727434
23185529927
15450098822
9413803719
12178936895
9215331118
14347875677
3258899679
14383704748
15057156181
22004732257
17008798054
9662821536
19924505564
1000022394
18939414308
22163672483
16827766499
4681526832
19456022926
17377092007
6422235593
2274239258
14730155371
2867005090
8230068810
7488374628
3246441740
13284084848
15066647352
22833034163
1361493324
4870251905
18623024433
2221504778
12593514217
6903758301
3116284993
10524386887
888986525
7850630805
16334355494
1552030449
12950527020
10589583047
18165042555
8656858830
16166277392
11827241866
7564353482
225340607
22817654065
6757251881
8955772082
3824164410
21184227580
19568373039
15629953460
14661867192
18974100213
21122525677
19354414679
1192053977
8900365702
19386059810
22932013749
5848451730
21171801622
21311343678
12328751477
15186648149
17011597808
12877538646
11532439448
3028947996
16559594030
13662250700
11982602618
9624297630
6936536897
12682208741
12375527408
9947007907
12666756924
8742201795
16977006805
18692232156
10341360945
7775206622
4570001088
19530463701
2520288878
11199060132
17423459347
22791743903
8967087813
8430197800
21321357
9795931992
4143436144
19135598642
15788833325
20221665553
7483760977
22383666870
12788026497
19506859866
967687040
1520823253
4175381085
19022244471
1256420418
17943252311
2741896627
16464596105
8440662239
5326092105
3852324188
20416708771
1339838679
15867182786
9602993090
20585860562
11875018296
6334364634
5636729286
4696812863
19661176517
7111035314
15733321690
16722094486
11459864348
14411775829
17099865403
12482893171
12503795819
18104111673
1278388319
7719548982
23880234695
10165292255
11140382660
10576224377
12141354625
23090481054
15718463907
16389430218
6853970871
11873176376
8165856894
18946394312
869236411
7149034280
12145459765
2291355716
20491832525
10973966448
8937135776
14887743479
9357813867
2783394687
4696765803
11814323811
18229034326
1784625971
24364454955
23360052733
22050277819
16255394272
6102532321
24527483592
21515097960
3884281446
16542358280
8928396767
2602309491
8784848250
254211213
4349774717
21430275161
11940042169
10474217856
21220639816
21907495881
17661507804
6708804907
22308041636
7895810684
861272154
19438900747
5628067790
3624211587
13029794271
19270512822
23908879945
3128366418
20169051271
6830951806
193764806
9093691993
12021646470
7104825835
17089094547
5422997046
2149234075
2844561370
16592998159
4477491544
3019781166
16649283137
4538642881
6768824648
5858871331
13186970314
359233049
14391839189
22148263596
4401718453
2493206520
17303995732
22659589782
20421154225
12004614429
7500486034
24505963400
12207727266
19812222695
1109365792
21364508380
20135874517
4530447099
24066517109
12733621755
13510655483
3714455137
3299888947
3792102689
19389549952
2916687963
8005636836
23368027642
3855606594
15595068037
13600666554
15611950066
2339701112
18804202119
12302825252
17522961428
2682023038
7003574264
9658435543
11317535836
11205931571
14882413111
12370162779
12141471520
5660060886
5337663854
12118598453
7676912536
20244523000
14614450684
23758128279
10334755671
8871016706
22842116071
11601034306
6032570463
10367741505
17272190257
22320517839
17179145555
6899510944
452173094
1219733302
2783254610
20908208044
17564581928
16683016984
6830800637
15868448473
8226544646
3820692690
4995458985
10047375507
17788846505
8056767459
12226921947
16720512341
12805453677
